id,item_id,dept_id,cat_id,store_id,state_id,d_1212,d_1213,d_1214,d_1215,d_1216,d_1217,d_1218,d_1219,d_1220,d_1221,d_1222,d_1223,d_1224,d_1225,d_1226,d_1227,d_1228,d_1229,d_1230,d_1231,d_1232,d_1233,d_1234,d_1235,d_1236,d_1237,d_1238,d_1239,d_1240,d_1241,d_1242,d_1243,d_1244,d_1245,d_1246,d_1247,d_1248,d_1249,d_1250,d_1251,d_1252,d_1253,d_1254,d_1255,d_1256,d_1257,d_1258,d_1259,d_1260,d_1261,d_1262,d_1263,d_1264,d_1265,d_1266,d_1267,d_1268,d_1269,d_1270,d_1271,d_1272,d_1273,d_1274,d_1275,d_1276,d_1277,d_1278,d_1279,d_1280,d_1281,d_1282,d_1283,d_1284,d_1285,d_1286,d_1287,d_1288,d_1289,d_1290,d_1291,d_1292,d_1293,d_1294,d_1295,d_1296,d_1297,d_1298,d_1299,d_1300,d_1301,d_1302,d_1303,d_1304,d_1305,d_1306,d_1307,d_1308,d_1309,d_1310,d_1311,d_1312,d_1313,d_1314,d_1315,d_1316,d_1317,d_1318,d_1319,d_1320,d_1321,d_1322,d_1323,d_1324,d_1325,d_1326,d_1327,d_1328,d_1329,d_1330,d_1331,d_1332,d_1333,d_1334,d_1335,d_1336,d_1337,d_1338,d_1339,d_1340,d_1341,d_1342,d_1343,d_1344,d_1345,d_1346,d_1347,d_1348,d_1349,d_1350,d_1351,d_1352,d_1353,d_1354,d_1355,d_1356,d_1357,d_1358,d_1359,d_1360,d_1361,d_1362,d_1363,d_1364,d_1365,d_1366,d_1367,d_1368,d_1369,d_1370,d_1371,d_1372,d_1373,d_1374,d_1375,d_1376,d_1377,d_1378,d_1379,d_1380,d_1381,d_1382,d_1383,d_1384,d_1385,d_1386,d_1387,d_1388,d_1389,d_1390,d_1391,d_1392,d_1393,d_1394,d_1395,d_1396,d_1397,d_1398,d_1399,d_1400,d_1401,d_1402,d_1403,d_1404,d_1405,d_1406,d_1407,d_1408,d_1409,d_1410,d_1411,d_1412,d_1413,d_1414,d_1415,d_1416,d_1417,d_1418,d_1419,d_1420,d_1421,d_1422,d_1423,d_1424,d_1425,d_1426,d_1427,d_1428,d_1429,d_1430,d_1431,d_1432,d_1433,d_1434,d_1435,d_1436,d_1437,d_1438,d_1439,d_1440,d_1441,d_1442,d_1443,d_1444,d_1445,d_1446,d_1447,d_1448,d_1449,d_1450,d_1451,d_1452,d_1453,d_1454,d_1455,d_1456,d_1457,d_1458,d_1459,d_1460,d_1461,d_1462,d_1463,d_1464,d_1465,d_1466,d_1467,d_1468,d_1469,d_1470,d_1471,d_1472,d_1473,d_1474,d_1475,d_1476,d_1477,d_1478,d_1479,d_1480,d_1481,d_1482,d_1483,d_1484,d_1485,d_1486,d_1487,d_1488,d_1489,d_1490,d_1491,d_1492,d_1493,d_1494,d_1495,d_1496,d_1497,d_1498,d_1499,d_1500,d_1501,d_1502,d_1503,d_1504,d_1505,d_1506,d_1507,d_1508,d_1509,d_1510,d_1511,d_1512,d_1513,d_1514,d_1515,d_1516,d_1517,d_1518,d_1519,d_1520,d_1521,d_1522,d_1523,d_1524,d_1525,d_1526,d_1527,d_1528,d_1529,d_1530,d_1531,d_1532,d_1533,d_1534,d_1535,d_1536,d_1537,d_1538,d_1539,d_1540,d_1541,d_1542,d_1543,d_1544,d_1545,d_1546,d_1547,d_1548,d_1549,d_1550,d_1551,d_1552,d_1553,d_1554,d_1555,d_1556,d_1557,d_1558,d_1559,d_1560,d_1561,d_1562,d_1563,d_1564,d_1565,d_1566,d_1567,d_1568,d_1569,d_1570,d_1571,d_1572,d_1573,d_1574,d_1575,d_1576,d_1577,d_1578,d_1579,d_1580,d_1581,d_1582,d_1583,d_1584,d_1585,d_1586,d_1587,d_1588,d_1589,d_1590,d_1591,d_1592,d_1593,d_1594,d_1595,d_1596,d_1597,d_1598,d_1599,d_1600,d_1601,d_1602,d_1603,d_1604,d_1605,d_1606,d_1607,d_1608,d_1609,d_1610,d_1611,d_1612,d_1613,d_1614,d_1615,d_1616,d_1617,d_1618,d_1619,d_1620,d_1621,d_1622,d_1623,d_1624,d_1625,d_1626,d_1627,d_1628,d_1629,d_1630,d_1631,d_1632,d_1633,d_1634,d_1635,d_1636,d_1637,d_1638,d_1639,d_1640,d_1641,d_1642,d_1643,d_1644,d_1645,d_1646,d_1647,d_1648,d_1649,d_1650,d_1651,d_1652,d_1653,d_1654,d_1655,d_1656,d_1657,d_1658,d_1659,d_1660,d_1661,d_1662,d_1663,d_1664,d_1665,d_1666,d_1667,d_1668,d_1669,d_1670,d_1671,d_1672,d_1673,d_1674,d_1675,d_1676,d_1677,d_1678,d_1679,d_1680,d_1681,d_1682,d_1683,d_1684,d_1685,d_1686,d_1687,d_1688,d_1689,d_1690,d_1691,d_1692,d_1693,d_1694,d_1695,d_1696,d_1697,d_1698,d_1699,d_1700,d_1701,d_1702,d_1703,d_1704,d_1705,d_1706,d_1707,d_1708,d_1709,d_1710,d_1711,d_1712,d_1713,d_1714,d_1715,d_1716,d_1717,d_1718,d_1719,d_1720,d_1721,d_1722,d_1723,d_1724,d_1725,d_1726,d_1727,d_1728,d_1729,d_1730,d_1731,d_1732,d_1733,d_1734,d_1735,d_1736,d_1737,d_1738,d_1739,d_1740,d_1741,d_1742,d_1743,d_1744,d_1745,d_1746,d_1747,d_1748,d_1749,d_1750,d_1751,d_1752,d_1753,d_1754,d_1755,d_1756,d_1757,d_1758,d_1759,d_1760,d_1761,d_1762,d_1763,d_1764,d_1765,d_1766,d_1767,d_1768,d_1769,d_1770,d_1771,d_1772,d_1773,d_1774,d_1775,d_1776,d_1777,d_1778,d_1779,d_1780,d_1781,d_1782,d_1783,d_1784,d_1785,d_1786,d_1787,d_1788,d_1789,d_1790,d_1791,d_1792,d_1793,d_1794,d_1795,d_1796,d_1797,d_1798,d_1799,d_1800,d_1801,d_1802,d_1803,d_1804,d_1805,d_1806,d_1807,d_1808,d_1809,d_1810,d_1811,d_1812,d_1813,d_1814,d_1815,d_1816,d_1817,d_1818,d_1819,d_1820,d_1821,d_1822,d_1823,d_1824,d_1825,d_1826,d_1827,d_1828,d_1829,d_1830,d_1831,d_1832,d_1833,d_1834,d_1835,d_1836,d_1837,d_1838,d_1839,d_1840,d_1841,d_1842,d_1843,d_1844,d_1845,d_1846,d_1847,d_1848,d_1849,d_1850,d_1851,d_1852,d_1853,d_1854,d_1855,d_1856,d_1857,d_1858,d_1859,d_1860,d_1861,d_1862,d_1863,d_1864,d_1865,d_1866,d_1867,d_1868,d_1869,d_1870,d_1871,d_1872,d_1873,d_1874,d_1875,d_1876,d_1877,d_1878,d_1879,d_1880,d_1881,d_1882,d_1883,d_1884,d_1885,d_1886,d_1887,d_1888,d_1889,d_1890,d_1891,d_1892,d_1893,d_1894,d_1895,d_1896,d_1897,d_1898,d_1899,d_1900,d_1901,d_1902,d_1903,d_1904,d_1905,d_1906,d_1907,d_1908,d_1909,d_1910,d_1911,d_1912,d_1913,d_1914,d_1915,d_1916,d_1917,d_1918,d_1919,d_1920,d_1921,d_1922,d_1923,d_1924,d_1925,d_1926,d_1927,d_1928,d_1929,d_1930,d_1931,d_1932,d_1933,d_1934,d_1935,d_1936,d_1937,d_1938,d_1939,d_1940,d_1941
HOUSEHOLD_1_004_CA_1_evaluation,HOUSEHOLD_1_004,HOUSEHOLD_1,HOUSEHOLD,CA_1,CA,0,0,0,0,0,0,0,0,0,0,0,0,0,0,0,0,0,0,2,0,2,1,1,0,2,2,0,0,0,0,1,1,1,1,0,0,0,2,0,0,4,1,0,1,0,0,0,0,2,0,0,0,2,0,10,0,0,3,0,1,1,2,3,0,1,0,1,3,0,0,0,1,0,1,1,6,0,0,3,0,1,4,0,0,3,2,0,0,1,0,1,0,0,1,1,0,0,1,0,0,0,1,0,0,0,3,2,0,1,1,2,1,0,2,0,0,0,0,1,0,4,0,1,0,4,0,0,0,0,1,2,2,0,0,2,0,0,5,1,0,0,0,1,1,2,0,0,0,1,0,0,0,4,0,3,0,0,1,3,2,0,4,3,0,1,0,1,0,0,0,0,0,0,0,0,0,0,0,1,0,0,4,0,1,0,0,1,1,1,0,0,0,0,0,1,0,2,2,0,1,1,1,2,0,1,0,2,1,4,0,1,2,2,0,0,0,1,2,4,0,0,0,0,1,16,0,0,2,1,0,0,0,1,0,1,5,3,2,4,3,5,1,1,0,2,1,0,2,0,0,1,1,0,0,2,0,3,2,2,0,6,2,0,0,3,0,2,1,0,0,0,0,1,3,2,2,0,0,0,0,0,1,0,1,1,3,0,0,6,1,0,0,1,0,2,2,1,0,0,2,1,1,0,3,0,0,3,0,0,0,0,1,2,0,0,0,3,2,1,2,0,0,1,0,0,0,1,0,0,0,0,2,1,0,1,0,0,0,0,1,0,4,0,1,3,0,0,0,0,0,1,1,0,1,2,2,0,0,2,0,1,0,1,0,0,1,2,0,0,0,2,0,3,0,1,1,0,0,2,0,1,0,5,0,0,0,1,0,3,2,2,1,0,3,0,2,0,0,3,7,3,3,1,0,2,1,0,3,2,2,2,3,0,2,1,1,1,3,4,2,1,1,1,1,3,2,2,2,1,10,1,2,3,0,1,1,0,0,1,0,0,0,1,1,5,1,3,0,5,1,2,4,1,1,0,1,2,2,1,0,4,1,0,1,2,2,1,1,0,3,4,4,1,1,4,3,0,1,3,2,2,5,2,1,7,5,2,2,0,2,1,3,5,1,0,4,1,1,2,10,0,1,0,4,0,7,12,8,0,4,3,3,4,0,0,9,2,8,3,8,3,5,3,0,2,0,5,2,2,3,1,1,7,3,2,4,3,0,7,1,4,2,1,1,3,3,7,5,3,4,4,1,1,1,5,5,3,1,0,0,7,5,1,3,2,7,1,6,3,0,1,0,2,0,4,1,3,0,0,0,0,2,1,2,2,3,0,4,4,4,0,1,0,2,3,0,3,3,0,2,0,9,8,2,0,0,0,1,1,5,0,6,0,3,2,3,3,1,0,1,2,0,3,4,4,2,0,0,0,4,2,4,1,3,4,3,0,2,0,3,4,2,1,1,1,5,1,1,0,0,2,1,0,2,0,3,0,2,4,2,1,2,0,1,5,2,0,0,1,3,1,0,3,0,0,0,0,1,6,1,6,1,1,0,1,1,7,0,2,0,0,1,0,5,0,0,0,0,0,0,1,0,2,4,0,0,5,3,1,1,2,0,1,0,0,0,0,1,3,4,4,0,4,0,2,0,1,7,7,2
HOUSEHOLD_1_007_CA_1_evaluation,HOUSEHOLD_1_007,HOUSEHOLD_1,HOUSEHOLD,CA_1,CA,1,4,1,0,3,1,4,4,1,1,1,0,1,1,2,2,6,0,1,3,0,3,0,4,3,1,1,1,1,1,16,1,1,1,1,4,1,2,1,4,6,1,0,2,3,1,1,1,7,2,2,3,2,2,0,3,7,1,3,1,5,1,3,3,6,6,3,3,2,2,4,0,4,1,1,0,3,5,2,4,4,1,1,5,1,5,2,2,2,1,0,5,0,5,1,1,3,1,6,4,4,2,2,2,2,8,0,4,3,1,3,3,2,1,4,2,2,2,1,3,1,7,3,6,1,3,1,1,2,5,4,0,5,3,4,6,1,4,0,5,6,4,6,2,1,3,6,4,3,1,2,2,2,7,2,1,4,2,0,3,1,10,3,4,1,1,6,5,3,1,3,1,5,2,2,8,2,4,2,4,3,4,4,2,2,3,2,3,0,1,2,1,3,3,1,4,6,4,3,0,1,2,4,3,2,2,4,0,0,7,8,0,0,4,3,0,1,4,1,3,0,3,1,0,1,2,1,1,6,3,1,4,3,3,0,2,2,1,2,4,1,1,1,1,3,4,6,0,2,2,1,2,4,0,7,3,0,4,2,7,2,2,3,3,1,4,7,2,3,5,3,2,3,1,7,1,0,0,0,7,2,3,3,4,4,2,1,3,2,2,1,0,0,2,3,2,1,0,2,1,1,4,3,5,1,0,0,0,0,3,1,0,1,4,9,0,0,3,1,1,2,0,4,2,3,0,1,0,0,2,5,0,0,0,0,2,1,1,3,6,2,1,5,4,1,2,1,4,5,0,5,2,1,3,2,3,3,4,0,1,2,1,1,0,0,3,5,2,3,5,1,2,1,5,1,0,0,4,2,2,1,1,7,2,3,2,2,3,2,3,1,2,0,4,0,5,2,3,0,1,1,3,2,3,2,2,2,0,2,1,2,3,3,2,5,4,5,3,0,1,2,0,1,1,4,3,1,1,1,6,2,1,9,6,1,4,12,1,2,4,5,0,2,4,2,0,3,3,7,0,0,3,1,2,6,0,5,1,0,0,2,2,3,3,14,0,0,3,0,3,0,1,3,1,0,2,5,2,0,3,1,2,2,1,5,1,0,2,2,1,1,5,6,1,1,2,0,8,0,1,0,2,2,1,2,6,3,2,3,2,0,3,3,4,3,2,4,0,4,5,1,1,1,3,5,2,0,0,0,4,4,4,4,5,2,1,2,1,1,2,2,3,1,1,3,0,1,2,1,2,1,4,1,1,3,2,0,0,2,1,2,2,2,0,1,0,0,3,1,3,0,3,1,2,0,2,2,3,6,4,0,0,0,4,2,3,0,1,2,4,1,2,1,6,4,2,2,2,2,2,6,0,4,5,2,3,4,2,2,2,5,1,2,3,2,3,4,2,4,1,1,1,4,4,1,3,1,4,1,2,6,2,1,0,4,0,2,6,0,7,0,1,0,3,1,1,2,2,2,3,1,7,2,1,0,8,2,2,1,2,1,0,4,4,1,3,4,0,2,1,4,2,2,3,2,3,0,5,1,4,7,0,0,6,5,3,4,1,2,2,1,2,0,3,1,1,1,3,0,5,3,2,0,1,1,2,1,5,4,0,0,2,4,2,4,3,3,3,0,2,6,3,3,1,0,5,1,3,1,2
HOUSEHOLD_1_008_CA_1_evaluation,HOUSEHOLD_1_008,HOUSEHOLD_1,HOUSEHOLD,CA_1,CA,0,0,0,0,0,0,1,0,1,0,0,0,0,0,1,0,0,0,0,0,2,0,0,0,1,0,0,1,2,2,0,0,0,0,0,0,1,0,0,0,1,0,0,0,0,2,0,1,0,0,0,0,0,0,0,0,0,1,0,1,0,1,0,0,1,1,0,0,0,2,0,0,0,0,0,0,1,0,1,0,0,1,0,1,1,0,1,2,0,1,0,0,0,1,0,0,1,1,4,0,0,0,1,2,1,0,1,0,1,0,1,0,0,1,1,0,0,0,0,0,1,0,3,0,0,2,1,0,1,1,0,0,0,0,0,1,2,0,0,2,0,1,0,1,0,0,0,0,2,1,0,0,0,1,0,2,0,0,0,0,1,0,1,0,0,0,0,0,0,0,0,0,0,1,0,0,0,0,1,0,0,1,1,0,0,0,0,0,0,2,2,1,0,0,0,0,1,0,1,0,0,0,1,0,1,0,0,0,0,0,0,0,0,0,0,0,0,0,0,1,0,0,0,0,0,0,0,0,1,0,0,0,2,0,2,0,0,0,0,1,0,0,1,0,0,1,0,0,0,0,0,1,2,0,0,0,0,1,0,0,0,0,1,0,0,0,0,1,0,0,0,1,0,1,0,0,0,1,0,0,0,1,0,0,1,0,2,0,0,0,0,0,0,2,1,2,0,0,0,1,0,2,1,1,1,0,0,0,1,1,0,0,2,0,0,0,2,0,0,0,0,0,0,0,1,1,0,0,0,1,0,3,1,0,0,1,0,0,0,0,0,0,0,0,0,0,0,0,0,2,0,0,1,0,0,0,0,0,0,0,2,2,0,0,1,1,0,2,2,2,0,1,0,0,0,1,0,0,0,1,1,1,0,0,1,0,1,3,1,0,0,1,1,1,4,0,0,0,2,1,0,2,0,0,0,0,0,0,1,0,1,0,1,0,1,0,1,0,1,0,0,0,0,0,1,1,0,0,0,0,1,1,1,0,3,0,0,0,0,0,1,1,1,0,1,0,0,1,1,0,0,0,0,2,0,0,0,0,0,0,1,0,1,1,0,0,1,1,1,2,0,0,1,0,2,0,1,2,1,0,0,1,0,0,0,0,1,0,1,0,0,1,0,0,1,1,0,0,1,0,1,1,1,0,0,0,0,0,1,0,1,1,0,0,0,0,0,2,1,0,0,0,0,0,0,1,1,0,0,0,0,0,1,1,3,1,1,0,1,0,0,0,0,1,1,0,0,0,0,1,0,0,1,0,0,1,2,0,0,0,1,0,0,0,0,0,0,1,0,0,1,1,0,1,1,1,1,2,1,0,0,0,1,0,1,0,0,0,1,1,0,0,0,0,1,0,0,1,0,0,0,0,0,1,0,0,0,0,0,0,1,0,1,1,0,0,1,0,0,2,0,1,0,0,1,0,1,1,2,0,0,0,1,0,0,1,2,0,0,0,0,0,0,0,0,2,0,0,0,1,0,3,0,0,0,1,0,0,0,0,0,1,1,0,1,1,3,0,0,0,1,0,0,0,0,2,0,0,1,1,2,1,0,1,1,0,2,0,0,0,1,0,0,0,1,0,0,2,0,0,1,0,1,0,0,0,0,0,0,1,0,0,0,1,1,0,0,1,0,0,0,1,1,0,0,0,0,1,1,0
HOUSEHOLD_1_014_CA_1_evaluation,HOUSEHOLD_1_014,HOUSEHOLD_1,HOUSEHOLD,CA_1,CA,1,1,0,1,2,1,1,0,0,3,2,0,1,0,2,3,0,0,1,0,0,0,2,1,1,1,0,1,2,2,1,0,0,1,0,0,0,3,0,1,0,0,2,2,0,0,3,1,0,1,3,3,0,1,1,2,1,2,3,2,0,1,1,1,1,2,0,0,2,0,1,1,0,0,3,1,1,1,2,0,1,0,2,0,0,1,0,5,1,2,2,2,2,0,0,0,0,0,0,2,4,1,1,0,3,0,4,0,0,1,0,0,1,1,2,1,1,0,1,4,0,0,1,1,0,0,1,0,0,0,3,1,0,1,0,1,0,1,1,1,0,0,1,0,0,1,0,0,2,1,0,0,3,0,0,0,0,1,0,1,0,1,3,0,0,1,1,0,1,0,0,0,0,0,0,0,0,0,0,0,0,0,0,0,0,1,1,0,1,0,0,1,2,1,1,4,0,0,0,0,0,0,0,0,0,0,0,0,0,0,0,0,0,0,0,0,0,0,1,1,1,0,2,1,1,3,1,0,0,0,1,1,2,0,0,0,0,0,0,0,0,0,0,0,0,0,0,0,0,0,1,2,0,1,0,1,0,0,0,1,0,2,0,0,0,0,0,0,0,0,0,0,0,0,0,0,0,0,1,0,0,0,0,0,0,0,0,0,0,1,0,0,0,0,0,0,0,0,0,0,0,0,0,2,0,0,0,0,0,0,0,0,0,0,0,0,0,0,0,0,0,0,0,0,0,0,0,0,0,0,0,0,0,0,0,0,0,0,0,1,0,0,0,0,1,0,0,0,0,1,1,0,1,0,0,0,0,0,2,0,0,1,0,1,0,2,0,0,0,0,0,0,0,0,1,0,0,2,0,0,0,0,1,0,0,0,1,0,0,0,0,0,0,1,0,0,0,0,0,1,1,0,0,0,0,0,1,0,0,0,2,0,0,0,0,0,0,2,0,0,1,1,0,1,2,1,0,0,1,0,0,1,0,0,0,0,0,0,0,0,0,0,0,0,0,0,0,0,0,0,1,1,0,0,0,0,0,1,0,0,0,1,0,0,0,0,0,0,0,0,2,0,0,0,0,1,0,0,1,0,0,1,2,0,0,0,1,0,0,0,1,0,1,0,0,0,0,0,1,1,0,0,0,1,0,0,1,0,0,0,1,0,0,1,0,0,1,0,0,0,0,1,0,0,0,1,0,1,1,0,1,0,1,2,0,0,0,0,0,0,1,2,1,0,0,0,1,0,0,0,0,0,0,0,0,0,0,0,0,0,0,0,1,0,0,0,0,1,0,2,0,0,0,1,0,2,1,0,0,0,0,0,0,0,1,0,0,0,1,0,1,0,0,0,0,0,0,1,0,0,0,0,1,0,0,0,0,0,0,0,0,2,0,0,0,0,1,0,2,2,1,0,0,0,1,0,1,1,1,0,0,0,0,0,0,0,1,0,0,0,1,0,0,1,0,0,0,0,0,0,2,0,0,0,2,0,0,0,0,0,0,0,0,1,1,0,0,0,0,0,0,0,0,0,1,0,0,0,0,0,1,1,0,1,1,0,0,0,0,2,0,0,1,1,1,0,0,0,0,2,1,0,0,0,0,0,0,0,0,0,1,0,0,0,0,1,1,1,0,1,1,1,1,2,0,0,1,0,1,0
HOUSEHOLD_1_016_CA_1_evaluation,HOUSEHOLD_1_016,HOUSEHOLD_1,HOUSEHOLD,CA_1,CA,0,0,0,0,0,0,0,0,0,0,0,0,0,1,0,1,0,0,0,0,1,0,1,0,0,0,0,1,5,4,2,1,3,1,1,0,2,1,4,2,0,0,0,2,2,0,2,2,3,0,2,2,1,1,0,4,2,2,1,1,2,1,0,2,1,0,0,3,4,2,2,4,3,1,2,2,0,2,1,0,2,1,0,4,5,0,0,0,0,0,0,0,3,1,1,3,4,0,3,1,2,3,3,2,3,4,3,0,0,0,0,0,4,3,0,0,0,3,3,0,0,0,0,0,2,1,4,1,3,4,2,0,0,1,2,3,2,4,3,1,0,3,2,1,3,2,2,5,4,2,0,2,1,0,3,1,4,2,1,1,0,2,0,0,0,0,0,0,0,3,1,1,0,0,1,2,3,1,1,2,0,3,1,0,2,2,1,1,0,1,0,0,0,0,0,0,0,1,2,0,0,0,1,2,3,0,0,2,0,0,4,1,4,0,1,0,1,0,0,1,1,3,0,1,0,0,0,0,0,0,0,0,1,0,2,0,1,1,0,1,2,2,0,1,1,4,4,2,0,0,1,0,1,1,2,0,1,2,1,1,2,1,1,2,0,0,0,0,0,2,0,2,3,1,1,2,1,1,1,0,2,3,1,0,1,3,0,0,6,1,0,1,2,0,0,2,4,0,1,3,2,3,0,5,0,0,1,0,2,3,1,2,0,1,4,3,2,2,0,3,2,2,1,3,2,1,1,0,1,1,1,2,2,0,0,1,2,3,0,1,1,0,3,3,2,0,0,0,2,2,0,0,1,1,0,0,4,1,1,0,0,0,2,3,0,0,0,0,0,0,0,0,0,0,0,0,0,0,0,0,0,0,0,0,0,0,0,0,0,0,0,0,0,0,0,0,0,0,0,0,0,0,0,0,0,0,0,0,0,0,0,0,0,0,0,0,0,0,0,0,0,0,0,0,0,0,0,0,0,0,0,0,0,0,0,0,0,0,0,0,0,0,0,0,0,0,0,0,0,0,0,0,0,0,0,0,0,0,0,0,0,0,0,0,0,0,0,0,0,0,0,0,0,0,0,0,0,0,0,0,0,0,0,0,0,0,0,0,0,0,0,0,0,0,0,0,2,2,0,0,0,1,2,1,3,0,0,0,0,3,1,3,3,2,8,0,0,0,1,0,0,0,0,0,0,0,0,0,0,0,0,0,0,0,0,0,0,0,0,0,0,0,1,2,0,2,2,4,1,0,0,2,2,0,6,0,0,0,2,1,3,0,1,2,2,0,1,10,3,2,1,1,0,1,1,3,0,0,4,1,0,5,4,1,1,0,1,3,1,6,1,4,0,5,1,0,4,1,1,2,3,5,5,2,1,0,1,0,3,2,2,5,1,2,1,0,0,3,10,0,0,2,0,2,6,4,0,5,0,2,5,1,4,0,4,1,2,9,4,1,1,2,2,1,3,5,3,1,2,1,0,1,2,1,2,3,0,1,2,0,3,1,2,2,2,3,2,6,1,3,2,1,4,8,0,2,0,1,1,2,3,7,1,3,0,2,4,2,3,5,1,7,0,1,8,4,2,0,0,4,0,0,2,0,0,0,0,2,4,4,2,0,0,3,3,0,0,0,0,0,1,1,2,3,1,1,1,0,3,3
HOUSEHOLD_1_017_CA_1_evaluation,HOUSEHOLD_1_017,HOUSEHOLD_1,HOUSEHOLD,CA_1,CA,0,1,0,1,1,0,1,2,1,1,0,1,0,1,0,0,0,0,0,0,0,0,0,0,1,0,1,0,0,2,1,1,0,0,2,1,0,0,2,0,3,1,0,2,1,1,0,2,1,2,1,0,1,0,0,0,1,0,2,0,2,1,1,0,1,0,1,1,0,3,0,0,0,0,0,0,0,0,0,0,1,1,0,1,1,3,0,0,0,0,0,0,0,3,0,1,0,0,2,3,2,0,0,0,1,0,3,0,2,1,0,1,0,0,0,0,0,0,3,4,2,0,0,0,0,0,1,1,2,1,1,1,2,0,1,0,0,0,0,1,3,2,0,1,1,0,0,0,2,0,0,0,3,0,3,3,0,0,0,3,0,0,2,1,0,2,0,1,2,1,0,0,0,2,0,0,0,0,0,1,1,0,2,1,1,0,1,0,0,0,0,0,0,0,0,0,0,0,0,0,0,0,0,0,0,0,0,0,0,0,0,0,0,0,0,0,0,0,0,0,0,0,0,0,0,0,0,0,0,0,0,0,0,0,0,0,0,0,0,0,0,0,0,0,0,0,0,0,0,0,0,0,0,0,0,0,0,2,1,4,6,1,0,0,0,1,0,1,0,2,2,2,1,2,0,2,1,0,1,1,0,1,0,0,0,0,0,0,3,2,0,0,3,0,0,0,0,0,0,0,0,0,0,0,0,0,0,0,0,0,0,0,0,0,0,0,0,0,0,0,0,0,0,1,0,2,1,0,1,0,0,0,0,2,2,1,1,2,0,0,0,0,0,1,1,2,0,0,0,1,0,1,2,0,7,0,1,0,0,0,0,0,1,0,0,0,1,1,1,1,0,1,2,1,1,0,1,0,1,0,0,0,0,0,1,2,1,0,1,0,0,0,0,0,2,0,1,0,1,2,3,2,0,0,0,0,0,0,0,0,0,0,0,0,0,0,0,0,0,0,0,0,0,0,0,2,2,0,3,0,0,1,0,1,1,3,0,0,0,0,2,0,1,1,1,1,0,0,1,1,3,0,0,2,4,2,6,2,1,2,0,1,1,2,1,0,0,0,7,1,0,0,0,0,0,0,0,1,1,1,1,2,3,0,0,0,0,0,1,0,2,1,1,1,0,0,0,0,0,2,3,0,1,0,1,0,0,0,0,0,0,0,0,0,0,0,0,0,0,0,0,0,0,0,0,0,0,0,0,0,0,0,0,0,0,0,0,0,0,0,1,0,0,0,0,0,0,0,2,0,1,0,1,1,0,2,3,1,1,3,3,0,2,3,0,1,1,3,4,2,0,0,2,1,2,3,2,1,0,0,0,0,0,0,0,0,0,0,0,0,1,1,0,0,0,5,0,0,0,0,0,1,0,0,0,0,0,0,0,0,0,0,0,0,0,0,0,0,0,0,0,0,0,0,0,0,0,0,0,0,0,0,0,0,0,0,0,0,0,0,0,0,0,0,0,0,0,5,1,2,0,4,3,1,0,0,0,0,0,0,0,0,0,0,0,0,0,0,0,0,0,0,0,0,0,0,0,0,0,0,0,0,0,0,0,0,0,0,0,0,0,0,0,0,0,0,0,0,0,0,0,1,1,1,0,0,1,2,3,0,0,1,0,1,4,2,2,1,0,0,0,2,1,1,0,0,0,2,2,1
HOUSEHOLD_1_019_CA_1_evaluation,HOUSEHOLD_1_019,HOUSEHOLD_1,HOUSEHOLD,CA_1,CA,8,5,2,7,2,3,4,7,11,9,8,7,10,4,12,6,4,4,5,2,5,2,5,2,5,5,9,5,7,10,7,3,1,9,3,5,10,5,6,3,8,6,6,9,8,11,1,3,5,7,3,8,9,2,6,5,7,9,7,5,2,3,4,2,8,6,5,1,6,4,9,4,7,3,5,4,3,6,13,4,9,5,0,5,9,10,6,10,3,3,4,3,10,8,3,1,2,3,7,9,8,5,0,3,3,4,4,8,9,0,6,2,8,7,5,2,3,6,9,5,5,3,0,9,6,4,6,7,3,2,3,3,5,4,5,6,1,1,3,4,8,8,0,4,5,0,5,7,10,6,5,3,2,4,7,7,4,1,4,1,4,8,4,6,7,6,3,2,1,8,4,0,0,4,2,8,7,2,1,1,2,0,8,11,2,5,9,1,1,3,4,1,4,5,5,5,7,3,6,9,4,2,5,3,3,2,9,1,1,1,9,8,2,4,4,0,5,7,0,4,2,2,5,1,7,0,0,0,0,0,0,0,7,3,3,2,4,0,2,5,6,1,2,2,15,17,14,3,3,0,4,4,9,10,3,11,6,7,2,12,13,1,2,2,7,3,1,5,5,0,3,1,4,2,6,1,5,3,3,3,9,0,0,0,0,0,0,0,12,4,9,7,7,5,3,4,5,5,1,0,2,3,4,3,4,1,3,1,0,5,0,8,5,8,6,3,2,3,2,1,1,0,2,6,7,3,3,3,2,12,6,2,0,1,3,3,8,18,12,8,2,7,5,2,12,7,4,5,3,8,8,8,9,3,5,5,4,7,7,1,4,5,3,6,9,4,5,1,1,2,0,6,9,5,2,2,0,1,1,4,10,6,1,0,4,6,9,7,10,6,4,6,5,10,1,1,7,6,2,4,9,4,1,4,8,9,3,3,7,2,1,8,3,1,8,7,10,7,5,7,9,8,10,3,1,7,5,2,7,6,2,4,2,2,7,11,3,4,0,5,2,8,4,6,2,0,0,0,5,14,7,9,4,0,3,11,16,2,4,8,3,6,4,6,0,3,4,2,2,6,8,11,5,1,4,3,5,12,4,7,5,8,4,4,4,6,8,1,3,9,7,15,7,6,4,4,7,5,6,7,4,4,2,3,6,7,14,13,1,0,0,13,11,3,4,4,6,7,3,3,4,3,5,3,6,1,3,7,5,8,4,2,2,1,2,0,1,1,2,2,2,4,0,0,1,2,0,4,2,3,0,0,4,0,0,1,0,9,1,1,3,3,1,1,1,0,2,7,4,4,0,0,3,3,5,4,0,0,2,0,0,0,4,2,2,3,4,3,5,0,1,3,3,3,0,3,6,4,2,1,6,2,3,2,5,3,3,3,2,4,0,6,5,8,2,1,6,0,1,4,2,4,3,7,6,6,4,2,4,1,5,6,11,2,0,0,0,0,6,2,7,3,3,3,0,4,3,10,4,0,5,1,0,13,3,1,3,2,1,2,8,4,3,2,2,6,11,3,3,3,2,0,12,1,8,5,4,4,8,0,6,3,4,3,0,0,2,0,2,7,3,3,2,5,1,1,1,0,0,0,2,0,0,0,0,1,0,5,1,0,0,0,1,2,7,3,0,0,0,0,0,0,0,0,0,0,0,0,0,0
HOUSEHOLD_1_025_CA_1_evaluation,HOUSEHOLD_1_025,HOUSEHOLD_1,HOUSEHOLD,CA_1,CA,1,1,1,1,0,0,0,0,0,0,0,1,1,0,0,0,2,0,1,1,1,3,0,1,1,0,1,0,3,0,0,0,0,0,1,0,1,1,3,0,0,0,0,3,1,1,0,0,0,1,0,0,0,0,0,2,1,1,2,0,0,1,0,0,1,3,1,0,5,0,1,1,2,3,0,1,0,1,0,0,1,0,0,3,0,0,0,1,0,3,0,3,0,1,1,0,2,2,0,3,0,0,0,1,0,1,1,2,1,0,0,1,0,1,1,0,0,0,0,1,1,0,0,0,0,1,4,0,0,0,0,1,0,0,3,0,0,0,2,2,0,0,0,0,0,0,1,3,1,0,0,0,2,0,2,1,2,0,0,2,0,2,2,1,0,0,0,1,1,0,0,0,0,0,0,1,2,0,2,0,0,1,2,2,2,0,0,0,0,1,0,1,0,1,0,1,1,1,1,1,0,0,0,3,2,0,0,0,0,0,0,1,0,0,0,0,0,0,1,0,0,2,0,0,2,0,0,1,0,0,0,1,0,0,4,0,4,1,1,1,1,4,0,2,0,1,1,0,0,0,0,3,2,0,0,0,2,0,0,0,0,0,0,0,0,0,0,1,1,3,0,1,1,1,0,1,2,0,0,0,0,0,1,0,1,1,4,1,1,0,0,0,0,0,0,0,0,0,0,1,1,4,0,0,0,0,0,0,0,0,0,1,0,0,0,0,0,1,1,1,1,0,2,0,1,0,0,1,1,1,0,0,0,2,1,0,1,0,0,1,1,0,0,0,1,1,0,1,1,0,0,4,2,0,1,0,0,2,1,1,0,1,1,1,1,0,0,0,1,1,0,1,0,1,0,2,2,1,0,1,0,0,1,1,0,0,2,0,0,1,0,2,2,0,0,1,0,0,0,1,2,2,1,0,0,0,1,2,0,0,0,2,2,0,1,1,3,0,1,0,0,1,1,0,0,2,0,0,0,0,0,0,0,0,1,3,0,0,0,1,1,1,0,0,0,0,1,0,0,0,3,1,3,2,0,1,1,0,0,0,1,0,1,2,0,1,1,0,0,1,3,0,1,1,0,1,0,0,0,0,0,0,3,0,0,0,1,1,0,0,1,0,1,2,0,0,2,1,3,0,0,2,1,0,2,0,1,0,0,0,2,1,2,0,0,0,1,1,1,2,1,0,1,2,0,0,1,0,1,0,1,0,1,3,1,1,0,0,0,2,1,0,0,0,0,1,0,0,0,0,0,0,1,0,0,1,0,0,0,2,0,1,0,2,0,2,2,0,2,2,0,0,0,0,3,2,1,0,0,0,0,1,1,0,2,1,0,1,0,0,0,0,0,0,1,0,2,1,0,0,1,2,1,1,2,0,0,1,0,1,1,2,0,0,2,0,0,1,1,1,0,0,0,1,1,1,0,0,1,0,1,1,0,0,2,1,0,1,1,1,1,0,0,1,2,1,0,0,2,1,1,0,0,0,0,0,0,1,0,1,0,0,0,0,0,2,1,1,0,1,0,0,1,0,3,0,0,0,1,4,0,0,0,1,0,3,2,0,1,0,1,0,0,0,0,1,1,0,0,1,0,1,0,0,1,0,1,2,1,0,1,0,0,0,1,0,2,1,0,3,0,0,0,1,1,0,2,0,1,0
HOUSEHOLD_1_027_CA_1_evaluation,HOUSEHOLD_1_027,HOUSEHOLD_1,HOUSEHOLD,CA_1,CA,2,0,5,1,9,4,1,4,4,3,1,4,4,3,2,3,1,4,5,2,0,9,5,3,2,4,2,5,9,2,5,4,1,2,1,4,6,3,4,4,5,4,5,5,3,4,4,2,3,8,6,6,4,5,11,3,3,2,3,4,0,2,1,3,2,3,5,4,4,3,3,8,3,3,2,2,5,6,8,6,2,1,2,2,5,0,0,0,0,0,0,0,5,4,1,1,2,2,4,1,3,5,7,3,1,8,6,1,2,6,3,7,5,4,2,1,5,2,2,5,6,2,1,3,3,3,8,6,5,3,2,1,4,8,5,2,2,2,3,2,3,3,5,4,5,0,2,3,6,3,3,5,2,4,5,5,6,3,1,3,0,10,1,3,3,6,9,4,2,3,4,3,3,2,4,7,6,2,4,2,5,3,4,5,3,2,7,4,4,2,7,5,1,4,6,7,5,7,1,7,3,2,2,2,4,5,3,5,4,4,3,9,3,2,0,0,5,5,5,3,2,2,4,7,8,3,5,1,2,3,3,8,2,7,3,4,1,5,5,3,1,2,0,0,2,3,2,2,5,2,1,5,4,2,4,5,1,3,4,4,5,2,2,3,0,0,7,3,3,3,3,1,4,7,2,4,3,3,2,6,5,4,3,8,2,4,1,4,5,1,1,3,3,0,3,4,1,1,0,0,2,2,4,3,2,2,1,4,3,1,1,2,3,1,3,2,3,3,1,2,1,1,1,3,3,2,0,2,2,4,2,3,1,1,1,3,2,4,2,0,2,3,0,3,4,5,1,0,0,1,3,2,1,4,0,3,1,2,8,1,2,3,2,6,2,3,1,0,2,1,4,6,3,4,4,4,5,3,0,1,3,2,3,0,3,0,2,0,2,3,3,0,6,3,1,2,1,2,1,1,1,3,2,3,2,3,2,4,3,3,0,3,1,3,2,4,3,5,1,2,1,5,0,1,2,2,1,4,5,2,1,0,0,2,3,5,2,0,3,2,2,1,1,1,3,2,1,2,6,5,1,4,2,1,2,1,5,5,2,1,2,0,4,5,3,4,3,1,4,4,3,7,4,4,0,1,7,1,0,0,2,0,3,4,7,1,1,0,4,4,5,0,3,2,1,1,2,4,1,0,3,3,5,0,1,2,4,1,1,3,2,4,8,9,3,1,2,3,2,3,2,2,0,1,2,1,5,4,5,2,1,4,1,4,1,2,3,3,1,2,6,1,1,4,1,8,2,6,2,1,4,0,5,3,2,2,1,3,1,2,5,5,3,3,1,1,4,2,1,2,1,1,3,3,7,11,22,4,7,7,0,9,11,13,8,14,4,5,9,8,2,3,5,5,6,3,14,1,6,4,0,4,4,5,7,0,3,2,3,11,1,3,2,2,3,3,1,1,3,1,4,3,1,2,2,3,1,4,0,3,5,2,0,1,2,2,2,2,2,2,1,0,2,4,3,5,2,0,4,1,0,3,5,1,3,0,0,4,2,4,1,1,2,2,1,5,3,2,2,0,2,2,0,2,2,3,0,2,0,4,0,1,2,1,2,4,1,4,2,1,2,0,1,3,4,2,1,1,2,3,1,3,0,2,4,2,3,5,2,1,1,0,4,2,1,6,1,2,1,0,1,4,3,3,3,0,3,0,1,4
HOUSEHOLD_1_028_CA_1_evaluation,HOUSEHOLD_1_028,HOUSEHOLD_1,HOUSEHOLD,CA_1,CA,3,2,5,2,1,0,1,0,2,1,0,2,0,2,2,2,3,2,1,0,1,3,2,2,1,0,3,1,2,0,1,3,1,0,4,3,1,3,4,3,0,1,3,2,1,1,1,1,2,0,1,0,3,1,0,2,4,2,1,1,0,2,0,4,3,1,0,0,3,4,2,2,3,3,0,1,0,2,2,0,0,2,3,0,1,2,0,1,5,2,3,4,2,2,3,0,0,0,4,4,2,2,1,0,0,3,2,0,1,3,0,3,3,0,3,0,0,1,3,2,7,0,3,5,3,1,3,0,1,1,1,2,0,1,3,1,0,1,1,1,3,2,1,0,7,1,1,0,3,0,0,0,1,0,2,4,1,0,3,0,3,1,5,1,1,1,0,1,0,0,0,0,0,0,2,0,2,2,1,0,2,0,2,1,0,2,1,1,0,0,0,2,1,0,0,1,1,0,2,1,2,0,0,0,2,0,1,0,0,2,1,1,0,1,0,0,1,0,0,0,0,0,0,1,0,0,0,0,0,0,1,0,1,1,2,1,0,1,2,1,0,0,0,0,1,2,1,0,1,0,1,3,0,2,2,1,0,0,0,0,0,1,0,0,0,0,2,1,0,0,0,0,1,1,1,1,0,2,0,1,0,0,0,1,0,1,1,0,1,0,0,1,0,0,3,1,1,1,1,0,0,1,1,0,0,0,2,0,0,0,0,0,2,0,1,3,2,0,1,2,1,1,2,0,0,0,1,0,0,1,1,0,1,0,0,1,1,1,0,2,0,1,1,1,6,1,0,0,0,0,4,0,4,0,1,0,0,0,0,0,0,0,1,1,0,1,2,1,1,0,1,2,1,1,0,0,1,0,0,2,0,0,1,0,1,0,0,0,0,0,0,0,1,1,0,1,0,0,0,0,0,0,0,0,0,0,0,0,0,0,1,1,1,0,1,0,0,1,0,1,0,3,0,0,0,2,1,0,1,0,1,0,1,2,1,4,0,1,1,1,2,2,0,0,3,1,1,1,2,1,1,0,2,0,0,2,0,1,3,2,1,0,0,1,1,1,3,1,0,4,0,1,1,0,0,1,3,1,1,1,1,1,0,1,1,0,0,0,0,0,3,0,0,1,0,1,3,0,3,1,1,1,0,0,0,2,1,1,1,1,1,0,0,0,1,0,1,1,5,4,1,1,0,0,1,0,0,0,0,0,2,1,1,4,2,0,1,1,1,1,3,0,2,0,4,1,1,4,1,2,2,0,1,2,0,0,1,3,0,2,1,3,2,1,1,0,2,0,2,3,1,2,3,2,4,3,1,2,0,1,0,0,2,1,1,2,0,0,1,0,0,1,0,4,1,2,0,2,0,1,2,0,1,2,0,2,3,0,0,2,2,4,1,0,1,2,2,1,2,4,0,0,3,7,1,3,0,3,0,0,3,1,1,0,1,1,2,0,1,1,1,0,2,3,0,3,2,1,1,1,2,0,2,0,0,2,0,2,1,0,0,1,0,0,3,3,2,6,3,3,2,1,2,0,1,1,0,1,5,5,6,0,2,3,1,4,12,2,4,1,0,0,0,1,1,0,2,0,3,2,4,3,1,0,0,1,1,0,1,0,0,0,2,3,3,1,1,2,1,0,1,1,3,1,0,1,1,0,0,2
HOUSEHOLD_1_032_CA_1_evaluation,HOUSEHOLD_1_032,HOUSEHOLD_1,HOUSEHOLD,CA_1,CA,4,4,6,5,2,2,5,9,5,7,9,3,4,6,6,2,3,1,4,2,8,6,5,2,4,4,4,4,4,6,5,3,3,7,5,5,4,3,5,6,2,4,7,8,5,2,4,2,6,5,2,6,3,1,5,6,7,9,2,2,6,5,4,4,4,7,5,6,3,4,7,12,5,1,4,3,2,8,13,3,2,10,5,6,2,10,4,3,2,6,3,3,19,7,6,5,2,4,6,5,4,3,7,2,3,5,13,6,2,6,6,3,3,6,1,5,3,5,2,4,7,0,2,3,1,7,6,7,6,1,3,4,4,8,7,8,7,4,4,4,4,8,4,4,4,2,3,0,0,0,2,3,4,2,8,8,6,3,3,4,7,10,11,1,1,2,0,0,0,0,0,0,2,3,2,5,5,1,0,0,0,2,4,4,2,5,1,1,5,6,4,1,5,4,6,2,7,11,5,5,2,2,2,5,8,3,6,3,3,5,7,7,4,4,1,0,4,6,7,1,3,1,4,4,5,4,3,4,2,0,4,4,10,3,3,2,1,7,8,5,5,3,0,0,3,5,6,1,3,4,0,6,8,6,2,1,1,6,2,8,12,3,2,4,3,4,6,10,5,3,4,4,4,5,9,1,0,0,0,0,0,0,0,2,5,1,0,0,0,0,0,0,0,0,0,0,0,0,0,0,0,0,0,0,0,0,0,0,0,0,0,0,0,0,0,0,0,0,0,0,0,0,0,0,0,0,0,0,0,0,0,0,0,0,0,0,0,0,0,0,0,0,0,0,0,0,0,0,0,0,0,0,0,0,0,0,0,0,0,0,0,0,0,0,0,0,0,0,0,0,0,0,0,0,0,0,0,0,0,0,0,0,0,0,0,0,0,0,0,0,0,0,0,0,0,0,0,0,0,0,0,0,0,0,0,0,0,0,0,0,0,0,0,0,0,0,0,0,0,0,0,0,0,0,0,0,0,0,0,0,0,0,0,0,0,0,0,0,0,0,0,0,0,0,0,0,0,0,0,0,0,0,0,0,0,0,0,0,0,0,0,0,0,0,0,0,0,0,0,0,0,0,0,0,0,6,4,3,3,2,0,2,4,5,6,1,1,3,1,3,1,6,2,4,1,4,1,5,12,5,0,5,3,3,9,6,5,1,5,1,6,2,13,3,5,2,3,2,5,6,6,2,2,3,5,2,6,11,9,8,7,7,11,11,9,6,5,10,3,10,17,7,2,9,13,5,11,13,8,7,7,5,12,10,14,2,8,4,6,15,19,19,11,4,5,10,12,11,14,6,9,3,7,12,9,6,4,8,3,7,0,13,22,13,10,8,7,9,14,16,11,9,10,11,12,21,18,9,9,1,10,4,16,18,6,7,5,5,7,11,8,5,7,3,8,11,19,20,7,8,6,6,14,13,14,13,5,5,6,10,12,19,10,12,10,9,4,23,12,14,10,6,9,7,14,19,10,6,12,6,9,12,28,8,3,9,4,10,21,17,14,8,8,9,9,13,17,10,7,5,4,10,8,14,8,10,6,8,8,11,16,17,12,5,7,9,20,21,8,10,8,5,5,15,13,10,5,11,2,7,12,6,7,8,8,8,16,14,12,14,7,3,0,0,11,14,9,8,3,5,7,15,18,7,5,8,3,8,20,14
HOUSEHOLD_1_038_CA_1_evaluation,HOUSEHOLD_1_038,HOUSEHOLD_1,HOUSEHOLD,CA_1,CA,3,1,1,1,3,4,1,2,3,4,4,1,1,1,3,6,5,5,1,0,3,3,3,2,2,2,3,2,1,3,1,2,4,0,1,6,2,5,3,0,0,0,4,3,1,1,3,2,1,0,3,4,2,2,3,1,2,3,1,1,3,3,0,3,2,8,1,1,3,3,1,0,0,1,5,4,4,3,3,0,4,2,1,3,3,0,5,2,2,0,0,8,6,3,1,2,1,2,4,4,5,3,1,2,1,2,2,5,2,0,0,0,4,1,1,0,4,0,2,3,1,0,3,0,0,2,1,3,1,5,1,2,2,6,6,5,1,3,2,2,0,2,2,3,1,1,2,2,6,2,2,2,1,2,3,0,3,1,3,2,2,2,2,0,3,2,1,2,1,3,0,1,2,5,0,4,0,3,1,1,5,1,3,4,0,1,0,0,3,2,1,3,1,1,2,1,3,2,3,2,1,0,2,2,2,2,3,2,4,0,1,2,3,0,2,0,2,1,2,1,2,2,2,4,0,3,2,1,1,2,0,3,5,1,0,3,0,2,3,1,2,0,2,1,1,3,2,1,1,4,0,1,2,2,3,0,1,1,5,0,0,4,2,5,1,0,0,0,4,2,1,1,3,1,3,2,1,0,0,1,4,1,5,3,2,1,0,6,3,4,3,3,2,2,2,2,0,4,2,1,1,3,1,2,1,3,4,1,0,0,0,0,0,0,0,0,2,1,4,4,1,3,5,0,1,3,3,1,2,3,3,2,1,1,3,2,4,3,2,2,2,3,3,3,3,2,0,1,1,0,4,3,3,2,1,2,0,4,1,2,1,2,0,4,1,1,0,1,0,3,2,0,4,4,2,1,1,2,5,4,1,1,1,2,2,3,1,2,2,4,1,3,3,4,5,1,3,1,2,3,4,2,0,1,2,2,4,3,1,2,1,2,0,3,1,11,1,0,0,3,0,0,5,6,2,2,0,6,2,0,0,2,2,2,4,1,3,3,1,1,4,4,3,4,0,2,4,2,2,4,1,0,2,1,2,2,5,3,1,2,1,2,3,2,2,2,1,1,3,5,4,3,4,2,4,2,2,0,4,2,1,3,2,4,5,1,1,2,0,2,3,2,1,0,4,2,5,5,1,8,1,3,3,0,5,7,4,3,6,0,1,3,5,2,2,3,0,2,2,5,4,3,0,0,1,3,2,2,1,4,1,0,1,2,0,5,2,1,0,1,8,1,5,2,2,1,3,2,4,2,0,0,1,3,0,6,2,3,2,2,6,0,2,1,3,0,0,4,3,2,3,1,0,0,0,6,2,1,0,1,0,1,3,0,1,7,3,0,4,0,1,1,1,2,1,3,2,4,3,4,1,3,0,1,3,2,0,1,1,3,2,3,1,1,1,1,4,2,3,3,2,1,2,4,3,3,7,3,1,4,0,2,1,5,3,0,2,3,3,2,2,2,0,3,2,3,2,3,1,3,5,7,2,0,0,4,1,0,5,0,1,3,2,3,1,1,6,2,0,1,2,5,5,3,0,2,2,1,2,2,3,1,3,1,2,4,3,4,1,0,4,2,0,1,1,2,4,1,3,1,2,1,3,2,3,1,1,0,1,2,2,4,2,2,4,3,3,2,2,5,1,0,1,4,2,0,2,1,2,1
HOUSEHOLD_1_040_CA_1_evaluation,HOUSEHOLD_1_040,HOUSEHOLD_1,HOUSEHOLD,CA_1,CA,0,0,0,0,2,2,5,5,2,0,0,0,0,5,5,2,1,2,2,1,4,3,2,1,3,5,5,0,3,5,0,2,2,2,2,4,4,0,2,2,4,3,2,6,3,3,4,1,2,8,6,6,0,2,1,2,6,6,1,0,0,1,2,5,8,1,1,2,1,5,5,3,4,2,6,1,2,3,3,0,2,2,2,4,8,1,0,1,3,2,1,4,3,3,1,0,0,1,6,3,7,0,0,2,2,6,6,0,0,3,4,1,6,4,2,2,2,2,2,6,2,3,1,2,1,3,7,1,2,0,0,3,0,2,5,2,4,3,0,7,3,4,1,3,6,0,2,6,5,1,1,4,2,0,3,2,2,2,2,0,2,9,7,0,0,4,2,0,2,4,2,0,2,5,1,5,2,4,2,0,2,2,5,5,0,1,1,0,4,3,1,3,1,2,1,3,6,3,2,2,4,2,0,7,1,2,0,1,2,1,4,7,0,2,2,0,2,2,4,2,1,1,2,6,2,2,2,3,1,4,2,1,5,0,1,1,2,5,5,0,3,1,3,0,0,0,5,3,1,1,0,0,8,3,1,1,1,2,2,2,4,1,2,1,4,2,2,4,3,1,1,2,3,0,3,0,2,2,1,0,3,3,4,4,1,0,2,2,3,0,3,2,2,2,0,6,3,1,3,1,1,3,7,4,2,2,1,2,6,2,1,3,2,0,2,1,5,2,3,0,3,4,2,3,3,1,1,0,1,4,5,1,3,1,2,3,3,3,2,2,1,1,2,4,4,5,1,3,1,2,4,1,3,2,1,1,4,1,4,2,1,1,3,3,5,5,0,0,3,2,2,2,3,1,1,0,1,1,0,6,3,3,2,2,4,2,2,5,0,0,1,1,3,2,0,1,1,4,1,1,6,0,0,1,2,0,4,4,1,3,1,0,0,3,4,1,0,1,3,3,3,2,3,3,1,1,0,2,4,4,2,1,3,1,5,1,4,5,1,2,3,1,6,1,0,2,2,1,0,5,0,0,1,2,1,1,4,3,1,2,3,1,2,6,1,2,3,4,4,3,7,4,1,0,3,2,5,7,1,3,1,1,2,2,4,1,0,2,3,1,1,3,1,0,0,3,1,3,2,2,1,2,1,1,5,3,5,2,0,2,1,1,6,7,2,2,2,2,1,2,1,2,4,0,2,1,3,3,6,1,1,0,3,3,3,1,2,2,0,0,4,2,4,1,1,1,2,4,3,0,5,1,5,3,4,5,9,4,5,2,7,9,6,0,0,1,2,2,1,4,2,2,0,2,6,1,4,2,0,3,0,1,6,5,2,2,4,1,3,2,2,2,0,4,3,3,3,3,4,0,1,3,6,10,1,0,4,4,1,4,3,2,1,1,2,1,3,3,5,2,1,2,2,2,3,3,2,0,3,0,0,4,5,2,2,6,1,2,4,4,2,2,1,1,2,3,3,2,2,4,1,2,6,4,5,4,2,2,2,2,1,2,2,1,2,2,3,5,1,0,1,5,3,1,0,1,3,0,4,0,3,3,3,0,5,3,2,4,3,1,3,1,1,6,6,2,2,0,2,5,1,5,2,1,2,1,2,4,7,3,1,0,1,4,5,2,2,3,1,2,2,4,3,4,2,3,0,0,2,4
HOUSEHOLD_1_045_CA_1_evaluation,HOUSEHOLD_1_045,HOUSEHOLD_1,HOUSEHOLD,CA_1,CA,3,1,1,4,0,1,3,4,4,2,3,2,4,5,4,8,3,0,2,1,2,5,5,2,5,2,1,1,4,3,4,3,2,5,1,4,2,3,1,3,3,1,5,4,1,0,2,2,4,4,4,2,2,3,2,2,4,6,3,2,4,5,1,3,3,1,0,1,2,5,2,2,3,3,3,2,2,2,3,2,5,5,0,2,6,5,2,3,2,2,1,1,1,2,1,1,2,2,8,2,3,3,2,4,2,3,4,2,5,3,0,2,5,0,2,1,2,0,2,2,3,4,1,0,1,0,3,3,3,0,2,1,2,5,5,2,3,2,2,3,4,4,1,1,2,1,1,2,0,2,5,3,3,1,2,1,4,2,1,2,0,1,6,4,1,3,2,1,5,7,2,1,2,0,0,0,0,0,0,0,0,0,0,0,0,0,0,0,0,0,0,0,0,0,0,0,0,0,0,0,0,0,0,0,0,0,0,0,0,0,0,0,0,0,0,0,0,0,0,0,0,0,0,0,0,0,0,0,0,0,0,0,0,0,0,0,0,0,0,0,0,0,0,0,0,0,0,0,0,0,0,0,0,0,0,0,0,0,0,0,0,0,1,1,0,0,0,0,0,0,0,4,4,11,17,5,2,2,2,7,6,4,6,6,5,4,2,8,5,2,2,1,2,2,2,4,3,2,3,6,6,6,12,7,4,3,1,4,4,3,8,5,4,4,4,5,6,4,0,4,3,3,5,12,7,7,8,8,3,7,6,2,1,3,5,2,3,4,2,2,6,2,4,0,6,1,5,1,2,3,3,3,2,1,1,0,5,3,4,3,3,1,1,3,3,5,1,2,1,2,0,1,5,4,2,0,1,1,0,2,2,2,2,3,2,2,3,5,5,1,2,1,5,2,0,1,3,3,2,4,4,6,1,1,0,0,1,3,3,3,4,1,3,2,3,1,1,5,0,3,2,6,2,0,4,1,0,0,12,9,0,7,0,7,7,17,12,9,4,2,8,7,3,5,1,1,0,2,3,3,1,2,2,5,0,1,5,1,1,5,1,3,4,4,1,4,1,3,4,2,0,6,3,1,1,2,6,6,0,1,1,1,0,4,0,0,5,1,0,3,2,1,3,3,0,3,5,1,2,3,0,4,2,1,1,3,1,2,1,2,2,1,4,2,4,3,2,4,2,6,2,2,1,2,3,1,0,2,1,2,0,3,4,6,3,3,1,0,0,2,4,0,3,1,2,4,2,5,3,1,3,1,1,3,3,0,4,1,2,0,2,1,1,4,2,0,1,2,2,2,1,1,0,0,2,4,0,2,1,0,0,5,4,2,1,0,3,2,2,2,3,2,0,5,1,3,4,3,1,1,0,2,3,1,1,3,1,0,2,2,4,4,0,0,2,1,2,2,5,3,0,2,3,1,1,1,3,1,2,1,3,2,3,4,6,2,0,4,1,5,3,2,1,3,0,6,4,0,0,3,2,2,6,5,1,0,0,0,6,4,3,0,1,2,3,3,5,1,0,3,1,0,3,2,1,2,4,0,3,1,1,2,4,2,2,2,3,3,2,3,3,3,0,1,5,1,1,3,3,3,2,2,0,0,2,7,2,1,2,3,1,1,0,4,4,0,1,0,0,0,1,4,3,1,1,2,3,1,3,3
HOUSEHOLD_1_047_CA_1_evaluation,HOUSEHOLD_1_047,HOUSEHOLD_1,HOUSEHOLD,CA_1,CA,6,2,2,0,0,0,1,2,3,0,0,1,0,1,1,3,1,0,6,0,0,3,0,3,2,1,1,1,1,2,1,2,1,2,1,0,3,5,1,0,2,0,2,1,0,0,0,0,0,3,4,1,2,4,2,1,2,1,4,1,2,0,1,0,2,5,0,0,1,2,5,4,0,3,2,0,1,1,3,2,1,2,1,2,1,3,1,0,1,2,0,3,1,2,0,0,1,2,4,2,3,2,0,2,0,2,2,2,0,0,0,0,3,0,1,1,3,1,0,1,0,1,1,0,0,2,2,1,3,1,1,1,1,1,5,2,1,2,1,0,3,1,1,0,1,0,1,2,1,2,1,1,2,1,3,2,3,0,0,1,1,1,1,0,0,0,0,0,0,1,0,1,1,0,0,2,0,0,0,0,0,0,0,3,1,1,2,0,0,3,2,0,0,0,0,1,1,2,3,0,1,0,0,2,1,0,0,1,1,2,0,0,1,0,0,0,2,2,0,3,1,0,0,0,0,0,0,0,0,0,0,0,1,0,2,2,0,1,1,0,1,0,0,2,1,0,2,0,0,0,0,5,1,4,1,0,1,6,0,2,2,0,0,0,2,0,1,0,2,1,3,0,2,1,0,0,0,0,0,3,2,1,0,0,1,2,0,1,0,1,0,0,0,1,0,1,1,1,0,0,0,3,0,0,1,0,0,0,0,2,0,2,1,1,0,2,0,0,1,1,3,0,1,2,0,0,0,0,2,8,1,1,0,1,1,0,1,1,0,1,2,0,2,3,0,0,0,2,2,3,1,1,2,1,1,0,3,1,1,4,2,1,1,1,3,1,1,0,1,1,0,1,1,1,1,1,1,0,2,0,0,0,0,0,1,1,0,1,0,2,1,0,1,0,2,0,0,0,0,0,3,1,1,2,1,1,0,1,1,1,2,1,0,1,2,2,0,2,0,2,1,2,0,0,0,2,0,0,2,2,0,1,1,1,1,0,1,1,3,1,1,1,3,2,2,1,0,3,2,0,1,1,0,0,1,1,1,1,1,0,0,0,0,0,0,0,0,0,2,2,2,1,1,0,1,3,0,1,2,2,2,0,0,5,1,1,0,1,1,0,3,2,1,3,0,0,2,3,1,1,4,3,0,1,0,2,4,3,0,0,0,0,1,1,1,0,0,1,0,2,0,0,1,0,0,2,0,1,0,0,1,2,0,1,2,0,2,0,0,0,0,2,1,1,0,2,0,3,0,0,0,0,1,3,2,0,0,2,1,2,1,2,1,1,1,0,0,0,2,3,1,0,1,0,1,0,2,1,0,3,0,1,0,0,2,0,0,2,1,2,1,2,0,3,3,2,1,0,0,0,2,0,2,2,3,1,1,0,1,1,3,2,0,0,1,1,2,0,1,1,1,0,1,3,2,1,0,0,1,0,3,0,3,2,0,2,1,0,5,3,1,1,4,0,1,3,0,2,2,3,0,1,0,0,0,0,0,0,2,2,2,2,0,0,2,0,2,1,1,0,1,0,0,3,1,0,1,1,1,0,2,4,2,0,1,1,5,0,1,0,0,1,0,0,0,0,0,0,0,2,2,0,0,0,0,1,0,0,2,0,1,0,2,1,2,0,1,2,0,1,0,0,1,0,1,0,0,1,2,2
HOUSEHOLD_1_048_CA_1_evaluation,HOUSEHOLD_1_048,HOUSEHOLD_1,HOUSEHOLD,CA_1,CA,5,2,2,3,2,0,1,2,2,3,1,2,5,1,2,2,2,5,1,3,7,2,3,6,0,3,3,0,1,2,3,3,0,3,3,4,7,7,1,0,0,2,8,1,3,0,0,5,2,2,4,6,0,4,1,3,3,6,3,6,3,0,4,0,3,8,2,2,7,0,3,7,3,1,5,1,5,2,4,0,1,1,5,1,7,6,6,2,3,0,4,5,5,4,0,0,2,6,6,4,0,1,2,6,4,3,1,2,3,1,0,2,5,4,4,2,1,3,3,11,1,2,1,0,2,2,4,6,3,2,4,0,3,7,7,2,1,2,1,3,2,1,0,1,4,2,0,2,2,3,3,3,0,0,5,8,4,1,0,1,6,6,5,0,1,1,2,4,3,3,1,8,5,2,5,1,6,2,0,6,0,2,6,1,3,7,0,0,3,2,8,3,1,4,4,2,9,3,6,2,1,0,0,3,2,3,0,4,4,1,3,7,1,4,2,0,3,1,5,5,3,3,2,1,6,3,5,2,0,2,1,4,2,1,1,1,6,2,1,6,1,1,0,0,4,6,5,4,1,0,1,1,2,2,5,1,2,1,3,1,5,4,1,3,0,1,5,4,5,7,1,3,4,1,2,0,1,3,2,2,3,5,3,0,2,2,7,1,7,3,2,1,2,0,6,3,6,0,2,0,4,2,2,2,2,0,0,5,1,4,2,2,0,4,5,2,2,1,5,1,6,1,1,2,3,2,1,3,3,7,4,1,3,6,0,1,6,4,3,2,1,0,0,0,0,0,0,0,0,0,0,0,6,4,2,3,1,4,1,6,0,2,1,3,5,3,4,1,6,3,1,5,3,2,3,1,4,1,7,1,2,1,1,6,2,3,4,2,2,0,4,3,1,2,3,4,2,2,5,3,6,1,1,3,1,3,3,6,1,6,4,3,3,4,2,1,3,3,3,0,7,5,3,3,6,2,3,3,4,3,0,2,0,4,5,8,2,0,1,1,2,2,3,2,3,3,2,2,1,11,3,2,5,2,2,6,4,1,2,0,1,3,5,7,5,0,0,1,2,3,3,2,3,0,2,3,1,4,5,2,0,2,1,2,4,8,1,4,2,1,2,4,5,7,0,0,3,0,9,3,0,6,2,5,3,2,1,2,4,1,1,4,4,1,0,2,5,0,4,4,3,4,2,0,1,0,3,4,1,1,0,2,0,8,5,2,2,1,1,2,4,3,1,7,3,4,2,0,5,1,1,2,0,2,3,5,3,0,2,0,5,4,2,1,0,0,2,1,6,0,0,2,1,0,2,5,0,2,0,2,0,4,6,3,0,0,0,0,3,3,4,1,0,1,3,0,5,0,2,2,1,3,4,5,4,0,1,1,5,0,1,2,1,3,1,0,1,4,7,0,2,5,1,2,1,2,0,1,6,1,1,6,0,3,1,1,4,3,4,1,1,3,0,1,4,8,5,2,2,1,1,1,4,3,5,2,1,3,1,0,7,6,0,0,4,1,5,1,7,1,3,2,2,2,0,2,1,0,3,6,6,0,0,2,2,3,3,4,3,3,0,5,3,4,3,0,0,0,0,6,2,3,0,0,0,1,2,1,4,1,1,2,0,3,0,0,3,3,1,4,0,3,5,2,2,0,4,4,5,1
HOUSEHOLD_1_050_CA_1_evaluation,HOUSEHOLD_1_050,HOUSEHOLD_1,HOUSEHOLD,CA_1,CA,3,5,2,4,1,1,1,3,6,4,2,2,4,2,4,2,4,5,2,1,2,3,5,2,3,1,0,2,2,3,2,1,1,5,4,0,1,2,3,2,5,1,0,5,3,0,5,0,5,5,4,2,4,3,3,2,0,0,0,0,0,0,0,0,3,2,1,0,0,0,0,0,0,0,2,8,2,6,0,0,0,0,0,0,0,7,2,4,1,5,2,5,3,3,2,2,2,0,3,3,2,2,0,0,0,0,0,0,0,3,2,0,4,6,3,0,5,2,4,7,0,0,0,0,0,0,0,1,6,3,4,1,4,3,9,3,1,3,2,4,5,7,0,6,2,3,2,2,7,3,3,2,2,3,4,5,1,2,1,4,0,4,7,6,2,1,4,1,5,3,4,4,0,0,0,0,0,0,0,2,1,1,5,1,1,4,3,1,2,5,3,3,2,4,1,4,0,5,4,3,1,2,1,8,3,2,5,1,0,5,3,3,3,3,5,0,8,3,2,0,6,4,2,4,6,0,0,0,0,0,0,0,2,3,1,0,4,5,1,7,3,2,1,0,1,7,5,1,0,4,2,4,7,12,5,3,4,1,4,4,6,2,4,2,3,1,2,4,7,1,0,0,0,4,4,4,6,3,2,2,12,5,3,4,2,1,7,4,7,2,1,1,4,3,4,5,0,3,4,3,2,5,6,4,1,0,2,3,4,3,4,3,0,1,3,2,4,4,3,5,6,3,6,0,2,2,1,3,0,6,3,8,5,3,1,2,3,2,4,6,0,2,5,7,7,3,0,5,6,4,1,1,2,3,4,2,3,6,7,6,1,4,4,4,3,3,6,4,1,0,1,2,2,2,3,3,2,2,1,5,3,3,1,0,5,3,9,4,2,2,0,5,3,3,3,5,4,0,2,3,4,3,2,2,3,7,2,6,2,3,1,0,3,3,10,7,1,3,1,9,1,7,3,0,2,2,3,1,2,4,1,1,4,1,3,8,2,2,3,3,1,7,5,4,1,3,1,6,2,4,0,7,4,2,2,3,6,2,5,0,3,6,3,2,0,1,4,2,2,6,4,3,3,1,5,2,7,5,10,3,1,2,1,2,1,1,1,2,1,3,3,4,2,4,2,6,2,8,4,3,7,3,3,1,4,1,3,3,2,3,1,3,4,4,4,2,2,1,2,2,1,1,5,4,5,2,2,4,6,0,4,1,3,5,3,2,0,0,0,3,4,3,0,4,0,4,3,3,5,2,0,1,1,4,2,3,4,1,4,4,3,1,5,2,3,0,3,5,7,3,2,3,2,2,2,3,2,2,2,4,0,7,1,2,2,1,3,5,5,2,1,2,1,3,2,6,2,2,5,0,1,2,2,3,2,0,3,3,2,3,3,3,3,3,0,2,0,0,2,3,4,0,1,5,2,3,3,2,0,1,2,0,5,1,2,4,0,4,0,2,1,4,1,6,3,4,0,1,2,2,2,4,4,6,3,2,2,4,3,3,2,3,2,2,1,6,3,2,2,3,2,0,3,2,1,4,0,5,4,1,4,1,7,1,3,2,3,1,1,0,1,1,3,6,3,1,2,2,2,1,0,1,2,1,1,0,0,1,0,1,1,4,0,1,4,3,2,2,0,1,1,5,6,1,0,3,3,0,0,1
HOUSEHOLD_1_051_CA_1_evaluation,HOUSEHOLD_1_051,HOUSEHOLD_1,HOUSEHOLD,CA_1,CA,4,3,5,5,8,3,3,2,9,5,1,4,3,3,4,3,1,3,4,1,8,3,5,3,5,2,6,4,4,7,6,10,2,3,3,6,7,3,4,1,4,4,1,7,4,4,1,6,5,3,0,0,0,0,0,0,0,10,3,4,3,3,3,3,6,1,4,6,5,4,8,11,4,4,2,4,4,3,3,3,6,5,2,2,1,10,1,6,3,3,5,3,6,7,3,3,4,1,5,4,1,0,0,0,0,0,0,0,0,0,0,0,0,0,0,0,0,0,0,0,0,0,0,0,0,0,0,0,0,0,0,0,0,0,0,0,0,0,0,0,0,0,3,3,5,4,2,5,8,1,12,3,4,1,7,5,4,2,4,1,3,9,5,7,3,3,3,2,9,3,8,3,2,3,1,4,8,5,4,3,2,4,4,3,7,5,8,4,1,5,6,2,4,4,4,3,6,13,4,8,4,1,7,3,13,2,3,6,4,6,5,3,3,6,1,0,5,9,7,5,5,4,2,12,10,9,2,6,1,0,6,3,8,1,1,3,5,4,1,6,8,2,7,5,8,7,9,6,1,4,1,5,3,5,4,0,6,1,3,8,3,5,6,1,3,6,2,7,1,3,3,0,7,4,4,5,2,2,2,9,2,5,3,3,3,2,5,3,5,4,2,4,2,2,2,2,2,0,1,4,4,3,6,0,1,2,1,3,1,4,1,3,2,4,5,3,4,4,0,4,3,3,2,2,4,7,3,2,3,3,4,2,3,1,2,2,3,3,3,2,2,1,3,2,3,4,3,5,2,2,4,3,2,3,3,0,6,3,4,3,6,1,1,5,3,5,1,2,6,1,3,2,7,1,3,3,4,7,4,10,4,6,5,4,6,7,6,5,1,2,5,1,2,2,2,3,0,1,1,2,8,1,5,1,5,6,4,4,4,1,2,3,1,1,7,3,4,4,4,2,4,4,2,2,3,5,5,0,4,6,3,6,3,6,2,4,3,5,4,3,2,2,6,3,3,0,1,1,3,4,2,5,7,0,3,5,4,3,2,2,4,1,7,2,2,6,3,3,2,3,5,3,2,4,2,2,5,4,3,2,2,2,2,3,2,2,1,1,0,2,3,3,1,0,0,8,5,4,2,3,2,3,2,2,3,7,1,0,2,4,3,5,6,2,3,2,4,0,2,3,3,2,1,4,5,9,7,2,1,1,4,5,4,2,4,4,2,3,1,4,4,1,2,0,1,3,4,5,1,3,3,1,1,2,1,1,1,5,3,1,8,5,2,1,2,2,2,3,6,3,0,3,1,1,5,3,2,2,0,1,0,3,3,4,1,3,1,3,6,4,3,1,3,1,3,5,4,1,4,2,2,8,7,4,3,1,3,2,1,3,2,1,2,2,1,2,4,2,1,2,2,2,1,8,3,2,2,3,0,0,2,1,4,4,4,4,5,6,8,3,1,2,2,8,2,3,4,5,1,5,2,7,7,2,0,0,6,0,4,4,7,3,0,3,4,2,2,5,2,1,6,1,3,6,1,7,1,4,6,3,6,4,3,8,1,4,5,7,3,1,2,5,0,3,5,2,3,1,3,2,4,5,2,4,3,3,2,2,9,5,2,3,4,2,7,5,2,2,4,1,0,7,10,2,1,7,5,2,3,9
HOUSEHOLD_1_053_CA_1_evaluation,HOUSEHOLD_1_053,HOUSEHOLD_1,HOUSEHOLD,CA_1,CA,0,0,0,0,0,0,0,0,0,0,0,0,0,0,0,0,0,0,0,0,0,0,0,0,0,0,0,0,0,0,0,0,0,0,0,0,0,0,0,0,0,0,0,0,0,0,0,0,0,0,0,0,0,0,0,0,0,0,0,0,0,0,0,0,0,0,0,0,0,0,0,0,0,0,0,0,0,0,0,0,0,0,0,0,0,0,0,0,0,1,2,3,5,3,0,0,1,1,1,4,3,1,5,0,2,2,6,0,0,2,1,0,1,7,3,2,1,1,0,5,3,1,0,3,0,1,3,3,2,2,1,1,2,4,7,1,0,0,0,2,1,5,3,0,0,1,1,2,2,1,2,1,0,0,1,3,1,0,4,0,3,1,3,2,1,1,3,0,2,2,1,3,0,0,1,5,1,1,0,2,3,0,1,4,1,5,1,1,3,1,1,1,2,1,1,3,1,3,4,3,0,0,2,0,5,0,3,2,0,1,2,0,2,4,0,0,2,5,5,1,0,2,1,1,4,2,2,1,0,2,2,3,1,2,0,1,0,0,2,4,6,0,1,1,1,7,3,0,2,2,0,1,3,1,4,2,2,1,1,0,1,2,2,1,0,3,4,2,2,3,3,1,1,2,3,3,0,2,4,4,2,6,3,4,3,0,2,6,5,3,2,3,0,4,5,9,2,2,4,0,4,4,10,4,4,2,8,3,1,6,1,1,6,1,4,4,5,1,2,1,2,5,7,6,2,4,3,1,4,1,5,2,2,4,1,3,5,4,2,3,1,2,1,1,6,6,1,1,3,3,1,2,0,3,7,1,8,2,5,7,4,3,3,4,1,5,4,5,1,0,3,4,5,4,4,2,2,0,4,2,2,3,2,4,1,1,3,6,2,5,3,2,4,2,2,0,1,2,0,5,5,3,2,1,1,4,1,3,4,4,4,0,2,4,4,4,3,1,1,3,2,8,1,4,2,2,2,1,3,4,1,1,0,3,1,10,4,2,0,5,2,3,4,4,3,1,2,4,5,4,2,3,0,4,2,4,9,0,2,1,2,5,3,4,4,4,1,2,3,6,1,4,4,0,3,8,3,2,2,3,1,0,1,3,3,5,2,3,0,3,2,3,6,3,4,2,2,6,3,4,0,1,2,1,4,9,6,1,2,3,3,2,10,5,2,1,1,0,2,6,3,2,2,1,2,1,7,1,4,0,4,5,7,4,1,3,1,2,6,2,8,0,4,1,0,3,1,7,5,3,2,0,4,5,4,2,2,0,3,4,6,5,4,3,2,2,2,3,4,7,1,1,4,0,4,4,1,4,1,3,0,4,4,4,4,1,2,4,3,5,1,4,2,2,2,2,3,4,2,0,5,3,3,4,1,0,2,2,2,3,10,7,2,0,1,1,7,2,2,2,0,0,5,4,2,6,3,3,3,3,0,5,5,2,2,4,2,5,4,2,0,3,2,5,2,7,0,1,1,4,1,6,2,3,2,1,1,3,4,6,3,1,2,3,8,7,7,4,1,3,5,5,6,4,7,5,2,1,6,6,7,3,2,3,2,1,5,9,4,3,3,5,3,6,3,8,4,2,2,2,2,4,3,3,0,2,6,4,5,3,4,1,2,4,7,0,0,2,1,2,4,2,3,4,4,3,1,0,7,5
HOUSEHOLD_1_055_CA_1_evaluation,HOUSEHOLD_1_055,HOUSEHOLD_1,HOUSEHOLD,CA_1,CA,4,2,4,3,3,1,1,4,2,1,1,2,0,0,0,1,2,0,0,2,1,1,1,0,1,3,3,0,2,6,2,4,2,1,4,6,1,2,5,4,1,0,2,5,3,3,1,2,1,4,2,2,2,1,4,1,0,1,3,3,1,1,0,2,2,1,2,1,0,4,0,3,4,2,2,4,0,3,2,2,0,1,3,2,3,5,1,1,2,2,4,6,3,4,1,0,2,1,4,3,1,1,1,3,3,7,0,2,0,0,1,1,2,3,5,1,2,0,2,4,2,5,2,4,0,2,5,1,2,2,3,0,4,0,2,5,2,0,1,0,3,2,0,2,2,2,0,5,5,2,2,2,1,0,2,5,2,2,3,1,3,4,2,3,4,3,1,1,2,5,3,1,3,2,1,1,3,2,2,3,1,2,1,6,7,7,2,1,2,3,4,0,5,1,1,1,4,1,1,0,3,0,0,4,4,2,1,0,2,2,2,5,2,0,0,0,3,1,3,1,3,0,3,1,4,0,0,0,0,0,0,0,2,3,2,2,2,1,3,3,0,1,1,1,1,3,3,0,1,1,1,0,6,1,2,4,3,1,4,3,2,1,1,0,3,2,0,5,3,1,3,0,2,0,2,2,4,3,0,1,2,1,1,2,3,1,0,1,5,1,0,2,1,3,3,2,3,0,1,1,0,2,3,2,1,1,0,0,2,3,3,3,2,2,1,3,1,1,3,0,2,3,3,1,1,0,0,3,3,2,2,5,3,4,0,2,6,3,2,2,2,1,3,4,2,2,3,1,2,0,7,2,2,1,1,0,2,2,5,1,0,2,1,1,2,3,3,2,3,3,5,3,3,5,7,3,1,5,7,3,4,2,4,0,4,0,1,4,2,3,0,1,1,2,1,3,4,2,1,4,1,2,1,2,1,4,2,0,0,0,2,1,1,0,0,0,0,0,0,0,0,3,1,5,0,0,3,1,0,0,0,5,2,2,2,2,0,0,0,0,0,0,0,0,0,0,0,0,0,0,0,0,0,1,1,4,1,3,1,0,0,1,0,0,0,0,0,0,0,0,0,0,0,0,0,2,3,0,0,1,2,2,1,2,3,2,1,0,1,0,2,3,0,2,1,1,3,4,0,0,0,2,1,0,5,4,3,1,1,3,3,5,0,1,1,2,0,1,3,2,1,0,1,1,1,3,3,5,2,3,2,3,2,5,2,3,0,3,1,4,5,3,1,5,1,3,3,3,5,4,2,3,0,5,5,2,0,2,4,3,3,5,5,0,1,2,2,4,5,0,4,1,0,2,1,0,0,4,0,0,0,2,2,3,3,4,1,4,3,1,1,0,1,1,4,0,0,2,1,1,1,1,5,3,1,5,3,1,1,4,5,2,2,4,1,0,4,3,1,0,0,3,1,4,5,2,3,1,0,0,5,4,3,1,1,3,2,2,0,1,0,1,0,1,2,5,1,3,3,1,0,3,5,3,1,2,3,1,6,1,0,4,3,4,1,3,2,2,3,2,2,7,1,2,1,0,1,3,1,3,3,4,2,3,0,3,3,0,0,1,0,3,1,1,1,2,1,5,3,0,4,1,0,1,0,1,4,4,1,2,2,1,1,0,3,1,3,2,3,1,1,1,0,1,2,2,1,1,4,1
HOUSEHOLD_1_058_CA_1_evaluation,HOUSEHOLD_1_058,HOUSEHOLD_1,HOUSEHOLD,CA_1,CA,0,1,0,4,2,0,1,1,2,1,0,0,2,3,0,1,4,5,0,0,1,3,3,2,2,2,1,0,0,3,3,0,0,0,2,0,0,2,1,0,2,0,1,1,0,0,0,5,0,3,1,2,1,0,0,0,1,0,2,2,0,1,0,1,1,2,2,0,0,0,3,5,3,0,1,0,2,3,2,1,4,0,0,1,2,5,1,2,0,3,2,1,1,1,1,0,1,0,3,3,2,1,0,2,5,3,3,0,1,0,2,1,1,2,4,0,1,1,3,2,1,4,1,0,3,2,4,6,2,1,0,2,1,2,0,1,1,0,1,1,2,1,3,5,1,1,0,2,2,1,2,0,0,0,2,5,2,1,1,1,1,4,2,0,1,0,0,0,5,0,0,1,2,0,0,1,0,2,0,0,1,2,2,0,0,3,1,1,0,0,0,0,0,0,0,0,0,2,4,1,2,0,2,3,3,0,0,0,0,0,0,1,0,2,1,0,1,0,0,1,0,1,0,0,1,1,2,0,0,1,0,2,1,0,0,1,3,1,0,1,2,1,2,1,0,1,3,0,1,3,1,0,1,0,0,1,0,1,0,4,2,2,1,1,0,0,0,0,0,0,0,1,0,2,0,1,1,1,0,1,1,3,1,2,1,1,1,1,0,0,0,0,0,1,2,1,2,1,1,1,0,0,4,1,1,2,0,2,1,2,0,0,0,0,1,1,0,1,0,1,0,0,1,0,0,0,0,2,2,1,0,2,0,0,0,1,1,1,1,1,2,2,0,2,0,1,0,1,0,2,1,0,1,1,0,0,0,0,1,2,0,0,0,1,3,1,0,1,1,1,3,0,4,1,0,2,0,1,1,0,0,1,1,0,0,3,0,0,1,1,0,1,1,0,1,1,0,0,1,3,1,2,0,0,0,3,0,3,0,0,0,1,0,0,2,0,1,0,2,0,2,0,0,2,2,1,1,4,1,0,1,0,0,0,1,1,2,2,0,1,0,2,1,1,0,1,0,0,1,0,0,0,1,0,0,1,2,0,1,0,0,0,0,3,0,2,0,2,0,0,3,1,1,3,0,0,1,0,1,0,3,0,2,2,2,1,0,2,1,2,2,1,1,0,3,1,4,0,1,0,0,2,0,0,1,0,1,0,0,2,4,1,1,2,1,2,1,1,0,0,2,1,0,0,3,3,1,0,0,0,0,0,1,1,0,0,0,0,1,2,3,0,0,1,1,0,1,4,0,2,0,0,0,1,2,2,1,0,1,1,0,2,0,0,2,0,2,3,1,0,0,3,1,0,2,1,1,0,1,2,0,0,2,0,0,0,0,1,1,1,2,1,0,0,0,0,1,1,1,0,0,1,0,0,0,0,0,0,0,0,0,0,0,0,0,0,0,0,0,0,0,0,0,0,0,0,0,0,0,0,0,0,0,0,0,0,0,0,0,0,0,0,0,0,0,0,0,0,0,0,0,0,0,0,0,0,0,0,0,0,0,0,0,0,0,0,0,0,0,0,0,0,0,0,0,0,0,0,0,0,0,0,0,0,0,0,0,0,0,0,0,0,0,0,0,0,0,0,0,0,0,0,0,0,1,0,0,0,1,0,3,1,0,0,0,0,0,1,0,0,2,0,0,1,0,1,0,0,2,1
HOUSEHOLD_1_065_CA_1_evaluation,HOUSEHOLD_1_065,HOUSEHOLD_1,HOUSEHOLD,CA_1,CA,2,2,0,1,4,2,5,2,6,1,3,1,0,0,1,4,2,3,0,2,3,5,2,1,1,1,1,1,9,4,2,0,5,0,0,1,1,4,0,3,1,0,0,2,3,3,2,2,0,0,1,0,3,3,0,1,0,5,0,3,2,1,1,6,4,2,2,3,2,4,6,4,1,6,4,2,1,3,0,3,1,5,5,3,4,8,4,5,1,9,8,9,10,3,4,2,4,1,13,2,9,6,6,4,6,4,4,3,0,1,4,3,9,6,2,10,15,2,7,13,10,4,3,7,1,0,0,0,0,0,2,7,2,8,6,6,4,3,6,10,5,10,10,7,4,4,11,6,5,5,6,11,7,4,5,10,5,6,6,8,2,4,2,4,1,4,3,9,8,1,2,0,2,3,7,3,1,1,1,0,0,1,0,5,11,1,0,0,0,0,9,7,0,4,4,2,6,0,0,0,1,1,2,0,3,1,3,0,3,0,1,0,0,1,1,0,0,0,0,1,0,1,0,0,0,0,1,1,0,0,0,0,0,0,0,0,0,0,1,0,1,0,0,0,0,0,0,0,0,0,0,0,0,1,0,0,0,0,0,1,0,0,0,0,0,0,2,0,1,0,1,0,0,0,0,0,0,0,1,0,1,0,0,0,0,0,0,1,1,0,0,2,0,0,1,3,1,3,1,0,2,2,0,1,1,2,7,2,0,0,0,0,2,0,4,3,2,1,2,0,5,1,1,0,0,1,1,3,0,0,0,0,1,5,1,0,1,1,2,0,6,3,3,2,2,0,2,0,0,1,2,2,1,1,1,0,0,0,3,0,0,1,0,0,0,1,5,0,1,1,1,0,3,0,1,2,0,1,1,0,3,4,4,1,0,0,0,1,0,3,2,1,2,1,2,0,0,3,2,3,2,1,2,1,2,0,1,2,3,0,0,2,2,3,1,1,2,5,1,3,1,3,3,2,3,3,1,0,1,2,1,2,2,2,3,2,1,5,3,4,1,1,1,4,1,1,0,2,3,0,0,0,0,0,0,0,0,0,0,0,0,0,0,0,0,0,0,0,0,0,0,0,0,0,0,0,0,0,0,0,0,0,0,3,4,6,4,1,4,3,0,0,4,0,0,7,0,0,7,2,3,3,0,5,7,11,1,0,6,6,1,9,0,0,1,0,0,0,1,0,0,7,2,8,8,1,0,0,0,0,0,5,3,4,3,9,3,7,1,4,3,4,1,1,2,3,2,2,3,4,0,0,0,2,0,1,0,0,2,0,0,0,0,0,2,1,0,0,1,0,1,0,1,0,2,1,1,1,0,1,0,1,0,1,0,0,0,0,1,0,0,0,1,0,1,0,1,0,2,0,0,0,0,1,0,1,0,0,0,0,0,0,0,0,1,0,1,0,0,0,0,0,2,0,0,1,0,0,1,0,0,0,1,0,0,0,0,1,0,0,0,0,2,0,1,0,3,1,0,0,0,1,0,0,0,1,0,0,0,0,0,0,0,1,0,2,0,2,0,1,0,0,0,0,0,0,0,1,1,0,2,2,1,2,1,0,1,0,4,0,1,0,0,0,0,3,2,0,0,0,1,1,1,0,3,0,0,1,1,4,0,1,0,0,2,0,4,2,3,1,2,1,2,3,0,0,0,0,0,0
HOUSEHOLD_1_066_CA_1_evaluation,HOUSEHOLD_1_066,HOUSEHOLD_1,HOUSEHOLD,CA_1,CA,6,2,8,3,5,3,2,7,8,9,5,3,9,5,8,8,4,4,5,5,4,2,4,7,4,5,2,10,7,6,7,2,4,1,4,7,10,10,6,7,4,6,5,10,6,8,7,4,3,5,8,3,3,1,7,6,6,8,7,5,6,6,3,3,14,11,4,5,3,10,5,8,5,12,2,1,0,0,0,0,0,0,0,0,0,0,0,0,0,0,0,0,0,0,0,0,0,0,0,0,0,0,0,0,0,0,0,0,0,0,0,0,0,0,0,0,0,0,0,0,0,0,0,0,0,0,0,0,0,0,0,0,0,0,0,0,0,0,0,0,0,0,0,0,0,0,0,0,0,0,0,0,0,0,0,0,0,0,0,0,0,0,0,0,7,12,9,9,10,4,4,7,8,2,10,8,9,9,0,6,5,4,11,9,0,5,10,0,11,12,8,9,9,11,6,11,6,11,5,7,4,3,4,9,8,7,4,11,5,8,7,8,8,6,7,0,9,12,10,9,6,3,6,12,7,9,11,8,9,5,7,14,9,7,9,1,2,5,16,7,20,5,4,4,9,13,20,12,10,7,4,8,10,9,8,11,5,12,11,13,19,12,8,10,6,4,9,7,11,10,10,12,5,12,14,7,5,6,13,10,11,12,10,11,10,9,9,13,16,9,7,7,1,5,8,20,8,10,9,10,13,16,16,7,7,5,10,13,7,17,4,4,9,2,4,12,19,14,9,16,8,9,22,12,9,19,10,7,10,11,23,12,6,4,20,18,20,16,7,5,5,9,5,5,8,10,0,7,10,9,10,12,11,4,2,4,10,4,11,8,4,3,4,8,4,13,6,9,5,8,4,6,11,9,9,8,8,6,9,8,7,7,9,5,1,7,28,9,10,6,9,10,14,9,13,3,14,12,12,19,13,5,2,4,4,14,1,10,12,3,6,1,14,16,13,13,8,3,3,10,7,10,8,5,5,7,6,13,19,6,3,10,4,18,15,9,11,6,1,2,5,6,13,5,6,8,10,5,14,16,15,7,2,11,3,8,17,6,8,5,4,8,8,11,7,7,7,7,10,9,13,13,0,2,8,8,11,15,11,7,6,9,10,10,11,5,6,4,9,14,11,14,11,11,4,10,9,15,14,6,7,5,7,6,17,12,6,13,14,12,5,9,21,7,9,12,6,5,13,18,10,7,6,3,6,6,17,4,23,8,9,3,9,17,6,10,8,5,4,11,8,2,10,9,10,13,11,14,15,7,11,6,11,11,13,5,9,5,10,7,20,5,6,10,9,16,4,8,9,6,3,11,6,4,2,8,3,5,4,6,0,10,10,7,4,5,4,7,8,8,8,7,5,11,4,9,13,7,6,5,8,4,4,11,9,5,3,11,2,9,9,10,9,4,3,2,10,4,13,3,1,12,7,5,7,5,6,6,7,8,8,7,12,7,5,12,8,6,11,7,4,2,9,2,11,11,7,7,5,5,3,11,9,9,3,2,2,12,2,8,13,7,3,6,7,10,13,7,4,5,3,5,7,8,5,7,4,6,9,10,9,6,6,7,1,7,13,13,9,6,5,2,3,11,9,6,0,5,5,8,2,13,7,8,7,4,6,7,9,11,6,5,6,3,12,9,12,4,0,1,5,8,6,9,5,3,12,3,8,11
HOUSEHOLD_1_068_CA_1_evaluation,HOUSEHOLD_1_068,HOUSEHOLD_1,HOUSEHOLD,CA_1,CA,5,2,3,2,1,0,4,1,4,5,3,0,2,0,2,3,3,3,2,2,1,0,1,3,1,1,1,1,4,2,0,6,0,3,0,2,2,6,5,1,1,0,1,4,0,0,1,2,2,5,0,0,3,1,1,1,2,3,0,2,0,1,2,0,5,1,0,0,0,0,0,0,0,0,0,0,0,0,0,0,0,0,0,0,0,0,0,0,0,0,0,0,0,0,0,0,0,0,0,0,0,0,0,0,0,0,0,0,0,0,0,0,0,0,0,0,0,0,0,0,0,0,0,0,0,0,0,0,0,0,0,0,0,0,0,0,0,0,0,0,0,0,0,0,0,0,0,0,0,0,0,0,0,0,0,0,0,0,0,0,0,0,0,0,0,0,0,1,2,3,4,2,3,2,3,2,4,1,0,2,1,2,1,0,4,0,2,0,3,1,0,1,3,3,5,2,5,3,3,3,0,0,1,2,5,0,3,0,4,3,3,3,4,1,0,0,0,1,2,2,1,1,3,4,2,3,2,1,3,4,3,3,5,2,0,0,0,1,2,2,6,4,3,4,1,2,6,0,1,2,1,1,2,4,3,0,1,3,2,3,3,2,3,3,2,0,3,3,2,1,2,0,1,1,3,2,3,2,0,2,3,2,2,1,0,2,3,0,2,2,5,1,1,0,3,0,2,2,2,0,1,3,1,2,0,3,0,5,0,0,0,2,5,1,0,0,2,1,0,0,1,2,6,0,2,3,3,0,0,3,4,1,1,0,0,1,5,0,1,0,1,6,2,1,2,3,1,0,2,5,4,2,2,3,2,2,0,3,3,2,0,2,0,1,1,1,5,1,1,1,2,1,2,6,5,2,0,3,1,3,2,0,3,1,1,2,3,0,2,2,1,1,4,2,2,3,1,2,3,2,2,2,3,0,1,1,0,3,5,4,1,0,3,2,4,1,0,2,1,3,3,1,2,3,0,5,2,1,1,3,2,2,0,0,2,1,4,5,0,1,3,3,3,1,2,0,0,2,3,1,2,5,1,0,4,2,0,0,1,2,0,2,4,4,2,1,2,3,0,8,0,6,0,1,2,0,3,6,0,0,0,0,0,3,2,2,1,0,0,0,8,2,0,0,2,1,3,1,1,1,2,2,1,2,0,5,2,1,2,0,2,6,4,0,4,0,1,6,2,4,0,1,0,1,2,1,9,3,1,1,2,2,6,2,0,1,3,4,2,1,3,1,5,6,0,4,4,5,1,2,2,0,0,2,3,2,1,2,2,1,2,1,1,1,0,1,2,1,1,1,2,1,1,1,1,4,3,0,1,2,0,2,3,4,4,1,1,3,2,2,0,1,0,0,7,3,8,0,1,1,5,5,5,1,1,1,1,1,7,2,3,0,2,2,1,0,4,2,0,4,2,6,0,3,2,1,4,1,2,1,0,0,1,1,5,0,2,6,2,4,0,2,3,4,1,1,1,2,1,1,2,1,2,1,1,0,3,3,6,0,3,3,1,0,1,4,4,1,1,0,1,2,2,1,2,1,3,4,1,3,5,1,0,3,2,1,2,0,6,4,1,0,4,1,1,0,2,0,0,3,5,0,0,4,3,0,2,0,1,3,4,3,3,1,3,2,0,2,1,1,4,1,7,2,2,4,1,5,0,3
HOUSEHOLD_1_071_CA_1_evaluation,HOUSEHOLD_1_071,HOUSEHOLD_1,HOUSEHOLD,CA_1,CA,1,2,0,3,2,3,1,1,5,2,3,1,7,0,1,4,4,5,2,3,6,4,4,3,3,2,1,3,1,1,0,4,3,4,3,3,5,1,1,0,5,3,4,3,1,4,3,3,2,4,3,4,1,4,4,2,5,7,2,3,2,2,3,3,1,6,2,2,5,3,4,6,5,2,5,4,2,5,1,5,0,4,2,4,5,3,0,6,2,1,3,6,5,3,1,1,0,7,5,5,0,5,6,3,1,3,4,3,2,3,3,3,4,2,8,3,3,0,2,2,3,2,6,1,2,2,3,2,2,3,3,5,0,7,8,1,2,3,2,4,5,6,2,2,4,2,4,4,4,4,2,3,2,0,6,2,4,2,3,3,5,6,4,4,4,1,2,4,4,4,4,3,0,2,2,3,4,2,0,2,5,3,5,3,6,3,4,1,1,6,5,5,3,2,4,2,5,4,3,4,1,0,3,3,8,4,0,3,0,4,5,6,1,3,3,0,1,3,2,3,2,0,1,4,5,6,2,4,3,3,2,1,2,6,1,4,2,2,2,7,3,1,1,1,3,2,3,3,3,0,0,6,4,6,5,1,3,5,3,5,3,0,4,1,4,3,3,3,2,3,0,0,0,2,2,2,0,2,4,1,2,1,2,1,0,0,0,1,10,4,1,2,3,3,5,0,1,1,2,4,3,6,3,3,3,3,1,6,3,4,1,2,1,4,1,2,5,2,4,1,1,6,4,2,0,1,1,1,1,3,8,2,1,0,1,6,2,0,4,3,2,4,5,0,0,0,4,2,4,2,5,3,2,4,1,1,4,3,7,3,0,1,2,2,1,7,4,3,3,5,4,4,7,4,2,3,1,2,7,5,7,2,0,5,0,5,5,6,1,2,2,4,5,4,3,3,3,4,0,2,0,4,2,2,0,6,2,6,2,1,6,4,4,10,4,5,3,3,3,2,4,4,5,2,3,4,7,3,4,3,2,1,5,5,4,7,4,6,3,3,10,5,4,3,6,3,3,7,4,4,4,3,1,4,5,2,7,2,5,1,1,3,6,5,5,4,2,6,5,2,6,5,3,5,8,3,3,2,6,4,2,0,5,8,5,8,1,2,5,4,6,5,2,3,4,1,6,5,5,7,1,3,4,4,5,6,10,5,2,0,7,4,5,4,4,4,4,4,5,7,3,3,2,1,3,6,3,4,4,2,4,8,1,7,6,2,4,0,0,6,6,5,6,5,3,2,6,4,7,3,4,2,2,7,2,2,4,1,2,1,3,4,3,2,0,1,2,4,6,2,5,4,3,3,4,2,7,2,1,3,0,6,3,3,1,3,0,5,1,5,5,5,2,6,2,10,4,4,1,4,2,5,7,4,4,3,1,4,5,9,3,8,1,5,5,6,7,6,4,2,2,6,3,10,5,5,2,4,4,6,6,5,10,5,6,5,4,7,7,3,4,2,2,3,4,7,3,5,1,4,4,6,6,9,6,2,2,3,5,6,5,1,3,1,5,3,9,2,0,3,2,8,3,2,3,4,2,5,7,12,8,7,5,5,2,3,6,5,7,4,4,4,3,5,5,4,0,0,3,1,3,5,4,1,2,3,3,6,1,3,4,2,2,0,3,0,3,2,1,3,4,0,4,3,7,4,1,3,4,3
HOUSEHOLD_1_072_CA_1_evaluation,HOUSEHOLD_1_072,HOUSEHOLD_1,HOUSEHOLD,CA_1,CA,3,2,4,3,0,2,2,3,5,2,5,1,0,7,6,4,1,3,3,3,1,5,2,4,3,1,3,2,3,7,6,0,3,1,0,4,4,3,3,1,1,1,0,4,4,5,2,0,2,6,4,2,0,2,1,3,2,2,1,3,2,3,1,3,3,2,0,0,0,5,2,6,2,1,4,0,3,4,4,2,2,0,3,0,4,6,4,2,3,0,4,6,4,3,0,3,0,2,3,4,5,1,1,3,1,2,7,3,1,4,1,3,4,7,1,3,2,4,3,4,4,4,0,4,3,4,3,6,2,2,4,3,6,3,5,3,1,2,1,4,5,6,5,3,1,3,3,4,6,0,5,1,3,5,6,3,6,3,0,0,4,7,3,3,3,1,2,2,1,4,1,3,1,5,5,3,5,1,3,2,2,3,2,2,3,0,5,2,4,2,6,5,1,5,0,4,6,2,1,1,1,0,4,3,9,3,2,3,6,0,6,5,0,1,3,0,2,3,4,0,2,7,7,2,4,2,5,2,2,4,4,8,2,5,3,2,1,2,7,0,4,1,2,5,5,3,5,1,4,1,3,5,3,3,2,3,1,3,5,6,6,2,3,2,1,3,1,7,3,4,3,1,7,5,5,2,1,2,2,5,3,6,4,3,3,2,3,4,3,5,3,1,1,3,2,5,2,4,3,0,2,2,3,2,5,3,1,1,3,6,1,2,1,4,3,3,4,2,3,1,4,4,2,3,2,1,1,3,3,4,5,2,2,0,3,1,2,3,1,2,0,1,1,1,5,3,4,2,3,1,2,2,3,2,3,0,2,5,4,3,0,1,2,0,3,3,4,3,1,4,0,2,4,4,2,4,0,2,2,4,1,2,0,2,2,4,3,2,0,2,2,4,2,2,3,2,1,2,3,3,5,0,4,2,4,2,1,3,4,2,2,1,1,3,5,1,0,5,1,1,3,2,0,1,1,1,2,4,1,3,1,1,1,4,1,7,5,1,1,0,2,0,7,2,3,3,2,2,3,2,1,1,3,0,1,3,5,1,2,3,5,2,8,1,0,0,2,2,3,2,7,2,2,2,0,2,2,3,3,2,0,1,0,2,2,4,2,2,2,0,1,2,4,4,1,1,0,1,4,1,2,1,3,1,4,0,5,7,1,0,1,3,7,1,1,3,1,2,0,4,3,1,0,1,3,2,3,1,2,1,1,3,4,3,2,0,0,0,0,6,3,4,0,2,2,2,1,2,2,1,0,0,4,2,1,3,1,3,2,2,2,0,2,2,3,0,1,6,3,2,2,0,1,0,6,2,1,1,0,1,0,6,3,1,2,0,3,3,3,3,0,3,2,1,1,6,2,1,3,3,0,2,1,3,2,0,4,2,5,2,2,1,0,0,1,0,1,3,0,1,2,2,1,2,3,3,1,1,1,1,0,2,3,1,0,2,3,2,4,2,0,2,1,0,3,5,0,0,0,1,1,2,2,3,1,1,1,0,3,2,0,1,0,1,2,0,3,2,0,1,0,1,3,4,3,2,1,0,4,2,2,0,1,0,0,1,3,0,2,2,1,1,0,3,2,2,0,1,0,1,3,1,2,2,2,1,0,6,5,2,0,1,3,1,5,4,0,0,1,1,2,3,3,0,1,2,1,0,1,2
HOUSEHOLD_1_079_CA_1_evaluation,HOUSEHOLD_1_079,HOUSEHOLD_1,HOUSEHOLD,CA_1,CA,1,3,3,0,1,0,0,3,4,2,0,1,1,0,3,2,0,1,0,0,2,2,6,1,4,1,0,0,2,5,0,1,0,2,0,1,0,1,1,0,1,1,3,3,2,1,1,2,2,1,4,0,2,1,0,2,3,1,2,1,1,0,2,3,2,1,3,2,2,3,0,2,2,2,2,1,0,0,5,1,0,0,2,2,2,4,2,0,0,1,1,1,2,1,0,1,3,1,2,1,0,2,2,0,0,0,1,0,3,2,1,2,1,3,2,1,1,2,3,1,1,2,2,3,0,1,3,2,3,0,3,1,3,0,3,1,4,1,2,1,2,3,1,1,4,1,1,1,4,1,3,2,1,3,2,2,0,0,3,1,6,2,2,0,1,0,0,1,0,0,1,2,2,1,2,1,4,0,3,1,0,1,3,2,2,0,3,1,1,3,4,2,1,2,2,2,4,3,1,3,2,0,4,3,0,1,2,1,4,0,3,5,1,1,1,0,1,2,1,1,2,2,0,2,2,2,2,0,0,1,2,3,2,3,0,0,2,1,3,1,1,2,2,0,1,1,2,0,1,1,2,3,4,0,0,0,3,3,2,3,4,0,0,3,2,0,1,6,2,2,2,0,0,5,2,3,1,0,0,4,3,3,2,3,1,1,0,1,2,2,0,3,0,1,2,3,1,2,0,0,2,4,6,1,3,1,4,1,2,1,4,1,1,3,2,4,2,0,3,2,0,3,2,3,4,0,1,1,2,3,3,1,2,3,0,1,3,0,2,0,5,0,2,1,7,4,1,3,0,2,3,1,2,2,1,3,1,3,2,3,1,1,1,1,0,1,3,2,2,3,1,3,2,2,0,3,1,3,2,7,2,0,1,3,4,4,3,4,3,0,3,1,1,4,2,4,3,1,2,2,4,0,2,0,0,0,3,4,1,2,1,4,2,4,0,5,1,2,0,1,0,3,2,0,1,2,1,4,1,0,4,5,0,2,3,3,2,2,2,1,3,3,5,2,1,2,2,4,3,3,5,1,3,0,7,0,2,2,1,1,0,1,4,1,4,3,1,1,2,1,3,3,3,1,5,5,3,4,1,2,6,2,1,0,3,3,0,1,2,1,2,1,3,2,2,1,1,0,2,4,1,0,0,2,1,4,3,2,1,2,1,0,3,3,4,1,2,0,3,4,2,3,1,2,2,3,2,2,1,1,2,2,4,4,4,2,2,1,1,2,3,1,2,1,2,1,4,4,1,4,3,2,2,2,1,3,3,4,2,2,5,1,0,0,0,4,0,3,1,0,3,2,2,3,2,5,5,0,1,1,0,2,5,1,4,0,2,2,1,1,3,1,0,1,2,6,2,2,3,2,0,1,5,3,2,3,2,2,3,4,4,0,2,2,1,2,3,2,1,1,2,1,4,4,4,2,0,6,2,1,5,1,2,1,1,3,4,5,6,0,4,3,2,3,3,3,3,3,5,3,3,4,3,1,2,0,0,0,3,1,3,4,1,1,2,6,3,1,2,2,0,0,1,3,4,2,3,2,4,6,4,0,0,4,3,1,4,5,2,2,1,1,2,2,2,1,1,1,2,2,0,3,1,2,1,3,3,2,3,1,1,2,1,0,3,1,2,0,4,4,1,2,3,1,1,1,2,3,1,2
HOUSEHOLD_1_082_CA_1_evaluation,HOUSEHOLD_1_082,HOUSEHOLD_1,HOUSEHOLD,CA_1,CA,11,1,1,1,0,0,0,4,2,4,1,3,0,0,2,0,2,2,2,0,2,2,4,3,4,5,2,1,4,2,2,2,1,7,4,1,2,7,2,1,1,2,0,3,1,1,2,9,0,1,1,4,1,3,2,1,1,2,10,1,0,0,4,3,2,1,3,4,0,4,3,4,2,1,3,2,4,2,3,1,2,2,3,3,2,4,0,1,2,3,5,1,5,1,1,2,0,3,4,2,4,2,10,0,0,0,4,2,0,2,1,3,3,4,0,2,3,2,2,1,3,1,1,2,4,0,3,4,1,3,0,5,6,1,0,2,1,2,0,3,2,6,2,0,0,0,1,3,0,4,2,2,2,2,1,2,5,3,0,1,2,2,1,4,0,1,0,1,1,2,3,2,1,1,2,1,1,3,1,2,3,2,2,3,4,2,1,2,0,1,3,1,0,1,1,2,0,2,1,3,0,1,1,0,0,1,0,2,2,2,2,4,5,2,0,0,0,1,2,1,0,2,2,2,1,1,4,2,3,2,0,2,3,1,0,0,1,0,5,2,1,0,0,2,2,0,1,1,1,5,1,2,3,0,3,2,3,1,1,3,2,1,2,3,2,2,2,2,3,1,4,3,2,0,2,1,3,3,0,2,1,4,2,1,1,0,5,1,3,0,3,0,3,1,3,3,1,2,3,5,2,1,5,2,2,1,2,0,6,3,3,2,1,1,1,0,1,3,1,2,0,1,0,2,2,2,1,0,2,2,1,2,2,2,1,2,1,2,1,2,1,0,1,1,3,4,2,3,1,2,0,1,1,1,1,0,3,2,1,3,2,1,2,2,0,3,1,1,4,0,3,4,4,2,2,0,2,0,3,2,2,0,1,1,3,2,4,1,1,1,3,2,5,1,0,2,1,0,2,0,1,0,2,2,3,2,0,3,0,1,2,2,3,5,2,2,4,3,4,2,3,2,2,4,1,0,3,5,1,3,4,0,4,1,1,3,6,2,2,0,3,2,1,3,3,3,4,3,3,2,0,0,2,2,0,2,1,2,2,4,1,3,2,0,1,6,4,1,2,3,1,2,5,2,2,2,4,1,1,3,2,2,8,3,4,1,1,3,3,2,3,2,3,1,1,0,3,2,4,2,2,6,1,3,1,3,4,3,2,2,2,1,2,0,0,0,0,0,0,0,0,0,0,0,0,1,4,1,3,0,0,0,0,0,0,0,0,0,0,0,0,0,0,0,0,0,0,0,0,0,0,0,0,0,0,0,0,0,0,0,0,0,0,0,0,0,0,0,0,0,0,0,0,0,0,0,0,0,0,0,0,0,0,0,0,0,0,0,0,0,0,0,0,0,0,0,0,0,0,0,1,3,8,4,3,0,2,3,0,4,0,0,0,2,4,2,1,0,0,0,0,1,0,1,0,3,3,1,0,0,0,0,0,0,1,1,0,3,2,1,3,1,0,0,0,0,3,3,2,1,0,0,0,0,1,1,1,1,0,0,3,2,0,0,0,0,0,0,0,3,1,1,1,2,4,0,0,1,2,3,0,0,0,0,0,0,0,1,1,0,0,0,1,1,0,1,2,2,5,1,0,4,2,2,2,0,4,4,1,0,2,1,2,2,2,1,1,0,1,0,3,2,1,3,0,0,0,0,0,0
HOUSEHOLD_1_083_CA_1_evaluation,HOUSEHOLD_1_083,HOUSEHOLD_1,HOUSEHOLD,CA_1,CA,2,4,16,4,3,3,0,7,7,1,7,3,1,5,2,11,3,5,1,5,9,6,7,6,11,4,6,3,10,4,5,5,7,4,0,2,1,3,12,5,0,1,6,9,3,5,5,4,10,3,5,2,6,4,4,4,3,3,5,1,0,3,0,0,6,2,3,0,11,6,6,7,9,5,0,8,6,2,8,6,7,6,4,4,7,8,8,9,2,6,3,7,7,3,3,1,4,6,6,6,2,2,10,7,6,3,6,3,10,1,12,3,1,6,5,2,1,3,1,8,5,9,3,2,3,6,0,4,2,1,1,2,10,10,3,1,5,3,6,1,7,4,5,4,2,6,5,12,8,2,4,3,10,6,15,1,7,1,2,7,3,8,3,7,7,8,2,2,6,8,2,7,7,1,10,7,9,5,3,2,5,4,2,6,7,1,5,3,7,1,1,3,3,1,8,3,5,11,6,2,4,7,1,1,9,1,5,2,2,3,7,1,8,3,8,0,0,4,0,4,2,2,2,6,7,2,3,1,2,3,1,1,2,0,3,1,2,4,7,2,2,1,1,1,3,8,5,5,1,2,3,8,22,4,4,1,1,0,11,3,10,2,3,5,5,0,1,3,2,9,8,3,1,2,3,3,3,2,8,0,6,13,3,3,4,3,8,4,3,5,2,2,4,3,6,10,2,3,2,4,17,6,2,2,6,6,4,2,7,7,7,5,3,1,10,9,3,13,4,11,2,6,4,12,6,4,1,3,8,5,9,3,5,3,4,4,2,7,1,5,6,5,2,2,5,0,3,1,6,5,4,4,6,6,6,6,3,5,2,2,6,4,4,5,6,5,7,1,1,2,7,4,8,4,3,5,10,6,13,8,6,8,3,1,4,5,10,4,4,5,3,4,8,2,8,10,4,3,7,6,7,2,1,0,0,0,0,0,5,1,4,0,0,0,0,0,0,10,3,0,0,1,0,0,5,1,5,0,0,0,0,0,0,0,0,0,0,0,0,0,0,0,0,0,0,0,0,0,0,0,0,0,0,0,0,0,0,0,0,0,0,0,0,0,0,0,0,0,0,0,0,0,0,0,0,0,0,6,2,3,0,1,0,0,6,5,1,0,1,11,0,8,4,0,2,7,3,0,0,0,0,0,0,3,4,5,0,0,6,3,3,0,0,0,0,4,3,0,1,3,1,0,0,0,0,0,0,0,0,0,0,0,0,0,0,4,3,4,0,0,0,0,0,0,0,0,8,5,3,2,2,4,1,0,0,0,3,2,8,1,4,4,0,4,3,2,0,0,5,1,2,3,1,5,2,4,4,1,0,0,0,0,0,0,0,0,0,0,1,0,0,0,0,0,0,0,0,0,0,0,0,0,0,0,0,0,0,0,0,0,0,0,0,0,0,0,0,0,0,0,0,0,0,0,0,0,0,0,0,0,0,0,0,0,0,0,0,0,0,0,0,0,0,0,0,0,0,0,0,0,0,0,0,0,0,0,0,0,0,0,0,0,0,0,10,2,0,0,0,0,0,0,0,0,0,0,0,0,0,0,0,0,0,0,0,0,0,0,0,0,0,0,0,0,0,0,0,5,1,7,0,3,2,6,8,3,0,5,7,4,2,0,0,6,5,3,4,1,4,3,7,2,4,0,0,0,4,7,2,3
HOUSEHOLD_1_086_CA_1_evaluation,HOUSEHOLD_1_086,HOUSEHOLD_1,HOUSEHOLD,CA_1,CA,0,0,0,0,0,0,0,0,0,0,0,0,0,0,0,3,1,0,1,3,2,1,0,1,1,2,0,3,1,4,0,0,1,1,4,2,1,2,2,2,3,2,5,2,2,2,0,0,2,3,0,0,0,0,0,0,0,2,2,1,2,0,2,2,1,3,7,0,2,3,10,5,2,2,1,2,1,4,5,3,0,4,7,6,8,0,0,0,0,0,0,0,4,2,7,1,3,1,4,3,8,3,11,5,6,10,7,2,6,2,7,3,5,4,6,2,7,2,3,5,0,0,0,0,0,0,0,1,0,0,6,1,1,2,3,1,0,1,2,0,2,2,1,3,1,2,1,2,0,0,3,2,2,0,2,0,2,1,0,0,2,1,0,1,1,0,2,0,1,4,1,0,0,6,6,7,5,1,4,0,0,0,0,0,0,0,0,0,0,3,0,0,0,0,0,0,0,0,0,0,0,0,0,0,0,0,0,0,0,0,0,0,0,0,0,0,0,0,6,4,4,1,3,4,7,0,0,0,0,0,0,0,3,1,1,2,1,4,4,4,2,3,0,4,8,2,5,3,2,2,2,7,4,0,0,0,0,0,0,0,6,7,2,5,3,1,4,5,4,2,4,1,1,4,4,4,1,1,6,6,10,0,0,0,0,0,0,0,4,3,3,2,1,1,4,1,3,3,5,2,1,1,1,2,5,0,0,2,2,2,0,2,1,2,4,3,2,1,1,1,1,2,4,7,2,4,4,3,2,7,1,0,2,1,2,0,2,0,3,1,3,0,5,4,5,5,4,2,1,0,0,0,4,1,2,1,1,4,3,1,5,1,3,0,3,1,2,4,2,0,2,4,0,0,0,0,0,0,0,0,0,0,0,0,0,0,0,0,0,0,0,0,0,0,0,0,0,0,1,1,0,1,1,1,1,2,0,0,0,0,0,3,1,2,6,2,4,3,1,2,1,2,0,0,0,4,0,2,2,3,0,3,4,6,2,9,9,0,0,4,0,3,4,2,4,2,2,2,3,3,1,2,1,5,2,0,4,3,0,1,0,0,1,6,3,1,4,5,1,1,5,3,5,1,2,2,3,2,1,2,1,0,2,1,2,1,1,1,1,4,1,0,1,1,0,1,3,3,1,6,0,1,1,1,3,3,2,2,2,2,2,3,9,2,2,1,3,6,8,11,2,0,1,3,4,5,2,10,5,2,4,2,4,6,2,1,1,1,3,8,6,3,1,4,4,3,5,7,2,4,1,3,1,4,4,10,3,2,6,3,11,7,2,0,5,1,4,1,1,2,2,3,0,2,2,2,0,4,4,1,0,5,4,4,5,2,2,6,3,5,3,0,2,1,6,1,2,6,2,1,2,3,1,3,1,0,2,0,1,5,4,0,2,2,2,5,10,2,0,1,0,0,0,2,1,2,3,0,2,1,0,2,1,4,3,0,3,0,1,3,1,1,2,0,0,0,0,0,0,0,0,0,0,0,0,0,0,0,0,4,5,2,1,1,1,2,3,1,0,1,0,1,2,0,2,2,1,3,1,1,2,2,1,1,0,2,1,2,1,1,0,5,1,0,0,1,6,1,0,2,3,1,1,0,0,0,1,2,0,2,1,1,1,1,1,2,1,1,0,1,2,3,2,2,1,2,1,2,3,3
HOUSEHOLD_1_087_CA_1_evaluation,HOUSEHOLD_1_087,HOUSEHOLD_1,HOUSEHOLD,CA_1,CA,5,1,2,1,3,0,0,0,2,2,1,2,2,1,0,4,3,2,2,3,0,4,6,0,1,1,0,3,0,3,2,0,2,0,2,3,1,1,1,0,0,1,0,1,0,1,2,4,1,2,3,0,2,0,0,2,1,3,0,3,0,0,1,5,2,3,1,1,1,1,1,5,0,0,0,2,2,1,4,2,0,2,0,0,1,6,1,2,0,1,1,3,4,1,2,2,2,0,1,1,2,4,1,2,2,2,0,1,1,2,0,1,1,3,2,1,1,0,1,2,3,2,1,0,1,2,0,2,3,0,3,0,1,1,3,3,2,1,1,0,1,1,0,0,2,1,1,3,0,1,0,2,3,3,0,3,1,0,0,0,0,2,2,3,4,2,2,7,1,2,0,2,2,0,1,1,1,1,1,0,1,0,2,0,3,1,0,0,0,4,2,4,3,0,2,0,1,2,3,0,3,0,0,3,1,0,2,1,0,1,1,1,3,0,0,0,1,1,4,1,0,1,2,3,1,5,2,3,0,2,1,3,1,0,0,0,2,5,1,1,2,1,0,0,0,2,1,1,0,1,1,0,0,1,2,1,1,4,1,0,3,0,3,5,2,0,0,0,0,0,2,1,1,1,2,1,0,1,0,0,0,3,2,2,0,0,2,1,2,1,1,2,0,1,2,1,0,2,1,1,0,5,0,0,1,1,0,0,2,1,5,0,0,0,2,1,1,1,0,0,1,0,0,4,0,0,1,0,0,4,1,2,1,0,1,0,1,4,1,1,1,2,3,2,2,0,0,3,1,1,2,0,0,0,0,0,2,3,1,0,0,1,2,1,0,2,4,0,0,1,3,2,3,2,1,2,3,2,1,5,0,1,2,1,4,1,1,4,5,0,4,1,1,3,1,1,2,2,3,0,2,4,6,1,0,1,3,1,1,1,3,2,1,3,0,1,3,0,2,1,2,0,0,2,0,0,1,2,1,0,1,1,1,1,1,8,0,0,0,0,0,3,0,0,2,0,1,3,2,3,1,1,2,0,0,4,1,3,1,0,0,1,1,0,0,0,1,1,0,2,1,2,2,1,0,1,1,1,0,4,0,2,0,4,2,2,2,0,0,1,0,2,4,0,2,1,0,4,3,1,0,0,0,1,2,2,2,0,0,1,0,2,2,3,1,0,1,0,4,2,1,0,1,0,0,2,2,2,3,1,0,0,1,1,3,1,2,2,0,0,2,6,1,1,4,0,2,6,2,2,4,1,1,1,0,1,2,0,1,0,2,2,1,0,0,2,0,2,0,4,0,0,3,1,2,5,0,2,0,1,0,2,2,3,3,0,0,1,1,2,2,0,1,4,0,1,2,3,3,1,0,2,3,1,6,2,1,1,0,2,2,1,1,2,1,0,1,3,0,0,0,0,1,3,1,4,1,1,0,0,1,1,4,0,2,1,1,1,0,1,2,0,3,0,1,3,1,0,0,0,1,1,2,1,2,2,1,0,2,1,0,1,2,0,0,2,1,1,1,1,1,1,0,1,0,1,1,0,0,2,1,1,0,0,1,0,1,3,4,1,0,1,0,5,1,1,2,1,1,0,2,0,0,0,0,0,1,0,2,2,2,2,0,2,2,1,1,2,0,0,0,4,2,0,0,1,0,1,0,4
HOUSEHOLD_1_090_CA_1_evaluation,HOUSEHOLD_1_090,HOUSEHOLD_1,HOUSEHOLD,CA_1,CA,4,1,0,1,1,2,3,3,3,0,2,1,1,0,2,4,3,4,3,3,2,3,2,0,1,3,1,2,6,3,1,5,3,0,2,4,4,1,1,0,0,3,2,4,1,2,0,3,3,3,0,0,0,0,0,0,0,5,0,0,4,0,4,2,3,0,1,3,2,2,3,3,2,2,2,2,2,6,1,3,0,4,2,1,5,3,1,6,0,2,4,3,2,0,1,4,2,6,1,3,0,2,1,1,3,4,2,5,3,3,0,1,2,2,1,4,3,4,2,4,5,1,1,0,1,1,4,1,3,3,2,1,2,5,3,0,0,3,3,1,5,3,3,0,0,0,0,7,3,1,0,0,0,6,3,0,2,1,1,1,1,4,2,4,1,3,0,1,4,0,6,0,1,2,0,3,1,3,2,1,2,0,4,4,3,0,2,2,0,5,3,0,4,1,1,0,4,6,3,1,0,1,1,3,4,1,2,0,1,5,3,3,3,1,1,0,3,1,4,0,2,3,2,0,3,2,2,3,3,2,1,1,4,1,1,5,2,4,1,1,5,1,3,1,2,2,7,1,0,5,0,1,0,3,0,5,5,2,3,3,3,1,0,5,2,0,5,0,2,5,3,0,2,5,4,5,1,1,1,1,5,8,1,2,1,3,1,1,4,2,3,0,1,3,2,4,1,2,1,0,2,3,5,3,1,4,1,0,4,5,1,0,5,4,4,6,4,2,2,2,2,7,2,1,0,2,0,1,3,5,3,1,1,0,0,4,8,3,3,3,5,5,2,5,2,5,0,3,4,3,4,4,3,2,2,0,0,4,5,2,4,1,2,2,5,5,3,3,0,0,4,1,1,4,1,1,3,2,6,5,2,3,5,2,0,2,3,2,0,3,3,4,4,1,6,1,3,2,2,5,7,2,1,6,4,4,2,7,4,1,1,1,0,1,3,3,3,4,2,2,4,6,4,1,0,1,1,3,4,6,3,4,1,3,0,8,2,2,3,1,1,4,3,4,3,3,2,2,3,6,3,0,0,4,2,4,7,2,2,1,0,0,5,11,1,4,3,2,3,4,5,4,1,4,3,3,4,7,0,2,0,0,3,0,9,2,1,6,2,3,3,7,3,1,1,0,3,7,10,2,2,3,3,2,1,3,2,3,0,4,2,3,4,4,3,1,2,1,3,4,1,1,2,5,2,0,4,5,3,4,1,1,8,7,3,0,2,5,1,4,3,3,2,0,0,2,3,7,4,2,4,1,0,3,3,2,1,3,2,3,6,4,1,0,1,1,3,4,5,1,3,2,2,3,7,4,3,0,0,3,0,3,0,1,1,1,2,1,3,4,2,2,4,3,3,2,2,4,1,1,1,1,8,4,1,1,0,1,3,4,1,4,2,4,1,2,7,5,2,0,2,1,0,8,5,5,2,1,4,2,2,4,1,1,0,2,1,0,4,1,0,0,3,1,1,1,6,0,0,0,0,6,0,2,1,1,0,1,4,1,0,0,0,1,1,5,3,0,2,0,1,2,0,2,2,1,2,0,1,2,4,2,1,3,1,0,3,4,2,0,1,0,0,0,2,1,0,1,3,1,1,4,0,1,0,2,2,2,2,0,1,0,0,0,3,0,0,0,3,1,0,4,3,0,0,0,1,0,1,2
HOUSEHOLD_1_093_CA_1_evaluation,HOUSEHOLD_1_093,HOUSEHOLD_1,HOUSEHOLD,CA_1,CA,2,0,0,0,2,2,0,3,3,3,2,2,1,4,1,5,1,0,0,1,2,2,2,0,0,1,1,3,6,1,0,0,2,1,2,2,1,1,3,1,1,0,0,2,2,2,0,0,0,2,3,4,1,3,1,2,1,1,1,1,4,8,0,0,0,0,2,1,2,0,5,1,0,0,0,1,0,0,0,1,0,0,0,1,2,2,1,0,0,0,0,0,0,0,0,0,0,0,4,1,0,0,0,0,0,0,0,0,3,2,0,0,1,0,0,0,1,4,1,2,1,0,0,2,1,1,2,1,0,1,5,2,3,1,0,0,2,0,3,2,2,1,1,0,1,0,2,7,2,0,1,0,4,0,2,3,1,1,0,1,0,0,2,2,1,1,3,6,4,5,0,2,2,1,3,2,2,0,0,3,3,0,0,0,5,2,0,3,3,3,1,4,3,3,0,1,0,0,0,0,0,0,1,1,0,5,2,1,6,2,0,0,2,0,0,0,1,4,3,1,1,4,0,1,4,1,3,2,3,0,0,0,0,5,1,0,0,3,1,1,4,2,1,2,2,1,2,0,0,1,0,0,7,4,1,1,2,2,0,5,0,4,2,3,0,2,3,0,7,0,0,4,1,1,6,0,0,3,0,3,2,2,1,0,1,1,3,1,3,4,0,2,1,1,0,2,1,1,1,1,0,0,4,2,7,1,0,0,0,0,0,3,3,3,2,1,0,0,0,7,2,1,0,0,0,1,2,0,0,1,4,1,4,1,1,2,0,0,0,1,2,2,0,0,0,2,1,0,2,2,2,1,2,3,1,0,3,3,4,1,1,1,0,3,3,3,1,1,1,1,0,3,1,3,1,0,2,2,2,3,1,1,1,0,2,3,2,3,0,1,1,1,0,5,3,0,1,1,2,5,0,0,0,0,0,1,3,3,0,0,0,1,1,2,2,4,0,1,0,0,0,2,2,2,2,1,0,0,1,1,2,2,0,1,2,0,1,0,4,1,1,1,2,1,1,2,2,0,1,0,3,2,2,2,0,1,3,0,1,0,1,0,1,5,1,2,0,1,1,0,4,0,3,0,0,3,1,2,3,2,2,1,2,3,1,3,2,0,0,3,0,2,2,3,3,0,2,0,1,3,1,0,3,5,1,2,1,1,2,3,2,1,4,0,2,3,2,1,4,6,1,3,2,4,3,1,3,0,0,0,0,0,3,2,0,0,0,1,1,0,9,1,3,0,2,1,4,5,4,0,1,0,2,1,2,1,1,1,1,3,4,1,0,0,0,1,4,1,1,1,1,2,1,0,1,7,3,0,0,2,0,2,0,3,0,9,2,3,0,2,2,3,1,2,3,3,2,0,1,0,1,3,2,1,4,7,0,1,0,3,3,4,3,0,1,0,1,1,3,2,0,0,3,3,2,2,2,0,2,2,3,2,2,1,1,2,1,3,1,2,3,1,2,3,4,3,4,1,2,2,2,5,3,1,3,2,3,1,5,2,2,1,1,1,7,2,2,2,2,1,3,2,4,1,1,2,1,0,0,2,7,4,2,1,0,3,1,3,1,1,3,2,5,4,1,7,1,2,2,2,1,8,5,1,2,0,2,0,3,1,1,1,5,1,3,3,2,2,2,1,0,1,2,0,1,3,0,3,0,4
HOUSEHOLD_1_094_CA_1_evaluation,HOUSEHOLD_1_094,HOUSEHOLD_1,HOUSEHOLD,CA_1,CA,2,2,0,1,3,0,1,1,1,1,4,3,1,2,3,2,3,3,0,3,3,2,1,4,3,3,1,0,0,3,0,1,2,4,3,5,3,5,1,3,5,0,1,5,5,2,2,2,2,2,3,4,2,1,4,6,4,5,1,3,0,2,3,2,2,4,0,2,3,3,2,1,4,3,1,3,3,2,0,3,1,3,0,2,4,1,1,0,5,0,1,2,0,2,6,0,0,0,3,3,2,0,0,3,1,4,0,3,3,2,0,0,0,4,2,2,0,2,3,3,3,3,2,2,2,2,3,0,0,0,2,7,2,4,0,3,2,1,1,1,4,1,3,1,2,2,3,4,2,3,1,3,0,2,7,1,0,3,0,3,1,1,8,3,2,1,1,1,2,6,0,1,0,3,3,2,2,0,0,1,1,3,1,4,3,1,2,0,5,0,2,4,1,1,0,3,3,4,0,1,1,2,0,4,2,3,2,2,5,1,4,2,1,0,1,0,3,1,5,1,1,1,3,4,4,0,0,2,4,2,2,4,2,3,3,2,0,5,1,4,4,4,5,2,4,4,1,1,2,1,1,3,3,6,3,2,0,0,2,7,4,3,3,2,5,3,6,5,1,0,0,3,0,1,3,0,1,1,5,0,4,4,7,2,0,2,1,0,4,2,2,2,2,3,2,3,3,2,3,2,0,1,1,3,1,3,4,4,3,4,5,0,5,4,3,4,4,1,2,1,2,4,5,2,2,3,3,0,1,2,1,0,0,0,0,0,0,0,0,0,0,0,0,0,0,0,0,0,0,0,0,0,0,0,0,0,0,0,0,0,0,0,0,0,0,0,0,0,0,0,0,0,0,0,0,0,0,0,0,0,0,0,0,0,0,0,0,0,0,0,0,0,0,0,0,0,0,0,0,0,0,0,0,0,0,0,0,0,0,0,0,0,0,0,0,0,0,0,0,0,0,0,0,0,0,0,0,0,0,0,0,0,0,0,0,0,0,0,0,0,0,0,0,0,0,0,0,0,0,0,0,0,0,0,0,0,0,0,0,0,0,0,0,0,0,0,0,0,0,0,0,0,0,0,0,0,0,0,0,0,0,0,0,0,0,0,0,0,0,0,0,0,0,0,0,0,0,0,0,0,0,0,0,0,0,0,0,0,0,0,0,0,0,0,0,0,0,0,0,0,0,0,0,0,0,0,0,0,0,1,0,2,5,0,0,0,0,1,1,2,1,0,0,0,0,3,4,1,0,0,0,0,0,0,4,3,1,0,0,0,0,0,1,0,0,0,0,0,0,0,0,0,0,0,0,0,0,0,0,0,0,0,0,0,0,0,0,0,0,0,2,1,0,4,1,0,0,0,0,0,0,0,0,0,0,0,0,0,0,0,0,0,0,0,0,0,0,0,0,0,0,0,0,0,0,2,0,0,0,0,4,1,3,0,0,0,0,0,0,0,0,0,0,0,0,0,0,0,0,0,0,0,0,0,0,0,0,0,0,0,0,0,0,0,0,0,0,0,0,0,0,1,3,2,1,0,1,2,3,3,0,0,0,0,0,2,2,2,1,1,0,0,0,0,2,2,2,0,1,2,1,3,0,1,1,1,0,2,1,1,0,0,2,2,3,2,1,1,0,1,2,3,2,0,0,3,0,2,5,5
HOUSEHOLD_1_096_CA_1_evaluation,HOUSEHOLD_1_096,HOUSEHOLD_1,HOUSEHOLD,CA_1,CA,4,12,11,10,6,9,6,12,15,10,5,11,5,8,13,11,9,2,8,8,9,15,19,11,10,9,9,4,4,8,13,5,7,12,8,12,11,16,7,12,10,5,8,14,15,6,6,5,10,13,14,11,10,10,10,12,9,0,0,0,0,0,0,0,16,17,12,0,0,0,0,0,0,0,10,7,4,14,0,0,0,0,0,0,0,18,12,10,12,12,11,11,20,9,4,12,11,8,9,17,20,4,0,0,0,0,0,0,0,5,7,7,15,10,15,3,6,5,1,13,0,0,0,0,0,0,0,23,5,12,4,8,7,10,36,20,13,4,13,15,24,18,19,3,9,6,12,27,13,15,7,9,10,9,10,18,12,10,6,4,6,19,22,10,14,8,5,7,18,15,9,11,0,0,0,0,0,0,0,7,8,9,15,18,15,11,7,6,12,9,23,8,15,11,18,9,14,23,12,11,6,9,8,10,19,8,5,6,12,7,12,9,6,5,8,0,12,12,13,9,14,7,3,6,13,0,0,0,0,0,0,0,18,8,5,4,4,12,14,10,7,5,8,4,18,16,17,4,6,4,6,17,17,12,11,6,5,7,8,16,9,10,4,6,11,8,8,11,10,9,1,0,0,11,11,7,10,14,4,8,9,16,9,8,10,4,5,14,16,12,6,8,4,9,14,20,8,8,2,8,0,6,20,5,7,7,9,4,4,8,5,7,5,3,6,5,7,6,3,8,4,7,6,4,8,6,4,5,6,6,8,7,4,3,4,5,13,7,5,5,5,2,7,4,9,6,5,8,4,5,6,5,6,10,5,0,2,13,11,8,7,7,3,3,5,15,8,6,4,3,7,9,11,3,10,8,2,6,6,20,4,4,4,4,7,13,5,7,5,6,5,6,9,7,8,6,3,7,4,8,9,11,6,3,11,14,2,10,4,8,4,3,6,14,7,12,4,7,6,6,7,15,4,5,5,2,3,5,8,9,3,6,4,9,10,11,9,8,4,5,7,10,11,7,6,3,2,5,6,9,8,8,3,6,7,5,9,10,9,6,6,8,7,14,7,9,6,8,9,5,14,7,5,4,0,6,5,7,5,9,7,2,9,11,13,1,5,6,12,8,8,12,7,8,2,9,7,16,9,9,7,1,4,5,12,9,10,3,2,4,11,10,9,10,9,4,5,10,10,13,8,14,4,5,4,4,6,25,12,8,10,8,17,8,5,6,1,0,0,10,21,6,3,5,5,9,10,10,11,8,11,6,6,7,9,11,13,10,12,6,7,12,8,7,6,7,8,11,14,16,6,10,5,5,16,9,7,5,9,6,0,7,13,9,11,8,6,8,11,18,17,4,12,9,9,14,12,11,13,3,5,6,18,14,11,6,8,6,7,14,17,6,6,4,7,5,11,17,9,7,8,9,6,8,11,10,12,9,6,6,17,7,14,17,8,9,8,11,19,7,11,9,13,9,18,25,8,12,10,7,15,17,25,9,15,9,9,5,15,20,12,13,9,8,12,16,18,12,10,10,11,10,17,11,18,12,6,11,13,15,18,12,9,20,7,9,15,21,13,18,13,15,5,11,25,2,4,6,6,9,5,16,7,7,5,3,4,11,22,3,11,7,1,8,13,9,10,13,5,5,5,9,10,8,9,5,4,5,10,13
HOUSEHOLD_1_097_CA_1_evaluation,HOUSEHOLD_1_097,HOUSEHOLD_1,HOUSEHOLD,CA_1,CA,1,0,0,1,2,0,0,0,0,1,0,1,1,0,1,1,0,0,0,1,0,0,0,0,0,1,0,1,0,1,0,1,0,0,0,0,0,0,1,0,1,0,0,0,0,0,0,0,0,1,1,0,0,0,0,0,1,0,1,1,0,1,0,1,1,0,0,1,2,0,0,1,0,2,0,1,0,0,2,0,0,0,0,1,0,0,0,1,0,0,2,1,1,0,0,0,1,1,0,0,2,1,0,1,0,0,1,0,0,0,0,0,0,0,1,1,0,0,0,2,0,0,1,0,0,1,0,1,0,1,2,1,0,0,0,0,2,0,0,1,1,0,0,1,0,1,0,1,0,0,0,0,0,0,0,0,1,1,0,0,0,0,1,0,1,0,0,0,0,0,0,0,0,1,1,0,1,1,0,1,0,0,2,0,0,1,0,1,0,1,1,0,0,0,1,2,0,0,0,2,0,1,0,2,1,0,0,0,0,0,1,1,0,0,0,0,0,1,0,0,3,2,0,4,0,1,0,2,1,0,1,1,1,0,0,0,1,0,0,0,0,0,0,0,0,0,0,0,0,0,0,0,0,0,0,0,0,0,0,0,0,0,0,0,0,0,1,0,0,1,0,0,2,0,1,1,0,0,0,0,0,0,0,0,0,1,1,0,1,0,0,0,0,0,1,2,0,0,0,0,0,0,0,1,0,1,0,0,0,0,2,0,1,0,0,0,1,2,1,0,0,0,0,0,0,0,0,2,1,1,2,3,0,0,0,0,0,1,0,0,1,0,0,1,1,0,0,1,0,0,0,0,0,0,0,0,1,1,0,0,0,0,1,0,1,1,1,0,0,0,0,0,1,0,0,0,0,0,1,0,1,0,0,1,1,0,0,0,0,1,0,0,2,0,0,1,0,0,0,0,0,0,0,1,1,0,0,0,1,0,0,0,2,0,0,0,0,0,0,0,0,0,1,0,2,0,0,1,1,0,0,0,1,2,0,0,0,0,0,0,3,0,0,0,0,1,2,0,0,0,0,0,0,1,1,1,1,1,1,0,0,0,0,0,1,0,1,0,1,0,2,1,0,0,1,2,0,0,1,1,0,0,0,0,0,0,1,1,0,1,0,0,0,0,2,0,0,2,2,0,0,1,0,0,0,0,1,2,0,0,0,1,0,1,0,0,0,0,2,1,3,1,2,0,1,0,0,0,0,0,0,1,0,0,1,1,0,1,0,1,1,0,0,0,0,0,0,1,1,0,0,0,0,0,1,0,0,0,0,0,2,0,0,0,0,2,0,0,0,0,1,0,0,0,1,0,0,0,0,0,0,0,1,1,1,0,0,0,0,0,0,0,1,0,0,1,1,0,1,1,2,1,0,0,1,0,0,0,0,0,0,0,1,0,0,1,1,1,0,0,0,0,0,2,0,1,0,1,0,0,0,0,0,2,0,0,0,0,0,0,0,0,0,0,0,0,0,1,0,1,0,3,0,2,0,1,0,0,1,0,1,0,1,0,3,1,2,0,0,1,0,0,1,0,0,0,0,0,0,1,0,0,1,0,0,0,0,0,1,0,0,0,1,0,1,1,1,1,0,1,0,0,1,0,0,0,0,0,0,0,1,0,0,0,1,0,1,2,0,0,0,1,0,0,0,1,0,0,0,1
HOUSEHOLD_1_100_CA_1_evaluation,HOUSEHOLD_1_100,HOUSEHOLD_1,HOUSEHOLD,CA_1,CA,1,1,5,2,0,3,0,2,1,0,3,1,3,1,4,5,4,0,2,0,0,5,2,2,3,4,2,3,6,2,2,1,4,2,1,3,2,4,2,3,1,1,4,3,1,1,6,4,2,3,4,2,2,1,1,0,5,2,3,0,2,0,2,8,4,1,0,0,3,1,5,2,2,3,1,1,2,2,5,1,0,1,2,5,3,4,1,2,2,0,4,2,10,4,0,2,1,0,2,3,5,1,0,2,0,2,5,0,1,0,0,1,2,3,1,0,1,1,0,5,3,4,1,2,2,0,2,6,0,3,1,1,2,0,4,2,1,3,1,4,2,5,0,3,3,1,0,2,1,6,1,1,1,0,2,5,1,0,1,1,0,3,5,6,1,1,0,4,5,1,4,1,1,0,2,4,4,3,1,1,1,2,4,7,1,3,3,1,4,3,3,3,2,0,1,3,3,5,2,4,0,1,2,4,3,2,0,0,0,2,5,2,3,2,1,0,4,6,3,2,0,4,4,0,3,2,2,0,2,1,3,4,2,2,1,1,1,3,2,3,1,1,1,1,1,2,3,0,0,3,0,3,0,1,0,1,1,5,4,1,2,3,7,2,0,1,2,1,1,0,2,1,1,5,4,3,3,3,2,2,3,7,0,2,2,1,1,3,4,2,2,3,2,1,1,5,2,0,2,2,1,6,3,3,2,3,1,2,1,1,0,1,1,0,1,3,2,1,3,0,1,3,1,2,1,5,0,1,0,2,2,0,1,0,1,3,3,1,2,1,2,2,3,2,7,1,2,2,1,1,2,1,4,1,1,1,2,2,2,0,0,0,1,0,0,5,3,2,1,0,3,0,1,1,1,0,2,2,3,0,2,1,1,0,1,0,3,0,1,1,1,3,2,1,0,0,2,0,2,1,1,2,0,3,0,2,3,6,3,0,0,2,1,2,2,2,0,0,0,1,3,5,2,1,1,1,0,2,2,2,0,2,1,1,1,2,0,0,1,1,0,1,2,1,1,1,0,1,0,3,2,1,1,0,2,1,0,1,1,2,1,2,1,5,0,0,2,2,2,5,0,3,1,0,1,2,2,2,1,2,1,0,2,1,1,1,0,0,1,0,1,1,4,1,1,1,2,1,1,0,0,0,1,4,4,1,1,3,2,1,2,1,1,2,1,1,0,1,4,4,0,3,0,0,1,1,3,4,0,1,2,0,3,5,1,1,0,0,0,1,2,0,0,0,0,1,3,3,2,3,0,1,3,3,0,1,1,0,0,6,2,5,2,0,0,0,1,3,2,1,2,0,0,0,4,4,1,0,1,0,0,3,4,1,2,1,1,0,1,5,0,0,1,0,0,0,0,0,0,0,0,0,0,0,0,0,0,0,0,0,0,0,0,0,0,0,0,0,0,0,0,0,0,0,0,0,0,0,0,0,0,0,0,0,0,0,0,0,0,0,0,0,0,0,0,0,0,0,0,0,0,0,0,0,0,0,0,0,0,0,0,0,0,0,0,0,0,0,0,0,0,0,0,0,0,0,0,0,0,0,0,0,0,1,2,1,6,2,2,0,2,0,1,2,1,1,1,2,2,0,2,3,2,0,0,1,1,3,1,3,2,0,1,2,2,3,0,1,0,1,3,3,5,1,1,1,0,2,2,3
HOUSEHOLD_1_101_CA_1_evaluation,HOUSEHOLD_1_101,HOUSEHOLD_1,HOUSEHOLD,CA_1,CA,0,1,1,0,0,0,2,1,2,2,2,0,0,1,5,2,0,1,1,3,0,2,1,1,1,0,2,2,0,4,1,0,1,2,1,2,0,0,0,1,2,1,2,5,2,0,0,0,3,0,2,2,3,0,0,2,0,2,1,1,0,0,0,1,1,0,0,0,0,3,1,2,3,0,2,0,3,0,3,2,0,3,1,1,2,0,1,3,2,0,1,1,1,2,3,1,0,0,0,2,0,4,1,1,0,0,0,2,1,1,0,1,0,3,0,1,0,0,2,0,1,1,2,0,1,0,3,2,0,3,2,0,2,3,0,0,0,0,0,0,1,2,0,0,0,1,0,1,2,0,1,0,1,0,0,2,0,1,0,4,0,3,2,0,0,0,1,1,2,1,0,3,0,0,2,0,0,0,1,1,0,1,2,0,0,0,0,0,0,1,0,0,0,0,0,0,0,2,0,0,2,0,0,0,0,0,0,0,0,0,0,0,0,0,0,0,0,0,1,2,0,0,1,1,2,3,2,1,1,1,1,1,1,1,0,3,1,0,0,0,0,1,0,0,0,0,0,0,0,0,0,0,4,0,3,2,0,1,0,0,1,2,1,0,2,0,1,1,0,0,0,1,1,0,0,1,0,0,0,2,3,0,1,3,0,2,0,0,0,0,0,0,1,2,1,1,1,0,1,0,0,0,0,0,0,0,1,1,0,1,0,2,2,0,5,2,2,0,0,0,1,2,3,2,0,1,1,1,2,0,3,0,2,0,2,0,3,1,1,3,0,2,0,0,1,0,0,3,1,4,2,1,0,1,1,0,0,0,2,0,3,0,1,3,2,1,6,1,1,2,1,3,3,1,0,2,0,0,0,4,0,2,0,2,0,0,1,0,1,0,1,2,0,1,1,2,0,1,0,0,4,1,0,0,2,3,1,0,0,1,1,0,2,3,1,1,1,0,1,3,4,3,1,1,3,0,0,1,1,2,4,1,2,1,3,0,1,0,0,0,2,3,2,1,0,0,2,1,0,1,1,5,4,1,0,0,0,1,0,3,0,1,0,5,2,1,1,1,1,1,1,0,5,2,2,0,0,2,0,2,1,0,3,2,0,0,0,0,0,2,0,4,1,1,0,0,2,0,1,1,0,1,0,1,2,0,0,3,0,1,0,3,2,2,2,0,1,0,1,1,0,1,0,3,0,1,2,1,1,0,3,2,0,1,0,1,1,1,0,0,1,0,0,0,0,0,1,0,1,1,0,0,0,2,5,0,0,0,0,0,1,1,2,2,0,1,1,3,0,0,1,0,2,1,0,2,0,1,0,2,0,0,1,1,2,2,0,1,4,0,1,1,0,0,3,4,0,0,0,0,1,2,0,3,1,0,0,0,1,1,4,0,2,0,2,2,1,2,0,2,3,0,3,0,1,3,1,0,2,0,1,1,2,1,3,1,1,2,5,0,1,0,0,0,4,0,1,0,1,1,0,0,1,3,0,0,0,1,2,3,0,1,1,2,1,1,3,0,0,0,0,0,0,0,0,0,1,2,0,2,1,1,1,2,0,0,1,0,2,1,0,0,1,2,1,0,0,1,1,2,4,0,1,1,3,0,1,6,0,0,0,1,3,4,3,3,0,1,0,2,2,4,4,0,0,0,1,0,0,2
HOUSEHOLD_1_106_CA_1_evaluation,HOUSEHOLD_1_106,HOUSEHOLD_1,HOUSEHOLD,CA_1,CA,0,0,0,0,0,0,0,0,0,0,0,0,0,0,0,0,0,0,0,0,0,0,0,0,0,0,0,0,0,0,0,0,0,0,0,0,4,2,1,3,0,6,1,4,6,7,2,7,4,5,6,9,4,7,3,3,5,3,5,2,4,2,4,7,6,3,2,5,1,0,1,5,4,2,1,0,1,5,0,4,1,0,0,5,1,6,4,3,2,1,2,2,0,1,3,3,1,5,0,0,3,0,4,2,0,2,4,0,1,0,2,3,1,2,2,2,5,2,4,6,3,5,6,2,1,2,1,3,3,3,2,2,2,5,6,2,3,0,1,6,3,6,0,1,2,3,0,5,5,2,3,1,3,2,5,2,3,2,0,3,2,6,4,6,1,1,2,2,3,2,3,1,2,1,2,5,5,1,1,2,4,1,0,4,1,1,1,0,2,7,0,0,0,0,0,0,0,0,0,0,0,0,0,0,7,3,7,2,1,4,10,16,2,4,2,0,2,3,4,1,1,2,4,3,4,3,4,2,0,3,3,6,4,1,2,2,0,2,1,1,1,2,3,3,5,3,6,1,1,5,3,3,6,5,1,3,4,4,2,5,1,4,4,4,3,4,5,7,4,3,0,1,11,9,4,4,3,7,3,5,11,5,8,6,5,4,6,2,9,8,8,0,3,5,3,4,2,4,5,1,2,5,6,2,3,3,0,1,8,7,2,0,3,4,4,9,4,3,1,4,10,10,6,0,0,0,0,0,0,0,11,10,2,5,1,4,19,5,2,9,2,3,5,14,14,11,6,5,5,6,4,10,5,4,6,8,3,6,8,6,13,4,2,2,11,12,14,4,3,4,8,11,17,6,5,3,9,6,7,8,8,5,8,4,7,7,14,10,10,7,5,4,8,12,7,15,4,6,6,14,11,4,2,8,11,8,5,7,5,8,4,3,4,10,9,9,8,4,7,6,5,6,7,6,6,1,5,9,5,3,2,5,6,1,5,14,8,5,5,4,11,10,5,14,1,5,4,4,5,7,3,5,2,5,1,8,17,5,2,1,5,0,0,0,0,0,0,0,0,0,0,0,0,0,0,0,0,2,2,5,5,11,10,8,14,14,6,3,6,6,4,10,3,3,2,8,10,11,9,4,3,4,4,1,1,12,10,6,1,3,9,8,8,3,4,5,8,1,5,5,8,4,3,4,4,12,9,9,1,2,0,0,5,0,2,3,5,1,4,3,10,4,0,2,3,2,5,7,0,1,1,2,0,3,9,3,2,5,3,9,7,5,3,5,1,2,6,14,2,5,0,1,4,0,9,2,6,3,2,2,0,12,7,1,3,5,7,6,4,2,4,6,5,4,1,0,5,3,2,3,5,3,5,4,4,0,5,3,1,3,7,1,5,2,1,4,8,6,4,2,1,3,1,7,7,6,3,4,1,2,0,7,0,2,0,2,0,2,4,3,2,4,3,5,13,3,2,3,0,3,4,8,7,3,3,3,3,1,5,7,1,7,3,3,2,3,8,3,3,0,4,0,2,4,3,7,0,5,7,3,3,4,3,6,8,4,7,3,8,7,4,3,5,6,1,1,3,2,5,2,10,18,8,3,3,4,2,6,4,3,2,3,2,4,4,2,2,6,3,1,3,5,6,4,5,2,3,4,7,6
HOUSEHOLD_1_109_CA_1_evaluation,HOUSEHOLD_1_109,HOUSEHOLD_1,HOUSEHOLD,CA_1,CA,1,2,3,2,0,2,2,2,3,3,1,1,2,0,0,3,2,1,1,0,1,0,3,0,1,0,0,1,1,2,0,2,0,0,1,0,2,0,0,2,0,3,0,2,1,0,0,1,0,1,2,2,1,1,1,2,2,1,0,3,1,1,1,3,4,1,1,2,0,3,3,0,2,0,1,1,0,2,4,2,0,2,1,2,4,1,0,0,2,1,1,2,1,1,0,1,0,0,0,1,3,1,2,0,4,0,1,3,1,0,1,1,1,1,1,0,0,1,2,1,2,1,1,2,1,0,1,0,2,3,1,2,2,1,1,1,1,0,1,2,1,1,0,0,0,3,1,0,0,0,0,0,0,10,0,0,0,1,0,0,0,2,2,1,1,3,2,0,3,1,3,2,1,0,0,3,2,0,2,1,3,0,0,3,1,0,2,1,1,1,0,2,0,1,0,2,2,1,1,0,0,1,0,1,2,2,2,1,0,0,1,3,1,1,0,0,1,0,1,1,3,0,0,1,1,1,2,2,0,2,0,3,2,0,1,2,1,3,1,2,0,0,2,1,1,1,2,1,2,2,0,2,3,1,4,1,0,1,1,1,2,3,1,1,0,2,0,1,0,2,0,0,3,1,2,1,0,1,2,0,2,1,1,2,1,1,1,0,4,0,1,2,2,1,1,1,1,1,1,0,1,2,1,0,3,1,0,0,1,1,2,1,3,0,0,0,1,1,1,0,0,0,3,4,1,0,3,1,2,0,1,3,0,0,1,2,5,0,2,0,1,0,1,0,1,2,3,2,0,0,1,1,0,1,0,0,1,3,0,0,1,1,2,0,0,2,1,2,0,1,3,1,3,0,0,0,0,0,0,1,0,1,0,1,0,1,2,0,0,1,1,1,2,2,0,0,0,1,3,0,1,1,1,1,0,2,1,1,1,3,1,1,1,4,0,1,0,1,0,1,1,0,1,0,1,0,2,3,1,1,0,3,3,2,5,2,1,0,1,0,0,2,0,1,1,0,0,0,3,0,1,1,1,3,3,3,4,1,0,0,1,1,1,2,1,2,0,3,0,0,0,2,1,0,0,0,0,3,0,3,0,2,1,6,0,1,1,1,0,1,0,1,1,1,1,1,0,2,1,2,2,0,1,0,1,1,0,0,0,1,1,4,1,0,1,1,1,1,1,2,1,1,0,0,0,1,1,2,1,0,1,0,3,0,1,2,2,1,1,0,2,1,2,0,1,0,2,2,0,0,0,0,0,0,1,1,1,2,1,3,1,1,1,0,1,0,0,1,1,2,1,0,0,0,2,1,0,2,1,0,0,0,0,3,2,0,2,3,2,0,0,0,0,2,2,1,1,2,0,0,0,0,2,0,4,0,1,0,1,1,0,2,0,0,1,1,1,3,2,1,1,0,2,4,2,1,3,3,0,1,1,1,1,1,1,0,2,0,1,0,1,0,1,0,2,1,1,1,0,1,1,2,5,3,1,0,2,0,2,2,0,1,2,4,3,1,2,0,0,0,3,1,1,1,1,2,1,2,2,4,3,4,1,2,2,3,2,3,2,3,1,3,9,5,3,0,2,0,2,2,0,2,1,2,1,2,0,0,6,1,1,0,3,0,4,2,2,0,1,0,1,2,0,0,2,0,0,1,4,1
HOUSEHOLD_1_110_CA_1_evaluation,HOUSEHOLD_1_110,HOUSEHOLD_1,HOUSEHOLD,CA_1,CA,16,12,23,14,5,6,12,7,10,10,10,9,8,9,7,11,12,9,9,9,6,9,19,10,3,10,10,5,13,15,13,10,9,9,10,10,13,9,13,6,11,10,17,13,7,7,11,15,9,12,12,12,8,7,6,11,7,0,0,0,0,0,0,0,6,7,9,0,0,0,0,0,0,0,8,9,6,12,0,0,0,0,0,0,0,11,18,7,3,5,8,7,9,6,4,7,6,10,11,9,4,9,0,0,0,0,0,0,0,7,8,6,10,13,7,14,10,6,14,23,0,0,0,0,0,0,0,3,5,6,7,6,2,12,9,4,8,8,5,3,10,10,4,6,4,7,7,5,12,7,5,3,12,14,12,10,13,6,7,9,8,13,7,11,7,11,15,8,6,13,6,14,0,0,0,0,0,0,0,4,10,12,14,9,12,12,10,5,4,9,15,8,6,10,11,11,16,12,8,9,12,8,15,6,16,6,6,9,8,10,11,17,9,11,4,0,8,18,16,9,6,7,8,16,10,0,0,0,0,0,0,0,4,7,5,7,7,13,15,12,1,13,11,6,11,13,8,11,8,8,7,12,19,18,8,5,10,13,13,17,15,13,9,7,5,10,7,14,15,5,2,0,0,17,13,7,6,5,4,11,9,12,10,14,20,6,6,12,12,14,11,4,12,10,14,18,12,4,13,9,8,12,16,14,13,4,13,12,13,18,15,8,11,13,9,24,16,11,20,13,6,14,18,16,7,7,10,7,10,20,22,18,25,5,3,10,16,25,11,12,11,15,15,11,10,13,3,7,20,2,15,18,6,11,11,10,13,7,18,18,10,7,11,11,17,20,12,13,10,10,14,5,28,16,13,9,9,8,11,21,7,14,7,14,18,12,21,10,12,7,12,12,12,14,14,15,8,12,8,18,21,15,22,12,10,8,15,15,16,15,12,13,15,19,17,20,13,17,8,12,15,16,13,6,13,13,8,11,19,22,13,7,6,10,13,27,14,18,9,5,18,12,27,8,15,13,2,6,17,18,15,10,9,15,8,17,28,5,6,17,5,9,12,22,18,7,14,12,11,14,16,19,12,3,10,8,22,15,13,16,6,10,8,14,23,14,14,12,11,12,9,23,17,7,13,13,12,20,28,9,10,2,13,8,12,13,11,6,2,5,10,15,22,12,7,4,17,11,14,16,16,8,3,6,9,16,20,16,16,10,10,9,7,14,11,12,12,0,0,11,15,13,13,19,4,7,18,17,12,6,11,4,4,11,13,7,10,13,10,7,24,6,9,4,6,5,3,9,11,7,6,5,12,7,10,11,10,4,4,2,0,7,13,6,6,10,6,7,9,12,12,5,5,5,7,7,4,7,4,7,5,5,8,8,11,13,8,7,3,12,14,18,4,6,10,2,13,17,15,12,10,5,2,18,7,12,9,5,7,0,8,13,12,7,9,9,4,9,14,6,6,2,6,6,6,15,3,7,8,7,7,10,14,13,1,7,5,2,12,10,9,7,11,8,7,3,7,5,6,4,6,4,11,8,6,8,5,7,3,8,10,6,4,2,5,7,4,10,8,0,5,3,4,10,8,15,11,13,5,11,10,13,7,4,14,12,9,11,9,10,9,15,12,4,15,11,9,8,7,5,6,14,12,14,5,8,13,13,12,12
HOUSEHOLD_1_112_CA_1_evaluation,HOUSEHOLD_1_112,HOUSEHOLD_1,HOUSEHOLD,CA_1,CA,3,1,1,2,2,0,2,0,2,3,1,3,3,1,4,3,2,0,3,2,0,5,2,3,3,1,1,0,3,4,0,0,2,4,4,1,7,3,4,1,5,1,5,6,3,2,1,1,1,4,7,1,2,0,0,3,2,2,3,0,0,1,3,1,1,0,1,0,0,2,1,3,1,0,1,0,3,0,1,0,1,1,2,1,0,4,0,0,3,4,2,0,1,2,1,0,0,1,1,2,4,2,3,0,1,0,1,0,0,0,0,1,0,1,0,1,1,0,1,6,2,1,2,0,1,1,4,0,1,2,0,0,0,0,1,0,0,0,1,0,1,0,1,0,0,1,1,2,0,2,1,1,0,0,2,0,1,1,1,0,1,1,2,0,0,0,3,0,1,0,2,0,1,2,4,2,2,1,1,0,0,0,0,0,0,0,0,0,2,0,2,1,0,1,3,1,1,0,1,0,1,0,0,0,0,0,0,0,0,0,1,0,2,1,2,0,2,1,0,0,4,2,3,2,0,0,0,1,1,2,0,0,0,1,0,0,1,2,0,2,1,0,0,0,2,2,3,1,0,1,0,2,1,1,1,1,1,0,2,2,1,0,0,1,0,0,0,2,0,1,1,0,3,1,2,0,0,0,0,0,1,3,2,2,2,1,0,2,2,1,0,1,0,2,1,2,3,2,4,0,0,1,1,1,3,0,0,0,0,0,0,0,1,0,2,0,0,0,2,1,1,0,4,4,2,0,1,0,1,0,2,0,0,2,2,2,0,0,0,1,2,0,2,1,2,2,4,1,1,2,1,2,0,0,1,0,0,0,0,2,1,1,0,1,1,0,1,1,1,0,0,1,3,0,0,0,2,1,3,0,0,1,1,0,2,1,3,1,4,0,1,0,1,3,1,3,0,0,0,2,3,0,0,1,3,2,0,1,4,1,1,0,0,2,1,2,2,0,0,1,0,0,1,0,0,2,3,2,2,0,2,2,0,2,3,4,3,4,1,1,2,0,2,0,0,0,0,1,4,3,0,1,2,0,0,1,1,1,0,1,2,1,1,1,0,1,0,0,6,1,2,7,0,0,1,0,2,1,3,0,0,1,5,1,1,5,0,0,1,1,1,2,1,5,0,2,7,3,0,1,0,3,2,2,2,3,0,2,1,0,1,1,0,3,1,1,4,1,4,1,3,0,0,1,2,3,3,1,0,2,0,0,1,0,3,0,1,0,1,5,3,3,1,2,0,0,0,0,5,0,0,0,1,2,1,1,0,0,2,0,1,1,1,2,2,1,3,2,0,1,2,1,0,1,2,0,1,3,1,0,0,3,1,2,1,2,0,0,0,1,0,3,0,0,0,0,0,0,0,0,1,2,1,0,0,2,1,3,0,3,3,3,1,0,0,5,4,4,2,1,1,1,2,1,2,1,1,0,1,2,4,2,3,3,3,3,3,1,2,2,0,3,0,5,3,0,2,0,1,1,2,5,0,1,0,1,1,2,4,2,2,5,0,0,5,3,5,3,0,1,1,4,0,3,1,1,7,3,4,3,1,2,0,1,1,3,4,3,2,1,1,3,1,1,0,1,0,1,1,1,5,2,1,0,0,1,3,1,0,2,1,0,4,2,1,4,2,0,0,2,0,1,0,2,0,0,0,1,2,2
HOUSEHOLD_1_114_CA_1_evaluation,HOUSEHOLD_1_114,HOUSEHOLD_1,HOUSEHOLD,CA_1,CA,4,0,2,6,2,2,1,3,8,3,0,3,1,4,3,4,0,0,2,1,6,7,4,4,1,4,9,4,0,8,4,2,5,4,2,3,6,4,4,4,3,3,4,7,4,4,0,4,3,1,4,20,4,0,0,0,4,7,4,2,2,6,6,4,1,2,4,5,2,7,1,3,3,1,6,6,3,6,2,5,4,10,3,4,4,8,4,5,2,5,1,8,5,3,1,4,6,2,4,1,6,6,2,3,3,1,6,1,1,1,4,5,6,5,2,2,2,0,5,1,2,0,4,2,2,1,2,2,3,1,3,8,5,5,3,1,2,5,0,2,2,10,2,1,1,1,2,5,1,2,1,0,0,10,5,6,5,0,0,1,1,2,1,2,0,3,2,1,4,2,1,2,0,1,3,2,5,1,4,1,4,1,3,4,5,2,1,2,4,1,1,4,1,0,3,0,3,1,0,4,6,1,4,2,7,1,2,0,1,2,0,2,1,1,1,0,3,2,2,1,3,2,0,0,8,3,3,0,0,0,3,2,1,2,3,1,2,4,1,1,3,1,5,4,1,0,5,1,1,2,0,1,3,4,4,2,1,2,1,1,2,6,0,2,1,0,4,2,2,0,0,2,2,2,2,5,0,0,4,3,3,6,0,2,2,1,2,1,1,2,0,0,2,1,1,1,6,2,12,2,1,2,1,2,0,1,2,0,0,4,3,1,5,3,2,6,7,0,0,2,2,0,14,0,0,3,0,1,5,3,0,1,0,1,1,1,0,1,19,0,0,0,0,3,0,0,1,1,0,1,2,1,3,1,0,0,1,2,0,0,2,4,3,5,1,3,2,3,3,1,1,0,3,3,1,1,0,1,0,0,0,0,0,0,0,0,0,0,0,0,0,0,0,0,0,0,0,0,0,0,0,0,1,1,1,4,2,3,2,0,2,1,2,1,3,2,2,1,1,1,1,1,3,0,3,3,1,3,0,2,0,0,3,1,1,0,0,0,0,0,0,0,0,0,0,0,0,0,0,0,0,0,0,0,0,0,0,0,0,0,0,0,0,0,0,0,0,0,0,0,0,0,0,0,0,0,0,0,0,0,0,0,0,0,0,0,0,0,0,0,0,0,0,0,0,0,0,0,0,0,0,0,0,0,0,0,0,0,0,0,6,1,3,1,2,1,1,0,1,0,1,1,1,1,2,3,4,2,0,0,2,1,1,1,3,1,2,1,7,4,1,1,2,2,2,1,3,2,0,2,0,2,0,6,2,3,1,2,22,2,2,4,0,0,0,1,2,1,1,4,3,1,1,4,0,2,2,2,2,0,0,2,2,2,1,4,1,3,3,5,2,2,0,0,1,8,1,4,1,1,1,0,2,6,1,2,0,1,0,4,2,2,2,1,2,5,3,5,1,0,0,1,2,3,5,1,0,1,0,5,1,3,3,2,3,4,2,3,0,1,1,1,1,0,7,3,1,1,3,5,2,3,3,6,2,1,2,4,5,0,6,4,3,3,3,5,5,2,6,3,1,3,3,7,1,1,2,1,0,1,5,2,7,3,0,0,2,1,4,1,4,4,6,2,3,3,2,2,0,3,2,2,0,0,1,1,0,5,0,4,1,1,0,1,4,1,2,2,1,5,5,6,4,0,2,2,1,1,3,5
HOUSEHOLD_1_118_CA_1_evaluation,HOUSEHOLD_1_118,HOUSEHOLD_1,HOUSEHOLD,CA_1,CA,6,16,6,13,3,2,10,4,21,9,3,6,9,8,13,16,6,5,2,11,7,14,4,0,12,9,9,8,13,27,18,14,4,8,7,0,0,0,0,0,0,0,0,0,0,7,10,4,4,0,18,17,19,8,8,8,13,21,14,4,1,3,5,19,14,3,17,8,11,7,13,19,11,7,3,3,3,17,14,19,16,0,7,10,8,24,11,5,8,2,4,10,12,16,8,6,6,3,9,10,19,9,23,0,0,0,0,0,0,8,3,6,10,20,7,14,18,4,15,16,26,14,12,3,4,5,17,20,7,4,6,11,11,9,24,13,8,6,2,6,7,7,2,5,10,8,2,15,21,9,5,14,9,9,24,15,2,9,8,11,2,24,15,8,2,12,5,4,15,11,9,9,3,1,12,10,19,9,7,0,1,4,16,14,16,4,17,5,4,3,14,10,4,6,10,15,12,16,0,5,10,3,5,7,15,17,10,6,4,4,5,16,5,10,2,0,7,12,9,2,9,4,4,4,13,6,7,0,8,11,13,10,19,10,1,7,16,11,12,16,12,11,4,2,2,5,17,2,6,6,5,5,3,24,0,8,7,5,9,12,11,5,5,6,0,3,7,20,10,11,8,4,8,5,9,13,8,7,3,3,4,13,6,9,4,11,6,18,23,6,11,9,12,6,9,15,10,9,12,6,10,12,12,10,2,8,5,2,2,13,6,1,4,4,9,9,26,13,5,4,3,4,12,29,4,11,4,12,10,5,20,8,4,9,7,5,22,17,6,1,4,0,5,15,22,21,6,20,11,7,0,14,6,9,5,6,4,4,20,5,2,4,9,1,21,13,18,11,2,3,4,7,18,11,8,5,10,9,9,14,0,2,0,7,13,13,25,10,16,8,8,4,9,11,11,6,14,5,3,14,22,12,6,9,12,0,0,4,13,5,2,7,12,10,35,3,4,4,4,4,9,22,3,4,6,3,11,9,17,5,13,13,3,3,13,26,8,17,6,22,5,9,12,23,11,7,0,6,9,29,12,16,26,1,8,3,34,13,3,4,0,0,3,26,9,3,16,11,4,18,16,6,4,1,4,16,13,12,5,6,4,6,5,4,15,15,7,10,5,7,23,12,6,4,9,11,6,12,21,6,7,1,4,4,13,18,13,4,2,14,4,19,27,11,14,6,7,5,11,35,5,5,11,3,8,4,11,8,7,1,4,5,15,15,3,9,9,6,7,22,28,4,4,5,2,14,9,11,13,4,1,5,8,12,15,6,5,11,11,16,13,8,3,13,5,4,7,7,22,12,2,3,3,5,12,10,7,9,5,0,0,16,9,19,10,7,1,1,15,20,3,3,2,3,1,9,15,7,2,11,4,3,12,17,8,4,10,5,1,4,17,10,13,4,4,3,11,11,4,0,8,4,3,12,23,7,10,14,9,1,3,2,7,5,9,6,18,7,9,0,9,10,4,15,15,12,6,2,8,4,2,7,23,3,11,3,3,11,22,5,6,12,7,1,6,7,10,3,6,9,6,11,5,4,5,6,0,8,6,7,20,11,8,19,3,5,9,28,7,3,4,9,4,8,21,11,7,15,7,1,10,9,5,20,1,5,14,14,13,7,6,5,1,8,10,3,7,2,9,3,2,19,17,12,8,3,10,6,12,16
HOUSEHOLD_1_119_CA_1_evaluation,HOUSEHOLD_1_119,HOUSEHOLD_1,HOUSEHOLD,CA_1,CA,0,0,0,0,0,0,0,0,0,0,0,0,0,0,0,0,0,0,0,0,0,0,0,0,2,4,1,2,1,6,2,1,2,1,3,2,3,1,0,1,1,4,2,2,1,3,3,2,4,5,2,2,3,2,0,3,4,4,2,4,1,2,3,3,5,3,2,3,1,1,4,2,8,2,1,2,4,5,5,0,1,4,0,1,0,4,4,3,3,0,2,4,3,0,2,4,1,2,1,3,8,2,1,1,1,3,4,3,3,1,0,1,5,3,3,1,0,2,3,4,4,3,2,1,1,1,4,3,1,0,1,1,6,3,0,2,6,2,1,0,4,3,2,1,3,2,3,2,1,1,2,2,5,1,1,3,2,1,2,1,2,8,2,0,5,2,1,0,3,1,1,2,3,1,2,3,4,1,4,1,3,2,3,2,2,3,3,3,2,3,3,1,3,1,4,1,4,3,2,4,2,0,0,0,3,1,3,4,3,1,2,1,4,2,1,0,2,5,5,2,5,3,3,0,0,1,2,1,5,2,1,4,3,0,1,0,1,1,4,3,3,3,1,3,2,3,5,3,2,2,1,1,6,3,3,2,2,2,1,4,2,4,3,5,1,1,2,5,2,1,1,3,3,3,9,3,2,3,0,2,3,4,3,3,1,1,2,5,3,2,4,1,1,2,4,9,1,5,1,4,0,1,4,0,2,2,0,1,0,2,0,3,2,1,3,0,0,0,0,0,0,0,0,0,0,0,0,0,0,0,0,0,0,0,0,0,0,0,0,0,0,0,0,0,0,0,0,0,0,0,0,0,0,0,0,0,0,0,6,0,2,3,1,1,7,3,3,3,2,0,1,5,3,1,2,1,3,4,3,4,3,3,2,2,3,3,3,9,2,4,2,2,7,4,1,3,0,3,1,4,2,1,2,4,2,6,4,1,5,3,2,0,5,3,5,2,1,1,1,2,5,4,3,4,2,3,5,4,3,4,0,3,0,5,4,5,2,1,2,3,3,3,3,2,2,7,3,3,4,3,4,4,4,5,2,2,8,4,1,2,3,3,4,4,3,5,1,4,3,5,5,0,0,0,0,5,3,3,2,4,0,0,0,0,4,7,4,3,2,4,5,7,4,2,6,3,4,4,3,2,2,3,7,0,5,4,3,3,4,2,1,3,5,8,7,1,3,5,4,3,7,1,2,5,4,1,5,3,7,1,4,2,2,5,4,0,1,3,2,4,4,3,2,4,0,4,2,10,2,2,1,2,2,4,3,2,2,1,3,6,1,0,6,1,1,2,3,1,3,4,2,0,1,3,3,3,0,6,1,0,0,0,0,0,0,0,0,4,6,4,2,0,0,0,0,3,3,1,1,0,0,0,8,0,0,0,2,0,4,2,0,0,0,0,1,3,2,2,3,1,2,2,0,1,3,2,4,2,2,1,0,1,2,0,2,3,1,0,0,3,2,1,0,1,4,1,4,0,1,3,3,1,0,0,2,3,2,0,1,0,0,4,2,1,0,0,1,4,1,1,2,0,0,0,3,2,2,1,0,0,5,2,1,0,0,0,2,1,0,1,1,0,1,2,0,0,5,1,2,4,3,1,5,1,1,0,2,2,3,0,6,1,1,2,1,4,3,3,2,0,2,1,1,1,2,5,1,0,3,5
HOUSEHOLD_1_122_CA_1_evaluation,HOUSEHOLD_1_122,HOUSEHOLD_1,HOUSEHOLD,CA_1,CA,6,4,3,2,1,1,5,6,2,6,4,0,3,3,4,2,0,4,6,1,3,2,3,5,3,1,1,3,3,4,1,3,3,1,1,3,5,2,2,3,3,4,0,3,4,2,2,2,6,2,5,1,2,4,1,2,3,2,1,0,2,4,1,3,1,2,1,2,4,5,2,2,2,4,1,2,2,2,1,4,0,1,2,3,2,3,2,3,0,2,1,1,3,0,5,1,1,2,7,6,2,3,3,0,4,2,4,2,2,2,2,1,2,4,0,0,3,3,4,3,1,1,3,0,2,2,4,4,4,0,2,1,3,7,2,4,4,1,0,2,2,4,3,0,0,0,4,4,5,1,3,2,5,0,1,2,4,0,0,2,0,1,3,1,2,3,1,3,2,3,3,2,1,1,3,1,1,0,1,3,0,2,2,3,1,2,1,0,1,3,3,3,3,2,0,4,4,2,4,0,4,2,2,3,2,3,3,0,1,2,4,3,2,1,0,0,5,3,3,2,3,4,2,5,2,4,9,2,2,0,2,6,5,2,0,0,0,2,2,4,1,1,1,1,0,1,2,1,1,1,2,1,1,4,0,0,1,1,1,3,0,6,0,2,0,2,4,3,5,1,0,2,2,1,5,4,1,2,2,1,2,3,0,4,1,1,2,6,3,1,1,1,1,6,3,4,1,3,1,0,4,2,4,3,0,1,2,0,1,2,2,3,3,1,2,3,1,2,0,0,1,1,2,1,1,2,1,1,1,2,0,0,0,0,2,1,0,6,2,4,2,0,1,2,2,6,0,2,0,2,2,4,0,0,0,1,2,3,2,1,0,0,2,0,2,0,0,3,1,1,2,1,1,1,3,2,0,3,2,2,0,2,2,1,2,0,2,0,2,0,3,0,1,1,1,3,3,2,1,0,1,0,3,4,2,0,0,0,1,2,2,1,2,3,6,2,1,0,2,2,1,1,2,1,3,0,1,3,3,5,1,1,1,0,2,4,1,1,3,0,4,3,0,2,2,0,2,1,1,1,0,1,1,4,2,2,4,3,3,2,2,0,1,2,2,2,2,2,1,0,1,4,0,0,2,0,1,6,4,4,2,2,0,3,1,2,1,3,0,2,2,2,2,2,1,2,3,3,4,2,3,3,4,1,1,3,2,1,2,1,2,1,3,0,1,0,0,2,4,1,2,1,0,3,1,1,1,3,1,2,1,3,3,0,2,0,1,1,2,2,2,0,5,2,2,1,3,4,2,2,1,1,0,1,2,1,1,1,3,1,1,3,1,0,2,0,2,4,2,4,1,1,0,1,2,2,3,4,1,2,0,2,3,1,4,1,2,0,1,1,2,0,0,2,1,1,1,0,1,0,0,2,5,1,2,1,0,2,2,3,0,2,1,0,1,1,3,1,2,2,1,0,0,1,1,1,0,1,0,0,4,1,0,0,0,2,1,2,2,5,0,2,0,3,2,1,1,2,3,3,0,1,1,0,1,2,1,1,1,1,3,0,0,1,4,3,3,1,0,0,0,1,0,0,0,2,1,2,1,3,3,2,1,4,2,1,2,4,5,0,1,0,1,4,1,2,2,1,0,3,2,1,2,1,1,1,1,2,4,0,1,0,0,4,1,2,0,2,1,0,3,3,2,2,0,1,2,0,0,1
HOUSEHOLD_1_124_CA_1_evaluation,HOUSEHOLD_1_124,HOUSEHOLD_1,HOUSEHOLD,CA_1,CA,3,5,2,2,5,1,3,3,5,1,3,5,5,2,3,3,2,0,2,5,0,3,2,3,0,0,1,2,2,8,2,2,3,3,2,2,4,1,5,0,1,2,4,5,3,2,2,6,4,3,6,3,3,5,1,2,4,2,1,2,2,4,2,1,0,4,2,3,2,1,2,7,3,1,4,6,1,3,4,5,3,0,0,3,2,2,1,1,5,0,1,3,7,2,2,5,2,5,3,6,1,2,1,2,2,7,3,3,2,1,3,2,3,5,2,3,3,1,2,1,3,1,1,1,0,3,3,2,2,4,0,1,1,0,3,0,1,3,2,1,0,0,1,0,1,1,2,4,1,1,1,1,3,1,3,1,2,2,1,1,0,1,4,3,0,1,0,2,5,3,2,2,1,1,4,5,2,2,1,0,0,2,1,1,2,0,0,0,2,4,1,1,2,1,1,3,3,2,2,1,1,1,3,1,6,2,1,2,2,2,1,1,2,1,2,0,2,1,3,0,1,1,1,3,4,4,1,0,2,0,2,4,4,0,0,0,2,4,4,1,4,2,3,1,3,0,2,3,2,3,1,2,1,6,3,1,2,2,3,1,4,2,2,2,4,1,4,2,2,1,0,0,1,1,6,1,1,2,1,2,3,2,1,3,2,3,3,6,0,0,0,2,1,0,0,0,0,0,0,0,0,0,0,0,0,0,0,0,0,0,0,0,0,0,0,0,0,0,0,0,0,0,0,0,0,0,0,0,0,0,0,0,0,0,0,0,0,0,0,0,0,0,0,0,0,0,0,0,0,0,0,0,0,0,0,0,0,0,0,0,0,0,0,0,0,0,0,0,0,0,0,0,0,0,0,0,0,0,0,0,0,0,0,0,0,0,0,0,0,0,0,0,0,0,0,0,0,0,0,0,0,0,0,0,0,0,0,0,0,0,0,0,0,0,0,0,0,0,0,0,0,0,0,0,0,0,0,0,0,0,0,0,0,0,0,0,0,0,0,0,0,0,0,0,0,0,0,0,0,0,0,0,0,0,0,0,0,0,0,0,0,0,0,0,0,0,0,0,0,0,0,0,0,0,0,0,0,0,0,0,0,0,0,0,0,0,0,0,0,0,0,0,0,0,0,0,0,0,0,0,0,0,0,0,0,0,0,0,0,0,0,0,0,0,0,0,0,0,0,0,0,0,0,0,0,0,0,0,0,0,0,0,0,0,0,0,0,0,0,0,0,0,0,0,0,0,0,0,0,0,0,0,0,0,0,0,0,0,0,0,0,0,0,0,0,0,0,0,0,0,0,0,0,0,0,0,0,0,0,0,0,0,0,0,0,0,0,0,0,0,0,0,0,0,0,0,0,0,0,0,0,0,0,0,0,0,0,0,0,0,0,0,0,0,0,0,0,0,0,0,0,0,0,0,0,0,0,0,0,0,0,0,0,0,0,0,0,0,0,0,0,0,0,0,0,0,0,0,0,0,0,0,0,0,0,0,0,0,0,0,0,0,0,0,0,0,0,0,0,0,0,0,0,0,0,0,0,0,0,0,0,0,0,0,0,0,0,0,0,0,0,0,0,0,0,0,0,0,0,0,0,0,0,3,0,2,0,1,0,0,0,1,0,1,2,5,2,0,0,1,3,3,0,0,0,1,0,2,2,2
HOUSEHOLD_1_129_CA_1_evaluation,HOUSEHOLD_1_129,HOUSEHOLD_1,HOUSEHOLD,CA_1,CA,1,0,0,2,0,1,3,3,1,2,0,2,2,2,2,2,3,4,3,0,1,0,1,2,3,2,1,3,5,1,1,0,1,0,1,3,2,3,1,3,1,0,6,4,1,0,2,1,4,2,3,1,1,0,3,0,0,2,2,0,0,2,0,0,1,3,4,1,1,2,3,2,2,3,2,0,1,1,2,0,3,1,2,0,1,2,2,0,0,3,5,3,1,1,1,0,0,1,2,1,0,0,2,1,0,1,1,0,2,1,2,0,4,2,0,1,1,3,3,3,2,1,1,1,0,2,1,1,2,0,0,1,0,2,4,2,4,0,4,1,0,4,2,1,1,1,1,1,0,2,1,2,1,3,1,1,1,0,0,2,0,4,2,0,1,2,1,6,2,0,1,0,0,6,3,2,6,2,3,2,3,1,5,1,1,1,1,2,0,0,3,1,1,2,2,4,1,2,2,1,4,1,1,3,5,1,2,2,1,3,2,3,1,2,4,0,3,3,0,3,0,1,4,0,4,1,3,0,5,0,3,3,1,2,0,0,1,3,3,2,2,1,1,1,5,2,3,1,1,1,1,0,2,1,2,2,2,0,1,3,1,1,0,1,0,2,0,1,1,1,1,2,0,1,1,2,1,0,1,1,3,2,2,0,2,2,1,1,5,1,2,1,0,0,1,1,1,1,0,1,1,3,2,0,1,1,1,2,3,3,1,3,0,1,0,1,0,1,2,0,2,1,1,2,0,4,4,1,0,2,1,3,1,1,1,0,1,3,2,0,0,1,2,2,1,1,2,1,1,1,1,1,1,0,0,1,2,1,1,2,2,2,2,3,2,2,2,1,0,1,0,3,2,1,2,1,0,1,1,4,0,1,0,0,0,2,2,2,0,1,2,3,2,2,1,1,2,0,1,0,2,2,2,3,2,3,1,4,3,2,2,1,1,2,2,1,4,3,1,0,5,1,1,4,0,2,0,1,1,1,3,4,1,2,0,1,3,1,3,1,3,3,3,1,0,1,1,2,2,3,3,2,1,3,1,0,1,1,0,2,1,2,5,2,1,1,2,1,1,4,3,1,2,1,1,2,0,0,2,3,1,2,0,3,1,1,1,0,0,1,2,0,1,0,2,0,1,4,1,2,2,1,4,2,0,1,3,0,0,0,1,0,2,1,0,2,0,2,4,2,0,1,0,0,3,0,2,0,1,2,1,1,0,2,0,1,1,2,0,2,1,2,1,1,0,2,4,1,3,2,2,2,0,0,2,2,1,1,1,3,2,3,0,1,2,2,1,1,2,3,1,2,0,0,3,0,3,1,1,2,0,1,1,4,2,2,2,3,4,3,1,2,1,2,0,0,1,1,0,1,1,1,0,1,3,1,0,1,1,2,0,0,2,1,3,3,1,3,1,2,0,2,0,1,0,1,2,0,0,0,0,0,0,0,0,2,0,1,4,3,1,2,2,1,2,2,2,1,2,0,2,3,1,2,3,1,3,1,1,2,0,4,0,1,2,0,4,1,0,0,0,0,1,2,1,0,1,0,1,0,3,1,2,0,1,1,2,1,3,0,2,1,3,3,3,0,8,0,0,1,1,1,0,1,1,0,1,5,2,2,0,2,3,1,1,0,0,1,2,1,1,3,1,1,1,1,0,3,0,2
HOUSEHOLD_1_130_CA_1_evaluation,HOUSEHOLD_1_130,HOUSEHOLD_1,HOUSEHOLD,CA_1,CA,1,1,4,1,2,0,0,5,2,1,3,1,2,0,0,0,1,2,1,3,3,1,4,1,1,2,2,2,6,0,0,0,0,0,0,3,0,0,5,2,4,1,2,1,0,5,1,0,5,1,3,3,2,0,0,0,0,0,0,2,1,3,0,0,0,0,1,0,1,4,1,4,0,1,3,2,0,2,0,4,3,2,0,0,1,5,2,2,2,3,1,0,6,4,2,0,0,3,7,1,2,0,3,4,0,3,3,2,2,3,4,2,4,1,0,0,0,0,0,4,3,0,2,1,1,4,2,1,0,0,0,0,0,0,3,0,2,0,0,5,4,3,1,1,3,3,2,3,0,0,0,0,0,2,1,8,1,1,0,1,0,2,2,4,2,1,0,1,5,0,3,3,0,1,4,3,1,1,0,1,1,3,0,1,1,0,1,1,2,2,1,0,1,0,1,2,2,0,1,0,2,0,2,4,0,1,1,0,0,4,2,4,1,4,1,0,2,1,4,1,0,2,1,0,3,2,3,0,1,7,3,2,2,1,0,1,2,0,1,2,1,3,2,1,2,4,2,0,1,0,1,0,6,2,0,0,3,1,2,0,4,1,2,2,1,3,2,4,0,2,5,1,0,3,1,1,1,2,2,2,4,1,3,0,0,0,4,0,1,1,1,0,0,2,0,3,2,0,0,2,1,4,0,0,2,0,3,0,0,3,0,3,1,1,2,0,2,1,2,1,2,2,4,2,0,0,1,3,2,2,2,1,4,0,2,3,1,3,3,2,2,1,0,1,2,2,1,3,1,1,3,1,2,1,2,0,0,2,3,0,1,0,0,1,1,2,4,0,0,2,2,4,1,2,2,4,1,0,2,0,5,2,4,2,0,0,3,0,0,6,1,4,4,1,4,2,0,3,0,1,1,4,3,1,4,5,1,0,0,1,1,0,5,1,5,0,4,0,2,4,3,7,3,0,3,2,3,2,1,0,5,2,1,4,0,3,0,3,4,1,0,1,3,4,4,4,0,1,1,3,2,3,0,1,2,2,6,0,2,1,1,3,2,3,3,1,3,2,3,7,3,1,1,1,3,3,4,2,3,1,3,1,4,3,0,0,3,2,2,3,2,0,1,2,2,1,0,3,2,0,0,4,1,1,0,2,3,1,2,2,0,2,4,0,3,1,1,0,1,0,0,0,5,0,1,1,0,1,1,2,2,3,3,0,3,1,2,0,0,2,2,0,0,2,0,0,3,2,0,0,1,0,0,0,0,0,0,0,3,2,1,0,0,0,5,0,2,0,0,0,0,0,0,1,1,0,2,1,0,1,0,0,0,2,0,0,1,2,1,0,0,0,0,3,1,2,0,0,0,0,0,0,0,0,0,0,0,0,0,0,0,0,0,0,1,4,1,0,0,0,0,0,2,3,0,0,0,0,1,0,2,2,1,0,0,0,0,0,3,3,0,0,1,1,0,2,0,7,1,0,0,0,0,0,0,0,1,2,2,0,0,0,0,1,3,2,0,0,0,1,2,3,0,0,0,0,2,0,3,1,0,0,0,0,1,1,4,0,0,0,0,6,0,0,0,0,0,3,1,0,2,3,3,0,0,2,4,1,5,0,3,4,2,1,1,2,3,2,3,2,1,4,3,3,5,4,0,1,11,0
HOUSEHOLD_1_132_CA_1_evaluation,HOUSEHOLD_1_132,HOUSEHOLD_1,HOUSEHOLD,CA_1,CA,1,2,1,0,1,0,3,4,4,2,0,2,1,1,0,0,2,0,0,3,2,1,1,1,0,3,0,2,0,3,2,2,2,4,2,0,5,3,2,4,1,1,3,2,1,0,0,1,2,3,2,2,2,4,1,3,2,3,2,3,0,2,1,1,4,5,1,1,2,4,3,7,1,3,4,2,3,4,4,1,2,1,3,2,1,5,5,4,1,1,3,0,2,2,0,2,1,3,1,5,4,1,0,0,0,0,0,0,0,0,1,1,2,1,1,0,0,0,4,2,2,2,1,1,0,0,3,4,4,2,1,3,2,2,6,4,2,4,2,1,1,1,0,1,3,2,2,3,1,4,1,0,1,1,1,3,2,0,1,1,4,2,8,2,5,1,2,0,6,2,3,0,0,1,1,3,1,0,0,0,0,0,0,3,3,4,5,1,2,5,1,4,1,3,5,6,4,1,4,4,1,1,3,3,2,0,1,2,1,0,7,2,2,3,4,0,7,2,7,6,7,4,1,6,6,9,8,4,4,9,4,14,5,10,4,5,4,7,8,10,2,7,2,3,9,10,2,2,4,4,7,6,8,12,5,8,6,2,7,9,5,4,7,2,5,4,3,10,9,9,4,6,9,9,9,8,2,2,0,4,6,11,5,7,3,3,4,3,7,3,4,7,2,2,5,0,7,2,6,1,2,10,4,3,3,4,4,0,0,6,4,3,3,3,10,4,4,5,2,5,5,6,3,2,0,0,1,0,0,0,0,0,0,0,0,0,0,0,0,0,0,0,0,0,0,0,0,0,0,0,0,0,0,0,0,0,0,0,0,0,0,0,0,0,0,0,0,0,0,0,0,0,0,0,0,0,0,0,0,0,0,0,0,0,0,0,0,0,0,0,0,0,0,0,0,0,0,0,0,0,0,0,0,0,0,0,0,0,0,0,0,0,0,0,0,0,0,0,1,1,1,5,2,2,2,3,3,2,2,3,6,0,1,1,2,1,2,1,2,1,1,3,2,0,0,2,2,4,1,4,6,1,1,2,2,6,7,2,2,2,2,3,2,0,3,5,2,2,4,4,4,2,2,1,1,0,2,4,1,1,1,0,0,6,7,3,2,2,4,5,3,2,3,2,3,2,2,1,6,3,5,2,5,2,6,3,5,2,3,0,4,3,5,0,0,2,0,2,3,4,0,2,3,4,1,2,1,1,1,3,3,3,1,0,1,1,1,1,2,2,2,1,1,0,3,2,2,4,1,0,0,1,2,2,2,3,1,0,1,3,9,0,0,0,2,1,1,5,3,0,0,0,1,1,4,4,1,0,0,0,0,1,0,3,1,4,3,1,4,4,2,5,2,3,3,7,3,2,0,0,0,0,2,2,2,2,5,6,3,6,2,2,5,3,4,3,9,9,3,0,1,3,2,1,1,1,2,0,2,1,1,2,1,3,4,3,0,0,4,1,0,3,1,1,1,4,0,0,0,0,1,3,3,0,0,0,2,1,2,0,6,1,0,1,1,0,0,0,0,1,0,0,1,1,1,0,0,0,0,2,1,3,0,0,1,0,0,0,1,0,0,0,0,0,0,0,2,0,3,2,1,3,0,1,1,2,1,1,0,2,0,3,2,3,0,0,3,0,1,1,1,2,1,1,3,0,1,2,3,1
HOUSEHOLD_1_140_CA_1_evaluation,HOUSEHOLD_1_140,HOUSEHOLD_1,HOUSEHOLD,CA_1,CA,0,0,0,0,0,0,0,0,0,0,0,0,0,0,0,0,0,0,0,0,0,0,0,0,0,0,0,0,0,0,0,0,0,0,0,0,0,0,0,0,0,0,0,0,0,0,0,0,0,0,0,0,0,0,0,0,0,0,0,0,0,0,0,0,0,0,0,0,0,0,0,0,0,0,0,0,0,0,0,0,0,0,0,0,0,0,0,0,0,0,0,3,4,2,2,1,0,1,2,2,1,0,1,2,0,2,4,1,1,0,0,1,1,2,3,1,0,0,1,5,2,0,1,0,2,1,1,4,1,0,4,0,2,1,4,1,0,0,0,2,1,3,0,0,0,3,1,0,5,0,0,0,2,3,3,3,1,1,3,1,0,3,4,1,0,0,1,0,3,4,3,2,1,3,0,3,3,2,1,1,1,2,4,2,0,1,0,1,2,3,2,0,6,0,2,2,3,3,0,1,3,0,1,2,7,1,1,2,0,1,1,3,2,1,1,0,1,1,4,2,1,2,1,3,4,2,5,4,2,2,1,1,0,1,2,1,0,0,2,0,0,2,0,0,1,1,4,2,0,0,0,2,1,2,1,1,1,1,2,2,1,1,0,1,0,5,2,5,0,2,3,1,3,2,2,2,1,1,1,3,6,2,0,6,1,3,2,3,3,3,1,0,2,1,2,2,2,2,4,3,4,5,5,2,2,3,2,1,3,2,1,0,1,2,3,5,1,0,2,1,1,2,2,2,1,2,1,2,0,2,3,1,2,0,4,2,3,4,1,3,1,2,0,0,1,3,2,1,1,0,3,1,0,1,1,1,0,0,1,1,0,0,0,1,1,1,2,0,2,1,2,1,0,0,1,0,3,0,3,1,0,0,3,1,0,0,3,0,0,0,1,2,1,0,0,1,2,1,0,0,2,2,0,0,0,2,2,0,0,0,1,0,2,1,0,0,0,0,1,1,1,1,0,0,0,0,0,1,3,4,0,0,1,3,3,1,0,1,1,2,1,3,3,1,2,3,1,0,3,4,3,0,0,0,5,1,3,1,1,2,2,2,1,2,5,6,0,1,0,0,2,3,1,2,0,5,2,3,5,0,0,0,0,2,1,6,1,3,0,1,1,2,2,1,1,2,4,3,3,1,0,2,1,0,1,2,3,1,1,0,0,3,0,2,4,0,1,0,2,2,1,0,1,2,1,3,7,2,0,1,1,4,0,2,2,0,1,0,5,3,4,1,1,0,0,0,2,2,2,1,0,1,2,0,4,2,2,1,1,4,1,4,0,3,0,2,2,0,6,1,1,2,0,3,1,2,2,1,1,1,0,1,4,0,1,5,1,0,3,3,2,1,2,0,1,1,3,5,0,0,1,1,1,2,4,3,0,0,0,2,2,6,0,1,1,0,4,3,3,1,0,1,2,4,3,3,1,1,2,2,1,3,2,1,1,2,2,2,1,1,3,1,0,1,1,4,2,1,0,0,0,3,3,2,0,2,1,3,2,1,0,0,0,1,2,1,4,2,0,0,1,0,2,0,3,1,1,1,0,3,2,2,1,1,0,3,3,2,0,0,2,0,0,2,3,1,2,1,1,3,2,2,1,2,2,1,1,3,2,2,1,1,1,2,3,2,0,3,0,2,1,4,4,3,1,0,1,0,1,3
HOUSEHOLD_1_147_CA_1_evaluation,HOUSEHOLD_1_147,HOUSEHOLD_1,HOUSEHOLD,CA_1,CA,3,1,2,2,0,2,2,2,2,3,2,0,0,0,0,0,2,1,3,0,3,1,0,3,1,3,2,3,5,2,1,0,0,1,6,4,2,4,6,1,2,4,3,0,4,2,1,0,5,2,5,2,7,3,5,3,4,5,3,4,1,1,0,5,1,2,1,0,4,1,3,4,1,0,1,2,4,12,6,2,1,1,0,0,4,3,1,0,0,1,2,5,3,2,4,5,0,6,6,3,6,9,2,4,4,5,5,2,5,2,1,0,1,3,2,0,3,2,5,3,5,4,1,1,0,3,3,2,1,3,1,1,6,4,4,5,2,4,0,1,2,3,2,1,3,0,1,0,1,0,1,0,3,2,3,0,1,1,0,3,0,3,3,0,10,0,0,0,0,0,0,0,0,0,0,0,0,0,0,0,0,0,0,0,0,0,0,0,0,0,0,0,0,0,0,0,0,0,0,0,0,0,0,0,0,0,0,0,0,0,0,0,0,0,0,0,0,0,0,0,0,0,0,0,0,0,0,0,0,0,0,0,0,0,0,0,0,0,0,0,0,0,0,0,0,0,0,0,0,0,0,0,0,0,0,4,1,4,3,8,4,2,2,0,2,0,4,2,4,4,10,0,5,0,5,2,3,0,3,3,2,6,3,2,1,2,5,7,3,0,4,1,1,1,7,4,2,0,1,4,1,3,4,1,0,1,3,2,7,3,2,1,0,0,0,0,0,0,0,1,1,3,6,6,2,3,1,0,1,0,6,4,0,2,4,6,0,2,0,4,2,3,1,4,5,1,2,1,4,3,3,3,4,3,3,2,1,6,3,9,5,0,5,2,6,2,2,3,5,7,4,3,3,4,7,2,8,1,3,6,2,4,4,3,5,4,7,3,2,7,2,4,3,4,2,1,1,5,3,3,3,3,3,5,1,1,0,0,1,5,3,3,2,4,5,7,3,1,2,6,6,3,5,2,0,1,1,2,4,5,3,4,0,0,3,2,2,5,0,0,3,3,1,5,3,0,4,3,5,3,1,2,4,1,2,5,3,4,2,0,3,3,5,7,2,1,8,3,5,4,2,9,4,0,4,2,2,3,1,2,3,1,0,0,6,5,4,1,2,1,0,0,0,1,3,3,2,4,3,3,1,0,0,0,0,5,2,1,4,5,0,3,2,1,3,1,0,3,3,2,0,3,3,2,1,4,3,4,2,3,3,1,11,2,2,5,4,1,1,1,2,5,2,1,1,2,2,4,4,3,5,6,3,5,2,2,4,0,19,4,1,7,6,2,0,1,4,6,4,2,1,4,2,4,0,5,2,1,1,1,0,2,3,3,2,21,1,0,1,3,2,1,1,4,4,4,4,3,1,1,0,2,4,11,3,0,4,0,1,4,8,1,3,3,2,2,3,7,1,1,1,5,0,4,8,6,0,0,4,3,4,1,2,3,4,2,0,4,2,1,2,2,5,0,4,6,4,1,3,2,1,5,2,7,2,3,2,3,0,2,3,1,4,2,1,1,4,2,1,1,4,0,7,3,7,0,2,3,5,5,2,0,5,0,4,6,2,2,2,4,4,4,3,2,0,4,2,2,1,2,2,1,3,2,2,2,3,1,6,4,1,1,2,4,4,4,7,3,0,1,0,3,5,4,0,5,3,1,1,2
HOUSEHOLD_1_149_CA_1_evaluation,HOUSEHOLD_1_149,HOUSEHOLD_1,HOUSEHOLD,CA_1,CA,0,0,1,0,0,2,1,2,5,3,5,0,1,2,1,4,1,5,0,3,2,3,2,0,1,4,2,0,1,2,1,1,2,1,2,3,0,2,3,2,1,2,1,1,1,1,1,0,5,2,0,0,2,0,0,1,4,1,0,0,5,0,0,0,1,16,0,0,0,0,4,1,0,2,2,2,0,3,2,0,0,2,1,7,0,5,0,1,2,3,1,4,2,1,3,0,2,1,2,1,1,0,1,0,1,2,4,1,2,5,1,1,4,2,1,0,0,1,1,4,0,2,2,0,0,0,1,1,0,0,2,1,2,4,8,0,0,0,3,2,1,1,0,1,3,1,0,0,1,2,0,0,0,2,3,8,6,0,0,1,0,6,1,1,3,0,1,0,11,0,0,0,5,2,3,2,2,2,1,1,15,1,0,0,0,0,1,0,0,10,0,1,1,1,1,3,0,2,2,2,0,1,0,1,0,0,1,0,0,3,0,2,0,0,1,0,0,4,0,1,0,0,0,1,0,0,0,0,0,1,2,2,0,1,6,0,1,3,2,3,0,0,0,0,0,3,0,1,4,1,0,1,0,0,0,0,1,0,0,2,0,1,0,0,1,1,2,3,3,0,0,0,3,3,0,2,2,2,0,0,1,2,1,0,2,2,1,6,2,0,0,1,0,2,1,0,1,0,1,2,0,0,0,1,10,0,0,0,1,4,2,1,2,4,2,7,0,2,0,0,8,3,1,0,0,0,0,0,4,2,3,1,0,0,2,1,5,8,2,0,2,3,2,2,9,2,1,11,0,2,2,0,3,1,0,0,2,1,0,2,1,0,2,1,0,2,3,0,1,0,4,3,1,2,0,0,3,1,3,0,3,3,3,1,2,4,3,2,0,1,0,1,0,0,3,0,4,0,5,4,1,2,4,1,4,4,15,0,0,0,2,9,2,1,3,0,1,3,3,1,5,1,2,5,1,0,2,2,0,2,4,16,3,4,0,0,8,8,2,0,1,3,2,0,1,0,24,0,0,0,1,5,0,4,2,1,1,2,0,3,2,0,1,0,4,0,0,0,1,3,0,9,3,1,0,2,2,3,0,3,4,0,6,5,0,0,2,2,0,1,10,2,3,2,0,0,0,4,0,2,5,1,2,2,0,2,2,1,1,3,3,2,2,0,2,0,0,3,1,1,2,1,13,0,0,0,7,8,3,1,0,10,1,4,1,0,3,0,2,1,4,1,1,0,1,1,2,4,2,0,2,1,0,5,2,2,2,3,1,0,2,1,0,1,0,2,0,0,1,1,3,0,0,0,0,4,5,1,0,1,0,10,0,0,0,1,1,1,3,2,2,1,1,1,2,1,0,0,1,1,1,1,0,0,4,0,0,0,1,1,1,0,0,2,0,3,0,1,1,1,0,0,1,0,1,1,0,0,1,0,0,0,4,1,3,4,0,0,0,0,3,0,0,0,1,1,0,0,6,1,0,1,0,0,0,0,1,1,2,1,1,0,0,1,2,1,2,0,0,1,2,0,0,1,0,2,1,6,0,3,2,1,5,0,1,1,6,1,3,2,0,0,0,1,0,0,2,2,4,2,0,1,0,0,17,0,0,0,0,3,1,3,1,2,2,0,2,1,0,1,1,5,2,0,0,2,1,0,2,1
HOUSEHOLD_1_151_CA_1_evaluation,HOUSEHOLD_1_151,HOUSEHOLD_1,HOUSEHOLD,CA_1,CA,8,8,4,4,7,4,5,2,4,6,2,0,7,6,6,7,2,12,3,7,4,5,7,3,8,3,4,4,3,11,6,2,4,14,4,13,4,6,4,8,3,4,2,10,2,5,3,4,7,3,6,12,9,12,6,3,15,14,3,12,2,1,3,6,9,11,4,8,6,2,0,0,8,5,11,0,0,6,9,4,2,7,5,1,8,7,2,3,5,4,2,4,9,3,9,6,3,10,9,4,1,4,2,6,4,10,10,2,5,0,2,8,8,5,3,0,5,8,0,4,5,2,4,4,6,9,12,6,1,7,0,4,4,9,6,2,4,2,4,4,9,9,17,2,6,5,3,8,1,7,1,3,5,8,5,5,1,12,2,4,2,6,3,10,2,0,1,2,5,7,5,3,5,1,9,3,9,10,1,0,1,5,7,5,3,11,7,0,1,2,3,2,4,2,3,9,9,10,7,6,2,1,8,8,3,8,2,1,2,4,5,2,7,2,2,0,6,3,1,3,6,5,6,10,2,10,6,4,5,1,1,5,8,6,12,2,4,2,9,5,5,1,1,1,2,5,4,9,3,1,2,4,8,11,14,6,4,3,4,11,2,4,3,3,0,8,3,4,6,1,4,2,6,0,7,5,2,1,7,3,13,12,4,13,16,16,4,0,7,5,7,3,2,0,0,7,9,5,1,3,0,0,1,10,4,4,3,11,19,4,5,6,2,0,4,10,1,9,6,7,12,1,14,6,1,3,4,2,5,4,12,2,1,12,7,3,7,9,3,2,4,4,2,7,9,0,3,15,2,5,7,4,8,3,0,2,6,6,8,6,4,0,5,6,7,7,4,2,13,8,6,2,14,5,8,3,8,9,10,2,0,0,1,8,7,6,2,3,8,2,4,1,6,5,1,0,5,5,3,8,9,5,4,1,1,7,7,4,11,0,1,5,4,4,4,2,4,5,9,8,4,9,10,1,5,8,9,3,4,9,7,8,7,8,8,13,0,9,9,5,3,16,9,17,6,3,2,4,4,10,10,8,6,11,7,7,8,11,5,6,4,3,11,8,1,5,0,0,6,10,5,8,8,5,6,6,6,10,7,2,4,3,8,15,13,3,7,5,3,5,10,9,20,1,14,7,11,12,0,0,1,12,4,5,6,13,3,8,3,3,10,4,1,7,2,5,0,3,11,4,10,11,4,3,5,4,8,10,4,7,5,6,7,4,14,5,2,2,5,11,10,4,7,1,7,3,7,13,9,7,6,0,5,3,2,6,10,12,4,3,9,11,15,8,0,6,7,5,11,6,10,2,2,4,9,12,3,6,1,0,0,7,8,11,10,2,8,1,6,12,23,1,1,4,4,15,15,6,11,3,5,5,8,9,12,1,10,2,6,21,2,9,4,4,0,7,19,4,3,7,3,19,7,7,7,3,1,0,0,0,4,1,1,2,4,3,8,4,13,1,5,8,4,5,14,12,12,7,7,11,10,6,10,5,6,4,6,4,10,0,11,2,4,7,9,5,9,1,3,3,2,1,6,0,9,4,8,4,3,8,4,9,6,3,10,9,15,11,8,9,10,0,10,14,7,3,3,7,0,11,4,16,3,1,4,3,5,8,21,6,4,1,3,1,7,4,15,7,2,7,6,18,6,0,8,10,2,5,10,6
HOUSEHOLD_1_153_CA_1_evaluation,HOUSEHOLD_1_153,HOUSEHOLD_1,HOUSEHOLD,CA_1,CA,5,0,1,0,4,1,1,5,4,1,2,1,2,6,2,3,4,2,1,3,0,1,3,2,2,1,3,2,0,3,2,4,1,4,4,5,2,1,4,2,3,1,1,3,1,3,3,10,4,0,3,1,1,0,1,3,1,5,6,0,6,2,2,3,3,5,2,3,0,4,6,7,2,1,1,3,2,6,5,3,1,5,1,3,4,3,1,4,2,2,1,5,1,3,2,3,1,3,3,2,3,5,2,2,2,0,6,5,0,2,2,0,4,2,1,3,4,3,1,6,2,0,1,0,1,0,3,4,1,8,2,2,5,1,5,0,6,1,3,2,6,2,1,1,2,0,5,4,4,1,5,1,4,2,2,5,2,1,2,4,3,2,4,3,1,1,0,2,4,4,3,4,5,1,2,2,4,4,1,2,2,2,6,1,4,2,3,2,2,2,4,0,3,4,3,4,2,6,2,2,6,3,0,2,4,0,1,0,3,2,2,7,4,7,3,0,3,3,1,0,3,3,3,3,4,0,5,1,1,2,2,5,4,4,8,0,0,0,8,4,1,2,5,2,1,4,1,1,2,0,4,3,6,2,6,2,7,5,0,6,0,1,1,1,0,2,0,4,1,3,3,5,1,4,3,2,1,1,2,2,0,4,2,1,3,1,1,5,4,5,3,0,2,6,1,3,3,3,0,2,1,5,4,2,3,2,2,3,3,0,6,1,2,3,7,2,2,3,3,3,4,2,1,3,2,8,2,1,3,3,4,4,2,4,1,2,4,3,0,2,2,1,2,5,0,2,0,2,3,2,3,0,5,1,2,4,2,3,1,5,1,0,3,1,4,2,2,0,2,4,0,3,1,2,3,4,0,3,1,1,1,1,3,1,1,0,3,3,1,0,3,1,6,1,6,0,0,1,4,5,2,3,3,0,3,4,1,4,1,3,2,3,1,1,6,5,5,2,2,1,8,1,5,1,0,5,2,6,3,2,0,1,0,2,2,7,2,5,0,3,1,5,5,4,4,0,2,1,8,5,1,1,2,5,5,3,4,4,2,0,0,3,5,1,1,3,7,2,1,3,4,3,2,1,0,2,3,4,2,2,2,3,0,2,4,2,4,6,4,2,5,4,2,6,1,5,3,3,2,5,2,1,1,5,2,2,4,1,5,1,1,12,1,4,5,6,3,2,4,6,2,1,3,1,4,1,3,3,2,3,6,2,5,2,3,0,3,0,2,1,3,1,1,1,5,3,2,3,3,4,3,0,0,1,2,5,2,4,1,3,3,2,4,2,2,2,4,0,6,4,4,2,1,1,3,3,2,3,3,0,0,2,3,2,2,0,2,2,6,0,5,2,0,1,3,2,4,3,3,2,5,1,4,5,1,3,5,1,1,4,9,0,3,6,0,3,3,4,3,0,5,10,4,2,3,2,4,2,3,3,4,10,2,1,2,3,1,3,5,5,1,0,8,2,1,5,4,1,5,1,1,4,3,7,4,0,3,0,6,9,1,0,4,9,2,3,6,2,0,2,1,2,1,2,0,3,1,1,3,4,3,3,0,0,1,3,3,2,3,4,1,1,2,2,1,0,1,4,4,0,2,2,3,1,4,0,4,3,2,3,2,1,2,1,3,8,5,0,0,1,2,2,2,2,2,0,0,0,3,4
HOUSEHOLD_1_165_CA_1_evaluation,HOUSEHOLD_1_165,HOUSEHOLD_1,HOUSEHOLD,CA_1,CA,0,3,4,1,1,0,1,2,3,1,1,2,0,2,3,2,3,2,0,1,2,5,1,1,1,0,2,2,0,5,0,2,1,1,0,1,0,2,2,1,0,1,6,4,1,3,2,1,5,3,3,0,2,1,2,3,1,4,0,0,2,3,0,0,2,2,2,1,1,1,2,4,1,1,3,1,3,3,3,3,2,0,2,1,2,3,6,0,3,1,1,5,4,1,2,0,1,1,3,3,4,2,2,1,3,2,4,2,4,2,2,4,3,2,3,3,1,1,2,3,1,1,1,1,2,3,2,3,2,2,1,2,2,5,2,0,2,3,2,2,3,4,3,4,2,2,2,0,4,2,2,4,2,1,3,6,2,0,2,1,1,2,4,5,1,0,0,0,2,0,0,0,0,0,0,0,5,2,2,2,3,2,5,8,2,2,2,2,1,5,4,2,3,2,4,1,0,6,3,2,2,1,3,4,3,7,1,0,2,3,3,2,0,4,1,0,1,6,2,3,3,5,1,1,3,4,3,5,2,1,2,1,5,1,1,0,1,3,1,4,2,2,3,1,5,1,1,1,4,0,0,2,7,0,3,2,2,0,1,5,4,2,4,0,1,1,4,3,3,2,4,2,2,3,5,2,3,0,1,0,3,0,0,0,0,0,0,0,1,2,2,1,0,2,1,0,1,0,1,0,1,2,3,0,1,2,2,0,4,2,1,0,0,1,2,1,3,0,2,3,0,1,2,2,0,0,1,0,0,2,1,0,1,1,0,0,1,0,1,0,0,1,1,0,0,1,0,0,0,2,1,1,1,0,0,0,1,0,0,1,0,2,1,0,0,0,0,1,1,0,0,1,0,0,1,1,0,1,1,1,0,0,0,0,1,1,1,1,1,1,0,0,1,0,1,0,1,0,1,0,0,1,0,1,1,0,1,1,0,0,0,2,0,2,0,0,1,2,0,1,1,1,1,0,0,0,1,0,0,0,0,4,1,0,1,1,1,0,0,0,1,2,2,0,0,0,0,2,1,0,0,1,1,0,2,0,0,1,0,0,0,0,1,0,1,0,0,0,1,1,1,0,1,0,0,1,0,1,1,0,3,0,0,1,0,0,0,0,0,0,1,3,1,0,0,0,1,1,0,0,0,0,0,3,1,0,0,1,1,0,1,2,2,1,2,0,0,2,0,1,0,0,0,0,1,1,3,0,1,0,1,1,1,0,0,0,0,2,0,1,1,0,0,1,0,1,0,1,1,0,1,0,0,0,1,1,0,0,0,1,2,1,1,0,0,0,0,0,0,0,0,0,0,0,0,1,1,1,0,1,0,0,0,0,1,1,0,0,1,2,0,0,0,0,0,1,1,0,1,1,1,1,0,0,0,0,1,1,2,1,0,0,0,0,1,0,0,0,1,0,0,0,1,1,0,0,0,0,0,0,2,1,1,2,0,1,0,1,0,1,0,0,0,0,1,1,1,0,0,0,0,1,1,0,1,1,0,2,1,0,0,0,0,1,1,1,0,1,0,0,0,0,0,1,0,0,1,0,2,3,1,0,0,0,0,1,1,2,2,0,0,0,0,0,0,0,1,1,0,0,0,0,0,0,0,1,0,0,1,0,0,1,1,0,0,0,0,0,0,0,0,1,0,0,2,0,1,1,0,0
HOUSEHOLD_1_169_CA_1_evaluation,HOUSEHOLD_1_169,HOUSEHOLD_1,HOUSEHOLD,CA_1,CA,3,3,5,1,2,3,3,4,11,3,2,1,2,3,6,8,4,6,3,5,6,4,4,6,4,1,1,3,4,8,0,5,5,1,10,12,6,0,1,9,1,5,4,4,3,7,0,0,0,4,6,4,3,1,4,8,4,4,5,2,4,1,4,1,9,1,3,6,3,7,6,6,3,5,0,9,8,4,5,5,3,3,1,5,3,6,2,2,2,4,1,3,7,8,8,1,6,1,4,6,3,4,4,4,7,0,9,4,4,3,3,5,4,5,8,2,5,0,4,1,6,3,0,0,0,3,4,6,6,0,0,3,5,3,3,6,4,2,0,7,5,4,7,1,2,4,3,2,6,8,0,2,2,6,6,6,2,0,0,3,8,8,7,5,3,3,2,4,6,2,0,1,1,1,0,5,4,2,4,4,1,2,3,3,7,2,8,0,2,1,7,9,2,4,1,2,7,8,2,2,6,5,2,3,9,3,4,3,1,1,4,6,6,3,3,0,3,4,2,9,5,1,4,3,6,3,4,1,6,2,2,2,6,2,2,1,2,3,3,6,3,5,6,0,4,5,10,2,2,3,2,3,5,6,0,4,1,3,0,5,4,2,1,1,4,2,3,3,2,3,1,1,3,1,6,3,0,5,2,1,2,7,5,5,2,1,3,6,3,3,1,1,2,4,8,7,1,1,1,1,4,2,7,1,1,3,2,0,2,4,6,2,3,2,5,1,4,4,1,3,0,1,1,10,0,3,0,2,5,1,4,1,5,4,5,3,1,4,3,5,2,0,2,2,1,3,1,1,6,6,0,2,5,5,1,6,2,5,7,4,4,4,2,6,5,12,5,1,3,0,2,5,6,2,3,3,2,6,6,3,7,2,4,0,0,4,6,5,3,2,2,6,4,8,2,5,3,3,4,4,6,3,1,3,1,2,0,5,2,3,4,2,1,3,4,3,3,2,3,7,3,4,6,2,5,1,3,1,4,3,1,3,0,3,1,8,4,2,2,1,7,5,8,5,2,2,1,4,4,6,7,4,2,5,4,4,4,5,2,4,1,1,1,6,2,8,5,1,7,2,2,3,9,6,7,7,1,5,2,0,4,1,0,4,7,6,0,3,1,6,2,9,1,2,1,4,4,8,8,5,3,3,1,2,2,11,6,5,2,2,1,5,9,1,4,2,3,3,6,5,6,1,2,8,4,7,4,5,5,2,6,3,3,11,5,4,0,0,0,1,7,2,3,4,1,2,6,10,2,4,5,2,1,1,2,0,2,4,6,5,6,10,3,3,0,2,0,1,6,1,3,3,2,5,3,5,2,2,3,4,0,4,5,0,4,2,2,5,6,1,1,1,2,7,4,3,12,4,6,0,18,2,4,3,4,2,7,0,2,7,7,9,4,1,2,3,3,6,3,0,6,0,4,4,7,5,6,5,1,3,2,6,7,2,1,2,11,5,5,7,6,8,3,5,5,5,7,4,5,1,6,9,9,6,5,3,5,7,3,2,5,5,5,6,4,2,6,9,2,4,3,8,6,2,4,0,0,1,1,5,9,0,0,0,0,0,0,0,1,1,3,1,0,0,2,6,3,0,1,0,3,6,4,1,0,1,1,1,2,0,0,3,2,2,4,1,1,2,3,0,1,1,4,1,3,0,1,1,1,3
HOUSEHOLD_1_170_CA_1_evaluation,HOUSEHOLD_1_170,HOUSEHOLD_1,HOUSEHOLD,CA_1,CA,1,0,3,0,0,0,0,0,0,0,3,0,0,2,1,2,1,0,2,0,1,1,1,0,0,0,1,0,0,0,1,0,1,1,0,1,2,0,1,0,2,1,2,4,1,1,0,3,1,1,0,1,0,0,1,0,3,1,2,1,0,3,1,2,0,1,2,1,0,2,3,0,1,2,3,1,0,0,0,0,0,0,0,0,0,0,0,4,1,1,3,1,2,3,1,0,2,4,1,2,1,2,1,1,4,3,0,1,2,0,3,0,1,0,2,2,0,0,0,0,3,1,0,2,1,2,3,0,1,0,4,0,2,2,1,1,2,2,0,2,2,0,0,1,0,0,1,1,2,2,1,2,4,1,2,1,0,1,0,0,0,1,2,4,3,1,0,0,0,4,0,0,1,1,0,0,1,2,1,1,1,1,0,4,2,4,0,0,0,0,0,1,1,0,1,2,0,1,2,2,2,0,0,1,0,1,0,1,0,2,0,0,1,2,1,0,2,2,2,2,0,0,0,3,3,1,0,0,0,0,0,1,3,1,1,2,1,1,1,1,1,0,1,1,0,1,3,0,0,0,0,0,2,0,0,0,0,1,0,0,0,3,1,0,0,0,3,0,1,0,0,1,1,0,1,2,1,3,2,1,0,4,1,0,0,0,4,2,0,0,1,2,0,0,2,5,2,0,1,0,0,1,2,0,0,3,0,2,0,1,0,3,0,0,1,0,1,0,2,0,0,0,0,1,0,0,0,0,0,1,1,0,0,1,0,2,1,2,0,0,0,0,4,1,1,0,0,1,0,2,2,0,2,0,1,0,1,2,1,0,2,1,0,0,1,1,1,1,0,1,1,2,1,0,1,1,0,2,0,0,0,0,0,0,0,0,0,0,0,0,0,3,2,0,0,0,0,1,0,0,0,1,0,0,1,0,1,1,1,1,1,1,0,3,1,0,0,0,0,3,3,0,0,0,1,0,2,0,0,0,1,2,2,0,0,0,0,0,1,0,0,0,1,2,0,0,0,1,0,1,3,1,1,3,0,0,0,0,1,0,0,1,4,1,0,0,0,0,0,0,0,1,0,0,0,3,0,3,2,0,0,0,0,1,1,1,1,0,2,3,1,2,0,4,0,1,1,1,2,1,0,0,0,0,1,1,0,1,2,5,0,0,1,2,0,5,0,0,1,1,0,5,0,2,3,0,2,1,1,0,2,0,0,0,1,2,0,0,2,1,0,0,1,0,0,0,1,0,3,0,0,0,0,0,0,1,0,2,1,1,5,0,0,3,0,1,0,2,0,2,1,0,1,1,1,0,0,1,2,1,0,0,1,0,1,0,0,0,3,0,0,0,0,0,0,0,0,3,2,0,0,5,0,0,2,1,1,1,0,0,0,0,0,1,0,0,4,1,0,0,1,0,1,0,2,2,0,0,0,4,3,0,2,0,0,0,2,1,2,1,0,0,0,0,1,1,1,2,0,1,1,3,1,0,0,1,0,1,2,1,2,2,0,3,0,3,0,0,1,0,0,3,1,3,0,0,3,3,0,0,2,1,0,0,1,0,3,0,1,1,0,3,1,0,0,1,0,0,0,3,3,0,0,4,0,0,0,1,1,1,4,1,1,0,0,3,2,0,3,1,1,0,0,3,1,0,0,1,2,2
HOUSEHOLD_1_173_CA_1_evaluation,HOUSEHOLD_1_173,HOUSEHOLD_1,HOUSEHOLD,CA_1,CA,9,12,3,11,0,8,4,3,19,3,3,6,4,2,3,20,3,6,0,2,3,5,17,11,5,10,2,10,8,22,0,0,0,0,0,0,0,0,0,7,9,5,10,39,5,0,0,1,2,15,7,0,0,6,2,6,1,9,3,2,2,1,3,5,9,13,2,11,4,6,12,20,7,5,3,3,4,3,8,0,0,0,0,0,0,8,3,3,6,1,2,4,12,13,9,1,1,1,4,26,12,4,10,5,0,0,0,0,0,0,0,0,5,14,6,0,0,0,0,20,22,8,3,3,6,0,4,12,4,9,0,0,2,11,13,7,4,5,1,6,7,8,11,2,6,0,2,5,6,4,2,0,6,1,14,6,13,3,5,1,2,2,9,10,1,4,0,0,8,10,9,1,2,0,4,0,16,5,4,0,3,3,4,5,3,0,2,0,0,5,1,2,1,2,2,10,9,4,8,1,11,3,0,5,6,2,5,0,6,0,4,3,5,8,2,0,3,1,9,8,2,4,0,1,2,5,1,7,0,1,3,9,4,4,6,3,3,6,3,2,3,3,4,2,6,5,13,0,7,3,1,0,3,4,2,1,2,3,1,1,8,6,0,1,1,2,6,2,2,3,4,1,1,5,6,2,7,4,0,0,10,4,11,1,1,3,0,7,9,5,6,3,1,3,7,4,1,0,3,1,9,3,6,2,3,3,2,0,6,2,6,3,3,1,1,10,3,3,3,4,1,1,2,4,2,4,1,2,5,0,8,4,9,0,0,4,7,9,1,4,3,6,8,4,5,6,4,6,6,2,5,4,9,2,2,2,2,1,8,3,0,3,1,1,6,5,4,2,5,1,4,4,14,9,8,1,5,9,3,5,4,3,4,2,0,0,0,0,0,5,0,5,4,3,4,3,9,1,4,5,7,0,0,0,0,0,11,1,4,4,1,0,4,5,11,13,4,2,7,2,5,11,1,2,5,3,9,2,14,3,1,4,0,0,0,1,6,4,5,4,17,1,8,0,0,0,3,5,3,5,8,1,0,9,0,3,9,5,0,0,0,0,1,12,1,4,6,8,3,9,7,3,9,4,4,4,4,9,3,3,4,0,3,3,5,12,2,4,2,4,3,6,6,7,9,0,1,8,5,6,2,1,11,0,3,7,6,7,3,4,5,4,7,2,8,7,6,2,4,4,6,9,3,0,2,3,15,12,4,3,0,0,0,12,2,3,2,1,6,5,2,2,3,6,7,4,4,5,0,1,6,1,0,7,11,4,1,9,8,10,8,8,4,2,3,7,1,3,6,1,3,3,3,3,2,3,3,0,0,0,0,8,4,8,6,5,3,7,4,2,3,1,4,4,1,9,8,2,5,4,2,4,4,9,3,0,0,2,3,5,6,5,3,4,2,4,3,7,3,0,4,1,0,1,13,4,5,0,7,4,5,13,2,8,1,3,10,7,3,3,8,3,2,0,1,10,0,2,3,6,7,10,17,3,4,3,2,3,10,8,3,0,0,1,7,3,14,7,1,5,4,5,8,8,4,2,4,1,2,10,3,4,1,3,2,0,7,8,6,4,1,0,0,5,12,10,4,2,1,5,2,1,2,4,8,2,1,5,8,3,2,4,1,12,1,8,2,7,8,5,4,4,4,2,4,1,4,1,1,2
HOUSEHOLD_1_175_CA_1_evaluation,HOUSEHOLD_1_175,HOUSEHOLD_1,HOUSEHOLD,CA_1,CA,0,0,0,0,0,0,0,0,0,0,0,0,0,0,0,0,0,0,0,0,0,0,0,0,0,0,0,0,5,0,0,0,0,0,0,0,0,0,0,0,0,0,0,0,0,0,0,0,0,0,0,0,0,0,0,0,0,0,0,0,0,0,0,0,0,0,0,0,0,0,0,0,0,0,0,0,0,0,0,0,0,0,0,0,0,0,0,0,0,0,0,0,0,0,0,0,0,0,0,0,0,0,0,0,0,0,0,0,0,0,0,0,0,0,0,0,0,0,0,0,0,0,0,0,0,0,0,0,0,0,0,0,0,0,0,0,0,0,0,0,0,0,0,0,0,0,0,0,0,0,0,0,0,0,0,0,0,0,0,0,0,0,0,0,0,0,0,0,0,0,0,0,0,0,0,0,0,0,0,0,0,0,0,0,0,0,0,0,0,0,0,0,0,0,0,0,0,0,0,0,0,0,0,0,0,0,0,0,0,0,0,0,0,0,2,0,0,5,1,0,1,1,0,0,0,0,0,0,0,0,0,0,2,0,0,0,0,0,0,2,0,0,0,0,4,0,0,0,0,0,0,0,2,1,2,0,0,0,0,1,4,0,0,0,1,0,0,0,0,0,0,0,0,0,0,0,0,0,0,0,0,0,0,0,0,0,0,0,0,0,0,0,1,0,0,2,0,2,1,0,0,0,0,0,0,0,0,0,0,0,2,2,0,0,0,1,1,0,2,2,0,0,0,0,0,0,7,0,4,2,4,0,2,0,0,2,3,0,0,0,0,0,1,0,1,0,1,2,0,0,0,0,0,0,1,1,1,2,2,0,3,1,1,0,0,0,0,2,2,2,0,0,0,0,0,3,1,0,2,0,1,0,2,2,3,2,1,1,1,0,0,3,0,1,8,1,1,0,3,2,2,1,3,0,1,3,1,0,6,0,0,2,1,1,5,0,1,1,1,2,2,5,6,1,0,0,3,3,0,2,2,2,0,0,8,3,3,2,2,2,2,1,1,3,0,0,0,2,0,6,1,1,0,1,3,11,1,2,0,0,2,0,0,0,0,0,0,0,0,0,0,0,0,0,0,0,0,1,2,0,2,3,1,0,6,2,1,1,0,0,3,0,1,0,0,1,1,2,1,0,0,1,0,1,1,5,0,0,0,0,1,1,4,4,1,0,0,2,2,0,1,0,2,2,0,1,1,0,1,0,0,1,2,1,1,0,2,0,3,1,1,0,2,0,0,2,2,0,3,1,0,0,2,2,0,0,1,0,1,1,1,1,1,0,3,1,2,1,4,0,1,1,0,0,1,0,0,0,1,0,0,2,0,0,1,2,1,2,1,2,2,0,0,1,0,1,2,3,1,0,0,1,1,2,1,0,3,0,2,0,1,3,2,0,1,2,4,0,1,0,3,1,0,0,3,1,0,0,0,1,2,0,2,2,0,0,0,0,2,0,3,2,1,1,0,5,2,1,0,1,2,0,2,0,0,8,4,1,0,2,2,0,0,5,0,3,2,1,2,1,0,0,0,0,3,3,1,1,2,1,1,1,1,1,0,3,2,3,2,0,0,1,0,1,0,0,0,1,1,6,2,3,2,0,0,3,3,1,1,4,0,1,1,0,0,0,1,0,2,1,1,2,2,2,0,6,1,1,0,7
HOUSEHOLD_1_177_CA_1_evaluation,HOUSEHOLD_1_177,HOUSEHOLD_1,HOUSEHOLD,CA_1,CA,0,0,0,0,0,0,0,0,0,0,0,0,0,0,0,0,0,0,0,0,0,0,0,0,0,0,4,6,4,7,3,2,2,0,0,4,4,2,0,4,6,1,4,5,4,0,5,2,2,0,2,0,3,5,0,5,4,4,3,3,1,1,5,3,6,4,5,4,2,3,6,5,4,3,1,3,4,0,7,2,2,1,1,5,4,3,2,0,3,2,1,0,3,3,3,1,4,1,6,3,3,2,2,6,2,1,1,3,0,1,2,0,10,0,0,0,0,0,0,0,4,5,7,1,2,1,2,5,1,0,3,2,2,4,2,3,2,2,1,3,1,2,4,1,0,0,2,5,3,5,3,0,3,1,2,2,5,1,0,1,1,5,3,7,1,4,0,1,1,6,2,2,1,1,2,6,4,1,2,1,3,2,5,3,1,3,5,0,1,1,3,4,2,1,4,3,4,3,1,3,1,1,4,6,4,3,2,2,0,1,6,5,1,2,3,0,1,5,4,2,1,1,2,9,2,3,2,2,0,2,2,3,5,3,0,2,0,0,1,4,8,3,3,0,4,0,2,3,1,2,1,2,4,2,3,3,1,4,3,6,4,3,6,0,0,0,0,0,0,0,0,4,2,4,4,3,0,1,2,7,1,6,7,5,2,1,4,3,1,2,0,4,1,1,0,6,3,2,0,0,3,3,2,3,1,1,2,1,1,2,3,2,4,4,4,5,1,9,0,2,3,6,2,2,1,4,1,0,5,4,3,4,2,2,1,3,6,5,0,1,0,2,1,8,4,3,6,3,0,1,4,3,1,0,1,2,3,6,2,2,0,4,3,4,1,8,0,1,1,2,2,2,9,6,0,0,0,0,0,0,0,0,0,0,0,0,8,7,2,3,2,0,2,1,4,2,0,5,5,1,10,3,2,5,2,4,1,1,3,1,1,0,9,2,4,3,2,2,2,3,3,1,0,6,3,2,5,3,2,3,0,1,1,1,4,0,2,2,2,1,3,7,4,0,1,2,2,1,2,1,1,1,2,3,2,1,2,1,1,1,1,3,4,2,1,2,0,3,3,6,2,1,2,1,4,1,2,4,4,0,3,2,0,3,5,0,1,2,0,1,2,4,2,2,1,0,3,3,2,0,4,3,2,3,3,8,5,3,3,5,4,1,5,3,1,2,0,2,2,3,1,0,1,2,2,3,2,7,5,1,2,1,3,0,5,6,6,0,1,3,3,4,2,1,0,1,3,4,4,2,3,1,3,12,4,3,2,0,2,4,3,2,3,3,1,2,1,2,1,3,2,3,1,1,2,1,3,0,2,0,0,2,2,0,2,3,3,2,1,2,4,0,0,0,0,0,3,1,3,0,1,0,8,1,2,0,0,1,2,0,3,0,1,1,0,2,5,2,1,1,3,4,5,3,1,4,0,2,2,1,5,2,2,2,1,1,2,5,2,0,1,1,1,3,6,3,0,2,1,3,1,2,4,2,1,6,2,2,0,0,1,4,1,1,3,2,0,4,2,3,3,6,3,1,1,1,2,5,2,3,6,6,0,1,0,0,0,0,0,0,0,0,0,0,0,0,0,0,0,0,0,0,0,0,0,0,0,0,0,0,0,0,0,0,0,0,0,0,0,0,0,0,0,0,0,0,0,0,0,0
HOUSEHOLD_1_179_CA_1_evaluation,HOUSEHOLD_1_179,HOUSEHOLD_1,HOUSEHOLD,CA_1,CA,0,0,0,0,0,0,0,0,0,0,0,0,0,0,0,0,0,0,0,0,0,0,0,0,0,0,0,0,0,0,0,0,0,0,0,0,0,0,0,0,0,0,0,0,0,0,0,0,0,0,0,0,0,3,12,6,11,6,3,3,4,3,18,7,7,14,5,2,0,9,2,8,5,2,1,2,6,9,7,7,11,2,0,6,7,6,12,2,1,5,2,6,4,1,9,3,4,1,7,2,3,4,3,4,4,2,11,12,7,0,1,1,1,6,6,4,2,5,6,3,16,8,5,9,3,4,4,6,1,3,2,1,4,0,1,4,2,0,0,0,1,6,1,0,0,1,1,1,0,0,2,0,1,0,0,0,0,0,0,0,0,0,0,1,0,0,2,0,1,2,2,0,1,0,0,0,2,0,0,0,0,4,8,1,2,0,0,3,0,0,1,5,0,3,2,0,1,0,0,0,0,0,0,0,0,0,0,0,0,0,0,5,5,5,6,0,5,2,3,5,4,0,3,2,10,4,0,1,0,2,3,5,1,6,3,3,3,5,5,3,7,2,6,6,6,8,7,2,1,3,6,0,1,8,6,2,6,7,5,4,10,6,4,9,1,3,4,0,9,2,5,2,1,1,2,8,0,0,2,2,1,3,2,2,2,0,3,7,0,2,3,1,1,1,7,7,9,5,5,0,8,11,8,3,2,1,4,0,0,0,7,1,2,1,2,9,10,4,4,3,5,1,5,3,1,5,3,2,0,7,23,15,1,5,2,1,9,8,6,4,10,5,4,5,1,4,4,5,2,2,10,1,2,8,2,1,1,0,8,5,2,6,5,7,7,5,9,1,0,7,0,5,1,6,4,2,0,0,4,8,5,10,6,6,6,5,11,4,7,1,3,1,4,5,2,8,7,3,1,6,9,4,8,7,5,9,9,14,3,9,2,10,9,12,8,4,0,5,5,2,10,15,2,4,2,4,6,15,15,9,11,4,10,9,7,7,1,7,4,0,2,11,5,9,4,10,5,13,6,10,5,3,5,3,6,5,13,3,5,3,6,6,5,15,7,9,6,2,3,14,1,0,0,0,0,0,1,5,2,14,1,3,11,9,1,5,3,1,4,3,1,5,6,11,11,1,11,10,12,11,7,8,9,14,10,6,7,0,12,3,10,13,9,7,1,3,4,2,6,14,9,3,1,10,9,14,8,2,11,3,5,9,9,18,5,6,5,0,9,4,10,11,7,6,8,5,11,7,8,2,11,6,5,3,2,1,3,5,5,5,5,6,6,3,9,6,5,8,2,5,1,1,6,2,11,9,2,4,5,2,0,2,2,5,2,0,0,0,0,0,4,0,0,3,2,21,10,7,4,4,3,6,5,9,10,1,4,3,6,14,9,8,0,3,1,2,11,6,6,4,8,7,4,4,4,8,1,4,2,0,6,3,10,0,3,7,4,4,0,9,5,0,2,1,4,3,3,0,4,1,3,9,3,0,0,1,2,1,2,1,0,6,4,3,0,2,1,0,3,0,3,0,2,0,4,0,3,2,1,4,4,2,0,2,3,1,2,4,1,1,2,0,0,2,1,2,3,2,1,1,0,4,1,0,0,0,1,1,1,4,3,1,1,1,15,1,0,0,0,4,2,8,5,5,1,3,2,5,10,2
HOUSEHOLD_1_180_CA_1_evaluation,HOUSEHOLD_1_180,HOUSEHOLD_1,HOUSEHOLD,CA_1,CA,3,1,0,1,0,1,5,2,3,4,2,2,3,0,2,2,3,1,1,1,4,3,2,0,0,1,1,1,1,2,0,1,3,0,1,3,1,3,2,1,1,1,0,6,2,3,0,5,1,2,2,2,2,0,1,1,3,2,4,0,1,1,1,1,1,3,0,1,0,2,1,2,2,5,1,0,1,0,2,1,2,0,4,0,1,7,2,2,1,0,0,2,3,1,7,0,0,5,3,1,2,1,0,2,1,0,2,1,0,1,0,1,3,3,3,1,1,3,0,0,0,0,0,0,0,0,0,2,1,4,1,0,1,1,1,1,3,2,1,1,2,3,0,1,1,1,1,1,3,1,3,1,0,1,0,3,2,1,0,2,1,1,3,1,0,0,0,3,0,3,1,7,0,0,0,0,0,0,0,1,1,0,2,0,2,2,2,0,7,2,8,2,2,3,2,0,1,1,0,1,5,2,2,4,3,3,1,1,0,0,2,0,1,0,1,0,2,1,1,4,1,0,1,4,3,3,2,3,0,2,1,2,5,5,0,2,0,1,4,3,5,0,1,2,3,7,2,0,0,1,1,1,3,3,3,4,3,3,3,6,4,3,3,3,1,0,4,4,1,3,1,1,1,2,1,7,1,1,0,3,2,6,2,2,3,2,1,3,2,8,1,1,3,3,1,3,4,4,0,0,3,4,1,3,1,3,1,1,5,3,4,0,4,2,4,3,0,5,2,1,2,4,6,3,5,4,2,4,2,5,4,2,1,3,1,1,2,0,0,0,0,0,0,0,6,6,3,2,3,1,5,5,3,6,3,0,3,8,3,0,1,2,0,2,3,2,2,4,0,0,2,7,4,5,0,4,1,0,4,4,2,2,0,1,1,2,5,4,1,4,2,6,3,4,4,3,0,1,1,1,5,3,2,0,0,0,0,0,0,1,4,2,2,2,2,2,1,2,1,3,0,4,1,0,3,1,3,2,2,1,3,1,1,3,2,4,2,3,0,1,1,2,6,1,1,4,1,0,2,3,4,4,1,1,2,2,6,3,1,2,1,0,5,4,1,1,2,2,5,0,5,4,3,0,1,5,6,5,3,3,4,0,5,2,2,2,3,3,2,0,4,5,2,4,0,4,3,4,8,6,0,1,1,3,1,6,1,2,4,0,2,3,4,3,3,0,1,3,2,3,3,3,2,1,6,6,4,3,1,4,2,0,0,1,4,4,3,0,1,3,10,1,1,1,2,1,2,7,5,2,7,1,0,4,1,8,2,1,3,3,7,5,2,3,5,2,3,5,3,2,1,3,2,1,3,4,1,1,5,1,0,3,2,1,4,2,5,0,4,4,3,1,0,2,6,4,2,6,4,1,4,2,1,3,1,1,1,0,3,2,7,3,2,1,0,5,4,9,3,1,3,1,4,8,1,2,2,0,0,0,7,5,7,1,3,1,4,2,5,5,2,5,3,3,6,6,2,3,0,1,3,4,6,4,5,1,3,6,8,8,3,0,4,1,4,4,4,3,2,3,2,4,4,7,3,1,1,3,0,4,3,5,2,4,3,2,5,3,0,3,2,5,6,2,1,3,3,5,5,2,6,1,7,8,1,2,0,6,4,1,2,3,2,1,5,1,1,1,3,2,4,5,5,0,0,2,1,3,2,2
HOUSEHOLD_1_186_CA_1_evaluation,HOUSEHOLD_1_186,HOUSEHOLD_1,HOUSEHOLD,CA_1,CA,0,0,0,0,0,0,0,0,0,0,0,0,0,0,0,0,0,0,0,0,0,0,0,0,0,0,0,0,0,0,0,0,0,0,0,0,0,0,0,0,0,0,0,0,0,0,0,0,0,0,0,0,0,0,0,0,0,0,0,0,0,0,0,0,0,0,0,0,0,0,0,0,0,0,0,0,0,0,0,0,0,0,0,0,0,0,0,0,0,0,0,0,0,0,0,0,0,0,0,0,0,0,0,0,0,0,0,0,0,0,0,0,0,0,0,0,0,0,0,0,0,0,0,0,0,0,0,0,0,0,0,0,0,0,0,0,0,0,0,0,0,0,0,0,0,0,0,0,0,0,0,0,0,0,0,0,0,0,0,0,0,0,0,0,0,0,0,0,0,0,0,0,0,0,0,0,0,0,0,0,0,0,0,0,0,0,0,0,0,0,0,0,0,0,0,0,0,0,0,0,0,0,0,0,0,0,0,0,0,0,0,0,0,0,0,0,0,0,0,0,0,0,0,0,0,0,0,0,0,0,0,0,0,0,0,0,0,0,0,0,0,0,0,0,0,0,0,0,0,0,0,0,0,0,0,0,0,0,0,0,0,0,0,0,0,0,0,3,5,4,3,0,1,0,0,0,3,2,0,0,1,4,1,4,3,1,0,0,2,4,4,3,0,2,2,0,1,0,3,2,1,0,0,0,0,0,0,0,0,0,0,0,0,0,0,0,0,0,0,0,4,2,0,8,6,5,8,8,4,8,12,7,5,7,8,10,7,0,0,0,0,0,0,0,7,3,2,7,2,3,6,3,2,3,5,3,2,2,2,5,3,4,4,1,3,2,8,5,2,5,2,1,12,7,3,5,10,2,7,2,5,6,2,9,3,2,6,1,6,2,5,7,6,6,2,5,5,2,4,3,5,4,3,3,5,4,3,6,4,2,5,5,4,4,2,3,4,4,1,3,4,3,6,3,1,3,1,4,1,3,3,2,4,4,3,8,1,2,4,3,4,2,3,0,7,1,3,3,3,2,2,1,1,3,0,4,2,1,2,1,1,1,2,3,1,1,1,4,6,2,1,2,2,0,2,1,3,2,0,2,1,1,2,0,1,3,2,1,4,3,0,2,2,0,3,0,3,1,7,4,0,0,0,4,1,5,2,0,3,5,1,3,2,0,3,3,2,5,2,2,4,3,2,2,1,2,8,2,0,0,1,1,4,4,1,0,3,2,2,4,3,4,0,1,1,0,4,6,4,2,0,0,1,0,1,2,0,0,4,0,2,3,4,2,2,3,2,3,2,1,0,0,2,2,3,3,4,2,1,0,0,3,2,2,3,0,1,1,5,2,3,4,1,1,0,6,1,3,0,2,2,2,2,1,1,2,3,4,2,0,6,1,1,6,1,6,2,6,4,3,6,3,6,1,1,2,3,2,2,1,4,3,2,0,4,2,0,1,4,4,2,2,2,4,5,0,3,2,1,4,4,2,2,1,2,3,1,2,6,2,5,1,3,3,3,4,6,0,1,3,1,3,2,2,2,3,2,3,2,2,4,4,2,2,1,0,6,6,5,1,4,1,3,3,0,2,1,5,0,4,0,1,2,1,0,2,0,2,4,1,1,3,2,2,5,0,0,0,2,1,3,2,2,1,1,2,5,3,4,2
HOUSEHOLD_1_188_CA_1_evaluation,HOUSEHOLD_1_188,HOUSEHOLD_1,HOUSEHOLD,CA_1,CA,3,0,0,3,2,1,3,4,1,5,5,1,0,1,7,1,1,0,0,2,0,0,0,0,0,0,3,2,2,2,1,0,1,3,1,0,3,0,2,0,2,1,1,1,2,1,0,0,2,1,2,1,2,1,0,5,2,2,1,1,2,2,3,1,0,1,0,0,0,0,2,3,2,2,2,1,1,3,2,2,1,2,0,5,1,4,1,1,2,1,1,5,4,2,3,0,0,4,2,1,2,3,1,1,2,2,1,5,2,1,2,0,0,0,0,0,1,0,5,2,2,2,2,2,4,1,1,2,1,4,4,2,1,2,0,0,1,0,1,2,4,0,0,0,1,5,1,2,1,3,0,2,6,3,1,0,2,0,1,1,3,3,1,4,1,1,0,0,1,4,1,0,1,0,3,1,2,2,0,0,5,0,1,0,5,1,0,0,0,2,1,1,0,4,0,4,0,0,2,1,1,0,1,2,3,0,2,0,0,0,1,1,2,0,1,0,1,2,5,1,1,0,1,2,3,2,2,0,1,1,0,4,2,1,1,1,0,0,2,1,0,2,0,0,1,1,3,0,1,0,0,1,3,0,0,3,0,6,1,1,1,3,0,1,1,0,0,1,1,3,1,4,0,2,3,2,1,1,1,2,2,0,1,2,0,1,1,3,0,0,2,0,3,3,2,1,1,0,3,0,0,1,1,1,1,2,2,1,2,1,3,0,2,0,1,2,0,1,0,0,0,3,2,2,1,6,0,1,1,1,0,1,0,3,0,2,1,3,2,2,1,2,1,1,3,1,1,1,2,0,3,2,1,1,1,0,1,2,3,1,1,1,1,2,1,0,1,1,1,0,1,7,1,1,0,0,1,2,0,1,2,2,3,1,0,2,1,1,4,0,6,1,1,0,0,1,2,2,1,2,2,0,2,0,0,0,2,0,2,0,0,0,1,0,3,2,0,0,2,2,3,2,1,1,2,0,0,1,1,3,0,0,2,2,4,2,1,6,0,1,0,3,1,1,0,1,1,3,2,2,2,2,1,1,1,2,3,0,1,1,1,1,3,0,2,2,3,2,0,5,1,0,0,1,0,0,0,1,1,1,1,1,4,0,2,0,2,3,2,2,0,1,1,0,1,2,4,3,1,2,0,3,0,3,0,3,1,1,0,0,2,1,0,1,0,0,0,2,4,4,2,1,0,0,0,1,2,0,3,0,1,5,2,1,1,2,1,0,1,4,2,1,2,2,0,0,1,4,3,2,3,0,1,4,2,1,0,3,1,2,1,2,1,1,2,3,0,2,1,1,0,0,0,0,0,3,2,0,1,1,0,3,0,0,1,0,1,1,2,2,0,1,1,0,1,0,2,0,1,2,2,1,0,1,1,1,0,2,1,1,3,1,1,0,1,2,0,3,2,1,2,1,1,0,4,0,2,0,1,1,0,2,2,2,1,2,0,2,2,1,0,1,1,1,2,3,4,0,2,2,1,2,0,0,1,1,3,1,2,4,2,0,0,4,2,1,2,1,1,1,2,0,1,0,0,1,1,0,0,1,3,0,3,3,2,0,3,3,2,2,0,1,0,1,2,1,0,2,2,1,1,0,0,1,1,0,2,2,3,2,0,1,0,0,1,0,0,2,4,2,1,1,0,0,2,1,0,0,2,0
HOUSEHOLD_1_191_CA_1_evaluation,HOUSEHOLD_1_191,HOUSEHOLD_1,HOUSEHOLD,CA_1,CA,5,0,0,0,0,0,3,7,3,2,5,4,1,3,5,13,5,3,1,1,4,11,6,7,6,10,6,4,12,10,3,3,0,3,4,13,9,10,6,0,0,0,3,14,6,0,0,0,0,0,0,0,0,0,0,0,0,0,0,0,0,0,0,0,0,0,0,0,0,0,0,0,0,0,0,0,0,0,0,0,0,0,0,0,0,0,0,0,0,0,0,0,0,0,0,0,0,0,0,0,0,0,0,0,0,0,0,0,0,0,0,0,0,0,0,0,0,0,0,0,0,0,0,0,0,0,0,0,0,0,0,0,0,0,0,0,0,0,0,0,0,0,0,0,0,0,0,0,0,0,0,0,0,0,0,0,0,0,0,0,0,0,0,0,0,0,0,0,0,0,0,0,0,0,0,0,0,0,0,0,0,0,0,0,0,0,0,0,0,0,0,0,0,0,0,0,0,0,0,0,0,0,0,0,0,0,0,0,0,0,0,0,0,0,0,0,0,0,0,0,0,0,0,0,0,0,0,8,2,0,6,11,13,3,2,6,5,8,11,4,11,5,8,0,0,0,0,0,0,0,0,0,0,2,0,0,1,0,0,0,0,0,0,0,0,0,0,6,6,0,0,0,0,0,12,0,6,3,6,5,10,5,0,9,14,1,1,12,12,0,0,0,14,9,0,0,3,5,2,7,2,12,4,4,6,2,6,6,0,10,6,8,5,10,8,1,0,0,0,0,0,0,0,7,0,0,0,7,5,0,7,4,0,0,3,10,17,0,0,0,0,0,0,0,9,8,6,6,8,6,8,2,5,10,10,8,4,12,3,8,8,5,5,7,5,6,9,6,10,4,4,15,12,7,12,12,7,7,4,11,2,4,4,3,5,8,18,3,4,3,17,5,8,3,6,8,5,5,5,10,6,11,9,5,11,7,8,9,11,6,8,5,6,9,12,13,5,0,5,6,9,10,4,4,3,3,4,6,6,6,8,7,9,2,2,17,18,13,0,8,11,4,17,5,5,10,2,9,12,11,10,14,9,10,7,7,13,7,7,4,6,0,0,0,0,0,0,0,0,0,0,0,0,0,0,0,0,10,7,9,11,9,6,11,17,7,9,10,9,4,12,7,7,4,5,8,13,10,12,18,11,2,3,5,4,10,6,8,7,2,12,8,10,5,10,4,5,13,12,12,7,6,8,8,9,16,17,9,6,14,7,13,9,12,8,6,8,7,11,10,13,5,7,5,3,12,6,11,4,12,5,5,6,13,10,5,8,6,8,7,11,12,9,5,4,5,5,8,9,10,6,7,7,9,9,17,4,5,7,3,0,11,6,9,5,10,10,3,13,26,0,0,0,2,3,7,7,4,0,5,4,6,7,11,1,0,9,10,4,13,5,5,12,2,4,11,13,18,11,3,8,10,18,10,11,11,1,4,4,3,26,13,2,9,7,6,13,13,18,7,12,9,8,0,0,0,0,0,0,0,0,0,0,0,0,0,0,0,0,13,5,6,5,9,9,9,21,10,9,7,11,14,15,12,15,7,7,5,14,20,11,17,7,2,6,17,20,23,7,2,0,8,17,21,13,7,5,9,7,4,5,17,10,11,11,11,10,12,9,4,12,12,11,9,13,2,10,2,8,6,9,16,10,12,10,4,12,5,12,18
HOUSEHOLD_1_196_CA_1_evaluation,HOUSEHOLD_1_196,HOUSEHOLD_1,HOUSEHOLD,CA_1,CA,2,1,3,3,1,0,2,3,1,3,1,2,2,6,2,4,2,1,2,2,2,1,1,3,2,2,0,4,2,4,0,2,0,1,2,6,1,2,2,3,3,2,0,3,0,2,3,2,3,2,2,2,3,0,1,4,6,5,5,1,3,1,1,2,2,3,0,1,1,3,0,0,3,7,1,0,4,2,4,4,3,3,0,5,5,2,0,2,1,1,2,3,7,3,0,0,2,2,6,2,3,1,0,0,0,0,0,0,0,6,0,4,2,1,5,2,4,3,2,1,3,5,1,0,0,0,5,3,1,0,4,2,2,3,7,1,0,1,2,3,3,3,0,4,0,0,3,4,4,2,0,5,3,3,2,2,0,2,1,4,1,6,10,1,0,0,0,3,5,1,3,3,4,3,3,1,0,0,0,0,0,0,0,10,4,3,3,1,3,1,5,3,2,2,6,3,7,6,4,5,2,0,1,1,6,1,2,2,7,2,1,5,7,3,1,0,8,7,7,6,11,7,2,6,6,8,2,7,1,2,9,9,6,8,10,6,6,5,6,6,7,8,10,7,5,8,18,1,1,1,5,4,12,6,6,11,2,11,8,15,15,9,4,3,2,9,4,9,5,6,11,4,4,10,14,6,6,1,2,10,7,8,11,5,6,6,6,7,8,5,4,3,6,0,6,3,4,3,3,0,3,3,1,2,0,1,3,2,3,2,1,3,2,1,2,0,6,3,2,1,0,0,0,4,4,4,1,0,0,0,0,0,0,0,0,0,0,0,0,0,0,0,0,0,0,0,0,0,0,0,0,0,0,0,0,0,0,0,0,0,0,0,0,0,0,0,0,0,0,0,0,0,0,0,0,0,0,0,0,0,0,0,0,0,0,0,0,0,0,0,0,0,0,0,0,0,0,0,0,0,0,0,0,0,0,0,0,0,0,0,0,0,0,0,0,0,0,0,0,2,4,2,0,2,4,1,4,1,2,3,4,1,2,2,5,5,2,1,2,1,2,7,2,5,2,1,0,3,2,2,1,4,1,4,1,3,2,1,1,2,1,0,2,5,1,0,0,1,4,3,6,3,0,0,5,1,4,1,2,0,2,3,2,3,3,0,0,2,0,0,3,7,1,1,0,1,3,3,4,4,1,3,1,4,5,3,1,1,1,2,4,3,3,0,1,0,1,4,4,1,1,0,2,0,0,4,5,4,0,2,2,4,2,4,1,2,3,2,1,5,1,1,0,10,2,3,2,2,3,1,2,0,1,2,3,3,2,2,3,2,5,0,1,3,2,0,2,3,2,0,1,2,1,0,4,5,6,2,1,1,0,1,3,0,4,0,1,1,7,1,4,1,2,5,1,1,0,0,2,1,3,6,3,7,7,2,4,1,4,6,6,2,0,2,0,4,11,11,3,1,7,3,2,2,8,6,2,2,0,3,2,4,7,1,1,1,3,1,2,0,1,2,3,1,1,5,1,0,0,1,1,2,1,2,4,0,0,1,3,3,1,7,0,0,2,0,2,0,2,2,0,6,0,1,0,0,1,1,0,4,2,1,0,2,2,3,2,1,2,2,1,0,1,1,4,0,0,1,0,2,2,3,0,3,1,1,2,0,3,3,4,1,2,0,0,3,2,3,0,0,1,2,5,1,1,2,3,0,2,2
HOUSEHOLD_1_197_CA_1_evaluation,HOUSEHOLD_1_197,HOUSEHOLD_1,HOUSEHOLD,CA_1,CA,1,4,3,0,1,2,3,2,0,3,0,1,2,1,4,1,0,1,1,1,0,2,2,0,0,1,0,1,0,0,0,0,0,3,2,2,1,0,4,0,0,1,3,2,2,3,2,0,1,3,2,1,1,1,1,2,2,2,2,2,3,1,1,4,2,2,2,1,2,5,4,2,0,0,2,2,4,4,2,4,1,1,3,4,4,3,1,0,3,6,3,3,3,2,2,0,4,3,3,5,2,2,3,2,0,6,6,1,2,3,3,1,3,2,2,4,2,1,2,3,3,1,3,3,0,2,3,3,6,1,2,2,1,0,3,0,2,1,2,1,2,5,3,4,1,1,2,0,1,2,1,1,2,1,3,4,0,0,2,0,0,6,8,2,2,0,2,3,3,3,0,2,1,1,3,3,2,1,2,3,4,1,2,5,0,2,2,1,0,3,3,2,1,2,1,3,3,2,2,2,2,2,1,2,0,0,1,0,5,1,2,3,2,1,0,0,1,2,5,3,2,2,0,0,0,1,1,3,3,1,4,1,3,1,3,2,0,1,4,1,6,2,2,2,2,2,5,1,1,1,1,0,5,2,2,2,4,2,1,0,1,4,2,3,3,2,0,4,3,3,3,1,3,0,2,3,0,0,1,2,4,2,2,5,0,1,0,1,3,0,2,0,1,3,1,4,2,0,0,1,1,3,1,0,0,0,0,4,2,0,0,0,0,1,3,2,1,1,0,3,0,2,0,4,2,1,2,2,0,4,0,4,2,2,0,0,4,3,2,1,3,0,2,6,6,0,0,0,3,0,2,3,2,0,1,4,0,6,3,2,0,4,1,0,0,3,1,2,2,3,2,3,3,3,0,2,3,0,0,4,1,1,2,1,0,2,1,4,2,3,1,2,0,2,2,1,1,0,2,3,3,1,0,1,1,2,1,3,0,0,0,3,4,2,2,1,0,0,1,3,5,3,2,1,1,0,0,0,1,2,2,0,0,3,4,1,0,1,0,1,2,1,0,0,1,1,0,5,4,3,2,1,1,1,2,0,6,1,1,1,1,3,4,4,4,2,2,0,1,2,2,2,0,4,3,2,4,3,3,2,0,2,1,2,3,2,1,2,2,3,3,3,2,2,1,1,3,2,3,2,0,1,2,0,3,3,1,0,1,3,2,3,2,2,3,1,0,2,3,1,2,2,5,0,2,1,4,4,2,0,0,1,1,4,0,4,2,1,3,3,1,2,1,1,0,0,2,1,0,1,2,0,2,2,2,1,2,2,1,4,2,1,0,0,2,2,0,0,7,2,3,2,1,1,1,1,3,0,0,0,0,1,3,0,2,1,1,0,3,0,5,4,1,1,0,1,0,1,2,1,2,2,0,4,0,0,1,3,1,5,4,3,1,1,1,0,1,1,0,1,1,1,4,3,2,1,2,0,1,2,0,0,4,2,2,1,1,1,4,1,1,0,2,0,0,3,0,1,1,4,1,1,4,1,2,2,4,1,5,1,0,4,0,1,2,0,3,4,4,0,4,4,2,1,2,1,0,1,4,3,1,1,2,0,0,1,2,5,2,1,0,0,1,1,0,2,0,2,2,1,2,1,0,3,2,4,3,1,3,0,4,2,0,3,2,3,1,0,1,1,0,1,0,3,1,0,1,1,3,3
HOUSEHOLD_1_198_CA_1_evaluation,HOUSEHOLD_1_198,HOUSEHOLD_1,HOUSEHOLD,CA_1,CA,0,4,6,0,3,10,6,3,7,2,5,0,5,0,3,6,5,6,2,4,9,1,3,6,14,1,6,0,2,2,12,5,6,3,9,4,2,7,7,4,6,3,1,8,4,1,2,2,7,6,3,8,2,6,4,6,6,9,2,1,0,4,4,3,7,1,4,3,9,4,3,2,11,0,3,5,4,4,7,5,13,0,0,0,4,8,1,3,3,2,1,10,4,2,3,7,1,1,5,2,3,7,2,9,2,4,3,4,2,2,4,5,5,15,7,1,0,2,3,2,4,3,0,7,4,5,8,7,6,5,2,0,4,1,3,6,7,4,6,6,6,7,4,1,1,2,7,10,8,3,0,3,3,7,3,12,7,4,6,1,3,6,5,3,3,5,6,1,5,4,3,3,8,3,0,3,3,3,5,5,2,6,3,2,3,2,6,2,3,2,7,3,0,3,1,10,4,5,0,3,0,5,4,2,3,0,7,2,6,2,2,4,5,5,2,0,0,4,7,2,1,4,6,1,1,1,4,0,0,3,3,3,0,1,4,3,1,2,3,3,5,1,4,4,0,1,2,6,2,3,2,3,16,0,0,1,0,11,4,1,6,2,4,6,5,3,7,5,4,1,0,6,3,2,4,4,1,2,7,2,6,3,0,1,4,2,4,2,7,1,2,2,1,2,7,6,4,2,2,3,2,5,7,7,1,3,0,0,0,0,5,5,1,4,5,4,9,2,2,0,1,3,6,0,0,0,1,0,1,2,5,4,1,0,0,0,5,6,0,3,2,0,0,2,8,3,2,1,1,4,5,1,2,8,2,0,4,4,8,6,3,1,3,1,12,0,0,0,0,3,1,6,0,3,3,12,1,1,5,6,0,3,0,4,0,0,8,2,4,1,4,2,4,4,2,3,3,4,4,3,3,8,8,3,10,10,2,0,0,3,1,1,4,7,8,10,5,3,1,6,0,10,2,0,7,6,6,3,0,0,4,5,1,0,10,5,0,8,6,3,7,6,8,5,5,0,3,5,10,4,6,6,1,8,4,8,4,5,3,4,0,4,3,6,5,3,7,7,4,8,10,7,3,1,6,4,3,14,4,4,9,0,9,11,3,1,2,6,7,12,1,0,10,1,8,1,2,11,2,0,1,0,2,4,12,3,1,4,4,1,5,0,2,6,3,1,1,4,5,9,3,0,0,0,7,3,2,5,2,3,1,0,3,5,2,1,2,6,0,1,2,0,5,2,5,1,2,6,2,2,0,0,6,0,5,1,1,4,1,1,1,11,1,0,3,0,2,2,4,4,2,3,0,6,1,2,5,1,5,0,0,5,1,1,3,3,0,0,0,8,4,0,0,0,0,1,3,6,0,0,1,4,6,0,0,1,0,0,0,0,0,1,0,0,0,2,1,6,0,3,0,0,0,0,0,0,6,4,2,0,0,3,5,1,1,0,2,0,0,0,1,0,0,0,0,0,0,0,0,4,0,2,6,0,1,0,0,0,6,2,3,1,0,0,0,0,0,0,0,0,0,0,3,1,0,4,2,2,0,0,0,0,0,0,0,0,0,0,0,0,0,0,0,0,0,0,0,2,0,12,1,6,1,1,0,2,2,2,5,8,2,1,3,0,4,5,1,0,0,0,7,9,6,0,4,0,0,3,5,14
HOUSEHOLD_1_202_CA_1_evaluation,HOUSEHOLD_1_202,HOUSEHOLD_1,HOUSEHOLD,CA_1,CA,2,1,1,3,0,1,0,2,3,1,3,0,2,1,5,6,4,0,2,4,5,6,3,1,3,4,2,1,3,2,3,0,2,1,2,2,6,2,3,1,0,1,5,4,4,1,1,2,1,4,2,2,3,4,3,4,2,3,4,1,4,1,2,2,1,2,4,0,3,2,3,2,7,1,3,1,2,4,7,1,2,3,1,0,3,4,3,0,0,4,4,3,3,2,1,0,0,2,4,8,2,2,4,2,2,4,5,0,0,0,2,1,4,6,3,2,3,1,3,5,5,1,2,2,3,1,1,8,1,2,1,2,3,2,5,3,2,0,1,4,6,2,3,1,1,1,3,4,3,4,1,3,1,1,6,3,1,1,4,3,1,3,3,2,4,3,2,5,4,2,6,2,3,0,0,4,7,1,1,0,2,3,3,6,2,1,1,4,2,1,4,3,0,0,1,0,2,1,2,6,1,0,1,1,4,1,1,1,0,2,0,1,2,0,1,0,1,5,3,3,3,5,3,1,2,4,1,1,2,0,1,3,7,2,5,1,0,1,2,3,2,1,0,0,1,2,7,2,1,1,1,1,0,8,5,3,3,3,0,4,5,2,1,2,1,0,0,6,1,4,2,2,3,3,4,2,1,3,3,2,4,5,5,6,3,1,3,8,5,3,2,1,0,2,2,2,1,2,2,0,3,5,6,3,3,1,3,1,5,4,0,4,1,2,1,3,1,1,2,2,3,0,4,5,1,1,1,1,1,2,1,3,1,0,2,3,4,4,3,2,2,0,1,3,4,6,2,2,2,4,4,4,1,2,2,1,1,0,5,1,2,2,4,1,1,3,2,4,2,0,3,3,7,6,2,3,1,3,10,6,2,3,5,2,1,4,7,4,2,3,0,4,2,2,2,4,3,1,2,2,4,3,4,2,2,2,3,5,3,2,4,4,1,1,3,1,7,3,4,3,6,6,4,2,3,3,1,2,5,6,2,2,2,3,6,6,1,1,1,3,1,4,4,1,6,0,2,3,2,6,5,0,1,1,1,7,5,6,5,1,0,2,4,6,1,6,1,0,5,2,4,4,2,6,4,3,0,5,1,4,2,1,1,2,5,5,0,1,3,4,5,5,4,0,2,0,2,10,3,2,3,2,0,4,6,4,5,5,0,1,2,1,5,0,1,1,4,1,2,7,3,3,2,0,5,4,6,2,2,2,1,5,6,2,4,0,6,1,3,5,4,3,4,2,3,5,5,4,1,3,2,2,4,5,3,1,3,6,6,2,5,1,3,0,0,5,2,5,5,4,2,1,6,0,2,2,0,2,1,1,0,5,3,4,4,1,2,0,5,5,2,2,4,3,3,7,5,1,2,1,3,3,4,2,4,2,1,3,1,5,2,1,1,2,2,3,4,5,1,1,2,3,2,2,6,1,1,0,2,3,1,4,6,4,1,1,5,1,5,4,0,2,1,3,4,3,4,4,2,0,1,5,6,1,2,1,1,2,2,5,4,2,2,1,1,3,4,1,2,2,2,1,3,6,0,3,1,2,1,7,5,4,4,1,2,7,2,0,0,2,1,2,2,2,5,1,3,4,1,1,3,2,1,2,3,0,0,3,3,5,1,2,2,1,2,2,2,2,0,1,4,3,3,3,6,0,5,0,2,3
HOUSEHOLD_1_203_CA_1_evaluation,HOUSEHOLD_1_203,HOUSEHOLD_1,HOUSEHOLD,CA_1,CA,0,2,3,2,0,0,2,2,1,1,3,0,1,0,2,0,0,0,0,0,0,0,0,1,2,2,2,0,1,1,1,1,0,2,1,2,3,2,1,2,3,1,3,4,0,2,2,2,2,1,1,2,2,0,0,0,1,1,0,0,2,0,0,2,1,1,1,3,1,2,0,1,0,0,0,0,0,3,1,2,0,0,0,0,0,0,0,0,0,0,0,0,0,0,0,0,0,0,0,0,0,0,0,0,0,0,0,0,0,0,0,0,0,0,0,0,0,0,0,0,0,0,0,0,0,0,0,0,0,0,0,0,0,0,0,0,0,0,0,0,0,0,0,0,0,0,0,0,0,0,0,0,0,0,0,0,0,0,0,0,0,0,0,0,0,0,0,0,0,0,0,0,0,1,1,4,1,0,3,0,2,3,1,2,1,2,2,1,0,4,0,0,0,0,0,0,0,1,2,1,0,0,1,1,2,1,1,3,0,2,3,1,3,1,1,0,1,1,0,0,1,2,0,1,3,0,1,0,0,3,2,3,2,1,2,2,2,3,3,2,1,1,3,1,1,3,3,1,1,0,2,0,1,3,1,2,2,3,0,4,4,2,4,2,1,0,2,0,1,5,1,2,5,8,3,1,1,0,4,0,4,2,2,3,0,0,0,2,2,0,2,1,2,1,1,2,1,0,0,0,3,3,2,0,2,1,1,1,0,0,0,0,0,0,0,0,1,1,0,2,1,2,0,3,3,4,1,0,2,5,5,2,3,2,1,2,2,6,3,1,2,1,4,5,3,0,2,2,1,3,0,0,2,2,1,1,0,0,1,0,2,2,1,0,1,2,1,2,2,1,0,1,0,0,0,4,1,3,0,3,1,1,1,1,1,1,2,1,1,0,0,0,0,0,1,1,0,0,0,0,0,0,0,0,0,0,0,0,1,1,0,3,0,1,5,3,2,2,2,2,0,1,1,1,1,3,5,2,2,3,1,2,1,1,2,0,1,1,1,4,2,1,2,2,4,0,3,1,1,1,0,0,0,0,0,0,0,0,2,3,1,0,1,1,2,0,1,1,0,0,0,4,2,2,4,3,1,6,0,2,0,0,2,3,0,3,2,0,3,0,2,4,0,1,0,0,0,2,4,0,1,1,0,1,2,3,1,3,1,2,2,4,1,1,1,2,0,1,2,2,0,1,2,3,0,0,1,1,4,1,1,0,1,1,1,2,1,0,0,1,2,0,1,1,0,2,2,3,1,0,2,1,2,0,0,0,0,0,0,0,2,3,1,0,0,1,1,0,1,1,4,2,0,1,1,3,2,1,0,1,0,1,2,1,1,0,0,1,1,3,0,1,1,1,0,4,2,1,0,4,1,1,3,2,2,1,2,0,0,2,2,2,0,3,3,0,2,1,1,1,1,0,1,3,2,1,1,1,1,1,0,0,2,2,2,3,0,1,1,0,2,1,1,0,0,2,0,2,5,0,1,0,1,4,1,2,3,2,1,0,1,0,0,0,0,0,0,0,0,0,0,0,0,0,0,1,0,1,3,1,5,1,0,2,1,2,2,2,0,1,0,2,1,2,0,0,1,0,0,0,0,0,0,0,0,0,0,0,0,0,1,1,1,1,0,0,1,1,0,0,0,0,0,0,0,0,0,0,0,0
HOUSEHOLD_1_204_CA_1_evaluation,HOUSEHOLD_1_204,HOUSEHOLD_1,HOUSEHOLD,CA_1,CA,2,3,3,1,0,2,0,7,4,3,0,3,4,2,3,2,1,5,0,4,4,7,0,1,2,8,5,1,2,11,0,1,2,4,0,0,4,1,2,2,6,0,2,4,3,1,1,16,4,1,5,4,2,3,6,3,0,6,16,2,4,2,5,4,4,8,3,2,3,1,4,5,3,0,3,45,1,0,0,3,0,3,0,3,13,1,0,0,0,0,1,2,6,9,4,2,3,2,14,6,1,3,18,2,2,8,3,3,5,2,2,6,1,4,2,0,12,2,4,10,3,2,4,8,3,6,8,2,3,4,5,7,6,1,7,0,2,7,8,4,0,9,0,4,3,7,1,3,11,2,1,2,3,4,2,8,4,1,1,7,4,0,8,1,3,5,4,5,0,1,3,2,7,1,4,2,10,3,0,1,5,1,5,7,1,1,4,1,4,4,6,4,0,4,2,8,3,1,1,2,5,2,2,4,4,2,4,5,4,0,4,2,1,3,1,0,3,9,2,2,1,3,2,6,4,9,0,1,2,3,2,6,1,8,1,0,23,0,0,0,1,1,4,3,3,0,0,0,0,2,6,2,2,3,6,1,2,5,0,3,9,3,0,1,0,4,5,3,1,3,3,3,4,1,5,2,1,1,2,2,2,7,2,7,5,0,4,4,8,3,5,1,1,1,4,5,7,6,6,4,1,5,12,2,3,4,2,2,1,7,10,4,1,4,1,4,4,1,3,4,2,0,6,4,3,1,1,3,2,3,4,6,14,3,1,2,1,8,6,2,5,4,11,6,8,2,1,19,2,11,1,1,1,6,4,7,4,3,3,2,7,6,0,5,7,3,6,1,2,3,3,6,15,2,7,7,4,3,4,5,3,2,2,5,2,1,8,1,1,7,2,6,9,3,3,8,7,0,5,17,5,7,1,1,0,3,2,4,0,1,6,6,6,1,2,0,7,3,4,4,12,3,2,5,7,5,1,6,7,6,1,5,5,7,12,10,5,3,2,5,2,8,1,15,0,2,0,1,11,14,2,1,5,4,6,7,15,3,4,3,2,0,0,4,0,7,7,10,6,5,2,0,7,5,8,9,3,6,5,6,7,5,1,4,8,9,3,4,0,2,8,0,3,39,0,0,0,0,0,0,0,0,0,5,6,6,8,10,2,2,7,1,1,0,6,3,3,8,7,9,3,3,3,2,0,9,10,1,4,18,4,0,8,4,1,9,5,0,7,5,13,13,9,2,6,1,5,2,0,12,0,0,4,2,2,7,2,11,3,5,3,6,3,5,0,2,3,5,3,1,3,2,2,4,9,11,3,12,6,1,0,1,4,4,10,2,5,1,7,3,3,1,2,16,4,15,7,1,1,9,2,5,1,3,6,4,0,3,4,5,3,6,3,6,4,2,10,3,4,2,2,8,2,8,2,3,6,1,5,2,9,4,0,1,2,1,2,7,16,4,2,7,1,1,2,4,1,2,16,2,5,10,14,7,8,8,2,1,3,9,9,4,4,3,0,5,4,3,4,0,4,5,3,6,1,13,0,4,6,14,7,5,6,6,0,1,7,7,4,3,4,4,4,3,7,5,1,0,9,8,3,9,2,4,0,8,5,3,7,2,3,2,1,4,4,2,4,7,3,1,2,6,9,4,3,1,1,5,4,3
HOUSEHOLD_1_205_CA_1_evaluation,HOUSEHOLD_1_205,HOUSEHOLD_1,HOUSEHOLD,CA_1,CA,1,1,2,2,0,2,0,1,2,1,0,2,0,0,2,1,0,0,1,0,0,0,0,0,0,1,1,0,2,0,1,0,0,1,1,0,0,0,2,0,0,3,2,0,0,1,0,0,0,0,0,1,1,1,1,0,0,0,0,2,1,1,0,1,1,1,1,0,0,0,1,0,0,1,0,1,0,0,0,0,0,0,2,1,4,4,0,2,0,0,0,0,3,0,2,0,2,0,0,0,0,1,2,0,0,2,0,1,3,1,0,2,1,1,5,0,1,1,1,0,9,1,1,0,5,1,2,2,0,2,1,0,0,0,4,3,0,1,1,0,0,1,2,1,0,0,0,1,0,0,1,1,0,0,0,0,0,1,0,0,1,0,0,0,0,0,0,0,0,0,0,2,0,1,1,1,0,0,0,0,0,0,0,0,1,0,1,0,0,0,0,1,0,0,1,1,0,0,2,2,0,1,0,2,1,1,2,3,0,0,1,1,0,0,1,0,1,0,0,0,0,0,0,0,1,0,1,0,0,0,0,0,0,0,0,3,0,0,0,1,0,0,3,0,1,1,1,2,1,0,0,0,0,1,0,1,0,1,1,3,1,0,1,0,0,1,1,1,0,0,3,3,2,0,2,0,0,0,0,2,0,1,1,3,0,0,2,2,0,1,1,0,2,0,3,1,2,1,1,0,1,0,3,2,2,1,0,0,0,0,3,1,1,2,0,0,2,1,2,2,0,1,1,2,0,2,0,0,1,4,2,0,0,1,1,0,2,1,0,3,0,1,0,2,3,1,1,0,0,0,0,1,1,0,1,0,3,3,1,2,1,1,2,0,0,1,0,0,0,2,0,1,1,0,2,2,1,0,2,1,1,1,0,0,1,2,2,1,1,0,0,1,1,1,0,2,1,2,2,0,2,0,0,2,3,1,0,0,0,1,1,0,0,1,1,0,3,1,3,1,0,1,1,0,0,0,0,0,3,3,0,0,0,2,1,2,3,0,0,0,0,0,1,1,0,0,1,0,0,5,2,1,1,1,2,1,3,3,0,0,0,0,0,0,0,0,0,0,0,0,0,0,0,0,0,0,0,0,0,0,0,2,0,1,1,0,1,2,2,0,3,3,2,1,1,0,0,2,2,1,1,1,0,1,0,1,0,1,0,0,0,0,2,0,3,0,1,1,0,2,1,1,0,1,0,2,1,1,1,0,3,1,1,2,3,0,1,1,0,0,0,0,0,0,0,0,0,1,1,2,1,2,0,0,1,2,1,1,0,0,0,1,0,0,0,0,0,0,2,0,0,1,0,0,1,1,0,1,1,0,0,2,0,1,0,0,0,2,1,0,2,0,0,0,0,0,0,0,0,0,1,0,1,0,0,0,0,0,0,0,0,0,0,0,0,1,2,0,0,0,2,0,0,0,0,0,1,0,0,0,0,2,0,1,0,1,0,1,0,2,1,3,0,0,1,0,1,0,0,0,0,1,0,0,0,0,1,1,1,2,0,1,1,0,0,3,0,2,0,0,4,0,0,0,0,0,1,1,0,0,2,0,0,0,1,0,0,0,0,0,0,0,0,0,0,0,0,1,1,1,1,1,1,0,0,1,0,2,1,1,1,1,1,1,1,2,0,1,0,0,0,0,2,2,0,1,1,1,2,0
HOUSEHOLD_1_214_CA_1_evaluation,HOUSEHOLD_1_214,HOUSEHOLD_1,HOUSEHOLD,CA_1,CA,8,0,4,3,0,0,5,0,7,5,3,2,3,5,3,3,5,4,4,3,3,2,6,1,2,5,4,5,5,2,2,0,6,5,1,0,0,0,0,0,0,0,0,0,0,7,1,10,6,4,6,2,2,3,6,3,2,7,0,1,7,2,9,2,9,3,3,1,0,0,0,0,1,11,6,6,0,0,8,3,4,7,1,0,7,9,5,2,0,0,0,9,8,3,3,3,2,5,5,8,8,4,9,1,5,8,12,2,5,6,6,6,4,11,4,5,3,2,5,14,10,7,6,8,7,8,6,10,8,8,5,3,10,4,15,2,11,5,11,7,11,8,5,4,6,5,5,10,8,8,4,5,1,8,6,4,2,4,2,2,2,6,5,10,5,5,4,3,8,7,6,1,3,4,5,5,4,4,4,3,4,3,8,8,8,8,8,4,7,9,6,3,2,5,5,5,9,5,7,4,3,1,4,11,9,4,5,5,4,5,7,6,4,7,3,0,6,6,4,7,5,1,4,8,8,8,5,4,5,7,1,9,9,2,4,6,4,4,3,2,2,0,4,3,1,6,4,5,4,4,0,2,4,5,6,9,4,9,4,7,5,3,2,4,2,2,1,8,4,3,4,4,2,4,8,3,2,2,5,4,6,6,3,4,4,2,0,4,6,5,6,4,3,5,5,7,3,4,3,1,2,6,8,3,5,4,2,1,4,4,4,0,8,4,6,5,3,9,2,2,5,4,3,4,9,7,3,2,4,1,9,8,9,9,5,8,7,12,10,12,3,5,8,6,8,8,5,6,7,4,5,4,2,1,3,4,5,8,8,4,5,3,4,7,4,3,9,4,3,4,3,3,6,5,2,2,1,4,3,2,4,3,1,3,3,8,4,4,2,4,3,4,4,4,1,4,1,3,2,4,5,2,3,2,1,3,1,5,6,1,4,2,5,2,7,3,1,3,4,2,4,5,8,1,4,1,0,0,0,0,6,5,2,1,4,6,4,3,3,1,0,4,5,2,0,0,4,1,3,1,0,3,3,3,2,6,5,3,2,4,2,3,1,3,4,3,1,3,7,4,6,7,1,3,2,3,3,6,5,4,3,2,4,8,8,8,2,1,3,3,1,2,3,2,1,4,3,8,4,2,0,4,4,3,4,6,5,3,4,3,2,4,4,0,4,2,4,1,4,4,4,3,0,3,2,5,7,2,4,0,1,3,6,5,3,0,1,2,0,1,5,4,1,3,1,0,5,2,3,2,2,4,3,4,5,4,5,5,2,5,0,0,1,3,3,3,2,2,7,4,6,4,0,0,3,7,2,3,3,1,0,0,2,2,5,1,2,3,7,5,7,1,2,6,5,5,6,2,1,1,2,1,4,4,3,0,2,3,2,2,2,4,3,2,1,0,4,2,2,2,2,2,1,1,2,2,3,3,8,2,3,0,6,4,2,2,7,6,5,3,5,1,3,2,5,8,3,3,2,4,4,7,7,2,4,0,4,8,6,9,4,4,4,0,2,2,7,4,4,1,3,5,4,4,1,4,1,1,4,3,7,7,5,2,6,0,8,6,5,2,4,1,1,7,6,5,6,1,7,3,3,6,3,3,1,5,3,8,5,3,2,6,7,5,5,10,5,4,4,6,10,3,5,9,4,0,1,1,4,10
HOUSEHOLD_1_215_CA_1_evaluation,HOUSEHOLD_1_215,HOUSEHOLD_1,HOUSEHOLD,CA_1,CA,2,2,0,2,0,1,3,0,1,0,1,0,1,0,2,2,2,2,0,1,0,3,2,0,1,2,1,0,0,1,0,0,0,0,0,0,1,1,3,0,2,1,1,1,1,1,0,0,1,0,0,1,2,0,0,1,1,0,4,0,0,1,3,2,1,2,0,0,3,0,0,5,0,1,0,1,1,2,1,1,0,0,5,2,0,0,0,0,2,2,0,2,0,0,0,0,0,4,1,1,0,0,1,1,1,1,1,1,0,0,0,0,1,0,1,0,0,0,1,0,1,2,1,1,1,1,0,0,0,1,0,6,0,0,1,1,1,1,0,0,3,0,0,1,0,0,0,2,0,4,0,0,1,3,2,2,0,1,0,0,0,2,0,3,1,1,0,2,2,1,0,1,0,3,0,0,0,2,1,0,1,2,2,0,1,1,1,0,1,1,2,1,1,0,0,1,5,2,0,0,1,0,3,2,2,0,1,2,1,1,1,1,0,0,1,0,0,1,1,1,1,1,1,2,1,1,1,2,1,0,1,1,1,1,1,0,0,0,3,1,0,0,2,1,0,1,0,0,0,1,1,6,0,0,0,1,2,1,2,0,0,0,0,0,0,2,0,1,2,1,0,0,4,0,1,1,0,0,2,1,1,0,0,3,0,0,1,0,1,1,2,1,0,4,1,2,1,1,0,1,0,0,2,1,0,2,2,0,1,0,1,1,0,1,0,0,1,1,2,1,1,0,1,1,3,0,0,2,0,1,1,2,0,1,2,2,0,0,0,0,1,0,4,1,1,2,0,7,0,0,0,0,3,3,1,0,2,1,1,2,0,0,1,4,0,1,0,2,1,1,3,1,0,0,2,0,1,2,3,0,1,1,1,2,0,2,1,1,0,2,2,0,3,1,0,0,0,0,4,1,0,3,2,0,1,1,1,3,0,1,1,2,0,0,1,0,3,1,2,0,2,2,1,0,3,2,0,2,1,1,0,0,2,3,2,1,1,2,0,2,0,5,0,1,1,1,0,1,2,1,1,2,3,0,0,3,3,5,0,3,1,4,1,4,1,1,1,0,0,3,1,0,1,1,2,3,1,1,1,1,0,1,0,1,1,0,0,0,0,0,3,1,0,0,4,1,2,5,1,0,1,3,1,2,4,1,0,0,0,1,0,3,0,3,0,0,1,0,2,1,3,0,2,4,0,1,3,0,1,1,1,1,0,1,2,0,0,0,3,3,0,1,0,2,0,3,1,0,0,2,0,0,1,2,1,0,1,1,1,1,0,0,0,1,2,3,0,0,0,3,0,0,0,0,5,0,0,0,1,0,0,1,1,1,2,3,0,1,2,2,1,1,1,0,2,0,1,2,0,0,0,2,4,1,1,1,2,1,1,2,4,1,1,0,0,1,0,3,1,0,0,0,0,2,0,0,0,1,0,0,0,0,1,2,1,1,2,0,0,1,0,1,0,0,3,1,3,1,1,1,0,0,3,1,2,1,2,1,2,2,3,3,0,1,0,4,3,2,2,0,1,1,1,0,0,0,1,0,4,0,2,1,0,2,3,3,1,1,0,0,0,2,0,2,3,2,1,1,1,0,0,1,0,0,3,0,0,0,0,0,0,0,0,0,0,0,1,1,0,0,0,4,0,0,2,1,0,0,0,1
HOUSEHOLD_1_223_CA_1_evaluation,HOUSEHOLD_1_223,HOUSEHOLD_1,HOUSEHOLD,CA_1,CA,0,0,0,0,0,0,0,0,0,0,0,0,0,0,0,0,0,0,0,0,0,0,0,0,0,0,0,0,0,0,0,0,0,0,0,0,0,0,0,0,0,0,0,0,0,0,0,0,0,0,0,0,0,0,0,0,0,0,0,0,0,0,0,0,0,0,0,0,0,0,0,0,0,0,0,0,0,0,0,0,0,0,0,0,0,0,0,0,0,0,0,0,0,0,0,0,0,0,0,0,0,0,0,0,0,0,0,0,0,0,0,0,0,0,0,0,0,0,0,0,0,0,0,0,0,0,0,0,0,0,0,0,0,0,0,0,0,0,0,0,0,0,0,0,0,0,0,0,0,0,1,2,2,1,2,3,0,1,0,0,1,2,3,2,0,0,2,2,2,3,1,1,0,3,0,0,0,2,0,2,0,1,0,4,3,2,1,0,0,3,1,3,0,3,1,0,3,1,1,0,2,0,0,0,4,1,1,2,0,1,0,0,0,0,0,0,1,2,1,0,0,1,0,1,0,2,1,1,1,2,2,2,0,3,1,1,0,2,3,4,1,0,1,1,5,2,1,0,0,0,1,2,2,1,1,1,0,2,1,1,3,1,0,1,1,0,0,2,1,0,2,1,3,0,1,0,1,1,0,2,2,1,2,1,1,0,1,1,2,2,1,0,0,1,2,0,0,0,1,0,1,0,2,0,0,1,2,0,1,1,4,0,0,0,0,1,1,0,0,0,0,1,0,1,2,0,0,1,1,0,0,2,1,0,2,0,1,0,0,0,0,0,1,2,1,0,0,0,0,0,0,0,0,0,0,0,0,0,0,0,0,0,0,0,0,0,0,0,0,0,0,0,0,0,0,0,0,0,0,0,0,0,0,0,0,0,0,0,0,0,0,0,0,0,0,0,0,0,0,0,0,0,0,0,0,0,0,0,0,0,0,0,0,0,0,0,0,0,0,0,0,0,0,0,0,0,0,0,0,0,0,0,0,0,0,0,0,0,0,0,0,0,0,0,0,0,0,0,0,0,0,0,0,0,0,0,0,0,0,0,0,0,0,0,0,0,0,0,0,0,0,0,0,0,0,0,0,0,0,0,0,0,0,0,0,0,0,0,0,0,0,0,0,0,0,0,0,0,0,0,0,0,0,1,0,0,0,2,1,0,0,1,2,0,1,0,0,1,1,1,0,1,0,0,0,0,3,1,3,0,1,3,1,0,1,0,1,0,0,1,1,0,0,1,2,0,1,2,1,0,0,0,0,1,2,1,0,1,0,1,0,0,0,0,1,1,0,0,1,1,0,2,0,1,0,1,0,1,1,0,0,1,1,0,1,2,0,0,2,1,0,0,1,0,1,2,0,1,3,0,0,1,0,2,0,0,0,2,1,2,0,1,2,0,1,0,0,0,2,1,1,1,0,0,0,0,0,0,1,1,0,2,0,1,0,1,2,3,0,0,0,0,0,0,6,2,0,0,0,1,1,0,1,2,2,1,0,0,0,2,1,0,0,0,0,1,1,0,2,1,0,0,1,3,1,0,0,1,0,3,0,2,1,0,0,1,2,0,2,0,0,0,0,1,0,1,0,0,1,0,0,3,2,0,1,0,0,1,2,0,2,0,2,2,2,3,1,0,0,0,2,1,1,0,1,0,1,0,0,2
HOUSEHOLD_1_225_CA_1_evaluation,HOUSEHOLD_1_225,HOUSEHOLD_1,HOUSEHOLD,CA_1,CA,5,5,3,2,4,1,6,4,2,3,3,7,4,5,6,4,2,0,2,2,3,5,3,4,6,4,5,2,4,3,5,5,4,4,6,10,4,3,7,3,6,2,7,1,5,6,1,7,7,5,5,4,6,4,3,3,6,4,2,3,3,3,5,7,4,4,6,3,5,5,7,6,3,0,5,7,6,4,6,8,7,5,5,6,4,5,3,4,2,2,2,5,9,3,3,3,1,3,9,2,4,5,5,6,2,5,4,3,3,1,2,2,3,3,7,2,3,2,6,3,4,4,1,3,1,2,3,2,2,2,1,0,3,4,2,5,6,2,1,3,2,2,4,2,1,2,7,6,4,4,6,2,2,5,2,5,2,1,1,1,5,2,5,4,3,2,2,0,7,4,6,1,2,3,2,9,5,3,3,1,1,4,3,2,0,2,2,0,2,3,5,3,0,1,1,4,7,8,4,1,1,1,1,8,3,3,1,3,1,4,5,6,3,2,0,0,2,2,3,7,4,2,3,6,4,3,2,2,3,2,3,7,4,5,2,4,1,2,1,3,0,4,2,1,1,2,5,1,1,1,1,2,2,3,1,5,1,3,2,4,4,2,2,3,1,1,4,2,4,4,2,1,5,6,7,1,2,2,3,2,6,8,5,1,3,3,8,2,6,1,7,3,1,3,2,5,4,3,2,0,1,2,3,0,4,1,4,2,0,4,1,0,0,4,3,3,0,5,2,3,0,2,9,2,1,1,4,3,3,2,1,4,2,1,2,3,4,0,2,3,4,3,5,2,4,5,2,1,1,3,4,4,3,2,4,4,1,1,7,5,2,2,1,6,7,3,1,2,1,0,1,5,3,5,1,5,3,4,2,1,3,2,3,3,2,3,6,5,3,1,0,2,4,4,2,2,2,8,3,5,4,3,1,3,1,2,5,4,3,2,2,3,0,3,5,2,1,0,3,6,2,5,1,1,3,4,4,3,3,3,4,3,2,2,5,6,3,2,3,2,2,4,4,1,4,1,4,3,6,2,4,3,4,1,1,3,6,2,3,5,2,3,4,3,4,2,1,4,1,3,4,2,2,3,1,7,4,3,2,2,5,2,0,2,2,4,2,1,3,4,5,1,4,3,1,4,4,4,5,1,2,3,1,1,8,4,1,2,3,3,3,2,5,2,7,6,3,4,4,5,1,2,4,2,3,4,5,5,3,1,3,3,3,3,2,2,1,0,0,1,3,0,3,4,2,4,3,6,4,3,2,0,0,1,3,2,3,4,0,6,1,4,2,1,1,1,1,6,1,1,4,0,4,2,2,5,1,1,6,1,0,3,3,2,2,3,5,3,2,3,2,4,0,5,1,1,1,2,3,2,2,3,0,3,1,1,2,3,5,5,1,3,2,0,2,2,4,5,4,1,4,1,3,5,0,2,0,1,3,3,4,6,1,2,1,3,5,2,1,1,5,1,1,1,3,1,1,3,4,1,3,1,2,2,1,5,2,1,6,4,2,3,0,4,1,6,3,4,0,4,2,1,5,4,2,0,1,2,2,2,3,2,2,2,2,6,1,3,3,0,0,0,2,3,2,5,2,1,2,1,3,4,6,4,3,2,1,3,1,7,2,2,0,1,5,1,2,2,2,1,3,3,6,1,2,1,1,6,3,2
HOUSEHOLD_1_230_CA_1_evaluation,HOUSEHOLD_1_230,HOUSEHOLD_1,HOUSEHOLD,CA_1,CA,0,0,0,0,0,0,0,3,1,0,0,1,1,1,0,2,0,0,0,0,0,1,2,0,0,0,0,1,0,2,0,0,2,0,1,0,0,1,2,0,0,0,1,0,0,0,0,2,0,0,0,1,0,0,1,1,0,0,0,0,0,3,0,0,1,0,0,1,0,1,0,1,0,0,0,1,0,1,0,0,0,0,1,0,0,0,1,0,1,3,3,0,0,0,1,0,0,0,1,0,1,0,3,0,0,1,1,0,0,1,1,0,0,0,0,0,1,0,0,0,0,1,0,0,2,0,1,0,0,0,0,0,0,0,1,1,0,0,0,0,0,0,0,1,0,0,0,0,0,0,0,0,0,0,0,0,0,1,0,0,0,0,0,1,1,0,0,0,2,0,0,0,0,0,0,1,0,0,0,0,0,0,0,1,0,0,1,0,2,0,0,0,2,1,0,2,0,2,1,0,0,0,0,0,2,1,1,0,0,2,0,0,0,0,0,0,0,0,0,0,1,0,1,0,0,0,0,0,0,0,0,0,0,0,0,0,0,1,0,4,0,0,1,0,0,1,1,0,0,1,0,0,1,1,0,1,0,0,1,0,1,0,0,0,0,1,1,0,0,0,0,0,0,0,2,0,1,1,1,1,1,0,2,0,1,1,1,0,0,0,1,0,0,0,0,2,0,1,1,0,0,0,0,1,0,0,0,0,0,1,0,1,0,0,0,0,0,0,0,0,0,0,0,0,0,0,0,0,0,1,0,0,1,0,0,0,1,1,0,0,0,1,1,0,0,0,0,0,0,0,0,1,0,0,0,1,0,0,0,0,0,0,0,0,7,0,0,0,1,0,0,0,0,0,1,2,0,0,0,0,0,0,0,0,1,0,0,0,0,0,0,0,0,0,0,0,1,0,0,0,0,0,0,1,0,1,0,0,1,0,1,0,0,2,0,0,0,0,1,0,0,0,1,0,1,1,1,1,0,0,0,0,0,1,0,0,0,0,1,0,0,0,0,0,0,0,0,1,3,0,0,0,1,0,0,0,1,0,2,1,0,0,0,1,0,2,1,0,0,0,0,1,0,1,0,0,0,0,0,0,0,0,0,0,2,0,0,0,0,0,0,0,1,1,0,0,0,1,0,0,0,1,0,1,2,0,3,0,0,0,0,1,0,1,0,0,1,0,2,0,0,0,1,0,0,0,1,0,0,2,1,0,0,0,1,0,0,0,0,0,1,0,0,0,0,0,0,1,0,0,0,0,0,1,1,0,0,0,0,0,0,0,2,0,1,0,0,0,0,0,0,0,1,1,0,2,0,0,0,1,0,0,0,0,0,0,0,1,0,1,0,0,0,0,0,0,2,0,0,1,0,0,0,0,1,0,1,1,1,1,1,0,1,0,0,1,0,0,0,0,0,0,0,0,0,0,0,0,0,1,0,1,1,0,1,0,0,0,2,0,0,1,0,1,1,0,0,0,0,0,0,0,0,0,0,0,1,0,0,0,0,0,0,0,0,1,0,0,0,0,0,1,0,0,0,0,0,0,0,0,0,0,1,0,0,0,0,2,3,0,0,0,0,0,0,0,0,0,0,0,0,0,0,0,0,1,1,1,0,0,0,0,0,0,1,0,0,0,1,0,0,1,0,0,0,0,0,0,0,0
HOUSEHOLD_1_232_CA_1_evaluation,HOUSEHOLD_1_232,HOUSEHOLD_1,HOUSEHOLD,CA_1,CA,1,1,1,0,1,1,1,1,0,0,0,1,1,0,0,0,1,1,1,0,0,1,2,1,0,1,1,2,0,1,0,1,4,0,1,0,0,3,0,0,0,1,0,0,0,0,2,2,3,2,1,0,3,1,0,1,1,1,0,0,0,0,1,0,1,0,1,3,0,0,2,1,1,3,1,1,0,2,0,1,3,1,0,4,0,4,1,0,1,0,1,4,1,2,0,0,0,2,0,1,3,1,0,1,3,2,1,0,1,3,3,1,2,0,2,0,1,1,0,1,0,2,2,1,2,0,1,0,3,1,1,1,0,1,2,2,0,0,0,1,0,1,1,0,0,1,0,1,4,2,0,3,0,0,0,2,3,2,1,0,0,3,1,1,2,0,0,0,1,2,0,1,0,0,0,2,0,1,0,1,1,1,1,1,0,1,1,1,0,1,2,2,1,0,2,1,1,0,1,1,0,0,0,0,0,2,2,1,0,0,0,0,0,1,0,0,0,0,0,0,0,0,0,0,0,0,0,0,0,0,0,0,0,0,0,0,0,0,0,0,0,0,0,0,0,0,0,0,0,0,0,0,0,0,0,0,0,0,0,0,5,0,3,1,2,1,0,0,0,0,0,0,0,0,0,2,2,0,2,1,1,2,2,1,0,2,2,2,2,0,0,0,2,1,2,0,2,0,2,1,0,1,0,2,1,0,1,0,0,0,0,2,3,1,2,3,1,1,0,1,0,5,0,2,0,1,0,0,1,1,0,2,1,0,0,0,0,1,3,0,2,0,0,2,1,0,0,0,0,0,2,0,0,2,1,1,0,2,0,0,1,0,0,0,1,0,1,0,2,1,1,0,3,2,1,1,0,0,0,1,0,2,4,2,1,1,1,1,0,0,3,0,1,0,1,0,1,1,0,2,2,0,1,2,3,2,0,0,1,2,1,1,1,1,0,1,1,0,1,0,1,2,1,0,0,0,0,1,4,0,2,0,0,4,3,0,2,2,0,3,2,2,1,2,4,0,0,1,3,2,0,1,1,2,1,0,2,1,0,1,0,0,0,2,0,2,3,2,3,1,0,0,1,0,0,0,1,1,2,2,1,1,0,0,2,0,0,1,0,2,0,1,1,1,3,1,0,2,2,0,0,0,2,2,3,2,0,0,2,0,1,1,1,2,1,1,0,1,2,0,1,0,0,0,0,2,1,1,1,0,1,1,1,1,1,0,0,2,1,1,0,0,1,0,0,3,1,2,1,0,3,1,0,0,2,3,3,2,1,0,1,2,2,0,0,0,0,2,3,0,1,0,1,1,2,0,1,1,1,1,0,0,1,1,1,1,0,1,1,0,1,2,0,0,1,2,0,3,0,0,0,0,0,1,0,1,1,0,0,0,0,0,0,0,0,0,0,0,0,0,0,0,0,0,0,0,0,0,0,0,0,0,0,0,0,0,0,0,0,0,0,0,0,0,0,0,0,0,0,0,0,0,0,0,0,0,0,0,0,0,0,0,0,0,0,0,0,0,0,0,0,0,0,0,0,0,0,0,0,0,0,0,0,0,0,0,0,0,0,0,0,0,0,0,0,0,0,0,0,0,1,0,3,0,0,1,2,0,2,1,1,2,3,0,0,0,2,0,0,1,0,0,1,1,1,1,0,1,1,0
HOUSEHOLD_1_234_CA_1_evaluation,HOUSEHOLD_1_234,HOUSEHOLD_1,HOUSEHOLD,CA_1,CA,1,4,1,4,2,1,5,2,0,2,1,0,2,4,0,3,9,11,1,1,0,6,4,5,1,3,5,4,4,5,3,4,2,2,4,6,2,2,4,4,2,7,5,10,3,2,2,3,5,7,4,3,8,0,7,5,2,0,0,0,3,2,5,11,7,3,0,4,0,7,9,6,3,0,3,4,3,6,11,5,12,2,1,5,8,5,2,2,5,0,2,9,6,10,2,5,4,9,5,3,7,10,2,7,1,5,8,3,5,4,5,1,3,3,4,0,2,2,4,3,8,2,7,4,4,2,5,5,3,4,6,5,0,6,9,5,5,3,3,7,8,4,3,2,3,3,7,6,1,2,3,10,3,1,5,3,1,5,1,3,5,12,1,5,2,1,1,3,10,4,3,3,3,1,8,4,10,3,1,6,3,1,4,4,4,2,6,2,1,6,3,4,5,6,0,0,3,2,0,1,4,1,1,5,6,3,2,3,0,1,5,0,5,1,4,0,9,3,7,2,1,0,4,9,2,5,5,2,3,6,3,0,7,2,2,2,6,11,1,1,1,2,0,7,2,4,5,1,5,3,1,13,4,0,0,0,1,3,4,5,4,4,0,8,3,2,1,2,8,7,2,1,5,0,9,1,0,1,0,3,4,5,2,3,0,4,1,4,5,5,0,0,5,5,2,3,1,5,3,3,1,3,1,3,0,1,7,2,6,0,2,4,0,2,4,4,0,0,1,0,1,2,9,12,0,0,0,6,1,3,3,5,3,2,5,6,6,6,4,1,0,0,3,2,5,0,0,2,4,2,6,0,0,12,0,0,0,4,8,0,0,0,0,6,3,3,0,0,5,4,6,9,10,2,1,3,4,4,10,0,7,5,1,3,7,4,4,3,3,4,2,1,4,5,3,2,2,1,5,5,1,0,0,5,6,0,1,1,12,1,1,4,6,1,7,3,2,3,10,4,4,2,0,3,3,0,2,2,5,5,11,2,5,1,5,6,2,5,12,0,5,8,11,1,11,0,10,0,3,7,1,4,4,7,0,0,11,0,0,0,0,0,5,5,1,0,2,3,6,7,10,5,1,2,0,2,6,6,6,4,1,3,1,6,2,2,2,2,5,1,2,5,2,1,2,4,8,2,3,2,3,0,0,0,1,3,4,4,5,2,5,8,4,6,1,2,0,8,3,3,1,6,1,0,1,16,0,4,2,3,2,4,3,2,2,1,1,1,0,4,8,0,0,1,4,2,6,3,3,3,1,0,10,2,7,0,1,1,3,3,3,0,3,3,2,4,4,2,2,2,2,0,0,3,4,4,2,2,1,0,0,3,4,2,5,3,0,0,1,0,3,0,5,11,2,1,4,2,1,6,3,3,12,1,0,1,2,1,1,6,1,6,3,1,4,1,1,6,0,3,0,0,0,5,2,0,0,1,2,1,3,0,3,0,10,1,3,2,9,5,0,0,0,2,1,9,0,6,3,3,0,5,5,2,0,0,2,5,3,8,5,1,3,9,0,7,6,9,2,0,4,4,9,6,1,0,0,1,12,6,4,0,0,3,0,6,10,5,10,2,0,0,0,9,2,4,3,0,6,3,7,2,6,5,2,5,2,4,5,0,5,0,1,1,3,1,5,1,1,3,1,4,3,2,0,2,3,5,9,1
HOUSEHOLD_1_235_CA_1_evaluation,HOUSEHOLD_1_235,HOUSEHOLD_1,HOUSEHOLD,CA_1,CA,0,3,2,1,4,0,1,1,6,0,10,2,5,4,2,0,0,0,0,0,0,0,0,4,3,2,1,3,6,2,1,1,6,2,1,4,2,1,2,2,3,3,1,0,2,1,2,1,0,0,1,1,2,0,2,0,3,3,1,2,0,1,0,3,3,4,2,2,2,2,0,2,5,2,0,1,3,0,6,4,4,3,3,1,0,0,0,0,0,0,0,0,0,1,7,1,2,2,0,2,1,1,2,1,0,2,2,0,0,0,1,1,1,1,4,3,0,1,0,3,6,2,1,0,1,1,2,4,1,2,0,3,4,4,2,0,0,0,5,0,4,3,2,4,2,2,2,5,2,2,1,0,1,2,0,0,0,0,0,5,0,1,4,2,0,1,2,2,1,5,5,2,0,0,0,0,0,0,0,0,0,0,0,0,0,0,0,0,0,0,0,0,0,0,2,1,3,1,0,0,0,0,0,1,6,2,0,1,2,0,1,1,0,0,0,0,0,3,0,0,0,1,0,0,0,2,1,0,1,1,3,0,0,0,1,0,0,0,4,0,0,0,0,0,0,0,1,0,1,0,0,0,0,0,0,0,0,0,2,1,0,0,0,1,0,0,0,0,0,0,0,0,0,1,0,0,1,1,0,0,0,3,1,0,1,1,0,2,1,0,0,0,1,2,2,2,2,1,2,0,1,0,0,0,2,1,1,1,0,1,2,1,1,0,1,2,3,2,1,3,0,0,0,2,1,0,4,0,1,1,3,4,0,1,1,1,3,2,1,0,0,2,3,3,2,0,2,4,1,2,0,1,3,0,0,1,2,0,0,1,1,2,2,2,2,2,0,0,1,0,6,0,3,1,4,0,1,1,2,4,1,3,4,2,1,4,5,4,7,5,5,5,2,4,5,1,3,3,3,3,3,1,0,4,5,6,5,3,3,1,4,1,1,5,7,4,4,3,4,4,1,7,3,2,1,2,2,4,8,3,3,5,2,3,4,5,1,4,2,1,1,0,0,0,0,0,0,1,0,0,0,1,0,0,2,3,3,0,0,0,3,3,2,1,0,0,0,5,3,3,1,2,9,1,3,1,9,9,2,1,1,4,3,2,7,4,1,1,4,7,2,7,4,2,1,6,0,2,5,8,0,0,1,4,1,0,2,0,0,0,4,2,3,4,0,1,1,2,1,3,2,3,0,1,3,2,5,2,1,1,3,0,6,2,4,2,4,1,0,4,1,0,0,0,0,1,2,0,0,0,0,2,0,0,1,2,4,1,2,1,2,0,0,1,1,1,0,1,1,2,1,1,0,1,0,2,5,2,1,2,0,0,0,0,1,1,1,2,3,3,2,1,0,0,0,0,1,0,0,1,1,0,2,1,0,0,1,0,0,2,2,1,0,0,0,2,1,1,0,0,3,1,1,2,1,0,2,2,0,1,0,0,0,2,1,1,1,0,1,1,0,0,1,0,0,2,3,1,2,0,1,0,3,0,0,0,2,2,1,2,2,0,2,1,3,3,0,2,0,0,0,1,1,1,0,0,0,0,0,1,0,0,0,0,3,0,0,7,0,0,1,2,2,2,1,2,1,1,1,0,3,0,1,2,1,0,1,0,1,2,1,1,1,1,2,1,2,1,1,1,0,2,5,2,3,0,2,0,2,2
HOUSEHOLD_1_236_CA_1_evaluation,HOUSEHOLD_1_236,HOUSEHOLD_1,HOUSEHOLD,CA_1,CA,0,0,0,0,0,0,0,0,0,0,0,0,3,2,2,5,2,1,3,1,2,5,3,2,4,5,0,2,8,3,0,2,0,1,3,6,3,2,2,3,0,3,4,3,1,4,3,1,3,8,4,0,0,0,0,0,0,4,5,3,0,1,1,3,4,5,4,2,0,2,3,4,6,3,3,2,1,3,1,0,4,3,1,4,6,3,8,3,0,1,2,2,3,2,3,0,0,3,0,3,1,5,1,1,3,3,4,1,0,2,0,0,2,4,0,0,1,0,0,0,0,0,0,0,0,0,0,0,0,0,0,0,0,0,0,0,0,0,0,0,2,0,0,0,2,3,1,3,3,1,0,1,0,2,0,3,4,1,1,4,0,4,9,4,1,1,2,1,2,0,0,0,0,0,0,0,5,0,2,2,1,1,3,1,2,1,5,0,2,0,3,4,3,0,2,3,5,1,8,1,3,2,1,2,6,2,2,2,1,1,4,6,1,1,2,0,0,3,3,2,2,3,1,2,8,5,5,1,4,1,0,3,3,0,0,2,0,1,2,7,2,1,1,2,0,2,3,5,3,7,0,3,4,3,2,1,0,2,2,3,4,1,0,1,1,0,2,1,3,1,0,3,2,7,1,3,1,2,1,3,5,0,1,2,3,1,2,8,4,2,1,2,4,2,2,3,2,3,3,2,1,3,6,4,4,2,0,2,2,3,4,3,3,1,6,2,6,8,3,2,4,4,5,2,2,2,1,2,1,6,7,3,2,3,0,3,4,3,3,5,0,1,3,5,8,2,6,4,4,3,3,3,4,3,0,1,3,9,3,5,2,5,0,3,3,5,4,1,3,0,0,0,0,0,0,0,0,0,0,0,0,0,0,0,0,0,0,0,0,0,4,0,7,4,4,1,2,1,1,4,5,4,3,0,2,2,1,6,2,1,1,1,2,2,4,3,2,3,5,1,6,3,2,1,4,2,2,1,5,2,3,0,1,3,3,2,5,1,4,0,4,8,4,1,1,6,1,3,3,3,5,1,4,1,2,4,6,2,4,1,1,1,1,6,2,2,2,2,3,1,7,3,3,2,2,4,2,1,5,5,1,1,1,1,1,5,2,3,0,1,3,1,0,1,1,1,2,5,1,2,4,2,1,2,4,6,8,0,3,3,2,0,2,3,2,1,1,2,6,1,5,2,0,2,2,4,5,2,3,4,2,0,6,1,0,3,1,0,1,1,7,2,3,1,2,1,5,4,2,1,1,1,2,2,1,1,2,3,2,4,10,1,1,1,3,3,3,2,4,3,1,1,4,1,7,4,0,1,0,0,0,2,6,5,4,4,1,0,0,7,0,6,1,1,2,6,2,0,1,3,2,0,4,1,6,3,2,2,0,5,4,5,2,1,3,3,4,6,0,3,5,2,1,4,4,0,0,0,2,4,2,1,5,2,2,1,0,6,3,1,1,0,2,2,2,5,2,2,1,3,1,2,4,6,1,1,0,2,4,6,1,2,1,4,2,1,3,1,2,1,1,0,1,2,0,1,2,2,2,3,1,2,3,1,1,8,4,5,4,0,1,1,2,4,3,1,0,1,1,2,3,1,1,0,0,2,4,1,5,2,0,4,4,1,2,2,4,1,1,1,2,1,0,3,0,4,0,2,3,0
HOUSEHOLD_1_243_CA_1_evaluation,HOUSEHOLD_1_243,HOUSEHOLD_1,HOUSEHOLD,CA_1,CA,3,6,3,4,1,0,3,5,6,5,3,7,2,4,6,4,3,4,0,1,2,4,6,1,3,3,1,3,4,5,2,2,2,1,0,3,4,4,5,4,3,3,2,1,6,2,2,0,3,5,3,3,5,4,4,4,3,3,5,3,4,1,4,1,3,4,3,0,3,4,7,7,3,3,1,2,5,2,9,3,2,0,4,3,3,4,0,4,2,5,2,5,7,2,2,4,2,2,5,3,4,3,0,0,2,4,6,6,3,1,2,3,3,2,3,2,1,6,0,6,5,6,5,6,0,4,3,3,2,1,5,0,1,6,4,3,2,1,4,0,3,2,4,2,2,1,3,3,4,2,0,1,2,3,2,4,2,1,1,1,0,4,7,2,0,0,1,2,2,8,1,2,0,2,3,5,7,1,3,1,1,0,2,3,2,1,1,1,1,2,6,6,0,4,1,1,3,3,3,1,4,0,3,1,4,3,4,1,1,1,1,3,3,1,2,0,2,3,2,2,2,3,1,4,1,2,4,1,0,5,2,5,4,4,2,1,1,3,3,3,1,1,1,3,3,4,6,0,0,0,1,2,4,8,3,2,1,5,3,4,3,2,3,2,3,1,1,4,2,3,0,0,0,0,4,4,1,1,0,3,4,2,2,0,2,2,2,2,4,2,3,1,0,5,3,4,5,3,0,1,3,1,3,3,0,1,1,1,0,3,2,3,2,2,3,1,4,5,1,2,2,2,5,6,1,0,0,2,3,1,2,4,1,3,2,3,4,7,2,0,0,2,4,4,3,4,2,1,4,4,3,0,4,4,3,0,0,2,2,5,1,1,1,2,2,2,3,3,3,1,3,4,9,4,2,2,5,1,6,6,6,5,2,4,1,3,4,3,1,5,5,4,2,3,5,2,3,2,2,2,5,1,3,1,2,2,4,3,2,1,0,3,0,3,6,2,1,1,2,2,2,4,2,3,1,3,0,0,0,0,5,5,1,0,3,4,3,5,2,0,1,3,3,2,4,1,1,4,6,3,6,5,2,1,4,2,2,4,4,2,6,2,5,4,6,2,7,2,2,4,6,7,2,2,1,1,4,4,2,2,1,1,2,1,5,4,2,1,6,1,4,0,1,2,2,0,2,4,6,5,3,3,3,1,4,2,4,4,4,1,0,2,7,4,4,1,1,2,3,4,1,3,1,1,2,6,5,6,4,2,1,4,4,8,2,0,1,1,5,1,3,4,5,4,5,1,3,7,5,1,6,4,2,1,1,5,2,4,3,3,2,5,2,0,2,4,2,6,5,4,5,3,1,1,4,8,6,0,0,0,0,5,4,1,3,3,4,1,5,3,4,2,0,2,1,4,11,2,3,1,2,4,5,3,8,2,3,1,2,4,5,2,2,4,2,0,5,4,5,2,0,3,5,7,2,4,3,1,1,1,1,4,1,4,1,3,4,7,3,2,1,2,1,2,1,3,4,3,3,2,4,5,6,1,2,1,4,1,2,2,0,2,3,1,4,0,3,4,2,1,4,5,0,0,1,6,1,2,5,4,2,3,6,3,0,4,2,3,6,0,0,1,2,3,2,3,2,4,4,1,4,6,4,2,1,0,4,4,6,4,3,2,1,4,5,1,5,1,3,1,2,5,5,2,2,0,2,1,2,3
HOUSEHOLD_1_246_CA_1_evaluation,HOUSEHOLD_1_246,HOUSEHOLD_1,HOUSEHOLD,CA_1,CA,0,0,0,0,0,0,0,0,0,0,0,0,0,0,0,0,0,0,0,0,0,0,0,0,0,0,0,0,0,0,0,0,0,0,0,0,0,0,0,0,0,0,0,0,0,0,0,0,0,0,0,0,0,0,0,0,0,0,0,0,0,0,0,0,0,0,0,0,0,0,0,0,0,0,0,0,0,0,0,0,0,0,0,0,0,0,0,0,0,0,0,0,0,0,0,0,0,0,0,0,0,0,0,0,0,0,0,0,0,0,0,0,0,0,0,0,0,0,0,0,0,0,0,0,0,0,0,0,0,0,0,0,0,0,0,0,0,0,0,0,0,0,0,0,0,0,0,0,0,0,0,0,0,0,0,0,0,0,0,0,0,0,0,0,0,0,0,0,0,0,0,0,0,0,0,0,0,0,0,0,0,0,0,0,0,0,0,0,0,0,0,0,0,0,0,0,0,0,0,0,0,0,0,0,0,0,0,0,0,0,0,0,0,0,0,0,0,0,0,0,0,0,5,0,0,0,0,0,4,4,5,1,4,1,2,0,5,0,6,2,3,0,1,2,0,1,4,0,1,4,5,0,4,4,2,3,4,5,2,8,1,5,2,1,3,4,2,8,3,0,1,7,4,3,3,5,0,1,2,0,3,2,5,5,0,3,5,3,3,3,0,3,1,2,5,9,2,3,0,0,1,0,0,1,4,7,0,0,0,0,0,0,0,0,0,0,0,0,0,0,0,0,0,0,0,0,0,0,0,0,0,0,0,0,0,0,0,0,0,0,0,0,0,0,0,0,0,0,0,0,0,0,0,0,0,0,0,0,0,0,0,0,0,0,0,0,0,0,0,0,0,0,0,0,0,0,0,0,0,0,0,0,2,2,2,5,1,3,2,1,2,1,4,1,3,7,1,4,3,3,3,6,0,2,0,0,0,5,4,2,3,2,3,3,6,3,5,2,0,4,4,3,5,5,2,4,4,2,5,2,6,1,3,3,3,3,2,0,4,6,3,5,3,2,2,3,2,2,10,5,1,1,1,4,3,1,4,6,1,2,1,6,4,3,4,5,1,0,4,3,3,2,6,1,2,3,3,2,4,2,3,1,3,8,3,3,6,3,2,3,3,2,2,1,3,1,5,1,4,6,1,4,0,1,5,5,1,4,3,0,2,2,4,3,3,3,4,5,1,4,2,0,3,1,0,4,5,2,4,2,3,4,5,3,1,4,1,2,0,2,3,1,1,3,3,1,3,4,2,2,1,0,0,6,0,1,0,2,2,4,8,1,4,2,0,1,3,2,0,0,5,1,0,1,3,2,0,0,0,0,0,1,1,2,3,3,4,3,2,6,3,1,0,3,4,0,0,2,0,5,1,1,4,4,0,1,1,0,3,15,7,5,0,4,2,2,5,3,3,0,4,2,2,5,2,3,2,1,3,0,2,2,2,5,4,0,2,6,3,1,2,0,4,3,8,0,2,2,7,1,3,4,2,1,0,0,2,3,4,5,3,3,2,4,0,2,5,1,2,2,3,6,5,2,4,4,1,4,0,6,0,0,2,3,1,3,4,6,3,0,0,2,3,3,7,5,4,2,3,3,5,2,6,2,3,1,3,3,4,3,7,3,3,2,5,1,3,5,1,1,0,3,3,1,1,2,1,3,2,2
HOUSEHOLD_1_247_CA_1_evaluation,HOUSEHOLD_1_247,HOUSEHOLD_1,HOUSEHOLD,CA_1,CA,0,0,1,0,0,0,6,5,3,1,3,1,2,4,5,1,3,2,2,0,4,3,8,0,4,2,0,2,2,2,1,2,0,0,2,3,1,0,4,0,0,3,1,5,3,0,0,1,1,2,7,0,4,1,2,6,2,0,3,1,0,0,0,4,2,2,0,1,2,3,2,4,2,2,3,5,2,1,3,2,2,0,0,2,0,4,0,2,0,2,1,1,1,6,0,2,3,0,3,3,1,2,1,0,3,2,1,1,0,2,2,2,2,1,6,2,3,1,3,3,3,2,0,0,2,4,0,4,0,0,3,2,2,5,4,3,1,1,4,1,5,0,0,2,1,0,0,2,1,4,2,0,3,2,2,5,3,1,0,2,1,1,2,2,3,0,1,3,3,2,1,1,7,1,1,2,3,2,2,0,2,1,1,0,2,0,0,3,4,0,4,3,1,0,0,2,3,8,0,3,1,0,7,0,3,0,4,0,2,6,2,0,1,4,0,0,1,6,4,1,0,2,0,2,2,1,5,2,2,0,1,0,0,2,2,1,2,1,1,3,4,2,0,1,5,0,4,1,1,1,3,3,5,2,1,0,2,0,1,5,2,3,4,1,1,1,2,0,9,0,0,0,4,3,2,0,4,0,1,2,2,1,4,5,0,1,2,0,2,1,1,0,2,2,6,6,2,3,0,0,2,5,4,1,0,0,0,0,0,0,7,4,3,1,4,4,5,0,0,2,4,1,2,4,1,3,5,4,3,2,0,2,2,1,1,6,2,0,1,3,0,6,0,0,0,3,0,2,2,0,2,2,0,4,4,5,1,7,2,1,0,1,4,6,0,2,0,3,1,3,2,1,5,5,1,2,2,2,8,2,0,2,0,0,2,6,1,2,3,5,0,2,2,6,3,3,1,2,3,2,4,1,1,3,5,1,1,2,2,0,0,2,0,5,0,1,1,4,3,3,4,4,4,0,4,3,5,3,1,4,5,5,0,6,2,4,1,2,1,0,4,4,6,2,2,1,0,6,3,0,1,2,1,1,1,4,0,7,0,1,5,1,4,3,4,5,0,5,3,1,5,2,4,1,5,2,1,0,0,2,0,1,3,1,3,2,2,3,3,3,1,1,3,1,2,2,4,0,0,3,1,1,1,2,2,1,1,1,8,3,0,0,0,1,1,4,1,4,1,3,6,3,0,1,5,2,2,3,1,4,2,5,3,6,6,6,2,1,0,1,1,5,0,3,2,1,4,1,2,3,0,1,3,3,5,4,1,4,9,1,2,7,2,0,1,2,1,7,2,1,0,6,2,2,2,1,1,0,2,1,0,3,6,7,2,2,5,6,3,7,3,2,1,3,5,5,2,7,1,2,6,1,4,3,1,2,1,3,2,10,3,6,3,3,1,2,2,1,2,0,3,5,4,2,4,2,3,2,0,3,8,1,4,1,3,5,3,4,2,2,2,1,0,2,4,0,0,2,2,1,2,3,2,2,5,1,4,0,1,5,6,1,0,0,3,2,3,3,6,5,1,2,1,1,2,2,1,2,1,0,3,6,7,0,3,2,1,3,1,2,2,0,2,0,7,5,2,1,0,2,1,1,1,1,3,1,4,0,2,0,2,0,3,3,3,1,2,1,1,2,0,0,5,3,0,0,3,5,2,8
HOUSEHOLD_1_249_CA_1_evaluation,HOUSEHOLD_1_249,HOUSEHOLD_1,HOUSEHOLD,CA_1,CA,2,0,0,4,0,1,2,2,2,0,0,1,1,0,0,2,3,0,2,1,2,1,0,2,2,0,1,1,5,1,1,1,0,1,1,3,2,3,0,1,2,1,2,1,1,0,4,1,0,4,2,1,1,2,2,2,6,3,3,1,4,3,0,1,3,1,4,1,4,2,4,0,0,0,0,0,0,0,2,3,5,5,0,0,0,0,0,1,0,4,0,3,5,2,2,0,1,0,3,3,6,0,3,0,2,2,4,4,1,2,2,0,2,1,1,1,0,2,0,4,3,3,1,1,2,1,1,2,0,2,0,2,0,0,4,1,1,0,0,2,0,4,1,1,6,0,1,2,3,1,2,1,0,4,4,1,1,2,0,0,2,2,2,0,2,2,4,2,3,6,1,1,0,1,0,2,2,0,1,0,1,2,2,3,1,1,2,0,2,2,3,2,0,2,3,3,0,5,1,1,0,1,0,2,2,0,2,0,0,1,2,5,0,2,3,0,3,2,0,1,0,1,2,2,3,1,1,1,1,1,5,2,2,1,1,0,1,2,3,2,2,0,0,0,1,0,0,1,2,2,2,3,2,1,1,1,2,2,1,1,2,2,0,0,0,2,1,0,3,1,1,0,2,2,2,0,0,0,1,1,4,0,1,0,0,1,2,6,4,0,4,0,2,2,2,1,2,0,0,0,3,2,2,0,1,2,1,0,0,4,3,1,0,4,0,0,2,0,0,1,1,2,0,2,2,3,0,2,1,5,1,1,3,2,0,0,2,0,3,0,0,0,1,1,2,2,3,1,1,0,1,0,1,0,0,0,0,0,2,0,0,0,0,0,0,0,0,0,0,0,0,0,0,0,0,0,4,3,3,0,1,1,0,1,1,0,1,2,0,2,1,1,1,1,0,0,0,2,3,2,1,0,1,2,1,0,0,1,1,2,2,2,1,4,2,4,0,0,0,0,3,2,3,0,3,0,3,3,1,5,1,1,0,2,1,5,4,1,1,2,1,3,0,5,3,0,0,0,0,0,0,0,0,0,0,2,3,2,1,1,2,2,1,2,2,2,4,2,1,0,4,0,1,2,2,2,3,2,2,1,1,3,2,3,2,0,5,1,2,0,1,1,0,1,4,3,3,3,2,2,2,1,1,1,4,0,2,2,2,1,1,2,4,0,1,2,0,1,2,3,0,1,2,0,2,0,1,1,0,1,1,1,1,1,0,0,0,1,1,2,2,0,2,0,3,1,2,0,0,0,1,1,0,1,6,3,0,1,1,3,2,0,3,2,0,1,0,0,0,0,0,2,1,1,1,0,0,0,1,2,0,0,1,0,0,2,1,0,2,3,1,0,1,2,0,1,1,3,2,0,0,0,1,1,2,1,0,0,0,3,0,1,2,0,1,2,3,1,1,0,0,0,0,1,2,0,0,2,0,2,0,2,2,0,2,1,1,0,0,1,1,4,0,0,1,0,2,1,0,1,0,0,3,3,0,0,1,1,1,3,1,0,0,0,1,1,1,2,0,1,1,0,1,1,2,0,1,0,2,1,3,1,2,0,0,1,1,1,0,0,0,1,0,1,0,1,2,1,1,0,0,2,1,0,2,2,1,2,1,3,1,0,0,1,0,0,1,0,0,1,3,3,2,1,0,0,0,1,0,0
HOUSEHOLD_1_251_CA_1_evaluation,HOUSEHOLD_1_251,HOUSEHOLD_1,HOUSEHOLD,CA_1,CA,2,1,1,1,0,1,3,1,1,0,3,3,0,3,0,3,3,0,0,0,2,3,2,0,4,2,1,0,0,1,1,2,1,1,1,2,2,2,1,0,2,1,0,5,1,3,0,1,0,2,1,0,2,0,1,2,0,1,0,0,1,2,2,2,2,0,2,2,0,2,1,2,3,1,3,1,0,2,4,1,1,4,0,2,1,2,6,1,0,3,0,0,2,0,2,0,3,1,1,3,2,2,1,1,1,0,3,0,0,1,1,1,2,3,0,0,3,4,0,3,0,4,3,1,1,0,2,1,1,0,0,0,1,3,4,3,0,0,0,3,4,1,0,2,1,0,2,3,4,0,1,3,1,1,2,2,0,0,1,1,1,1,3,2,0,0,0,0,1,3,1,1,0,2,0,3,2,1,1,1,2,3,2,2,0,3,0,0,2,1,2,1,2,3,0,1,1,2,0,1,3,0,0,1,0,1,2,0,2,1,2,1,0,4,1,0,2,0,0,0,0,1,0,2,0,1,2,0,1,0,2,4,0,1,1,0,1,2,2,2,0,1,1,0,1,2,2,0,1,1,1,1,3,2,0,0,2,0,1,2,2,0,1,1,1,2,2,2,0,1,0,0,1,0,2,0,1,1,1,3,2,0,0,5,2,2,3,0,3,2,1,2,0,2,1,3,1,0,1,1,1,3,0,1,1,2,2,0,0,3,2,0,2,0,2,2,2,0,1,2,2,2,1,2,2,0,2,0,2,1,2,0,1,0,2,0,2,3,0,2,2,1,3,3,0,3,1,0,2,0,2,5,1,0,1,4,2,1,1,0,0,1,0,0,1,4,0,0,3,0,1,2,2,2,3,2,0,3,1,0,1,1,2,1,4,1,1,2,0,3,2,4,0,1,0,2,0,1,1,2,2,3,2,1,2,2,1,1,1,3,2,0,0,1,1,2,1,1,2,1,2,2,1,0,0,2,1,2,2,2,3,0,1,0,2,3,1,2,0,0,0,2,1,0,2,1,0,1,2,1,1,2,1,1,2,1,1,2,1,1,1,0,3,3,1,3,1,1,2,0,1,2,0,1,2,1,0,1,0,0,1,0,2,1,2,2,3,0,1,4,4,1,2,1,1,0,1,0,2,1,2,2,2,2,0,1,2,0,3,3,0,5,2,1,1,1,2,0,1,2,1,1,1,0,2,6,4,1,3,3,4,1,5,1,0,2,2,1,0,3,2,2,1,2,1,4,3,0,2,0,1,0,1,1,0,2,0,2,4,4,1,0,0,2,1,0,3,2,1,1,0,0,3,0,2,0,1,0,4,2,0,0,0,0,2,2,3,0,1,1,3,0,1,1,1,1,2,2,0,2,1,1,3,1,0,1,1,0,0,2,1,1,0,4,1,1,2,0,2,0,1,0,2,1,1,0,1,0,0,2,7,3,0,3,1,0,4,2,2,0,2,2,0,2,2,2,3,1,2,2,1,3,3,1,0,0,2,0,1,1,2,0,3,0,2,0,2,0,1,1,1,2,4,0,1,1,1,2,0,1,1,1,1,1,4,1,2,1,1,1,1,2,1,1,1,0,3,0,0,1,0,1,1,1,1,1,0,0,2,1,0,0,0,0,2,2,3,0,1,0,0,3,0,0,0,2,4,1,1,0
HOUSEHOLD_1_254_CA_1_evaluation,HOUSEHOLD_1_254,HOUSEHOLD_1,HOUSEHOLD,CA_1,CA,1,2,2,3,0,1,1,0,8,0,5,2,4,6,0,2,11,6,9,0,0,5,1,3,9,7,3,3,2,4,4,4,0,2,1,0,0,2,0,0,5,0,0,0,0,5,0,0,1,0,0,1,1,1,1,2,0,0,1,0,0,0,0,2,0,0,7,4,0,2,3,0,0,0,0,0,0,8,4,9,2,0,0,0,0,0,6,6,6,0,3,7,7,0,0,2,5,5,11,8,2,4,3,1,4,2,1,1,5,5,6,3,0,0,1,5,4,6,5,3,5,0,5,2,1,3,3,4,16,2,1,1,11,2,9,2,7,7,0,0,6,2,4,3,11,5,5,3,2,2,9,4,0,0,0,1,3,3,2,1,2,7,11,1,3,6,3,3,1,5,5,4,0,12,2,3,4,7,2,4,7,3,1,5,6,2,1,3,2,6,5,4,3,0,2,4,8,6,7,8,1,4,4,1,7,4,5,3,4,0,3,4,3,1,11,0,0,5,3,2,1,5,2,5,4,3,6,4,1,3,3,6,3,4,2,1,1,4,4,8,4,3,1,3,8,8,3,4,0,1,4,4,4,3,5,1,0,0,0,20,7,9,3,9,10,2,6,7,2,3,5,4,3,4,2,1,0,4,4,1,3,3,10,5,12,4,6,3,0,1,1,0,5,1,15,18,1,1,1,3,4,5,10,10,2,3,8,2,10,1,4,3,1,3,3,4,1,8,1,2,4,3,7,1,9,8,9,3,1,10,10,1,6,6,3,3,5,7,7,5,8,3,1,4,9,2,8,4,2,0,0,4,7,5,4,10,7,7,5,1,4,0,4,1,2,7,9,3,1,3,3,7,2,7,26,6,3,2,6,11,5,7,2,19,10,1,5,3,4,2,0,3,2,3,1,2,10,9,3,5,8,4,0,0,0,10,0,13,18,3,10,3,11,5,8,7,1,4,2,7,1,7,4,5,2,8,8,3,3,13,16,9,9,6,2,20,10,1,8,5,10,13,8,6,5,1,1,0,0,0,12,5,7,7,14,7,16,10,12,26,8,4,7,7,19,4,6,10,2,12,8,7,4,3,9,6,6,5,5,14,3,9,5,13,12,8,3,0,0,0,0,0,0,0,0,0,0,12,0,0,3,7,4,10,3,7,2,0,3,3,2,0,2,0,1,2,4,0,14,5,6,3,8,3,5,4,5,9,5,1,10,4,6,6,10,9,11,8,4,7,7,7,7,4,3,4,8,9,13,0,14,6,3,8,10,3,7,8,6,5,13,13,13,10,9,4,12,23,17,9,24,1,3,12,9,8,4,0,3,6,0,11,17,11,11,10,14,10,13,7,13,8,24,4,5,4,7,8,5,2,6,20,15,7,6,10,21,5,5,20,12,9,14,9,8,17,20,26,10,57,2,0,6,5,2,2,0,0,18,10,5,13,14,6,4,14,9,8,7,3,7,10,6,4,8,5,18,9,10,14,3,13,8,7,12,8,2,5,13,16,6,2,4,2,18,22,30,9,3,7,8,9,9,4,5,10,5,5,3,5,15,11,9,6,5,15,9,10,7,2,5,9,4,8,6,0,7,3,5,3,8,7,7,4,6,5,5,14,9,8,14,11,11,4,2,2,1,3,6,10,11,4,9,8,5,9,4,9,18,7
HOUSEHOLD_1_261_CA_1_evaluation,HOUSEHOLD_1_261,HOUSEHOLD_1,HOUSEHOLD,CA_1,CA,0,0,0,1,2,2,0,0,1,0,1,0,1,0,0,0,1,0,0,0,0,0,0,0,2,1,0,0,1,0,0,1,1,0,0,0,1,0,2,3,0,0,0,0,1,4,3,3,1,2,0,0,0,0,0,0,0,0,0,0,1,1,0,2,0,2,0,2,0,1,1,0,1,1,0,0,1,0,1,2,0,1,0,1,0,0,0,1,0,2,1,1,0,1,0,0,1,1,1,2,2,0,0,1,1,1,0,0,0,2,0,0,1,0,0,0,2,1,0,2,0,2,0,1,2,1,1,0,0,0,0,0,1,0,1,1,2,0,0,1,1,1,1,1,0,2,1,0,1,0,0,1,1,1,0,3,1,0,0,0,0,1,1,2,1,0,0,0,0,3,1,1,1,0,0,0,0,3,0,0,0,0,0,2,2,0,0,0,1,1,1,1,1,0,1,0,2,0,1,2,1,1,0,0,0,1,1,0,1,0,1,0,0,1,0,0,1,0,0,0,0,0,1,2,0,1,0,0,0,2,1,0,1,1,2,0,1,1,0,1,2,0,0,1,2,0,2,0,0,1,2,1,0,0,0,0,0,1,1,1,2,1,0,0,0,0,0,0,2,0,1,0,1,0,1,0,0,0,0,1,1,0,0,1,1,0,0,0,0,0,0,0,0,0,0,1,0,0,0,1,0,0,1,1,0,2,0,0,1,0,1,0,1,0,2,1,1,0,0,0,1,1,0,1,1,1,1,1,0,1,1,1,0,0,1,0,1,0,0,0,1,0,1,0,2,1,0,1,0,1,1,2,0,0,0,2,0,0,0,1,1,0,0,2,0,0,1,0,1,0,0,0,0,0,0,1,1,0,2,2,4,1,1,0,1,0,0,1,0,0,0,1,1,0,2,1,0,0,0,0,3,0,0,1,2,2,1,2,3,0,0,0,1,1,2,1,0,0,0,2,3,2,0,2,3,0,1,1,2,1,1,1,0,1,0,1,0,1,0,0,0,0,0,0,3,1,0,1,0,1,0,1,1,1,0,0,0,1,0,0,1,3,1,1,5,1,0,0,0,0,2,2,0,0,1,1,1,1,0,0,1,2,0,0,1,0,1,0,2,0,6,1,0,0,0,1,1,4,3,0,2,0,0,1,1,2,2,0,3,2,2,0,0,1,1,4,1,0,0,1,0,0,0,0,2,1,0,1,1,2,0,1,0,3,0,3,0,0,2,0,1,1,0,1,1,1,0,0,0,0,0,0,0,0,0,0,0,0,0,2,0,0,1,3,0,0,1,3,1,1,1,1,1,1,0,0,0,0,0,1,0,0,0,0,1,0,1,1,0,1,0,1,0,0,1,0,2,0,2,1,0,0,2,2,1,0,1,0,2,0,2,1,0,1,1,0,2,0,1,0,1,1,0,1,1,0,0,0,0,0,0,1,2,0,0,1,0,1,0,1,0,0,1,0,1,0,1,1,1,0,1,2,0,0,1,0,1,1,4,0,0,1,0,1,2,0,1,0,0,0,0,0,1,0,0,1,1,0,3,0,1,0,0,0,0,0,0,0,0,0,2,0,0,0,1,0,1,0,1,0,0,1,0,1,0,0,0,1,1,1,1,1,0,3,1,1,1,0,0,0,0,1,0,1,1,0,1,0,2,2
HOUSEHOLD_1_262_CA_1_evaluation,HOUSEHOLD_1_262,HOUSEHOLD_1,HOUSEHOLD,CA_1,CA,10,10,3,10,4,3,7,5,8,4,4,6,2,11,4,5,0,5,6,4,1,5,2,1,0,0,0,0,7,7,4,4,10,4,8,10,9,10,8,2,11,4,6,8,3,3,0,3,4,7,6,1,11,5,2,12,8,11,10,6,2,3,8,5,14,12,9,6,4,15,7,16,5,11,6,8,5,6,10,6,7,9,6,8,5,6,6,3,3,2,5,12,14,3,4,8,2,8,6,6,12,7,4,4,7,9,8,9,6,1,6,5,11,18,8,3,3,1,5,5,2,6,3,6,3,8,4,14,8,5,5,7,11,6,15,14,5,6,1,7,3,6,0,0,0,0,5,8,16,4,7,3,8,5,8,10,4,4,2,3,2,11,12,11,7,10,4,4,16,15,10,2,2,6,4,13,9,6,2,4,4,4,9,8,3,7,10,2,3,7,6,7,4,5,4,7,8,0,0,3,0,0,5,11,17,8,7,3,7,4,10,7,8,2,1,0,7,3,3,6,5,2,7,13,12,12,2,2,3,3,10,8,7,4,6,1,2,0,1,0,0,5,5,4,7,11,12,2,3,4,1,6,10,10,6,4,7,8,8,4,1,1,0,0,0,5,4,6,9,1,4,8,1,7,6,8,5,3,1,5,13,14,12,6,4,8,2,12,15,11,8,2,6,8,17,11,7,5,5,7,7,9,7,11,4,5,2,4,8,11,6,10,3,6,6,9,8,7,5,5,5,8,9,4,6,5,4,4,6,9,5,8,6,2,7,9,5,11,5,12,1,6,4,9,15,8,3,4,5,5,6,9,3,2,4,4,3,5,7,1,2,6,2,2,3,8,2,3,3,0,4,2,6,2,7,4,4,10,9,6,2,3,1,4,4,0,6,3,3,2,3,5,7,4,2,2,3,3,5,4,5,1,2,3,7,8,2,7,4,5,4,4,2,4,5,2,3,3,2,5,6,4,6,4,0,2,1,5,6,4,4,4,2,2,4,5,9,2,2,4,9,9,7,4,8,1,6,1,4,4,4,6,2,4,8,3,5,2,1,1,3,0,2,8,5,3,4,8,5,7,1,7,9,1,3,6,8,4,0,2,3,2,2,7,5,3,4,1,5,3,4,1,1,1,4,1,2,4,7,5,1,1,2,3,5,8,2,5,5,8,2,4,1,8,2,1,2,1,5,9,2,3,0,1,4,8,4,3,7,2,1,10,3,4,1,3,0,0,3,2,0,4,1,1,6,0,1,5,4,3,3,5,1,1,2,5,6,1,2,3,6,2,7,0,5,0,2,7,5,4,4,3,0,5,5,6,3,0,2,1,0,10,7,6,1,2,1,5,4,3,5,0,4,5,4,4,3,1,1,0,0,2,3,5,4,5,5,4,6,2,9,2,2,0,1,0,2,5,3,2,2,2,2,6,6,6,4,2,4,0,1,4,7,4,2,4,7,6,7,3,2,3,2,1,7,4,4,6,5,3,4,5,11,4,2,3,1,1,5,6,4,5,2,4,4,3,9,1,2,5,0,13,5,4,2,3,2,7,2,6,7,4,11,5,2,5,9,10,16,7,6,3,4,3,6,3,2,4,9,1,7,8,6,6,5,5,5,5,23,5,6,2,5,15,7,11,12,6,3,5,9,5,8,8,5,3,2,6,8,9
HOUSEHOLD_1_272_CA_1_evaluation,HOUSEHOLD_1_272,HOUSEHOLD_1,HOUSEHOLD,CA_1,CA,3,3,8,1,3,2,5,2,8,9,3,6,3,4,8,4,4,9,5,2,5,5,2,2,8,5,5,6,9,6,4,3,4,6,4,6,7,9,3,3,5,5,7,10,5,5,1,5,8,3,6,1,5,8,4,5,9,6,3,6,2,3,3,6,4,3,1,4,3,3,7,9,3,3,0,3,5,7,6,4,4,5,4,3,5,9,6,3,2,3,4,1,8,7,2,0,3,1,5,3,9,3,5,5,5,9,8,4,5,4,5,8,3,13,2,3,1,4,6,4,11,5,3,3,6,2,8,10,4,4,6,3,2,7,6,3,2,6,1,5,8,10,7,3,2,3,2,4,9,6,2,2,1,4,4,3,1,3,4,4,3,8,9,3,1,1,4,3,7,0,0,0,0,0,0,0,16,3,4,4,4,5,7,4,6,2,5,2,1,8,7,5,0,2,7,14,6,6,5,3,4,2,4,7,9,4,6,1,0,0,0,0,0,0,0,0,0,0,0,0,0,0,0,0,0,0,0,0,0,0,0,0,0,0,0,0,0,0,0,0,0,0,0,0,0,0,0,0,0,0,0,0,0,0,0,0,0,0,0,0,0,0,0,0,0,0,0,0,0,0,0,0,0,0,0,0,0,0,0,0,0,0,0,0,0,0,0,0,0,0,0,0,0,0,0,0,0,0,0,0,4,6,11,3,0,2,4,2,4,3,4,5,5,0,4,7,6,2,8,7,4,6,9,6,1,4,1,2,3,4,4,4,2,0,3,4,7,4,3,5,1,4,4,4,11,5,6,2,4,5,2,9,4,2,4,1,2,5,9,5,2,3,4,7,8,7,4,6,3,1,2,8,10,6,5,6,4,5,7,9,5,3,1,6,3,5,4,2,5,5,7,1,2,3,4,1,5,3,4,4,9,6,3,1,3,5,8,6,2,6,3,4,7,11,8,2,2,3,2,5,2,2,9,1,1,0,0,0,0,0,0,0,0,0,0,0,0,0,0,0,0,0,0,0,0,0,0,0,0,0,0,0,0,0,0,0,0,0,0,0,0,0,0,0,0,0,0,0,0,0,0,0,0,0,0,0,0,0,0,0,0,0,0,0,0,0,0,0,0,0,0,0,0,0,0,0,0,0,0,0,0,0,0,0,0,0,0,0,0,0,0,0,0,0,0,0,0,0,0,0,0,0,0,0,0,0,0,0,0,0,8,8,4,14,11,3,3,3,10,13,10,4,9,4,6,5,14,16,8,8,2,7,12,3,13,6,11,7,6,10,14,9,6,6,10,3,4,8,13,6,4,5,8,5,14,11,6,10,5,4,0,18,13,9,8,5,4,4,0,0,0,0,0,0,0,0,0,0,0,0,0,0,0,0,0,0,0,0,0,0,0,0,0,0,0,0,0,0,0,0,0,0,0,0,0,0,0,0,0,0,0,0,0,0,0,0,0,0,0,0,0,0,0,0,0,0,0,0,0,0,0,0,0,0,0,0,0,0,0,0,0,0,0,0,0,0,0,0,0,0,0,0,0,0,0,0,0,0,8,9,12,7,9,8,4,4,16,13,12,9,4,4,3,11,14,7,1,3,4,1,5,4,4,6,9,5,2,11,18,4,7,6,3,3,9,8,5,11,2,4,6,19,12,6,7,4,9,9,11,13
HOUSEHOLD_1_275_CA_1_evaluation,HOUSEHOLD_1_275,HOUSEHOLD_1,HOUSEHOLD,CA_1,CA,0,0,0,0,1,1,2,0,0,1,5,0,0,0,3,3,0,0,0,0,0,0,0,0,0,0,0,0,0,0,0,0,0,0,0,0,0,0,0,0,0,0,0,0,2,2,1,1,1,2,3,0,3,1,2,4,4,2,0,0,0,0,1,0,0,1,2,1,1,1,4,2,1,1,2,1,3,1,0,0,1,1,1,1,1,1,2,0,1,1,2,0,1,1,0,0,2,1,1,3,2,1,1,0,0,1,2,0,2,1,0,1,0,0,2,0,1,0,0,1,1,3,1,0,0,1,2,1,2,1,2,0,2,1,2,0,2,0,1,1,1,2,1,0,2,1,1,0,1,0,1,1,0,0,1,2,1,0,1,0,0,2,3,2,0,2,0,1,0,0,0,0,0,0,0,0,0,0,0,0,0,0,0,0,0,0,0,0,0,1,1,0,1,0,1,2,0,0,0,0,0,0,0,2,2,0,0,3,2,1,1,3,2,0,1,0,1,0,2,2,0,0,3,1,2,1,0,4,1,0,0,0,0,0,0,0,0,0,0,0,1,0,0,2,0,1,2,0,2,1,0,0,2,2,1,0,1,0,2,1,3,1,0,2,0,0,1,1,6,2,1,0,2,1,2,2,1,0,0,3,3,1,2,0,4,1,0,2,1,2,0,1,0,0,3,3,3,0,0,0,0,1,2,0,3,0,0,0,0,1,0,2,0,0,1,4,1,0,0,1,1,0,3,4,0,2,1,0,1,3,2,0,2,0,1,3,2,2,2,0,2,0,0,2,4,2,1,0,0,1,2,3,1,2,1,2,1,1,0,0,1,0,0,0,5,0,2,1,3,1,2,2,3,1,0,2,0,1,3,4,1,0,1,1,2,3,1,4,1,0,0,0,0,1,1,0,3,2,0,3,1,0,3,1,1,2,0,0,2,1,1,0,0,1,3,1,2,3,1,0,2,2,1,1,1,1,1,0,2,0,0,0,1,1,1,1,0,1,2,3,1,2,2,2,3,1,1,1,1,1,3,3,3,0,0,1,2,0,0,0,0,0,2,3,1,3,1,1,2,2,3,5,2,2,2,2,2,0,1,1,1,1,1,1,2,3,2,2,2,1,1,1,2,1,1,0,2,2,2,3,2,1,0,0,3,7,3,3,2,1,1,2,1,1,1,2,0,0,3,2,2,1,0,0,0,7,2,1,0,5,2,0,0,4,3,0,1,4,0,0,3,2,1,0,0,1,5,0,1,2,3,0,0,2,2,3,1,2,2,1,5,3,1,0,0,0,0,1,3,2,1,0,1,1,2,1,1,1,1,0,0,3,0,3,1,0,0,1,2,2,1,1,1,3,2,2,2,1,1,5,1,2,1,2,2,0,1,0,1,4,3,0,1,0,0,3,2,2,2,0,1,1,1,3,0,1,3,1,1,2,1,1,1,5,5,2,6,2,5,0,0,1,1,2,2,3,2,5,0,2,4,1,7,4,2,3,1,0,3,1,1,2,2,3,1,4,3,2,3,3,3,3,2,2,3,1,2,0,1,4,3,1,4,2,1,4,4,0,1,3,4,4,2,3,1,2,3,0,1,3,3,3,3,1,4,1,5,2,8,2,2,0,5,3,1,3,3,1,2,1,1,1,3,2,3,1,5,3,5,4
HOUSEHOLD_1_277_CA_1_evaluation,HOUSEHOLD_1_277,HOUSEHOLD_1,HOUSEHOLD,CA_1,CA,10,3,3,3,1,2,1,5,6,4,7,5,8,2,7,4,2,3,1,6,6,2,3,3,2,1,4,4,7,1,4,2,6,3,2,3,3,2,4,3,9,5,8,5,3,3,6,2,3,7,4,5,3,2,3,5,2,4,1,2,3,1,0,3,4,4,7,1,2,1,9,2,1,6,0,6,5,1,6,2,6,2,2,4,3,0,2,2,0,0,3,3,3,6,2,0,2,2,2,3,4,1,3,3,3,5,8,1,8,0,1,3,3,4,2,1,2,2,3,5,5,2,4,1,1,1,1,1,3,3,0,2,7,4,5,4,1,2,3,8,5,4,10,0,3,1,4,3,8,2,5,2,1,5,7,2,1,2,5,1,0,4,8,6,0,4,3,2,1,7,1,2,1,3,4,5,6,6,2,5,3,2,6,5,3,3,9,1,2,3,5,3,4,0,3,4,3,2,4,6,2,1,1,6,6,3,5,2,1,1,6,1,4,1,1,0,2,3,0,2,4,2,4,1,5,0,0,0,0,0,0,0,3,2,1,2,1,0,3,3,1,0,4,2,10,12,13,9,8,2,8,13,10,16,6,11,12,4,3,17,10,5,9,3,1,1,3,7,2,1,2,2,1,3,5,4,1,2,2,2,1,0,0,0,0,0,0,0,10,5,9,8,2,10,6,8,3,4,4,4,5,4,4,4,8,7,4,3,4,11,5,2,9,4,12,3,2,0,3,2,3,0,3,10,4,3,4,3,2,3,10,6,3,2,0,2,18,18,14,6,5,5,11,5,15,10,8,5,8,5,7,1,1,3,2,1,1,3,6,5,4,4,1,5,11,6,6,9,1,4,1,2,13,2,1,3,2,0,2,9,10,10,3,3,4,7,5,4,4,6,4,6,8,8,4,8,8,7,10,8,10,3,4,7,7,7,9,2,6,1,2,1,4,5,0,2,9,8,9,6,10,10,3,3,5,1,7,4,7,7,4,10,4,2,4,11,5,0,6,0,0,0,0,1,2,0,1,2,1,4,6,4,5,1,2,7,9,6,3,8,5,2,15,10,3,4,4,6,6,7,10,10,5,4,7,5,2,13,6,2,7,8,9,11,11,8,7,6,6,12,9,9,9,4,3,3,6,16,14,11,7,6,7,7,12,11,6,9,8,0,0,9,11,5,3,6,3,4,9,10,10,3,7,6,4,9,7,8,7,9,5,8,8,2,4,1,7,2,2,2,1,4,3,1,3,4,1,4,4,2,3,1,0,0,2,0,1,0,0,0,0,0,0,0,0,0,0,0,0,0,0,0,1,0,0,0,0,0,0,0,0,0,0,0,0,0,0,0,0,1,0,0,0,0,4,9,1,0,0,0,0,1,0,2,0,0,0,0,0,1,0,0,0,0,1,0,0,0,0,0,0,0,0,0,0,0,0,0,0,0,0,0,0,2,0,0,0,0,0,0,0,0,0,2,0,0,0,0,0,0,0,0,0,0,0,0,0,0,2,2,0,0,0,0,0,0,0,0,1,2,0,2,2,0,1,1,1,0,0,0,2,0,4,2,1,1,1,1,1,6,1,1,1,0,2,0,0,1,0,1,2,0,1,0,0,0,0,1,0,0,0,0,0,0,0,0,0,0,0,1,0,0,0,0,0,0,0,0,0,0
HOUSEHOLD_1_278_CA_1_evaluation,HOUSEHOLD_1_278,HOUSEHOLD_1,HOUSEHOLD,CA_1,CA,1,0,0,0,2,0,1,0,1,1,0,1,0,0,0,1,0,0,1,0,0,0,1,1,1,0,0,1,0,0,2,1,0,0,0,0,0,1,0,0,0,1,0,1,0,0,1,0,0,0,1,0,0,1,0,1,1,0,0,0,0,1,0,1,0,1,0,1,0,0,1,0,0,0,0,0,1,2,2,0,0,0,0,1,0,0,1,1,0,0,2,0,0,0,0,0,0,0,1,0,0,2,1,0,0,0,0,0,1,0,0,1,0,0,1,0,0,1,0,0,1,1,0,1,0,0,0,1,1,0,0,0,0,1,2,0,0,0,0,0,0,1,2,1,0,0,0,0,0,0,0,1,0,0,0,1,1,0,0,0,0,0,0,0,1,2,0,0,0,0,0,0,0,0,1,0,0,0,1,0,0,0,0,0,0,1,0,0,0,0,1,0,0,1,0,0,2,2,0,0,0,0,2,0,1,0,0,0,1,0,2,0,0,1,1,0,0,0,0,0,2,0,0,2,0,0,0,0,0,0,2,0,0,0,1,0,1,0,0,0,1,0,0,0,0,0,0,0,0,0,0,0,0,0,0,1,1,0,1,2,1,0,1,0,0,0,0,1,1,1,1,0,0,0,1,0,0,0,0,2,0,1,0,0,2,0,1,0,1,0,1,0,0,0,1,2,0,1,0,0,0,1,1,1,0,3,1,0,0,0,0,2,0,1,0,0,1,1,1,2,0,2,1,1,0,3,0,1,1,0,2,0,2,1,1,0,0,2,1,1,0,0,0,2,1,1,1,0,0,1,2,1,0,0,1,0,1,2,1,1,1,2,1,1,1,0,3,1,0,1,0,0,1,1,1,0,0,1,1,1,4,0,1,0,0,0,0,1,0,0,0,2,0,2,2,1,0,0,0,0,0,0,0,0,0,0,1,0,2,2,0,0,0,0,0,1,0,1,0,0,0,0,0,2,1,1,2,0,0,0,0,0,0,1,0,2,0,1,0,0,0,0,1,1,0,0,0,2,4,0,0,0,0,3,1,1,2,0,1,0,1,0,1,0,1,0,0,3,2,0,1,2,2,0,0,0,0,2,0,0,0,1,0,2,0,0,0,2,0,0,2,1,1,1,1,2,0,3,1,1,0,0,1,1,0,0,1,0,3,0,0,2,1,2,1,0,1,0,1,0,1,0,0,1,0,2,1,2,0,2,0,0,0,1,2,1,2,0,1,1,3,1,0,0,0,2,0,3,0,2,0,0,1,0,4,2,1,3,0,1,0,0,1,0,1,1,1,0,0,0,0,1,2,0,3,0,0,1,1,1,0,1,0,2,0,3,0,0,3,1,0,2,0,1,1,0,1,1,0,1,0,0,1,3,0,1,1,0,1,2,1,0,1,0,0,0,1,0,0,3,0,0,1,1,1,0,0,1,1,1,0,0,0,2,1,0,1,0,0,1,0,0,1,0,0,0,1,1,0,1,0,0,0,2,0,1,0,0,1,1,0,0,0,1,0,0,0,1,0,0,1,1,0,0,0,0,1,2,0,1,0,0,0,0,0,0,2,0,0,1,0,0,0,1,0,1,0,1,0,1,1,3,0,0,0,0,0,2,0,0,0,0,0,0,1,1,2,0,0,0,1,1,0,1,0,2,0,1,0,1
HOUSEHOLD_1_279_CA_1_evaluation,HOUSEHOLD_1_279,HOUSEHOLD_1,HOUSEHOLD,CA_1,CA,1,0,3,6,3,0,3,0,0,2,3,0,1,0,1,1,1,0,2,1,1,0,3,1,4,12,3,1,0,3,0,2,0,0,1,2,0,6,8,2,1,0,0,5,1,0,2,0,1,0,4,0,6,3,3,3,12,1,0,2,8,1,0,4,2,6,3,0,1,0,1,10,0,0,4,0,9,1,3,0,2,0,7,2,5,1,0,1,3,2,6,1,0,7,0,0,1,4,2,3,0,2,6,3,5,0,0,3,0,3,2,0,0,1,6,0,2,7,2,1,0,4,2,7,4,0,2,1,1,4,1,2,0,5,0,0,1,3,1,3,2,0,0,0,2,1,0,0,7,0,0,0,1,2,1,3,0,8,1,1,1,1,4,3,0,3,0,3,0,3,2,0,0,0,6,2,6,4,2,0,0,3,0,1,2,0,2,0,0,0,0,0,0,0,0,1,2,0,0,2,0,0,4,2,0,2,6,0,6,0,0,0,3,0,0,0,1,0,1,1,3,5,0,0,3,0,0,3,0,1,0,2,4,4,1,1,9,1,0,3,0,8,1,0,3,1,2,2,1,5,0,8,0,0,2,0,0,8,2,5,2,0,3,1,8,1,0,3,2,1,3,0,3,2,1,0,1,1,4,0,2,1,3,2,0,3,2,0,0,0,2,2,0,1,1,2,2,0,2,2,2,3,2,6,0,0,0,2,0,0,0,1,1,0,0,1,2,0,1,2,0,0,0,2,1,0,3,0,1,1,0,0,1,2,1,0,3,2,2,1,2,3,1,1,2,7,1,0,1,4,0,0,3,0,1,1,0,0,1,2,0,3,5,0,2,1,0,0,4,1,0,0,0,14,3,0,4,0,0,0,3,0,1,0,1,9,0,3,5,0,0,0,3,1,7,0,2,0,0,5,0,0,0,3,2,2,0,1,1,1,1,1,0,3,2,0,1,3,10,0,0,2,0,0,0,0,0,3,1,0,0,0,0,0,10,2,0,10,0,1,1,0,3,0,0,0,0,1,0,0,3,0,0,3,0,1,0,0,2,8,2,0,1,8,0,4,3,0,1,0,0,3,3,5,0,0,0,1,0,0,0,3,0,0,0,11,0,2,0,1,1,1,0,1,1,0,1,0,3,2,0,0,4,2,2,5,5,0,1,0,2,1,1,0,3,0,0,0,1,0,1,3,3,3,2,3,0,3,0,1,1,0,0,0,0,4,5,0,0,3,2,0,0,0,0,2,4,0,3,1,3,0,0,0,0,2,1,1,1,1,4,0,1,1,2,0,1,0,0,1,1,0,0,2,16,0,0,0,0,0,0,0,0,4,0,8,0,0,0,2,0,0,0,1,1,1,0,0,0,5,0,4,0,1,0,0,0,7,0,3,0,1,0,0,0,5,2,6,2,0,0,0,0,1,0,0,1,2,0,1,0,0,0,0,0,0,2,0,0,1,2,0,0,0,1,3,6,0,0,0,0,0,0,0,5,0,2,1,0,5,2,0,0,0,0,0,0,2,0,1,3,0,3,0,0,3,0,1,0,0,2,0,0,0,3,0,1,0,0,0,0,0,0,0,1,0,0,1,7,5,6,0,0,0,0,0,2,2,0,0,0,1,0,0,1,2,3,0,0,2,10,2,0,0,1,4,1,0,0,1
HOUSEHOLD_1_282_CA_1_evaluation,HOUSEHOLD_1_282,HOUSEHOLD_1,HOUSEHOLD,CA_1,CA,5,0,6,0,0,0,2,2,1,3,2,1,1,3,0,2,1,0,2,0,1,1,4,1,2,1,3,3,0,5,1,0,0,0,3,2,5,2,0,0,0,0,1,1,2,3,2,0,3,2,5,0,2,2,0,1,2,2,2,4,1,1,2,2,0,1,1,0,0,2,3,2,3,3,3,1,2,4,1,1,4,0,3,0,0,3,2,5,0,1,1,5,3,1,1,1,2,1,4,2,2,4,3,1,3,3,5,2,1,4,5,2,0,2,2,0,1,1,0,0,3,3,0,2,0,1,4,1,0,4,0,0,5,2,2,1,0,5,2,2,1,4,2,1,1,0,2,4,1,1,1,1,1,2,3,3,3,0,1,1,0,3,3,1,0,2,0,1,3,2,0,2,2,1,1,2,2,1,0,2,1,1,4,0,2,5,1,0,1,1,3,0,1,1,5,1,1,1,3,2,4,1,2,1,3,2,3,1,2,2,1,2,3,2,1,0,2,2,2,0,1,1,0,1,4,3,3,0,0,2,3,4,1,2,0,2,0,2,1,1,4,0,5,0,1,1,2,1,0,4,3,1,0,2,2,1,1,2,2,5,1,1,0,0,3,1,2,2,4,1,0,0,1,3,3,1,1,2,1,4,3,1,3,3,3,2,3,3,3,1,3,2,2,3,1,1,4,0,1,3,0,0,3,2,2,1,2,3,3,0,0,0,0,0,0,0,3,2,0,0,1,1,2,2,2,0,1,0,1,3,2,2,2,2,2,3,1,2,3,0,1,1,5,4,2,0,3,3,1,2,3,2,3,1,3,1,2,3,3,0,1,3,3,5,0,0,2,0,1,3,3,3,0,1,1,1,2,2,4,1,1,2,2,3,2,1,0,1,1,1,4,1,2,1,2,2,3,1,0,1,3,1,1,2,1,2,1,0,3,3,1,2,5,1,5,3,0,2,0,3,3,3,1,0,2,2,1,2,5,2,3,0,2,6,1,4,1,3,1,1,3,3,2,4,3,0,1,2,2,4,1,3,3,4,0,3,3,2,1,1,2,0,1,3,3,5,2,3,4,3,2,1,1,1,3,2,4,2,3,2,3,1,3,4,0,4,0,0,0,1,1,2,2,3,2,2,3,2,0,0,3,2,1,3,0,3,2,3,1,2,5,2,3,5,2,2,2,2,4,2,1,1,3,3,1,4,2,1,1,1,0,1,2,3,0,2,0,2,5,1,0,4,2,1,0,1,1,3,1,2,3,0,0,0,2,0,3,1,2,1,3,0,2,1,0,1,2,2,4,0,0,6,1,0,2,1,2,0,4,0,0,2,0,3,1,0,3,0,4,1,1,3,1,1,0,5,1,0,0,0,0,1,5,2,3,1,1,0,1,1,3,2,0,0,2,2,4,0,2,2,3,3,2,0,2,3,1,3,3,0,3,2,2,2,2,2,1,0,6,2,0,0,0,2,2,2,0,1,1,6,4,0,0,1,0,4,4,0,3,0,3,1,1,4,1,0,4,3,1,0,1,3,3,1,2,1,2,1,2,2,0,0,0,0,3,2,1,0,0,1,3,1,4,2,1,0,2,4,1,2,6,3,1,5,0,0,1,4,4,1,1,1,0,3,3,1,4,0,2,5,3,2,1,3,3,0,2,3,6,1
HOUSEHOLD_1_283_CA_1_evaluation,HOUSEHOLD_1_283,HOUSEHOLD_1,HOUSEHOLD,CA_1,CA,0,1,0,2,1,0,2,3,2,0,2,0,0,1,3,1,4,1,1,4,1,2,1,0,1,2,3,3,3,2,5,1,1,1,2,4,0,0,0,2,3,5,0,1,3,2,2,0,2,3,5,1,4,2,1,5,2,2,1,2,0,1,2,1,5,3,0,0,2,4,0,2,4,1,2,2,8,1,4,2,1,1,3,2,0,5,4,4,1,0,0,0,2,0,5,2,2,4,0,0,4,4,2,0,3,0,2,0,0,3,2,4,2,0,2,0,1,1,1,4,3,1,0,1,2,0,3,4,2,2,3,2,1,1,3,6,0,1,1,3,2,1,6,3,2,2,2,5,2,1,0,3,3,2,5,5,5,4,1,0,1,5,5,4,2,4,4,1,1,0,3,0,1,0,3,4,0,5,1,3,1,1,5,3,1,3,1,0,1,3,3,1,0,2,2,4,2,8,4,1,4,0,2,3,5,2,2,2,3,1,6,9,7,2,3,0,0,6,7,0,2,2,2,1,1,3,2,1,0,1,3,3,1,1,1,2,1,2,5,3,0,4,4,3,0,1,4,1,1,4,3,4,1,3,1,4,2,3,1,10,4,2,2,4,1,3,2,0,3,2,1,3,3,3,9,0,0,0,3,2,1,2,0,2,3,3,1,0,1,3,1,2,1,2,6,0,2,0,2,1,3,1,7,2,2,1,4,3,3,2,1,2,4,3,1,2,1,10,0,4,2,1,2,1,4,1,5,0,4,1,1,3,1,1,5,0,0,2,4,6,2,1,3,4,4,1,4,4,3,3,7,2,1,3,0,2,2,4,1,0,0,4,1,5,2,3,4,0,5,3,1,2,4,4,6,0,1,8,5,7,4,2,2,5,1,6,1,1,1,1,5,4,7,1,7,6,1,2,1,2,2,3,4,2,2,2,2,2,2,3,2,3,4,5,8,7,6,1,0,5,0,2,3,1,1,1,0,4,1,4,8,3,0,0,0,4,4,8,1,4,3,4,4,4,4,1,1,0,5,0,3,1,1,1,0,6,0,1,2,1,2,2,1,3,1,1,8,0,2,3,1,3,1,3,0,2,2,0,0,1,3,2,2,4,5,5,4,2,1,1,2,4,2,0,0,7,0,4,1,1,2,1,2,4,10,7,4,5,5,0,1,0,5,0,2,1,3,3,2,8,4,1,1,1,3,2,3,3,5,0,2,0,3,9,2,2,2,1,3,2,5,0,4,1,1,3,3,3,5,0,5,0,2,1,2,3,2,1,0,3,2,2,4,0,3,2,2,3,2,2,1,1,5,1,3,2,6,0,2,3,0,2,3,6,0,1,3,3,3,3,3,0,1,8,4,1,0,1,4,5,0,2,5,5,2,1,3,1,3,8,6,6,2,1,1,1,6,4,3,3,4,0,3,4,1,1,4,3,5,0,6,6,6,0,10,2,4,0,0,1,1,3,1,2,6,1,5,2,2,5,1,9,4,2,3,2,1,7,2,3,5,4,4,2,4,8,3,1,3,0,10,2,2,2,5,0,4,1,2,2,4,4,3,2,4,5,3,4,4,6,2,3,2,4,2,4,4,2,4,6,6,5,0,1,10,1,6,1,0,0,5,2,4,1,4,3,2,3,0,3,1,6,3,1,1,2,0,2,2,4
HOUSEHOLD_1_285_CA_1_evaluation,HOUSEHOLD_1_285,HOUSEHOLD_1,HOUSEHOLD,CA_1,CA,4,2,3,6,1,2,4,2,4,1,1,1,4,3,3,0,2,2,0,0,4,4,4,1,5,1,3,3,2,7,3,0,1,2,3,2,1,4,3,2,1,3,5,4,2,0,4,2,3,0,0,0,0,7,0,3,5,3,1,0,3,0,1,4,3,0,5,2,1,5,0,4,2,5,1,0,4,4,6,2,0,0,3,3,2,3,2,2,3,2,7,5,3,0,2,1,4,4,5,1,2,1,1,2,5,3,8,3,4,0,1,5,5,3,1,3,5,2,3,3,8,4,0,2,3,4,1,5,1,0,0,0,0,0,0,0,0,8,5,1,7,3,4,4,3,4,2,3,4,4,4,0,6,1,5,7,2,1,1,3,3,3,4,2,1,2,1,1,0,4,1,4,6,1,1,7,1,4,2,0,4,5,3,5,0,2,5,0,1,2,0,7,3,3,0,6,3,7,1,3,4,0,2,3,1,1,3,7,4,3,5,2,4,4,3,0,2,4,4,2,1,2,2,4,2,1,1,1,1,1,5,5,3,1,0,1,1,3,0,1,2,1,1,1,0,4,2,0,1,1,2,3,0,2,1,2,1,0,6,1,3,2,5,2,4,0,3,1,2,1,1,1,2,0,2,4,2,1,0,5,2,3,0,1,1,3,3,1,2,2,4,1,1,3,2,3,1,5,2,2,1,1,5,3,3,0,0,1,2,1,5,1,6,0,3,3,1,0,1,0,0,1,3,2,1,2,4,1,3,0,0,0,2,1,1,1,2,0,1,3,1,2,6,0,2,1,0,1,4,4,3,1,0,0,0,2,1,3,2,0,0,0,3,3,2,0,0,0,2,2,1,1,3,3,1,1,2,0,3,0,1,0,1,2,0,0,0,1,1,1,0,0,3,0,1,0,0,1,3,0,0,0,2,2,0,0,0,3,1,0,0,0,0,0,0,0,0,0,3,1,0,3,4,3,4,0,8,3,2,2,1,0,6,0,0,0,7,3,3,0,3,4,4,0,0,3,1,3,3,1,3,1,7,2,2,4,3,0,5,0,2,2,2,3,1,5,4,4,4,6,1,2,3,2,0,2,4,1,1,3,2,2,2,5,4,1,0,3,3,2,1,1,3,1,0,1,2,3,1,3,0,0,0,3,5,0,0,4,2,2,4,1,3,2,1,2,0,1,1,1,2,2,3,2,0,4,0,2,3,1,1,2,3,2,0,4,2,2,2,1,0,2,3,1,1,1,4,1,2,3,2,0,1,4,2,1,0,1,3,2,3,2,2,0,2,0,3,2,5,0,1,0,1,2,3,2,0,5,0,0,0,2,3,1,2,2,0,0,2,3,1,0,1,0,0,2,2,1,2,2,2,1,0,4,0,0,1,2,1,2,2,2,4,0,2,5,2,3,1,0,0,0,2,2,3,1,4,2,0,3,1,2,1,0,2,2,1,1,3,1,0,1,1,4,2,3,3,0,2,0,1,3,1,2,3,2,1,2,3,2,3,1,1,2,2,1,2,1,1,1,0,3,2,3,1,2,1,1,5,2,3,1,1,4,1,2,1,1,0,4,2,0,1,2,2,1,0,2,2,2,2,1,2,2,0,3,1,3,0,4,3,0,3,2,4,1,2,1,4,1,3,2,1,2,0,3,4,2,2,1
HOUSEHOLD_1_291_CA_1_evaluation,HOUSEHOLD_1_291,HOUSEHOLD_1,HOUSEHOLD,CA_1,CA,3,1,1,3,1,2,2,1,1,4,0,2,2,1,5,3,2,2,0,1,1,0,2,2,0,0,4,3,0,1,1,4,1,2,2,1,1,2,3,4,4,0,1,3,0,8,2,3,1,0,3,1,0,2,1,4,1,2,0,3,0,2,2,1,2,2,0,3,1,1,2,4,2,5,1,0,3,2,3,0,2,2,2,2,1,5,2,2,2,1,1,2,4,1,1,2,0,2,5,6,5,1,3,3,0,2,4,3,3,0,1,3,1,0,2,0,2,2,2,6,0,0,0,0,0,0,0,2,0,2,0,0,0,1,4,1,1,1,1,1,3,3,1,1,0,4,1,4,3,0,0,0,0,1,3,1,1,1,0,3,1,0,2,2,1,2,2,2,4,2,0,1,0,0,0,0,0,0,0,1,3,3,2,0,1,1,1,0,1,1,0,2,1,2,2,0,2,2,1,1,3,6,2,1,5,0,4,0,1,0,3,5,0,0,0,0,1,2,3,0,0,2,0,1,2,2,1,1,1,1,0,2,2,0,2,3,1,1,3,3,4,0,3,0,1,0,2,1,1,4,1,3,3,2,1,0,0,4,4,3,4,0,0,0,3,2,3,0,2,3,1,0,2,2,1,1,1,2,0,1,3,0,0,0,0,0,0,0,8,6,3,4,1,4,4,7,2,14,2,4,6,6,4,9,3,4,3,3,1,1,2,0,0,3,11,3,5,7,0,2,1,1,5,7,2,1,2,2,1,5,10,4,0,1,2,1,1,5,3,3,7,3,6,5,8,4,2,2,6,7,5,8,3,4,3,3,6,6,3,6,3,4,4,9,3,2,6,1,1,3,1,2,0,0,2,1,2,3,4,1,2,1,3,1,2,2,3,0,2,1,0,4,2,8,2,4,1,9,3,3,4,2,1,4,3,3,2,1,3,4,4,0,2,0,0,3,0,2,2,4,5,4,3,3,1,2,3,2,4,3,3,0,3,0,5,4,1,1,3,3,4,3,5,3,8,6,2,1,6,2,2,0,6,1,3,3,1,0,3,0,1,1,2,0,1,1,5,1,0,4,2,1,1,0,0,1,1,2,0,2,1,0,1,1,1,1,1,0,0,1,1,1,0,1,1,1,1,1,1,1,1,2,2,3,2,2,1,0,2,0,0,1,2,2,0,1,1,2,3,0,3,1,0,0,1,2,3,1,1,0,1,0,3,2,0,1,1,2,3,2,1,0,1,5,3,2,2,3,0,0,1,2,1,1,2,0,2,0,3,2,3,1,0,4,1,1,2,1,2,1,1,2,0,0,1,0,1,1,2,0,0,2,1,2,1,1,1,0,0,0,2,0,1,4,3,2,1,3,2,1,0,1,1,1,1,1,3,1,2,5,0,1,0,2,0,1,0,0,1,3,1,0,4,2,0,4,1,2,1,0,2,1,1,2,1,2,3,4,2,0,2,3,0,5,3,2,1,0,2,4,1,7,5,2,3,1,1,0,2,2,2,0,3,4,6,6,5,3,2,1,3,2,2,3,4,2,3,1,2,3,5,0,0,0,0,0,2,2,1,0,3,3,1,2,7,1,3,0,2,1,2,2,0,0,2,1,6,4,3,2,3,0,0,3,2,1,0,0,1,0,2,4,3,2,3,2,0,2,4,3
HOUSEHOLD_1_292_CA_1_evaluation,HOUSEHOLD_1_292,HOUSEHOLD_1,HOUSEHOLD,CA_1,CA,2,3,5,2,1,3,3,0,1,4,6,4,1,1,4,0,3,0,3,1,3,0,2,3,1,3,1,5,5,5,1,0,1,0,3,2,0,0,1,3,4,3,4,5,0,4,3,2,2,3,5,3,2,4,1,2,2,3,1,1,2,0,5,2,4,0,1,3,4,4,3,4,2,3,3,3,3,5,3,2,0,2,3,6,1,2,1,5,3,2,2,0,2,2,1,1,2,2,5,1,2,3,1,0,0,0,0,0,0,2,0,2,0,2,6,1,2,2,0,5,7,0,0,0,11,7,0,0,3,1,3,1,8,6,3,4,0,5,1,2,2,4,2,2,0,2,2,2,0,3,1,1,0,4,5,1,1,0,0,1,0,3,3,6,3,1,0,4,4,3,2,0,1,0,2,5,5,1,2,0,3,1,5,2,2,5,2,2,5,1,0,0,0,0,0,0,0,2,1,2,0,0,0,3,2,1,0,0,2,3,6,5,8,7,5,0,0,4,1,0,5,0,1,0,3,2,3,1,2,1,2,1,0,3,0,2,1,2,1,2,1,0,1,1,2,1,2,3,0,0,0,2,2,1,1,0,2,1,4,4,1,3,0,0,3,0,2,2,0,1,1,2,2,1,0,2,0,0,2,2,1,4,0,1,4,1,1,3,5,0,1,0,2,0,2,4,1,0,0,1,1,0,4,2,1,0,0,1,1,0,2,1,5,0,0,7,1,1,0,0,1,0,2,1,1,0,0,1,1,0,1,2,1,0,2,1,0,2,1,0,1,0,0,1,3,2,1,1,1,3,1,0,1,1,2,1,0,1,2,0,0,0,3,2,0,2,1,0,1,0,0,2,2,1,0,1,0,1,2,2,0,0,0,0,0,0,1,1,1,0,1,2,0,2,1,2,1,0,0,1,2,0,2,0,0,1,0,1,1,1,2,1,1,1,0,2,0,0,2,2,0,0,1,2,0,2,3,0,0,2,0,0,0,0,3,2,1,2,0,2,0,4,1,4,0,0,1,0,1,4,0,1,0,0,1,2,3,0,0,0,1,1,1,2,0,1,2,4,2,0,0,1,0,0,1,2,3,3,0,1,0,0,1,2,3,4,1,2,2,1,1,2,1,2,1,1,1,2,2,3,0,1,0,1,0,3,1,3,1,2,4,3,3,0,2,3,0,1,0,4,0,1,2,1,2,0,2,0,3,1,0,0,1,2,2,0,2,2,4,1,2,1,0,0,2,4,3,4,1,0,1,0,0,0,0,1,2,1,1,2,3,6,0,0,2,0,4,0,0,4,3,0,0,2,1,0,1,1,0,0,0,4,3,0,0,0,2,0,2,0,2,0,0,1,0,1,1,1,0,1,0,3,3,2,0,2,2,1,1,0,1,2,0,2,1,1,0,3,1,1,0,3,1,7,0,1,0,1,3,1,0,4,3,0,0,0,2,2,2,3,2,1,0,2,1,4,4,1,0,0,3,2,5,0,0,0,1,1,3,2,4,3,0,0,1,3,4,2,0,0,4,3,1,2,0,0,0,0,3,5,1,0,0,0,3,5,4,0,0,0,0,3,0,2,2,4,0,0,1,0,1,1,0,2,1,3,3,4,3,0,2,1,0,0,5,3,0,0,0,3,2,2,0,0,4,0,3,1,2,2
HOUSEHOLD_1_294_CA_1_evaluation,HOUSEHOLD_1_294,HOUSEHOLD_1,HOUSEHOLD,CA_1,CA,3,6,4,3,1,3,5,7,4,4,2,5,4,5,4,3,5,3,2,6,2,0,3,4,5,2,7,6,2,3,1,2,4,2,10,2,6,5,5,8,3,0,7,9,8,3,0,5,1,7,2,3,1,8,4,3,6,3,5,4,6,4,2,8,6,5,3,7,3,5,7,8,6,7,5,4,6,5,3,4,2,4,3,4,5,9,5,8,1,0,1,2,5,2,7,3,2,6,3,3,11,6,7,5,4,5,8,2,5,4,1,2,6,6,0,2,2,5,6,6,5,2,4,6,3,5,8,7,3,1,3,0,4,5,3,4,4,2,5,6,5,6,5,9,7,5,6,8,8,5,5,1,2,5,3,6,1,4,3,2,6,5,10,3,2,2,3,5,2,5,1,3,5,7,1,6,4,6,5,5,4,7,6,5,1,1,7,3,2,3,3,2,4,7,6,8,6,6,0,0,0,2,3,8,3,1,1,3,4,2,2,5,3,3,1,0,5,7,9,4,4,8,2,0,6,4,8,4,5,4,5,4,3,8,2,1,3,2,3,5,11,1,0,3,5,6,4,9,4,0,1,3,8,5,1,2,5,4,3,5,4,3,5,6,0,3,8,10,5,3,0,8,1,5,8,6,5,3,1,8,6,13,7,8,3,2,3,7,6,7,4,2,8,10,8,7,5,6,3,3,5,7,9,2,2,0,7,4,5,8,5,4,9,3,9,0,0,4,3,6,0,3,2,12,4,2,0,2,6,6,8,3,3,8,4,6,7,5,5,0,3,3,8,14,8,6,8,4,6,12,8,3,1,7,2,2,9,5,5,10,3,4,5,9,8,2,5,9,6,4,2,5,12,8,4,10,4,4,10,8,8,1,5,5,4,7,16,0,3,3,4,4,12,5,2,2,4,4,5,10,8,4,5,9,5,8,4,8,8,3,4,7,10,14,7,1,6,3,6,7,3,6,8,4,6,13,5,4,6,9,10,10,5,7,5,13,8,4,3,5,2,4,12,12,2,4,3,0,0,0,0,0,0,0,0,0,0,0,0,0,0,0,0,8,3,10,6,2,6,5,13,12,1,3,6,9,6,13,10,9,9,6,8,9,11,10,5,8,10,14,7,3,8,7,2,6,8,8,15,2,6,5,3,4,8,5,8,3,0,4,8,8,5,6,6,2,6,5,2,6,11,5,2,1,9,4,11,6,9,6,2,4,6,7,3,3,6,10,7,6,3,4,9,7,5,5,3,11,8,9,5,0,3,11,15,5,6,2,2,6,9,6,4,8,4,4,5,6,7,5,6,4,5,5,10,11,7,4,7,2,0,7,9,0,7,8,4,5,12,11,7,0,9,9,5,12,8,5,1,2,8,7,7,13,2,2,8,0,6,13,6,7,2,4,5,2,12,12,4,5,2,0,0,5,7,7,3,7,2,6,3,7,5,5,2,5,4,4,6,7,4,2,3,2,3,4,7,2,7,4,3,6,8,3,6,2,2,3,10,6,7,4,2,2,8,9,6,2,3,3,1,6,3,5,1,0,4,6,9,4,4,2,0,0,2,5,7,1,2,3,3,3,3,11,5,2,1,5,4,3,7,2,2,6,1,6,5,6,3,13,15,14,10,9,16,7,4,6,6,9,5,12,8,5,6,2,2,8,18,10
HOUSEHOLD_1_295_CA_1_evaluation,HOUSEHOLD_1_295,HOUSEHOLD_1,HOUSEHOLD,CA_1,CA,0,1,0,1,0,1,0,0,3,0,0,1,0,1,0,1,3,0,0,0,1,2,0,0,0,0,0,0,1,3,1,0,0,0,2,1,0,1,0,1,0,1,0,1,2,0,0,1,2,0,1,0,3,0,0,0,1,2,0,0,0,0,3,2,1,0,0,1,0,0,0,0,0,0,0,2,0,0,0,0,0,1,3,0,0,2,0,0,3,2,0,2,1,0,0,1,1,1,1,0,0,0,0,0,0,0,2,2,1,0,0,0,0,0,1,0,1,0,0,0,1,0,1,0,1,1,1,1,1,0,0,0,0,0,0,5,1,0,0,1,1,1,0,0,1,0,1,0,1,0,0,0,1,0,0,0,0,0,0,1,1,0,0,0,1,0,0,0,0,3,0,2,0,0,2,1,2,0,0,0,1,0,5,1,1,0,2,0,0,1,2,1,1,0,0,3,2,1,0,0,1,0,2,1,1,0,0,0,1,0,0,1,0,0,0,0,0,1,1,1,1,0,0,0,1,0,0,0,1,0,1,0,0,2,0,1,2,0,0,2,2,0,1,0,0,2,3,0,1,2,0,0,0,4,1,0,0,0,3,2,2,3,1,1,3,0,0,0,0,1,0,0,0,0,0,0,0,2,0,0,0,1,0,0,0,1,0,3,2,4,0,1,1,1,3,0,0,1,2,1,0,2,0,0,0,0,1,0,0,0,0,0,2,2,1,3,1,0,0,1,1,2,0,2,0,1,2,0,1,1,2,1,0,2,0,1,1,1,1,0,0,1,0,1,3,0,1,1,2,1,2,1,1,0,1,0,0,1,1,1,0,0,1,1,1,1,0,0,0,0,0,2,3,2,0,1,1,0,1,0,0,0,0,0,0,0,2,0,0,3,0,1,2,1,1,0,5,1,0,2,0,1,0,0,0,2,1,1,1,0,2,0,0,1,1,0,0,2,0,0,0,3,0,0,0,0,0,0,0,0,0,1,0,0,2,1,0,0,0,0,0,1,1,0,0,0,0,0,0,0,0,0,2,0,0,1,1,3,0,0,0,0,0,2,7,0,0,1,0,3,0,2,2,0,0,0,0,0,0,0,3,2,0,0,0,0,4,0,0,0,0,1,1,0,1,0,2,0,1,1,0,1,0,0,1,0,1,0,0,0,0,0,0,2,1,1,0,0,0,1,1,1,0,0,0,0,0,0,0,0,0,0,0,0,0,0,1,3,1,1,1,0,0,1,2,0,0,1,2,0,1,0,2,0,0,1,0,0,1,0,0,0,0,0,0,3,0,0,1,1,0,2,0,2,0,0,0,0,1,1,0,2,0,1,0,0,2,0,1,1,1,1,1,2,0,0,3,0,0,0,1,0,0,0,1,0,3,0,0,1,0,1,1,0,0,0,0,1,1,0,1,1,0,0,3,0,0,0,1,0,1,0,1,1,0,0,0,0,2,2,0,0,3,2,0,1,1,0,0,1,1,1,0,0,1,1,0,2,0,0,2,2,1,0,1,0,0,0,1,2,1,0,0,0,0,1,0,0,0,1,3,1,1,0,0,0,0,0,1,1,1,4,0,1,1,0,0,1,1,0,0,1,1,0,0,0,0,4,2,0,2,2,0,0,1,0,1,0,1,0,2,1,1,3,0,1,0,1,0,0
HOUSEHOLD_1_303_CA_1_evaluation,HOUSEHOLD_1_303,HOUSEHOLD_1,HOUSEHOLD,CA_1,CA,0,0,0,0,0,0,0,0,0,0,0,0,0,0,0,0,0,0,0,0,0,0,0,0,0,0,0,0,0,0,0,0,0,0,0,0,0,0,0,0,0,0,0,0,0,0,0,0,0,0,0,0,0,10,5,2,3,19,13,6,11,7,4,5,9,7,4,6,6,5,3,10,7,2,2,2,7,9,9,10,3,11,8,9,11,21,9,4,5,0,7,7,9,7,4,7,7,13,5,3,6,7,3,1,4,5,13,7,2,3,2,5,10,3,8,1,0,5,4,10,7,4,1,3,3,3,8,8,0,4,3,3,1,1,3,0,0,0,0,1,3,0,1,0,2,2,6,5,3,6,10,0,3,4,6,0,0,0,0,0,0,0,5,6,2,6,7,3,3,5,7,3,6,2,4,2,3,8,0,0,1,1,8,6,4,2,1,0,1,4,6,7,4,1,5,2,0,0,0,0,0,0,0,0,0,0,0,0,0,0,0,3,7,4,2,0,2,1,2,2,1,3,3,4,15,6,2,2,5,11,4,12,5,2,6,7,5,8,9,9,5,8,1,1,1,3,8,3,1,3,3,6,9,7,1,2,0,1,10,10,6,3,4,12,0,14,14,5,3,2,2,4,9,8,12,6,3,4,8,2,8,2,7,4,3,1,8,16,8,0,0,8,2,2,13,9,8,0,5,3,6,10,8,2,9,9,3,7,1,5,4,10,8,11,22,11,3,12,7,6,5,7,10,9,11,6,10,1,5,14,13,11,9,3,4,8,8,17,2,11,4,2,10,5,7,0,2,4,0,7,11,1,4,1,2,10,2,2,4,1,8,6,3,5,7,4,4,5,8,5,8,3,7,5,7,0,2,3,4,13,3,11,11,2,3,4,10,5,6,8,11,2,6,5,9,7,7,3,2,7,2,7,9,21,7,6,11,6,8,3,6,0,6,3,21,3,8,2,1,0,1,10,5,5,2,16,13,7,13,9,13,13,9,8,13,9,7,16,3,6,6,11,14,4,13,4,3,3,4,9,0,5,8,3,6,4,4,2,0,2,5,0,5,4,8,0,4,3,3,3,6,0,0,0,10,3,11,13,0,1,9,7,3,2,9,13,0,1,1,2,5,7,0,0,0,0,8,16,7,8,21,4,14,3,9,18,12,15,5,6,11,18,16,12,5,1,4,15,16,3,14,4,6,11,12,18,2,4,9,10,2,13,8,12,9,6,5,2,1,7,14,5,3,4,3,2,5,12,8,11,4,0,3,7,3,3,5,7,5,3,8,15,6,5,8,10,7,4,8,4,7,3,13,5,9,1,5,3,2,7,0,12,1,0,0,2,0,0,1,6,13,2,7,10,5,25,10,5,3,10,4,4,3,14,13,1,2,0,2,11,9,7,1,2,1,2,6,11,7,11,4,3,5,12,3,5,6,2,2,8,20,9,10,3,10,7,10,2,16,9,3,3,3,3,4,8,13,10,3,14,15,11,4,8,8,6,14,6,6,6,4,4,2,8,5,19,16,3,5,6,3,10,2,3,0,6,1,12,6,0,4,9,2,10,5,1,9,20,16,6,3,9,13,3,9,3,9,0,5,2,10,1,6,10,9,0,3,5,9,1,1,1,5,0,6,5,6,5,2,7,3,3,1,0,7,4,1,0,1,1
HOUSEHOLD_1_304_CA_1_evaluation,HOUSEHOLD_1_304,HOUSEHOLD_1,HOUSEHOLD,CA_1,CA,9,11,9,4,6,5,7,7,6,8,2,4,3,3,7,7,2,5,3,6,3,5,8,3,7,7,5,4,3,8,2,3,6,10,3,5,11,3,11,4,8,7,9,6,6,7,4,4,6,9,9,9,5,2,2,6,12,7,5,4,3,5,6,4,10,5,7,2,5,5,1,11,9,7,4,7,5,7,7,3,11,6,8,4,5,7,4,6,5,7,9,7,11,3,10,2,5,19,8,13,8,8,8,5,5,9,14,4,7,7,7,2,12,11,4,10,3,8,10,11,5,8,4,4,4,6,8,12,4,8,5,5,7,8,5,6,5,8,4,6,5,9,5,5,7,3,8,13,5,7,6,7,6,10,8,8,14,11,3,5,6,2,12,7,6,2,2,6,11,8,4,5,8,6,8,6,14,3,5,9,7,6,14,13,9,4,5,6,3,7,8,4,7,10,6,9,8,12,4,8,9,4,8,6,8,8,5,6,8,2,4,10,11,9,3,0,9,5,8,8,3,1,5,11,9,12,10,10,3,6,7,9,15,9,6,4,5,4,6,7,5,8,4,7,5,6,10,8,3,1,3,8,10,9,4,6,5,4,7,11,9,6,0,9,1,8,5,7,6,6,0,0,0,8,7,4,3,1,5,8,7,10,9,4,5,6,2,5,6,3,2,3,4,6,9,2,8,2,4,4,9,4,12,8,9,3,3,8,10,5,6,2,8,4,2,12,10,7,5,5,4,4,2,6,9,4,5,5,4,4,7,7,1,4,4,1,6,11,2,5,3,2,4,7,8,8,0,0,0,0,11,4,7,5,5,3,3,7,8,6,4,3,2,2,9,10,8,8,3,9,4,6,8,7,6,3,9,5,5,5,9,3,2,8,5,4,10,9,2,3,4,4,8,8,9,5,4,4,4,7,7,3,0,9,2,8,2,11,7,4,3,7,7,10,6,8,12,7,6,7,8,6,8,9,10,3,2,4,5,9,1,2,7,4,11,8,9,7,5,10,9,7,9,3,8,9,4,10,6,14,5,7,4,6,4,6,11,6,8,5,1,3,8,9,5,9,3,8,7,9,8,5,3,4,5,7,8,12,3,7,3,4,6,6,6,9,0,8,4,9,8,12,6,5,1,1,2,10,7,9,4,9,0,1,7,6,3,4,5,3,4,11,6,2,5,3,4,4,7,8,9,4,7,6,4,7,8,5,8,5,3,9,10,7,5,4,2,0,0,3,4,4,3,3,4,3,4,6,4,4,4,3,3,4,7,6,6,3,3,7,10,11,6,3,6,2,10,5,6,4,4,2,2,4,1,8,5,5,5,4,0,3,6,9,4,4,2,5,9,13,3,4,4,7,8,7,10,4,8,1,3,5,4,7,4,3,5,2,1,7,6,7,10,5,2,6,4,4,3,4,6,9,5,9,7,5,6,2,5,3,6,9,4,2,1,9,2,7,8,8,7,6,4,2,8,7,6,6,4,5,5,8,10,3,9,3,4,2,14,5,4,4,1,5,4,10,9,4,6,4,7,4,11,7,8,2,4,6,9,7,11,7,2,3,8,4,9,8,3,6,7,0,2,6,4,4,2,1,5,5,5,8,4,2,3,1,6,4,7,5,5,3,3,3,10,6,0,3,2,5,4,4,6,4,2,4,5,4,4,7
HOUSEHOLD_1_305_CA_1_evaluation,HOUSEHOLD_1_305,HOUSEHOLD_1,HOUSEHOLD,CA_1,CA,0,0,1,1,0,1,2,0,0,5,0,1,0,0,0,2,0,1,0,2,1,0,0,0,0,1,0,0,0,0,0,1,2,0,2,0,0,0,1,1,1,0,0,2,3,1,0,2,0,1,0,4,0,1,0,0,1,0,1,0,0,0,0,0,3,0,0,0,0,1,1,0,1,0,0,0,0,4,2,0,0,0,0,0,0,0,0,0,0,0,1,2,2,0,1,1,0,0,1,0,4,0,0,1,0,0,0,0,0,3,0,0,0,0,0,0,0,2,0,1,0,0,0,1,1,0,0,0,0,0,0,0,0,5,0,0,1,0,1,0,0,2,0,0,0,1,2,1,2,1,0,1,0,0,1,0,1,0,0,0,1,1,1,0,0,2,0,1,0,0,0,0,0,2,0,0,2,0,0,0,1,1,1,0,2,0,1,0,0,0,0,0,0,0,0,0,0,0,0,0,0,0,1,1,0,0,0,1,2,3,0,0,0,5,0,0,0,0,0,0,1,1,0,0,0,0,0,0,0,0,0,0,0,0,0,0,0,1,0,0,0,0,0,3,0,0,1,0,0,0,0,2,1,0,0,0,0,0,2,2,0,0,2,0,0,0,0,0,2,0,0,0,0,0,0,3,0,1,0,0,0,0,1,2,1,0,0,0,1,2,0,0,0,1,2,0,2,0,1,1,0,1,1,2,0,0,0,0,0,6,0,0,1,0,1,0,0,0,0,1,0,0,0,1,0,4,0,1,0,0,1,0,0,0,0,0,2,0,0,3,0,0,1,0,0,1,1,1,0,0,0,0,1,0,0,3,3,1,4,0,0,0,0,5,0,0,0,0,0,0,0,0,0,2,0,0,1,0,0,0,0,0,0,1,0,0,0,1,0,0,1,0,1,0,0,2,3,1,0,0,4,0,0,1,1,2,3,0,0,2,0,0,2,0,1,0,0,0,0,1,0,0,2,0,0,0,0,1,0,1,0,0,0,0,1,5,0,2,0,0,0,0,0,0,0,3,0,1,0,1,2,0,2,1,1,0,0,0,0,0,0,1,0,2,0,0,0,1,2,0,0,2,1,1,1,0,5,0,0,0,0,0,0,0,0,0,0,0,0,0,0,0,0,0,0,0,1,7,0,0,2,0,2,0,0,0,0,1,0,7,0,0,1,1,0,10,0,3,0,1,1,1,0,2,0,0,0,0,2,2,1,0,0,0,2,0,0,6,0,0,4,0,4,0,0,0,2,4,2,0,0,0,1,0,1,0,2,4,0,2,2,1,0,0,0,0,0,0,0,2,0,1,0,0,0,1,1,0,0,0,0,2,2,0,0,1,0,1,0,0,3,0,3,0,0,0,1,0,0,0,0,0,0,3,0,2,1,0,0,1,1,1,0,0,1,1,0,2,0,2,1,0,1,0,1,0,0,0,0,0,1,1,1,0,0,1,1,0,0,0,0,0,0,0,0,0,1,0,0,0,0,2,0,0,0,0,0,0,1,2,0,0,1,1,0,2,0,4,0,0,0,0,4,0,0,0,0,0,0,0,0,0,0,0,1,1,0,2,0,0,0,0,0,0,0,2,1,1,0,0,1,1,1,0,0,1,0,1,2,2,3,0,0,0,0,1,0,0,0,7,0,0,0,0,0,1,0,1,0,1
HOUSEHOLD_1_310_CA_1_evaluation,HOUSEHOLD_1_310,HOUSEHOLD_1,HOUSEHOLD,CA_1,CA,0,0,0,0,0,0,0,0,0,0,0,0,0,0,0,0,0,0,0,0,0,0,0,0,0,0,0,3,1,3,0,2,0,0,0,1,1,1,2,2,1,4,4,3,3,1,0,1,4,0,1,0,3,4,1,5,0,3,3,2,0,0,2,3,3,2,1,1,5,2,4,3,2,3,0,1,0,3,3,3,2,6,0,2,0,4,4,0,3,3,1,4,4,5,5,3,1,2,3,1,5,0,3,1,2,1,3,4,5,0,0,2,2,0,0,0,0,0,0,0,7,4,1,2,2,3,4,2,3,3,0,2,3,4,5,3,2,1,0,2,6,4,2,1,0,1,4,4,5,2,0,2,2,4,2,4,1,0,1,0,5,5,5,6,1,1,0,2,4,6,1,1,1,2,2,3,7,1,2,2,3,1,2,7,5,2,4,1,2,0,2,4,2,4,5,1,2,4,2,1,2,1,0,2,3,2,2,1,0,3,3,5,7,3,2,0,2,4,5,3,3,3,0,5,10,7,3,0,3,3,5,7,5,2,5,2,0,2,6,5,3,2,3,1,4,4,6,6,3,2,1,0,3,4,3,2,2,3,5,2,4,3,2,4,2,2,3,2,0,1,2,5,3,5,1,1,0,4,2,2,5,6,1,1,3,4,4,3,5,2,3,3,1,4,1,1,1,1,2,2,5,1,7,0,0,1,1,6,0,2,3,1,6,3,4,1,3,0,3,3,3,1,5,5,3,5,3,5,0,3,3,1,4,1,3,1,7,3,2,0,3,4,3,2,7,3,5,0,2,2,4,4,5,4,4,1,4,3,5,3,1,4,0,2,1,2,0,2,1,5,3,5,5,1,0,0,0,0,0,0,0,0,0,0,0,0,5,2,4,1,2,5,2,7,1,0,2,3,1,2,3,3,2,2,4,3,1,2,3,4,2,1,3,0,1,5,0,1,2,4,2,6,4,2,3,5,1,2,2,4,2,5,1,7,1,4,0,3,2,2,2,1,5,3,2,5,1,2,4,2,4,1,1,2,3,1,5,1,2,0,1,4,2,4,6,1,0,3,1,5,3,6,1,3,2,0,5,4,1,6,2,0,4,6,4,2,3,3,2,1,3,5,0,3,1,1,3,3,1,4,1,3,2,2,5,4,3,4,2,1,3,0,7,6,7,0,0,0,1,4,2,4,3,0,5,4,2,0,0,0,0,0,0,0,5,1,3,3,4,8,8,1,3,2,3,3,3,6,6,1,2,0,4,2,3,0,1,3,1,2,1,2,4,1,1,1,0,15,3,0,1,0,0,0,6,2,1,0,0,4,0,4,4,5,2,4,3,2,2,3,2,4,3,1,1,2,2,0,1,2,2,1,4,4,1,0,3,2,4,3,4,2,2,4,6,2,4,6,5,1,2,2,2,7,5,3,1,1,1,2,6,2,3,1,1,1,1,3,4,2,2,2,3,1,0,3,0,3,2,1,0,4,5,4,4,2,2,3,5,5,1,0,1,2,4,8,5,3,0,4,0,0,1,5,0,2,1,3,2,4,3,3,3,1,1,0,0,0,0,0,0,0,0,0,0,0,0,0,0,0,0,0,0,0,0,0,0,0,0,0,0,0,0,0,0,0,0,0,0,0,0,0,0,0,0,0,0,0,0,0
HOUSEHOLD_1_318_CA_1_evaluation,HOUSEHOLD_1_318,HOUSEHOLD_1,HOUSEHOLD,CA_1,CA,0,4,8,2,5,3,4,5,2,7,5,2,2,3,0,3,0,4,5,0,2,6,4,0,1,3,4,1,6,4,1,1,6,3,1,4,1,1,2,4,3,1,1,0,3,6,1,1,0,2,1,2,2,1,0,3,6,3,5,1,2,0,4,1,0,1,1,0,3,1,2,4,1,0,5,2,0,5,1,4,1,3,1,2,1,4,1,4,3,3,1,2,8,2,1,3,0,5,4,0,2,1,1,3,2,2,3,2,3,3,0,4,5,3,1,2,2,1,3,5,0,0,0,0,0,0,0,4,1,3,1,2,0,2,3,2,1,2,1,0,5,5,0,0,1,1,0,2,3,4,2,0,5,1,2,4,2,4,2,1,1,4,6,2,1,2,1,1,1,5,1,3,0,0,0,0,0,0,0,1,2,0,6,0,2,1,2,1,2,4,5,2,1,2,1,1,5,0,1,1,2,1,4,2,5,0,0,3,1,2,1,1,4,1,3,0,3,4,2,2,0,1,2,3,4,1,1,1,4,1,2,0,2,6,2,5,0,4,0,2,3,0,4,1,2,2,3,4,1,2,1,1,3,4,1,1,2,1,0,4,2,2,2,0,1,2,2,4,3,0,1,1,1,1,7,7,2,2,0,2,5,9,3,4,2,3,2,2,2,7,0,4,2,2,5,5,3,6,5,3,0,0,3,5,0,0,1,0,2,4,5,1,4,1,5,3,2,4,1,1,4,1,4,5,7,2,4,3,4,7,2,3,1,1,1,1,4,0,0,0,0,0,0,0,0,0,3,5,1,0,0,1,3,3,1,1,0,0,5,3,6,3,1,0,2,6,5,3,0,0,2,4,1,3,0,3,1,0,2,4,6,3,4,3,3,3,7,0,3,5,3,4,7,4,7,4,1,4,4,3,5,2,4,1,5,7,3,6,5,2,3,2,4,4,5,1,3,5,2,2,3,2,2,2,3,3,2,4,3,9,1,3,2,2,3,6,7,7,6,4,2,4,3,2,4,10,5,2,3,6,0,2,3,5,5,2,5,3,8,1,3,4,1,4,3,3,2,1,1,5,4,4,4,1,5,6,6,6,4,2,7,3,5,3,2,0,0,3,3,6,1,3,0,1,2,1,2,2,11,0,1,2,1,3,2,10,0,4,2,0,0,0,0,0,0,0,0,0,0,0,0,0,0,0,0,0,9,0,0,2,2,1,5,3,2,3,0,4,0,3,0,7,3,0,0,0,3,4,1,1,0,1,1,3,1,3,1,1,1,3,5,3,4,0,2,2,5,7,1,2,6,3,7,2,2,4,4,2,0,4,0,1,2,3,5,5,1,0,5,13,6,8,1,1,7,8,3,4,0,1,2,5,2,6,1,4,5,3,0,4,13,2,0,4,0,2,0,5,3,0,1,3,3,3,4,1,3,0,0,0,0,0,0,2,3,2,3,2,7,1,4,3,4,1,3,7,1,4,4,6,7,3,1,5,0,5,3,3,8,7,0,3,2,2,6,9,5,1,3,2,3,2,2,1,3,2,1,7,3,5,6,2,1,0,2,2,3,19,2,2,2,2,2,15,4,0,2,4,7,0,4,0,3,4,3,2,4,2,8,3,3,3,2,0,0,1,2,2,4,0,2,5,0,3,6,2,8,5,1,8
HOUSEHOLD_1_319_CA_1_evaluation,HOUSEHOLD_1_319,HOUSEHOLD_1,HOUSEHOLD,CA_1,CA,2,2,1,0,2,0,2,3,1,4,2,0,0,0,0,2,3,0,1,0,2,4,1,4,2,1,0,3,1,4,1,2,0,1,3,2,3,2,2,4,5,1,1,2,1,0,2,1,0,2,2,1,4,0,0,0,2,1,3,3,2,3,1,4,1,2,3,1,1,3,3,4,4,3,3,1,0,0,0,0,0,0,0,1,0,4,1,1,4,1,2,2,1,2,2,1,1,2,2,3,3,1,1,3,2,3,3,2,2,2,0,3,3,2,0,1,0,0,0,2,4,2,3,5,5,1,1,1,2,1,0,3,0,2,2,3,5,0,0,2,0,2,1,0,3,1,1,2,2,1,0,0,0,1,2,1,1,4,0,0,2,2,1,2,2,5,3,0,3,3,1,2,1,2,2,0,3,2,0,2,2,1,3,5,2,4,2,2,0,1,3,2,1,1,1,2,5,2,0,4,1,0,3,6,0,3,1,0,2,1,2,6,3,0,0,0,1,2,3,1,0,0,1,2,5,1,2,0,0,2,3,3,2,2,0,3,0,2,1,3,4,1,1,1,2,1,1,2,0,0,0,2,2,0,2,4,1,0,2,4,4,3,2,0,2,3,4,2,2,1,2,1,4,5,1,3,1,2,2,2,0,4,2,3,3,2,3,2,8,4,1,0,4,5,1,4,1,0,1,1,0,2,3,3,3,1,2,0,4,4,3,3,3,0,0,2,3,3,3,0,2,3,3,1,1,3,0,0,1,0,2,3,2,0,1,3,2,5,0,3,2,3,0,4,4,5,4,0,0,1,2,1,1,2,3,3,2,2,3,4,3,0,4,0,4,3,2,0,3,0,4,2,1,2,2,4,1,1,1,1,1,2,2,4,2,1,0,5,2,3,2,1,2,2,1,2,1,1,0,0,2,2,1,3,1,1,1,1,4,1,0,0,5,4,0,0,0,2,1,0,2,1,4,2,0,4,3,1,3,1,1,1,0,2,4,2,0,0,2,5,0,1,2,2,1,3,2,0,0,6,0,2,1,1,2,2,3,0,4,0,0,1,2,2,1,1,1,0,0,4,4,2,1,1,1,2,6,0,5,2,1,1,0,2,1,2,3,0,1,5,1,3,2,1,0,2,1,4,2,2,7,6,2,2,2,0,1,1,2,0,2,2,1,2,1,2,1,0,5,3,2,0,0,0,2,5,1,3,1,0,1,1,3,3,1,2,0,4,2,0,2,0,4,6,0,2,2,2,2,4,0,4,0,0,1,0,0,2,4,3,0,2,4,1,3,1,2,1,6,1,1,0,1,1,2,2,0,3,4,1,0,1,1,1,0,2,2,0,1,1,3,1,2,1,1,9,2,0,0,1,2,4,5,1,2,3,0,2,1,4,3,1,1,1,2,2,2,2,2,2,2,0,3,4,1,5,0,3,2,3,1,4,6,4,1,0,3,3,1,2,2,1,0,0,1,6,1,2,0,2,3,4,6,2,1,4,1,2,1,2,2,1,1,0,1,9,6,4,0,0,2,0,3,1,4,1,0,1,1,1,0,3,0,1,1,2,3,2,2,3,1,1,0,1,1,3,1,4,1,0,2,2,0,1,4,3,0,4,2,1,2,5,1,1,3,0,1,1,6,1,2,4,1,1,0,5,3,3,0,2
HOUSEHOLD_1_321_CA_1_evaluation,HOUSEHOLD_1_321,HOUSEHOLD_1,HOUSEHOLD,CA_1,CA,4,3,4,5,2,0,6,2,5,2,0,4,2,1,2,6,2,5,2,2,2,3,0,0,5,3,0,0,4,2,2,0,6,4,2,0,3,4,4,3,1,4,5,1,7,1,0,5,2,2,3,1,1,13,1,1,2,0,0,0,0,0,0,0,4,2,3,4,3,4,2,2,0,2,1,0,0,2,2,3,2,0,0,1,5,3,3,2,0,3,3,2,4,1,3,2,1,1,3,2,2,3,2,0,2,3,2,0,0,3,0,2,2,2,0,2,0,0,2,0,0,0,0,0,0,0,0,1,0,1,2,1,0,2,4,2,1,0,4,4,1,0,5,3,1,1,3,2,3,1,0,0,2,1,3,3,3,5,0,1,4,5,2,3,0,1,2,3,4,1,1,0,0,0,0,0,0,0,0,0,1,2,2,0,3,3,1,3,1,2,3,2,3,2,0,2,3,9,2,2,4,3,6,4,5,3,5,4,2,3,4,1,1,1,0,0,4,5,3,5,2,8,5,2,3,0,0,0,0,0,0,0,3,1,1,1,0,6,1,3,3,2,1,1,1,3,0,0,0,0,0,0,0,2,3,4,3,0,1,4,4,3,2,1,2,3,1,11,0,0,0,1,0,1,2,2,2,3,1,1,1,1,4,1,0,3,2,2,2,2,0,1,0,3,0,0,1,4,3,0,3,3,5,3,1,1,3,0,1,1,1,1,2,13,1,2,0,0,0,3,0,0,0,0,5,4,2,4,0,3,3,10,6,9,3,3,5,0,0,0,0,0,0,0,2,7,0,3,3,2,5,1,3,1,1,0,2,4,0,4,1,0,2,2,0,4,3,0,3,1,3,5,0,5,2,1,1,2,1,3,5,3,3,3,3,8,3,4,0,1,3,2,4,0,5,3,2,4,4,6,3,1,2,2,6,1,0,0,0,1,1,2,2,5,2,1,2,3,2,2,1,2,3,0,0,2,2,1,0,12,3,2,4,1,3,4,5,2,3,5,1,4,3,4,3,2,0,2,5,5,2,2,0,1,0,3,2,1,0,2,1,0,1,2,0,1,3,0,1,0,0,1,1,0,2,0,0,2,4,1,1,0,5,0,1,0,2,3,0,1,1,2,2,0,1,1,0,5,2,6,3,2,2,0,2,3,2,0,1,1,1,4,4,2,0,0,2,1,0,1,7,3,1,1,2,1,2,0,3,1,3,0,0,2,2,3,0,2,0,1,1,2,0,0,2,0,1,2,2,4,0,1,0,0,0,3,0,0,1,1,3,5,2,2,2,0,0,4,8,1,3,2,0,0,1,4,2,2,1,0,0,1,3,3,1,2,1,1,1,0,2,2,0,4,2,2,1,2,1,0,1,0,0,1,1,1,0,1,3,1,1,2,2,0,0,2,2,1,1,3,0,2,2,3,3,1,3,2,1,1,2,4,4,5,3,3,4,2,3,7,2,1,1,2,4,0,1,4,3,0,1,2,4,2,0,1,3,2,1,2,0,1,1,0,1,0,3,0,2,2,3,1,2,1,2,1,1,5,2,1,1,0,0,0,0,2,1,0,2,3,3,0,0,3,1,3,3,2,0,0,0,2,2,1,1,1,3,2,4,0,0,3,2,1,2,1,4,0,2,1,3,2,0,2,1,1,1,1,1,3
HOUSEHOLD_1_327_CA_1_evaluation,HOUSEHOLD_1_327,HOUSEHOLD_1,HOUSEHOLD,CA_1,CA,0,0,0,0,0,0,0,0,0,0,0,0,0,0,0,0,0,0,0,0,0,0,0,0,0,0,0,0,0,0,0,0,0,0,0,0,0,0,0,0,0,0,0,0,0,0,0,0,0,0,0,0,0,5,4,7,1,13,12,2,2,5,8,11,11,2,4,7,5,7,4,1,5,9,2,7,8,6,9,5,4,9,6,1,0,2,3,2,1,10,4,10,11,5,4,0,8,9,10,7,3,2,2,4,11,6,2,2,0,4,1,4,6,2,0,3,0,1,4,7,7,6,1,6,5,3,5,4,6,17,9,7,4,7,18,1,8,1,7,8,3,7,4,0,4,3,4,6,13,2,5,4,2,3,5,0,0,0,0,0,0,0,9,3,4,8,10,1,14,2,3,1,2,6,7,11,8,2,7,2,5,2,4,4,5,5,0,1,2,3,6,3,2,2,2,5,8,0,0,0,0,0,0,0,0,0,0,0,0,0,0,3,6,2,3,0,3,2,0,0,2,1,3,1,6,2,6,5,3,0,2,5,2,9,1,3,4,4,7,6,8,12,2,3,0,4,9,2,3,2,8,2,5,14,3,5,2,0,1,3,1,3,2,2,1,2,0,6,3,2,3,2,3,8,0,5,3,1,2,0,6,7,3,3,4,2,2,5,10,1,2,1,2,5,22,12,5,6,9,5,2,1,11,1,3,0,2,4,0,0,1,0,2,2,3,4,0,3,0,0,4,8,3,4,2,4,6,2,2,17,4,8,2,1,11,9,7,6,2,2,10,0,1,0,1,2,2,0,4,1,0,1,0,3,0,2,3,18,2,4,1,6,5,0,3,2,17,2,5,1,2,5,1,6,13,3,2,0,5,2,4,6,4,7,6,12,24,4,12,4,2,0,7,7,6,6,11,6,10,6,11,5,4,6,6,9,4,4,2,2,2,5,7,2,5,8,3,11,7,8,10,14,9,6,5,10,7,11,14,8,4,4,7,4,7,7,16,7,5,6,3,6,12,3,5,5,4,9,10,16,6,7,3,1,2,11,5,6,2,6,6,6,7,13,2,4,8,7,6,3,2,4,5,1,5,0,8,2,1,1,0,2,5,2,6,4,0,2,1,3,4,18,4,11,2,6,4,12,17,8,14,8,8,4,10,3,6,3,2,5,6,21,9,6,9,3,4,6,5,8,3,2,4,0,3,14,13,9,2,6,2,6,6,11,6,8,4,2,10,16,7,4,4,3,14,7,5,9,6,8,7,1,2,6,2,7,2,4,5,4,3,5,3,7,4,3,7,10,2,5,6,0,3,3,7,10,9,3,4,9,0,6,6,9,5,5,0,0,0,10,3,2,2,8,11,11,16,12,10,8,4,0,2,5,4,3,6,8,10,7,13,5,6,5,0,6,5,11,5,23,1,3,3,9,4,4,2,1,0,2,14,2,6,7,6,1,9,3,10,4,18,2,2,2,15,9,5,9,2,6,7,7,18,12,3,8,4,15,6,11,1,8,3,2,9,8,7,5,2,6,6,14,7,9,6,8,8,9,4,8,5,0,0,6,5,6,7,5,14,4,5,1,3,13,21,5,4,3,5,3,11,7,6,1,4,0,4,8,4,5,2,4,3,3,5,2,0,5,7,7,11,3,3,0,4,3,3,6,6,3
HOUSEHOLD_1_328_CA_1_evaluation,HOUSEHOLD_1_328,HOUSEHOLD_1,HOUSEHOLD,CA_1,CA,2,5,2,2,3,1,1,1,0,5,3,2,1,3,2,2,4,1,1,0,4,5,1,0,0,0,0,0,0,0,5,1,2,0,1,2,5,3,0,0,0,0,2,2,2,3,10,1,1,1,4,2,5,0,0,5,2,4,2,1,1,1,0,2,3,3,0,0,3,4,7,5,0,4,2,2,2,2,0,2,0,0,0,2,3,1,5,2,0,1,1,6,2,2,0,0,2,0,2,1,1,2,3,0,2,1,1,3,3,1,3,1,2,3,4,1,2,2,2,2,7,3,0,2,1,2,3,8,1,1,0,2,2,0,2,5,5,1,1,1,5,4,2,2,1,0,0,4,5,1,3,2,4,1,2,1,2,1,0,2,2,6,4,3,1,2,1,1,4,1,2,1,3,3,1,1,3,2,0,1,2,1,1,1,4,1,3,1,2,0,2,1,2,0,5,4,3,2,5,5,1,1,2,3,1,0,1,1,4,2,4,1,0,1,3,0,3,5,2,3,0,1,1,2,1,4,3,5,1,2,1,3,4,1,0,4,1,2,3,6,3,1,0,1,0,2,4,2,1,0,0,0,3,2,0,1,2,2,3,1,4,0,2,2,1,3,3,4,1,3,0,1,1,2,6,1,2,1,0,0,1,4,4,2,1,8,1,1,0,1,0,0,0,0,2,3,2,1,1,1,2,1,5,7,1,1,1,0,0,1,4,1,2,1,1,3,2,0,3,2,1,0,2,4,3,1,1,1,1,1,4,2,2,2,0,2,1,4,8,0,0,1,4,2,0,2,3,5,2,0,2,1,1,0,2,0,1,8,4,2,0,1,0,4,0,2,3,0,1,0,1,4,3,2,3,0,0,4,4,1,1,2,1,0,5,2,1,2,4,0,1,0,1,1,1,2,0,2,3,1,5,5,1,0,1,2,2,1,3,1,0,1,3,2,1,1,0,2,6,0,3,3,0,1,1,4,2,4,6,1,0,7,2,0,2,3,2,0,0,0,1,1,6,3,1,1,1,0,4,2,0,0,3,1,3,3,5,2,2,3,1,2,4,5,1,3,2,0,0,0,0,3,3,2,3,3,1,5,1,0,0,6,0,1,4,3,0,2,6,0,3,0,0,1,0,1,1,1,4,1,1,4,1,2,4,5,0,2,3,2,0,3,7,0,1,0,1,1,4,3,0,2,1,0,2,3,0,2,2,2,0,0,4,2,0,1,4,1,1,1,5,2,2,3,0,0,0,0,0,1,2,0,6,6,8,3,4,5,2,3,2,3,4,1,3,0,1,1,2,2,1,1,0,1,1,3,2,3,0,1,0,3,3,0,2,1,1,0,2,1,0,4,1,0,1,2,2,1,0,1,5,1,4,0,0,1,1,2,0,2,3,1,0,2,1,1,3,1,0,0,0,0,1,3,1,3,0,2,1,1,1,1,2,2,0,3,1,1,3,0,1,2,2,0,0,4,2,1,0,4,2,5,1,1,2,2,0,1,3,2,1,3,2,1,0,1,3,3,1,1,1,0,0,3,0,0,0,1,4,2,2,5,0,3,1,5,2,1,1,1,1,1,2,1,3,1,1,0,0,1,5,2,1,0,3,1,0,3,3,1,3,0,2,1,2,2,3,1,3,2,2,2,2,2,2,0,1,1,2,0
HOUSEHOLD_1_334_CA_1_evaluation,HOUSEHOLD_1_334,HOUSEHOLD_1,HOUSEHOLD,CA_1,CA,12,10,7,2,8,2,11,5,13,10,6,1,5,4,3,12,4,7,6,5,5,11,6,5,5,7,6,6,8,11,7,11,5,8,10,8,8,3,9,3,10,10,14,7,4,7,8,8,11,6,8,6,9,7,12,5,7,13,4,11,3,4,5,6,12,3,4,1,8,8,4,9,4,4,0,7,9,6,14,14,9,4,2,7,6,8,7,3,10,4,4,5,7,8,4,5,2,3,5,9,5,0,10,2,3,4,9,5,6,6,4,2,6,6,7,3,3,4,4,5,0,3,4,5,9,1,5,4,4,3,0,1,3,5,13,2,5,5,7,5,7,4,7,4,2,4,1,8,4,3,3,6,4,2,9,2,6,0,4,3,1,9,11,10,5,7,7,2,1,6,8,4,8,7,3,4,8,1,4,11,1,2,3,9,1,9,8,2,5,2,6,16,7,6,6,6,6,3,1,1,6,6,1,6,5,0,1,6,1,3,6,4,1,1,5,0,0,7,4,3,7,4,5,6,9,0,0,0,0,0,0,0,2,0,2,4,3,3,1,5,5,0,1,5,18,22,15,5,10,10,3,14,12,18,19,8,21,16,9,20,14,11,7,5,4,3,8,3,3,2,7,3,12,4,7,7,0,0,3,5,7,0,0,0,0,0,0,0,15,14,8,8,5,14,7,6,5,5,5,5,7,2,6,3,14,10,5,11,10,9,4,8,3,5,8,11,3,8,3,5,2,1,4,13,5,4,13,9,8,8,4,5,10,7,5,7,4,4,5,1,6,6,3,10,18,6,7,1,5,6,9,12,6,5,3,1,5,5,25,6,9,9,7,7,9,16,5,7,10,8,18,6,24,3,9,10,7,8,16,18,14,11,13,5,10,8,9,11,8,10,5,14,27,20,13,14,11,14,14,16,30,7,21,10,16,20,29,27,12,17,12,13,19,20,16,8,19,12,16,9,16,28,15,11,11,13,10,13,24,17,14,13,16,14,21,45,14,10,15,7,13,25,22,22,14,12,14,13,28,25,20,6,9,15,11,15,31,11,8,11,17,5,13,17,5,17,11,7,17,25,24,18,19,9,4,16,14,26,16,14,13,10,19,16,14,11,17,5,8,16,10,28,9,11,5,10,9,18,19,9,7,13,9,12,17,13,12,13,12,0,0,16,17,10,7,12,7,16,10,8,4,2,12,5,13,12,13,13,16,9,8,6,12,13,10,12,3,9,9,7,14,5,9,16,7,11,21,18,19,5,10,3,7,13,21,16,12,9,13,6,12,16,9,9,3,9,13,26,16,15,8,8,7,12,22,11,9,10,12,8,0,12,7,13,14,6,11,8,24,25,15,17,21,9,9,12,24,19,8,10,10,15,18,31,16,8,7,17,10,27,20,6,8,10,12,8,16,21,18,11,18,10,13,30,23,14,12,13,15,8,15,21,11,11,12,14,10,29,28,11,22,8,12,20,15,25,5,13,19,16,14,23,13,13,3,8,8,15,19,23,13,12,12,15,12,20,22,16,7,8,18,17,18,16,15,14,19,11,19,28,29,5,12,5,12,20,35,11,14,22,13,6,14,18,22,7,5,13,9,13,10,9,10,0,4,1,6,4,4,1,0,0,0,0,0,4,3,1,5,4,7,8,3,15,11,3,0,0,9,5
HOUSEHOLD_1_337_CA_1_evaluation,HOUSEHOLD_1_337,HOUSEHOLD_1,HOUSEHOLD,CA_1,CA,0,0,0,0,1,0,0,0,1,1,0,0,0,0,0,1,2,0,1,1,1,1,1,0,1,0,0,1,0,1,0,1,0,0,1,0,0,1,1,0,0,0,0,3,2,0,0,0,0,1,4,0,0,1,2,2,0,0,0,0,1,0,0,2,0,2,0,0,0,2,0,1,0,1,1,0,1,0,1,0,0,0,1,0,0,0,1,1,0,2,0,0,1,3,1,0,1,3,0,0,0,0,1,4,1,0,0,0,0,1,0,1,0,0,0,0,1,0,1,0,1,5,1,0,0,0,0,2,2,2,1,1,2,2,0,2,1,1,2,1,2,1,1,0,0,2,0,2,0,2,0,3,0,2,1,2,1,1,2,0,0,0,2,0,1,2,0,1,2,1,0,0,1,0,0,0,0,1,0,0,2,0,1,1,1,0,1,0,2,2,1,0,0,0,0,0,1,1,1,1,1,0,0,1,1,1,0,0,0,1,0,1,0,0,0,0,1,1,0,0,0,1,0,1,1,0,0,0,1,1,0,1,0,1,0,0,0,1,0,1,2,0,2,0,0,0,0,0,0,1,1,0,0,0,0,0,0,1,0,1,0,0,2,0,0,2,1,0,2,1,0,0,1,1,0,4,0,0,0,0,2,0,1,0,1,1,0,1,2,4,0,0,0,2,0,1,0,0,2,0,0,2,0,0,0,0,0,0,0,1,1,0,1,0,1,0,1,1,0,0,0,0,0,0,1,0,2,3,0,1,0,0,1,0,0,1,2,0,0,1,1,1,0,1,1,0,1,0,0,2,1,0,0,0,2,0,0,0,0,2,0,0,0,0,0,0,0,2,1,1,0,0,0,1,0,0,0,0,1,2,2,0,0,0,1,0,0,0,1,0,0,0,0,2,1,0,0,0,1,0,1,1,0,0,1,1,0,0,0,2,0,0,0,2,1,0,1,0,0,1,2,0,0,0,0,0,0,1,0,0,3,0,0,1,1,0,0,1,1,0,2,0,0,0,1,2,0,0,2,1,1,0,0,0,1,1,1,0,1,0,0,0,0,0,0,0,0,1,0,0,0,1,2,0,0,0,0,0,0,0,1,0,0,0,0,0,0,1,0,0,0,0,0,0,1,0,1,1,1,0,0,0,0,1,2,0,2,2,2,0,1,3,0,0,0,0,1,2,0,0,1,1,1,0,0,1,0,0,3,0,0,0,3,0,0,0,1,2,0,1,3,1,1,0,0,1,0,0,2,0,1,0,0,1,0,2,0,0,1,1,0,2,1,0,0,1,0,0,1,3,2,1,0,0,0,0,2,0,0,0,0,0,0,0,2,2,0,1,0,0,0,1,0,0,1,0,0,0,1,0,2,0,1,0,0,0,1,3,0,0,0,0,0,0,0,0,0,3,1,1,1,0,0,1,1,1,0,0,0,1,0,0,0,1,0,0,0,0,0,0,1,0,1,1,0,1,1,4,1,1,0,0,0,3,1,0,0,0,0,3,0,1,0,0,0,1,0,0,1,0,0,0,0,0,1,0,0,0,0,0,1,2,0,0,0,1,1,0,0,0,1,0,0,0,0,0,1,0,1,2,1,0,0,1,1,0,1,2,1,1,1,0,0,1,2,0,0,0,1,0,1,0,0,0,0,0,1,0,0,0
HOUSEHOLD_1_338_CA_1_evaluation,HOUSEHOLD_1_338,HOUSEHOLD_1,HOUSEHOLD,CA_1,CA,14,7,2,3,9,3,6,7,9,5,4,5,5,2,4,5,6,7,6,2,5,3,3,9,8,3,7,5,5,7,8,2,5,3,1,6,5,14,5,2,4,4,5,4,5,0,0,0,0,3,9,5,6,0,1,4,9,6,5,0,5,1,0,4,14,13,4,3,2,6,3,4,9,6,9,0,0,4,7,10,5,5,6,3,3,2,6,3,3,2,6,19,7,4,3,1,4,3,1,8,6,3,4,4,5,1,12,4,11,2,4,4,14,0,0,1,3,2,0,10,10,3,1,4,4,3,11,8,6,0,0,3,8,8,10,6,4,3,2,4,8,9,8,7,4,2,3,24,0,0,0,0,0,3,7,11,3,3,9,6,9,7,17,5,4,3,3,12,0,0,2,11,12,7,9,4,1,0,4,6,9,2,6,12,3,10,7,1,3,14,1,0,8,3,5,4,6,4,0,0,0,4,4,9,7,0,3,6,5,5,6,6,6,3,1,0,4,5,10,7,5,3,2,5,7,24,7,5,0,0,0,0,0,5,3,3,4,7,5,7,5,4,5,5,7,4,11,3,1,2,2,6,8,12,4,5,3,19,2,8,6,0,0,0,0,2,5,11,4,4,3,5,6,7,8,5,5,4,4,2,8,5,14,5,6,2,7,1,8,4,6,4,3,8,8,8,4,2,3,4,1,12,4,0,4,5,5,8,6,7,11,3,6,4,1,5,5,6,3,1,5,7,9,14,6,2,1,4,4,14,1,4,6,3,2,3,2,5,1,3,2,4,5,8,7,3,5,3,1,4,2,1,6,7,4,3,3,1,7,18,2,9,10,3,3,3,4,1,1,8,0,5,6,17,2,3,3,6,8,10,4,1,3,1,4,5,8,9,5,4,3,1,6,3,9,5,2,3,4,9,6,4,17,6,3,2,1,4,4,3,9,0,8,10,8,3,1,3,1,1,20,6,4,3,6,6,4,1,5,5,2,5,4,2,4,5,4,5,10,10,6,1,8,9,4,2,6,3,4,9,6,1,5,9,3,3,4,3,5,5,4,4,5,25,5,6,2,2,3,4,4,5,7,7,4,1,4,8,5,3,4,4,2,5,13,1,3,4,3,7,3,8,3,2,9,6,3,5,4,3,2,16,0,3,3,7,8,5,2,5,3,6,6,0,0,0,0,0,0,0,5,7,2,7,5,7,9,10,4,3,6,4,10,6,7,8,5,4,9,8,8,3,6,7,2,3,6,0,0,0,9,0,3,6,19,1,7,7,4,8,3,11,2,3,2,2,4,5,7,11,7,3,5,3,8,11,3,3,8,2,0,7,5,7,11,1,2,7,5,4,7,3,3,5,5,9,12,6,3,6,7,14,4,7,4,0,4,10,8,8,6,6,0,5,4,7,5,8,5,6,4,5,4,10,7,0,3,2,15,0,6,4,5,1,0,3,4,6,8,7,3,4,1,3,3,9,9,6,0,2,5,8,9,20,6,2,6,1,0,0,3,11,4,5,2,3,7,9,2,3,5,3,5,3,6,1,2,9,1,6,7,21,5,3,4,3,5,13,5,1,4,8,3,4,10,0,5,1,0,0,8,10,0,0,6,2,5,3,1,13,6,3,15,0,0,0,3,6,12,2,4,3,0,3,4,4,9,1,12,3
HOUSEHOLD_1_339_CA_1_evaluation,HOUSEHOLD_1_339,HOUSEHOLD_1,HOUSEHOLD,CA_1,CA,5,7,4,2,2,0,0,5,7,1,8,3,7,5,4,5,6,2,6,0,6,10,6,5,4,3,4,2,13,7,4,4,2,1,0,1,1,0,4,2,15,1,1,1,1,3,2,5,11,19,11,4,3,2,0,0,1,3,1,0,2,4,2,6,6,5,12,1,3,3,1,6,8,0,5,0,3,3,4,6,5,0,8,3,1,10,3,3,1,1,2,3,2,3,2,3,0,2,1,1,1,2,1,1,4,6,2,1,5,2,3,1,3,3,4,4,1,4,5,2,1,1,1,0,0,0,3,5,3,0,0,0,3,3,4,2,4,2,0,4,6,2,0,0,6,4,6,1,5,0,1,3,2,3,2,7,4,4,0,6,1,5,2,6,2,0,7,5,2,8,4,2,3,3,2,9,8,0,3,2,3,1,6,5,8,1,5,0,4,3,2,7,3,6,5,4,5,6,3,4,2,1,3,2,6,2,4,3,3,2,2,9,0,5,5,0,4,0,4,2,2,2,3,2,2,0,0,0,0,0,0,0,6,5,1,3,4,3,3,0,3,4,1,1,11,16,11,5,8,1,13,14,7,9,5,13,7,9,4,7,21,12,3,1,3,12,9,3,5,2,3,0,0,3,11,3,2,4,3,2,4,0,0,0,0,0,0,0,11,2,3,5,3,4,7,8,2,1,6,3,6,1,6,11,7,6,7,3,3,4,12,6,8,6,14,4,4,7,0,5,6,2,6,10,8,5,3,4,2,6,5,4,0,3,0,0,15,17,6,5,4,2,5,8,14,12,12,4,6,1,6,10,4,2,1,3,3,1,11,2,4,5,1,2,10,4,9,14,4,2,7,6,11,5,5,6,1,3,4,5,8,9,5,5,4,12,13,4,2,6,2,4,13,6,8,7,4,5,11,6,3,4,3,5,11,10,5,11,6,9,6,13,9,8,11,14,15,10,7,5,7,23,8,5,2,2,4,8,17,3,4,2,6,7,11,10,3,7,2,2,6,16,11,5,7,6,8,3,4,20,21,10,8,8,7,12,9,2,6,11,7,11,8,3,0,0,1,5,9,8,9,10,9,9,7,5,3,13,12,10,8,3,4,6,18,4,12,8,10,6,10,10,8,10,4,12,7,7,6,3,7,6,7,4,9,11,10,10,8,0,0,10,14,11,7,5,4,5,12,6,4,0,9,4,10,6,3,9,3,5,3,3,5,5,0,2,3,0,0,3,5,2,0,1,2,1,8,7,3,1,0,0,0,8,1,3,1,0,4,7,8,4,0,0,3,2,2,4,10,4,0,0,3,2,7,0,1,1,7,2,0,1,1,0,4,3,4,0,8,5,8,3,1,0,6,13,4,0,1,3,3,3,8,12,9,2,2,0,4,8,15,1,2,1,6,5,8,0,2,16,7,2,3,12,5,8,14,2,4,9,25,9,6,2,2,6,5,17,14,1,5,3,3,8,14,8,6,5,11,1,7,5,6,5,6,4,7,8,6,11,7,3,9,11,6,5,12,9,7,2,5,13,7,12,14,5,6,4,4,10,15,5,5,7,2,7,10,6,3,2,3,9,11,13,12,1,2,3,3,4,5,5,10,3,0,6,8,6,12,4,7,1,2,3,5,4,4,7,2,1,1,12,4,6,7,1,4,8,7,14
HOUSEHOLD_1_345_CA_1_evaluation,HOUSEHOLD_1_345,HOUSEHOLD_1,HOUSEHOLD,CA_1,CA,4,1,3,1,0,4,3,0,6,3,0,1,5,1,3,5,1,1,0,1,0,0,0,5,0,1,0,2,1,1,4,0,2,2,3,2,1,0,8,2,4,1,3,0,0,5,3,3,3,2,1,2,0,2,2,1,2,3,1,2,0,1,2,1,1,5,5,2,2,3,2,1,3,0,2,1,1,2,4,1,0,1,7,2,3,5,1,3,0,2,0,1,2,1,0,0,1,2,2,3,1,4,2,3,0,2,1,4,3,4,3,3,9,2,3,0,2,1,2,0,0,2,0,1,0,6,1,1,3,1,2,1,2,1,3,2,2,1,0,1,0,0,4,2,0,2,1,1,1,2,0,2,0,2,2,1,4,3,1,2,0,2,5,2,4,2,0,0,0,5,1,0,1,1,4,1,5,3,4,2,5,2,0,7,1,1,1,0,0,0,0,3,3,1,7,1,2,4,3,0,1,1,0,2,0,1,1,1,2,0,2,1,2,3,0,0,2,1,2,2,1,3,0,1,2,2,3,0,0,0,0,1,3,0,0,3,1,1,1,5,2,1,0,6,4,0,6,1,2,1,2,1,6,1,1,4,0,1,1,1,1,1,0,2,0,2,1,2,0,2,1,1,2,1,3,2,2,6,0,3,0,1,1,2,0,1,4,3,4,0,1,1,4,4,1,1,2,0,0,0,0,0,3,2,1,0,1,4,2,2,3,3,3,1,1,5,2,1,1,2,1,2,5,1,1,0,1,0,1,0,0,10,0,2,5,0,3,4,1,1,2,0,5,6,1,3,3,4,0,0,2,0,1,1,0,2,3,2,2,0,0,2,2,2,1,4,1,1,0,0,0,1,0,5,0,3,1,1,1,1,0,2,1,0,0,3,5,1,2,2,8,1,0,3,6,1,0,1,2,0,4,0,1,5,0,2,0,0,4,2,1,1,0,0,0,1,0,5,0,0,1,1,1,2,0,1,1,3,0,4,1,0,1,1,2,3,0,3,4,0,5,1,3,1,1,1,3,2,3,2,0,1,1,0,5,1,1,0,0,0,2,0,4,0,1,0,2,3,0,6,2,1,0,1,0,0,2,4,2,4,1,4,3,1,2,2,0,0,0,0,6,2,1,0,1,1,0,1,4,5,1,2,0,1,0,1,2,0,1,2,2,1,4,1,2,0,1,1,0,2,2,1,0,0,2,0,4,1,4,2,5,2,0,0,2,0,3,0,1,0,0,1,0,0,3,2,2,1,1,0,0,0,1,3,1,3,2,0,0,0,0,1,1,0,0,0,1,0,0,1,0,0,3,5,0,1,0,1,0,0,0,0,3,0,5,0,3,0,1,1,1,1,1,1,6,0,2,0,2,0,2,1,0,0,0,0,0,6,2,0,0,0,0,0,1,1,4,1,0,0,2,2,1,0,0,0,0,3,1,1,2,2,0,1,0,0,1,0,1,3,1,1,2,0,2,2,1,0,0,0,0,2,2,0,1,2,1,0,1,0,2,1,1,0,0,0,0,3,0,0,1,0,0,1,1,1,0,1,0,0,2,0,0,12,0,0,0,0,0,0,0,0,0,0,0,0,0,0,0,0,1,2,0,2,3,0,0,2,1,2,0,0,1,1,3,4,1,1,0,0,0,0,0,0,0,0,0,0,0,0
HOUSEHOLD_1_346_CA_1_evaluation,HOUSEHOLD_1_346,HOUSEHOLD_1,HOUSEHOLD,CA_1,CA,1,2,0,1,3,0,1,3,2,1,0,0,1,2,2,3,3,1,5,2,1,0,2,1,0,4,1,1,2,0,2,0,1,0,0,4,1,1,5,1,0,1,0,0,0,1,1,1,1,1,2,1,2,1,0,2,5,3,0,0,0,1,2,2,0,0,1,2,2,0,2,1,4,1,0,1,3,0,2,0,4,1,0,1,1,1,0,3,1,2,0,0,1,2,2,0,0,3,2,1,2,2,0,2,0,6,0,0,0,1,1,1,2,2,1,3,5,1,0,3,0,1,0,1,2,2,3,2,2,0,0,6,1,0,2,0,0,1,0,0,2,5,0,0,0,0,4,1,4,0,0,0,1,0,0,1,0,0,0,9,1,0,0,1,0,3,0,3,1,0,0,1,0,1,2,0,3,4,0,0,1,2,1,1,4,5,2,0,0,1,3,0,0,1,0,0,1,0,1,1,0,1,0,1,2,1,5,1,0,0,1,1,4,1,0,0,2,0,0,1,3,0,0,2,1,1,3,1,2,0,5,0,1,0,1,0,0,1,6,1,0,0,0,1,3,0,0,0,2,1,1,4,3,4,1,4,0,0,1,0,0,0,2,2,2,2,1,2,1,4,1,3,0,4,1,1,0,3,1,0,0,1,0,1,0,1,1,1,2,0,5,1,0,2,3,0,4,0,1,0,1,5,1,1,4,2,1,1,1,3,1,4,1,0,1,1,0,1,0,1,0,1,1,3,2,1,1,4,4,0,2,0,2,0,1,0,2,0,4,0,0,2,2,0,0,0,0,1,4,0,0,0,0,4,2,0,0,0,0,0,3,1,2,1,2,4,3,2,0,0,0,1,0,3,0,2,0,2,2,2,3,0,1,1,2,1,3,4,1,2,0,1,5,0,1,1,0,2,1,3,2,0,1,0,1,2,0,3,2,3,2,3,1,2,0,2,0,2,7,1,0,0,3,1,2,2,0,1,0,1,1,1,6,0,0,0,0,3,1,1,0,3,2,1,5,2,0,5,1,1,2,0,0,0,2,1,0,2,2,1,1,0,1,1,0,3,0,0,4,1,5,1,1,0,1,0,1,0,6,0,0,1,0,1,2,1,1,1,0,0,0,2,4,1,0,0,3,1,0,0,0,1,0,1,0,2,6,1,0,0,0,0,0,0,0,0,0,0,0,0,0,0,0,0,0,0,0,0,0,1,1,1,0,2,0,0,2,1,1,2,0,1,0,0,2,1,3,0,1,0,2,0,1,2,0,0,0,1,0,2,2,2,0,3,0,1,5,1,1,0,1,0,0,1,1,0,1,0,0,0,0,0,0,1,1,1,0,1,1,0,0,0,0,1,0,1,0,1,2,0,0,0,0,1,0,0,0,0,1,3,1,0,0,0,0,1,1,0,1,2,2,1,2,0,1,1,0,1,0,0,0,1,0,1,3,0,1,1,2,0,1,2,0,0,0,2,0,2,1,2,0,1,2,0,1,0,3,0,1,0,2,3,1,1,0,2,0,1,1,0,1,0,2,0,2,2,1,0,2,2,4,1,1,1,1,1,1,1,1,0,1,0,0,0,1,0,1,0,2,5,0,0,1,0,2,1,0,0,0,2,1,1,0,3,1,0,1,2,1,1,2,1,0,0,0,0,0,0,5,1
HOUSEHOLD_1_347_CA_1_evaluation,HOUSEHOLD_1_347,HOUSEHOLD_1,HOUSEHOLD,CA_1,CA,1,1,3,1,1,4,2,1,2,1,0,3,3,2,2,4,0,2,1,1,2,2,1,3,3,2,0,2,3,3,0,2,4,3,1,3,1,0,3,0,1,1,3,1,5,2,2,4,2,0,0,3,0,0,0,3,4,3,2,5,0,0,1,1,3,1,2,1,6,1,2,0,0,0,0,0,0,0,2,0,0,0,1,0,1,4,3,5,2,6,3,3,3,3,1,1,4,10,5,2,5,1,1,3,3,3,3,2,4,2,3,4,3,2,2,1,3,5,2,6,3,1,1,2,1,4,5,2,5,1,1,3,3,5,4,2,2,5,2,2,3,5,4,1,4,4,2,3,5,2,2,2,6,0,6,4,4,0,0,1,1,9,6,4,1,2,1,2,6,2,2,4,0,1,1,4,3,3,2,1,2,1,2,2,2,1,2,1,3,0,6,8,0,3,4,6,5,5,1,3,3,0,1,2,2,1,1,2,2,1,2,1,0,4,2,0,2,2,2,0,0,2,1,1,4,2,3,2,1,5,3,0,0,2,2,1,2,0,5,4,1,1,6,0,1,1,1,3,0,0,1,3,3,2,0,2,2,2,3,3,2,2,0,3,1,1,3,5,2,3,2,3,3,2,5,2,0,1,1,2,5,5,0,1,2,0,1,1,3,3,0,5,1,4,2,4,3,2,1,6,4,3,1,4,3,2,2,3,4,1,2,1,0,5,1,1,2,2,0,5,2,2,4,0,0,2,2,1,0,2,3,2,2,0,2,0,7,1,2,0,0,1,1,4,4,0,0,2,2,3,2,2,2,2,4,2,4,2,7,1,2,4,5,3,2,2,3,6,3,0,3,4,0,2,3,5,1,2,5,3,0,0,6,5,0,4,1,1,3,3,1,2,1,1,4,4,1,3,3,2,0,4,1,2,2,1,3,1,2,7,2,1,3,2,4,3,2,4,1,3,1,4,5,3,4,3,3,5,3,3,1,1,2,4,2,5,4,0,1,3,4,3,5,6,2,5,1,0,0,0,1,0,1,3,1,0,0,1,2,1,1,0,0,0,0,0,0,0,0,0,0,0,0,0,0,0,0,2,0,2,1,2,2,4,2,2,1,2,0,3,0,2,8,5,1,2,2,2,6,5,0,0,2,3,3,5,1,1,1,1,2,6,5,1,3,1,1,4,5,0,4,2,2,2,0,0,2,1,2,0,3,0,3,5,1,5,2,1,0,2,4,2,1,3,3,2,3,2,3,2,2,2,1,2,0,0,1,3,0,2,3,1,4,2,3,1,2,3,2,4,2,1,4,3,4,2,2,0,1,3,0,0,2,2,1,3,2,1,1,0,2,0,0,0,4,3,3,2,1,3,3,1,0,3,2,2,6,0,2,2,1,0,2,1,2,3,3,2,2,0,2,3,1,3,3,1,1,3,5,1,2,2,3,1,2,1,1,1,1,1,1,3,1,2,3,3,4,2,2,3,0,1,2,4,3,2,2,2,1,0,0,3,1,0,2,4,3,0,0,2,1,3,4,2,0,2,0,2,3,3,2,0,0,1,4,2,0,2,2,1,3,3,0,0,4,1,1,0,1,2,3,2,0,2,2,0,0,3,1,0,1,0,1,3,2,0,1,3,1,2,0,0,0,0,0,0,0,0,0,2
HOUSEHOLD_1_348_CA_1_evaluation,HOUSEHOLD_1_348,HOUSEHOLD_1,HOUSEHOLD,CA_1,CA,2,7,2,3,0,2,1,7,2,3,1,0,3,4,2,7,3,3,0,1,2,5,1,2,2,0,0,0,1,5,4,1,1,1,3,3,3,3,4,4,0,0,2,4,5,0,3,0,4,1,5,3,2,2,2,2,3,0,0,0,1,1,3,1,4,2,2,3,1,5,0,1,0,0,3,0,1,0,0,0,3,0,5,0,0,4,1,2,2,6,3,1,1,1,2,2,0,2,3,4,2,0,0,0,1,2,5,4,0,0,0,0,0,0,0,0,2,0,3,6,3,1,1,2,0,1,2,2,0,0,1,1,2,4,3,1,0,0,2,1,1,8,1,7,2,0,1,1,4,2,3,0,7,3,4,2,1,0,1,0,0,3,2,2,3,2,1,2,2,2,0,2,2,0,0,4,1,0,0,2,1,2,1,4,5,3,2,2,4,2,2,2,1,3,0,0,1,0,0,0,0,0,0,0,0,0,0,1,0,0,0,0,2,0,1,0,1,1,4,4,1,2,0,0,0,0,2,0,2,1,2,1,2,2,1,2,2,1,2,1,2,0,0,2,3,1,3,1,1,2,1,1,4,3,3,1,3,4,3,2,4,2,2,1,0,5,6,5,3,3,0,0,0,3,1,0,1,0,1,1,0,0,0,0,0,0,0,2,4,3,2,1,2,1,0,3,0,2,1,2,0,1,0,3,0,1,1,0,1,1,3,1,0,0,1,0,0,0,0,0,0,1,2,1,3,4,5,0,3,1,1,3,0,0,2,3,2,4,1,1,4,3,3,1,0,0,0,0,0,2,4,5,0,3,2,3,3,4,2,4,2,3,3,6,6,1,5,4,4,6,5,2,4,3,2,3,3,1,3,0,0,0,3,3,2,3,8,2,1,2,1,12,6,4,4,4,0,4,2,2,6,8,4,1,2,0,0,0,0,0,3,2,3,4,4,4,4,4,3,4,0,0,0,5,5,9,1,1,3,1,6,2,5,4,2,2,0,0,0,0,0,0,0,0,0,0,0,0,0,0,0,0,3,0,5,1,3,3,2,0,4,2,3,6,3,4,1,1,2,2,5,1,4,2,1,1,0,0,0,1,2,0,3,5,7,3,1,0,2,0,1,3,3,1,11,0,5,0,0,0,0,0,0,2,1,2,0,1,2,2,2,2,0,5,0,1,1,0,4,2,2,4,0,1,5,1,3,5,1,3,6,0,1,2,3,3,2,4,5,2,3,1,2,4,0,2,1,2,6,2,4,1,0,1,2,0,5,2,2,2,5,0,3,4,1,1,3,4,3,3,2,1,1,3,4,8,5,1,4,0,0,1,3,3,1,0,2,1,0,1,2,1,1,1,1,1,4,3,4,0,1,0,1,3,3,4,2,0,3,2,1,2,0,2,0,0,6,3,0,0,1,2,3,4,3,3,1,2,3,1,3,1,8,1,3,1,2,6,3,1,3,1,3,2,4,1,18,2,3,0,0,1,4,1,0,0,3,2,11,9,2,2,1,0,0,4,6,1,3,0,0,0,5,2,7,1,1,2,1,2,1,3,7,0,3,3,1,1,4,6,0,0,2,2,6,2,2,1,1,3,3,5,5,0,0,0,0,0,7,3,1,4,2,2,4,2,5,2,9,2,4,0,0,0,0,0,2,2,2,1
HOUSEHOLD_1_350_CA_1_evaluation,HOUSEHOLD_1_350,HOUSEHOLD_1,HOUSEHOLD,CA_1,CA,2,0,0,0,2,0,3,1,2,2,1,0,0,0,1,1,0,1,0,0,0,2,2,0,0,0,0,0,0,0,0,0,0,0,0,0,0,0,0,0,0,0,0,0,0,0,1,0,3,0,8,0,1,0,0,2,2,0,1,2,0,1,4,2,1,4,1,2,0,0,1,0,0,0,0,1,2,0,4,0,3,1,1,2,0,2,1,0,0,0,3,0,2,0,0,3,1,0,1,0,0,3,0,0,1,1,2,2,1,0,0,1,2,3,3,0,0,0,0,3,3,0,0,0,0,0,0,2,0,1,0,0,0,3,1,0,0,1,2,0,3,1,2,1,0,0,0,0,6,2,0,0,4,1,1,1,0,1,1,1,1,1,1,2,1,1,1,3,1,3,5,0,1,0,0,1,0,1,0,1,0,1,3,1,1,0,2,0,0,2,0,1,0,1,0,1,1,2,0,1,0,0,0,3,1,0,2,1,2,0,1,0,2,2,0,0,1,0,1,0,4,0,1,4,1,0,4,1,1,2,0,2,4,1,0,0,0,1,4,3,0,0,0,4,0,4,0,1,0,0,0,2,3,2,4,3,1,0,0,1,8,1,2,0,2,0,1,3,0,0,0,2,0,1,2,3,1,2,1,1,5,0,2,1,1,0,0,2,3,0,1,2,0,3,2,0,3,2,0,0,0,0,3,1,1,0,0,1,1,1,3,1,1,0,3,2,0,0,3,0,1,1,0,0,0,4,2,1,1,2,4,1,1,0,0,0,0,0,0,0,3,1,4,2,0,0,2,0,1,0,1,2,1,2,0,0,1,2,1,2,0,1,2,0,2,6,0,1,1,0,2,0,1,2,0,1,0,1,3,6,0,0,0,0,3,1,3,5,3,2,0,2,1,3,3,2,2,0,0,0,0,1,0,6,2,3,1,1,0,2,2,0,0,2,1,0,1,2,4,0,2,1,3,0,0,1,1,1,3,1,1,0,1,1,1,0,2,0,1,1,0,1,2,1,0,1,0,2,1,1,3,0,0,1,2,2,2,0,1,0,0,1,1,4,1,0,4,1,0,2,1,2,0,0,3,1,3,2,1,1,2,0,0,3,2,1,3,1,0,0,2,1,2,0,1,2,0,2,3,0,4,2,1,0,3,2,2,0,0,1,2,0,3,4,1,2,1,3,1,4,0,1,1,2,2,1,1,1,2,1,0,0,2,4,0,0,0,1,0,2,2,3,2,0,1,0,3,3,6,1,0,1,1,3,0,0,0,5,2,0,1,3,2,2,1,0,0,6,2,1,0,2,3,0,0,1,0,2,3,0,0,0,1,2,1,2,2,1,2,0,2,0,0,0,0,1,2,1,3,2,0,1,3,2,0,0,1,0,2,5,5,1,0,1,0,0,2,1,2,1,1,0,0,3,2,1,1,0,1,2,1,2,1,2,0,1,0,1,2,1,0,3,2,2,0,8,0,2,2,0,1,3,1,0,2,0,2,1,3,2,3,3,1,1,5,0,5,2,2,3,0,2,4,1,0,0,1,0,0,1,2,1,2,0,0,0,1,3,3,2,2,0,0,0,4,4,0,1,0,1,0,1,0,5,1,0,0,1,2,3,0,1,2,2,2,0,1,3,1,1,3,1,2,0,4,3,0,0,0,5
HOUSEHOLD_1_351_CA_1_evaluation,HOUSEHOLD_1_351,HOUSEHOLD_1,HOUSEHOLD,CA_1,CA,7,4,3,7,1,2,4,7,5,9,9,8,4,2,5,4,5,2,11,3,6,8,8,7,3,4,10,3,8,6,10,10,7,8,4,6,3,7,3,6,3,0,6,5,3,4,5,13,10,5,12,3,3,6,4,5,8,11,5,4,10,5,10,3,12,4,2,2,4,5,6,3,6,7,7,4,8,9,9,5,6,6,4,5,10,12,11,4,3,4,4,6,8,4,7,5,3,5,7,5,2,1,9,4,4,9,5,3,5,4,3,3,8,5,7,3,3,2,7,5,7,4,4,4,5,4,5,9,1,0,2,2,4,4,8,4,4,5,9,3,10,9,7,7,1,3,1,3,9,6,4,5,3,6,11,6,3,3,1,3,0,9,11,8,2,3,6,1,5,7,3,0,1,3,1,8,1,5,6,1,1,2,8,8,1,3,6,0,4,1,2,4,3,2,5,2,6,6,4,6,3,1,5,3,7,3,2,5,1,2,2,6,5,2,1,0,2,4,4,7,2,2,2,6,5,0,0,0,0,0,0,0,5,2,5,4,6,3,8,3,3,7,1,5,13,15,14,7,9,2,0,5,10,9,4,8,12,4,2,7,9,7,3,3,7,2,3,3,2,2,1,6,4,3,9,4,4,3,1,6,3,0,0,0,0,0,0,0,15,4,9,4,8,9,11,1,2,0,0,2,4,1,0,2,4,2,4,5,4,8,1,1,4,6,10,6,1,1,0,1,2,5,7,9,6,9,2,6,1,5,5,3,1,1,0,0,1,0,0,4,7,1,5,7,11,7,7,3,7,4,6,8,5,5,1,2,4,7,16,12,11,9,9,3,3,11,12,9,6,2,4,7,10,9,8,3,7,12,20,16,7,9,8,6,11,12,15,11,4,6,8,4,11,2,3,7,3,4,4,9,4,1,7,6,5,7,5,15,10,2,0,16,5,5,6,16,10,12,4,3,18,12,6,4,8,2,2,9,5,1,3,4,1,2,4,18,8,8,1,12,6,14,5,1,9,7,8,1,11,20,7,13,8,14,10,8,12,2,6,8,4,2,8,4,9,5,7,4,4,15,4,15,9,4,5,8,5,9,3,10,6,8,1,6,5,6,10,7,6,7,8,6,7,3,3,9,6,6,3,4,5,11,11,12,9,9,5,6,7,0,0,7,2,8,5,7,4,3,5,2,4,0,9,1,4,6,15,3,4,4,6,5,12,8,7,10,2,0,5,5,15,9,11,5,3,5,7,10,3,4,4,4,12,2,7,4,3,5,6,7,6,6,5,5,5,2,4,5,7,12,4,5,12,3,9,10,5,4,1,2,0,7,12,4,5,5,6,1,3,9,10,3,1,12,2,13,11,1,2,6,4,6,15,13,6,2,5,1,7,7,11,6,12,0,5,5,11,20,2,8,6,8,9,7,3,9,8,2,4,4,9,15,4,6,1,16,8,8,26,10,13,7,7,8,9,9,8,12,7,4,5,9,7,9,8,5,4,4,4,18,11,5,5,0,15,12,12,8,3,1,0,9,15,12,2,5,3,6,10,13,6,5,1,5,2,5,6,3,7,6,2,2,4,11,17,10,1,4,4,0,0,5,4,3,1,0,3,10,1,0,0,0,3,5,4,0,0,0,2,0,5,4,3,5,3,1,1,6,6,8
HOUSEHOLD_1_353_CA_1_evaluation,HOUSEHOLD_1_353,HOUSEHOLD_1,HOUSEHOLD,CA_1,CA,0,1,1,1,0,0,0,0,0,0,0,0,1,3,2,2,3,1,1,1,0,0,0,1,0,1,0,1,0,0,0,0,0,0,0,0,0,0,0,0,0,0,0,0,0,2,0,1,1,0,1,1,0,1,1,1,1,0,1,1,0,1,0,0,4,2,1,0,0,0,0,0,1,0,0,0,2,0,1,0,0,0,0,3,0,0,2,0,1,1,0,2,1,1,0,2,1,2,0,0,0,0,1,3,1,2,0,0,0,1,0,0,1,0,0,1,1,0,0,1,1,3,0,1,1,0,1,0,0,1,0,0,0,0,3,0,0,1,1,0,3,0,3,0,2,2,1,4,1,0,0,1,0,3,1,3,1,0,1,3,0,1,0,0,0,0,1,1,1,2,1,0,0,1,2,0,3,0,1,1,0,3,1,1,0,0,2,0,1,0,2,0,1,1,0,2,2,0,2,0,2,0,0,3,1,0,0,0,0,0,1,0,0,0,1,0,1,1,0,0,2,0,0,0,0,1,0,1,2,0,1,0,1,0,0,0,1,0,0,0,2,0,1,0,1,1,3,0,0,0,0,0,1,0,0,0,0,0,0,1,3,2,2,1,0,0,0,0,0,0,0,0,2,2,2,1,0,0,0,1,3,1,0,0,0,0,0,2,0,0,1,0,0,2,0,0,0,0,0,2,3,2,2,1,0,1,0,0,0,0,0,0,5,0,0,1,0,0,1,0,2,0,1,1,4,0,0,0,0,1,1,1,0,0,3,1,3,1,0,0,1,0,1,2,1,1,1,1,1,0,2,0,0,1,1,0,3,3,1,1,0,0,1,2,0,1,2,1,1,0,0,4,0,1,0,0,0,0,0,2,0,1,3,6,1,1,1,4,0,2,1,0,3,1,1,0,0,0,0,0,0,0,1,1,1,5,4,2,2,0,0,2,0,0,0,0,0,0,0,3,1,0,1,2,0,1,1,0,0,1,3,1,2,1,0,0,0,0,1,1,0,2,0,1,1,2,0,1,2,3,1,0,2,1,1,3,0,0,0,1,1,0,2,0,0,0,0,0,0,2,0,2,3,2,0,2,0,2,0,0,0,0,2,1,1,1,2,1,0,0,1,0,0,0,2,1,1,0,0,0,0,0,0,0,2,1,0,1,1,1,2,0,2,3,1,0,0,0,0,0,0,0,0,0,0,0,0,0,0,2,1,0,0,1,0,1,0,0,0,0,0,2,0,1,0,0,0,0,0,0,1,0,0,0,1,0,0,0,0,1,0,1,0,4,1,0,1,1,0,1,0,0,2,0,0,0,0,0,0,0,0,1,0,5,3,1,0,0,1,2,0,0,0,0,0,0,0,1,0,0,0,1,0,1,1,0,0,0,2,1,1,0,0,0,0,3,1,2,1,0,1,1,1,0,0,1,1,0,1,3,1,0,0,0,1,1,2,0,2,0,1,1,1,1,0,0,0,0,0,0,0,2,1,3,0,1,1,0,1,0,0,0,0,0,0,2,1,1,0,1,2,2,0,0,0,0,0,2,2,1,0,1,1,0,0,1,1,0,0,2,0,0,1,1,1,0,1,0,0,1,2,1,1,0,1,1,1,0,0,1,1,0,0,0,3,0,1,1,2,1,1,2,1,1,0,0,2,2,1,1
HOUSEHOLD_1_359_CA_1_evaluation,HOUSEHOLD_1_359,HOUSEHOLD_1,HOUSEHOLD,CA_1,CA,0,0,0,0,0,0,0,0,0,0,0,0,0,0,0,0,0,0,0,0,0,0,0,0,0,0,0,0,0,0,0,0,0,0,0,0,0,0,0,0,0,0,0,0,0,0,0,0,0,0,0,0,0,0,0,0,0,0,0,0,0,0,0,0,0,0,0,0,0,0,0,0,0,0,0,0,0,0,0,0,0,0,0,0,0,0,0,0,0,0,0,0,0,0,0,0,0,0,0,0,0,0,0,0,0,0,0,0,0,0,0,0,0,0,0,0,0,0,0,0,0,0,0,0,0,0,0,0,0,0,0,0,0,0,0,0,0,0,0,0,0,0,0,0,0,0,0,0,0,0,0,0,0,0,0,0,0,0,0,0,0,0,0,0,0,0,0,0,0,0,0,0,0,0,0,0,0,0,0,0,0,0,0,0,0,0,0,0,0,0,0,0,0,0,0,0,0,0,0,0,0,0,0,0,0,0,0,0,0,0,0,0,0,0,0,0,0,0,0,0,0,0,0,0,0,0,0,0,0,0,0,0,0,0,0,0,0,0,0,0,0,0,0,0,0,0,0,0,0,0,0,0,0,0,0,0,0,0,0,0,0,0,0,0,0,1,0,1,1,0,0,0,0,0,3,0,0,0,0,0,0,0,0,0,0,0,0,0,1,4,2,2,0,1,3,1,0,1,0,0,0,0,0,1,0,0,3,0,0,1,2,1,0,0,0,5,1,0,0,1,0,2,0,0,1,1,1,0,1,2,0,3,1,2,1,0,1,3,0,0,2,0,2,0,1,1,1,0,1,2,1,0,0,0,1,1,3,2,1,1,1,0,0,1,2,3,0,1,1,0,1,2,0,2,1,0,0,2,1,1,1,1,0,0,1,1,4,0,0,0,3,2,0,2,2,1,1,1,0,2,4,2,1,1,2,3,0,1,0,0,1,1,2,2,1,1,2,1,1,1,3,2,1,4,1,1,0,0,4,0,4,3,1,0,2,4,3,5,2,2,2,3,1,0,1,1,1,2,2,1,3,1,2,1,0,0,2,0,3,0,0,0,4,0,0,3,0,0,3,3,1,4,3,2,3,1,2,0,3,1,1,1,1,2,4,3,0,1,0,1,1,2,2,4,0,0,0,0,0,0,0,3,0,0,0,0,0,0,1,0,2,4,2,0,2,1,2,0,4,3,3,0,2,3,1,0,3,1,0,0,2,1,1,0,0,1,2,0,1,1,1,2,0,1,0,0,2,1,0,0,0,0,1,1,3,0,0,0,1,0,0,1,2,0,2,0,0,2,1,1,0,0,0,0,0,1,0,0,0,0,0,2,4,0,0,1,5,0,0,0,2,1,2,1,0,0,2,3,0,0,3,0,1,0,0,0,1,1,1,1,2,0,0,0,0,0,1,1,2,1,1,1,2,0,0,2,1,0,0,0,2,2,1,1,0,0,0,0,2,1,0,0,0,0,0,2,1,0,0,2,0,1,0,2,1,0,0,0,5,0,1,0,0,0,1,0,4,0,1,0,3,1,1,2,1,1,3,0,2,1,3,0,0,0,0,0,3,0,0,0,2,1,0,0,3,1,2,1,0,1,1,3,3,0,0,1,0,3,1,2,2,2,2,2,1,1,1,0,2,0,1,1,3,0,0,0,1,1,1,2
HOUSEHOLD_1_360_CA_1_evaluation,HOUSEHOLD_1_360,HOUSEHOLD_1,HOUSEHOLD,CA_1,CA,0,0,0,0,0,0,0,0,0,0,0,0,1,0,0,0,0,0,0,2,0,0,2,0,0,0,0,0,1,0,1,0,1,0,0,0,3,0,0,0,1,0,0,0,0,0,0,1,2,1,0,0,0,0,0,0,0,2,0,0,0,0,0,0,0,1,1,1,0,0,0,0,0,1,1,1,0,0,0,1,0,0,0,1,0,0,1,0,0,0,0,1,0,0,0,0,0,1,1,0,1,1,0,0,0,1,2,0,0,0,1,1,0,2,0,0,0,1,0,0,1,0,1,0,0,0,0,0,1,0,0,0,2,2,0,0,0,0,0,0,0,0,0,0,0,0,0,1,0,1,1,0,1,0,0,1,0,0,0,0,0,0,1,0,0,0,0,1,0,3,0,0,0,0,0,0,0,0,0,0,0,0,1,0,0,0,1,1,0,0,0,0,0,0,1,1,0,0,1,0,0,0,0,2,1,1,0,1,0,0,0,0,1,1,0,0,0,0,1,0,0,0,0,0,0,1,2,1,1,0,0,0,0,0,0,0,0,0,0,0,0,0,0,1,0,0,0,1,0,0,1,1,1,0,1,0,0,0,0,1,0,0,0,0,0,0,0,3,0,0,0,0,0,0,2,0,0,0,0,0,0,2,0,0,1,1,0,0,0,0,0,0,1,0,0,0,0,0,0,2,0,1,0,1,0,0,0,0,0,0,1,0,0,0,0,0,0,0,0,0,0,0,1,0,0,0,0,0,0,1,0,0,0,0,0,0,0,0,1,1,0,0,1,0,0,1,1,0,0,0,1,1,0,1,0,0,2,0,0,0,0,1,0,0,0,1,1,0,1,0,0,1,1,3,0,0,0,1,1,1,0,0,0,0,1,0,3,0,1,1,0,0,0,0,2,0,0,1,0,1,1,0,0,0,3,2,0,0,0,2,1,1,0,0,1,0,0,0,0,0,0,1,0,1,0,2,0,2,0,0,1,1,1,2,0,1,0,0,1,0,0,0,1,0,0,0,0,1,1,0,1,0,1,0,0,0,2,1,0,0,0,0,0,1,1,0,0,1,0,0,0,0,0,1,0,0,0,1,0,3,0,0,0,1,0,0,0,0,0,0,1,1,0,0,2,1,0,0,0,1,0,0,1,1,0,3,2,1,0,0,0,1,1,0,0,0,0,1,1,1,0,1,0,0,0,0,0,3,0,0,0,0,1,0,0,0,0,0,0,0,1,0,0,0,0,0,1,2,0,0,0,0,0,0,1,0,1,0,0,0,0,0,1,0,2,0,1,1,1,0,0,0,0,0,1,1,0,0,0,0,0,0,1,0,0,0,0,1,2,0,0,0,0,2,0,0,1,0,0,0,0,0,0,0,0,0,0,0,1,0,0,0,0,2,0,0,0,0,0,2,1,0,1,0,0,0,1,3,0,1,0,0,0,0,1,0,0,0,1,0,0,0,1,0,2,3,2,0,0,0,0,1,2,0,0,0,0,0,0,1,0,0,1,0,0,2,0,0,2,0,0,0,1,2,0,0,0,0,1,1,1,1,1,0,0,0,1,1,2,0,0,0,1,0,0,0,0,1,1,0,1,1,0,0,0,0,1,0,0,1,0,0,0,0,0,0,0,0,1,1,0,0,0,1,1,0,0,0,0,0
HOUSEHOLD_1_361_CA_1_evaluation,HOUSEHOLD_1_361,HOUSEHOLD_1,HOUSEHOLD,CA_1,CA,12,6,5,5,4,4,3,4,9,7,0,8,4,2,4,7,8,5,1,6,2,7,5,0,2,3,3,3,8,5,7,8,3,2,6,6,5,8,4,3,10,3,6,2,1,9,8,1,3,4,11,2,3,3,1,0,0,0,8,2,2,0,0,3,5,11,7,2,4,2,2,0,0,0,0,0,0,9,3,0,10,2,1,8,10,16,3,7,3,8,6,6,11,5,0,0,0,0,0,0,6,10,2,9,11,4,9,3,3,7,8,0,0,0,2,2,6,2,5,6,1,0,0,0,0,5,5,11,3,6,6,12,1,11,0,0,0,7,1,10,10,10,6,3,7,3,1,3,9,0,1,0,0,0,0,0,0,0,0,8,7,11,8,4,4,5,3,10,3,6,3,0,0,0,0,0,0,0,0,0,0,0,5,10,9,7,6,0,1,9,0,0,0,0,0,0,0,0,0,5,1,5,6,7,19,3,6,7,1,11,0,6,5,0,0,0,5,6,2,0,0,5,3,4,10,12,12,0,0,0,2,8,3,6,7,2,5,2,3,8,4,0,12,0,0,15,9,1,2,3,5,1,0,0,0,0,0,0,0,0,0,9,9,13,3,2,12,8,8,2,2,1,6,4,5,0,4,7,0,0,9,10,4,0,0,4,11,18,10,5,0,0,0,0,0,0,0,0,0,0,8,16,17,6,5,6,2,0,0,0,0,0,0,1,14,6,7,8,5,3,3,1,0,0,4,1,6,3,7,3,13,12,0,9,0,6,7,13,4,3,7,3,5,4,7,14,0,9,5,5,5,4,2,1,15,5,1,8,0,0,4,10,2,7,15,10,5,7,0,0,0,0,0,0,0,0,8,6,15,13,7,10,4,4,4,6,7,9,4,3,4,4,0,0,0,0,0,0,0,0,0,3,8,2,11,5,2,13,5,1,13,5,7,2,10,14,6,2,5,3,11,4,1,0,10,5,3,4,16,3,2,7,6,3,10,3,12,0,0,0,4,20,0,0,0,0,6,3,7,8,7,13,5,5,4,5,12,6,2,3,3,6,6,2,5,4,7,2,1,4,1,4,6,4,4,2,10,8,5,6,1,3,5,4,14,4,7,3,3,5,3,0,0,0,0,5,9,10,11,0,0,0,6,5,10,10,4,2,3,14,4,1,0,0,7,9,2,6,10,13,5,1,8,7,5,6,9,6,7,9,3,4,0,7,5,4,9,4,1,2,7,14,7,2,0,11,1,13,7,2,0,0,1,10,7,6,7,5,9,12,10,3,0,1,0,0,6,15,1,0,0,8,3,3,1,16,13,2,5,3,0,4,6,3,6,9,6,6,7,10,10,6,5,14,2,3,0,0,0,7,4,4,9,12,8,4,11,5,7,8,11,11,1,0,4,8,10,13,11,1,6,4,5,16,2,0,8,6,3,5,9,6,6,7,7,1,4,8,11,8,2,5,3,6,3,0,6,4,6,2,1,9,15,18,2,7,4,0,10,0,12,0,2,5,3,12,9,7,5,2,3,8,16,0,3,3,5,6,7,6,5,0,0,4,6,4,8,0,7,3,3,4,7,2,10,10,3,2,2,0,14,11,12,5,2,3,0,4,6,6,5,5,6,2,6,1,3,7,4,5,4,14,0,0,0,6,1,6,12,4
HOUSEHOLD_1_369_CA_1_evaluation,HOUSEHOLD_1_369,HOUSEHOLD_1,HOUSEHOLD,CA_1,CA,7,1,0,0,2,3,4,1,1,2,1,3,2,2,1,2,3,0,2,1,1,2,3,3,2,0,2,1,1,2,1,2,2,2,2,1,0,0,0,1,1,3,4,5,1,0,2,1,3,1,0,1,0,2,3,2,1,0,7,4,2,0,0,1,0,0,0,0,1,1,4,0,0,0,6,0,0,0,5,0,2,0,0,1,3,0,0,2,0,2,4,2,1,0,2,1,1,3,1,5,1,2,1,2,2,4,4,1,2,2,2,1,0,1,0,1,2,0,2,0,0,0,0,0,0,0,0,3,3,5,0,2,4,3,5,1,0,3,2,0,0,1,3,0,4,4,0,1,4,3,2,2,3,3,3,3,2,2,0,0,1,2,0,0,2,0,1,0,2,2,2,1,0,0,0,0,0,0,0,2,3,2,5,2,0,1,2,2,0,2,2,3,2,0,5,5,1,4,3,3,2,0,4,7,3,1,1,4,2,0,3,2,5,1,2,0,1,1,2,1,1,1,0,1,3,2,3,6,1,0,0,1,6,4,1,0,0,1,3,1,2,1,0,1,1,5,2,1,0,1,0,2,6,2,0,0,4,2,0,1,2,2,1,3,1,2,1,0,2,2,1,1,0,3,5,2,3,0,4,5,3,0,0,0,0,0,0,0,2,1,0,0,0,0,2,1,2,4,1,1,1,0,0,1,4,0,1,2,4,2,2,8,0,0,1,0,1,1,2,4,0,4,5,2,3,3,2,1,1,3,5,4,4,1,0,2,2,2,0,3,0,2,4,6,1,2,4,2,1,0,3,4,4,1,1,0,1,4,3,1,1,0,2,2,3,3,5,3,0,4,2,4,5,3,1,1,1,7,3,1,2,2,4,1,2,3,9,1,7,1,1,3,2,5,3,6,2,3,5,8,8,6,2,1,3,2,1,5,2,3,4,0,2,1,2,5,1,2,0,1,7,0,2,3,0,1,1,4,4,0,1,0,6,1,0,1,2,5,2,1,2,5,1,1,1,3,0,0,2,4,3,3,1,2,2,3,4,1,1,0,0,3,6,1,1,2,2,3,5,3,0,2,1,0,0,2,5,1,1,5,6,1,5,2,3,4,6,4,3,4,2,3,2,4,4,1,2,2,4,1,1,1,2,2,0,5,2,2,1,3,2,1,0,3,0,2,1,3,0,3,2,0,2,0,1,4,2,1,2,2,1,2,2,1,2,2,2,1,1,3,2,5,0,0,0,0,1,2,3,2,1,2,0,4,3,3,1,0,2,4,2,4,4,1,0,1,0,2,2,3,1,1,3,2,3,2,1,1,2,2,0,4,5,0,0,0,3,0,1,2,0,3,1,3,3,3,6,1,1,1,1,0,2,2,2,1,1,0,2,8,0,4,2,3,0,2,1,1,2,1,1,0,0,0,2,2,1,3,1,1,1,4,4,0,4,2,3,0,3,1,0,1,2,1,0,1,5,1,1,1,3,6,3,3,3,0,0,4,8,1,2,1,1,1,6,5,7,3,1,3,4,3,5,2,0,2,0,6,2,5,2,3,0,2,2,1,4,3,2,2,1,4,1,5,4,3,0,2,2,1,3,2,2,0,0,0,2,2,0,1,2,0,1,3,0,2,1,0,0,0,1,1,0,1,1,0,0,2,3,1
HOUSEHOLD_1_370_CA_1_evaluation,HOUSEHOLD_1_370,HOUSEHOLD_1,HOUSEHOLD,CA_1,CA,2,4,0,0,2,0,4,4,0,0,1,1,2,3,2,1,0,2,1,1,2,2,2,2,1,1,1,1,3,3,0,0,0,1,2,1,0,2,1,4,1,0,2,2,3,1,1,0,4,4,3,2,0,1,2,0,0,0,0,1,0,1,2,0,1,1,1,5,1,1,2,1,1,1,3,0,1,0,1,0,0,3,1,3,2,3,0,5,0,1,1,1,4,3,1,3,0,2,3,2,1,1,1,1,0,7,1,1,0,0,0,0,0,0,1,1,3,1,0,0,4,2,0,1,2,0,1,1,2,0,0,0,1,2,3,0,3,0,5,2,4,2,4,6,1,1,5,7,3,4,2,2,6,3,3,3,3,1,1,4,2,4,3,5,0,1,0,0,0,2,1,0,2,0,0,1,2,0,2,0,0,0,6,0,0,0,0,0,0,0,2,1,1,1,2,2,4,3,1,1,1,0,2,0,0,0,0,0,0,0,0,0,0,0,0,0,0,0,0,0,0,0,0,0,0,0,0,0,0,0,0,0,0,0,0,0,0,0,0,0,0,0,0,0,0,0,0,0,0,0,0,0,0,0,0,0,0,0,0,0,0,0,0,0,0,0,0,0,0,0,0,0,0,0,0,0,0,0,0,0,0,0,0,0,0,0,0,0,0,0,0,0,0,0,0,0,0,0,0,0,1,0,0,0,0,0,0,2,1,2,0,0,0,1,2,1,0,3,1,1,0,0,1,2,3,0,0,3,0,1,2,1,1,0,2,1,1,1,2,1,0,1,0,0,0,0,0,1,0,2,0,1,1,1,1,3,2,1,1,1,1,0,1,2,1,0,1,1,1,2,0,1,0,0,1,0,0,0,1,1,0,3,2,1,1,4,1,0,2,3,2,0,0,1,3,0,0,1,0,4,1,1,2,1,1,2,3,1,1,2,5,0,2,4,5,2,2,1,3,0,1,2,1,0,1,0,1,1,2,1,2,0,4,1,2,3,2,2,3,1,1,2,3,2,1,0,5,1,1,2,3,0,1,1,0,2,3,2,2,1,0,1,2,1,0,1,1,0,0,2,1,2,0,1,1,0,3,3,1,1,0,0,1,0,4,1,2,1,0,1,0,3,0,1,0,0,1,4,3,1,0,1,0,0,1,1,0,1,1,2,2,3,5,0,1,1,1,0,2,1,1,1,1,0,2,1,2,1,0,1,1,0,0,0,0,2,2,2,0,2,2,0,2,2,1,0,2,7,2,0,0,0,0,0,0,0,0,2,1,3,0,2,2,0,0,2,0,0,2,1,1,0,1,1,3,0,0,0,1,1,0,3,1,1,1,1,0,3,2,3,1,2,0,2,0,3,3,1,1,0,1,0,3,2,3,0,2,0,0,5,2,1,0,0,0,1,0,2,0,0,2,2,0,2,2,1,0,1,1,0,1,0,1,2,2,1,2,2,3,2,0,1,1,1,0,2,1,2,2,3,1,1,1,1,2,0,0,2,1,1,1,0,1,1,1,2,0,1,1,5,2,3,2,1,2,3,0,1,2,2,1,1,1,1,4,2,1,1,4,2,0,0,1,1,1,0,0,1,0,0,0,3,0,3,1,2,1,0,1,3,0,1,1,1,2,0,1,1,1,0,0,1,4,1,0,1,2,0,2,1
HOUSEHOLD_1_372_CA_1_evaluation,HOUSEHOLD_1_372,HOUSEHOLD_1,HOUSEHOLD,CA_1,CA,0,3,2,0,0,0,0,0,1,3,1,2,0,1,2,1,0,0,0,1,1,1,3,0,0,0,0,3,1,0,1,0,0,0,0,1,0,0,1,3,2,1,1,1,0,1,1,1,3,2,2,2,1,2,0,2,1,1,0,0,0,1,0,0,1,0,0,3,1,1,0,5,1,2,2,0,0,1,1,1,2,0,1,0,1,2,0,0,1,1,2,2,0,0,1,1,0,2,2,3,2,2,1,2,0,3,2,0,1,0,2,2,3,2,2,0,3,2,0,3,0,1,0,2,0,1,1,1,0,1,1,2,3,1,2,2,2,1,0,1,2,2,0,0,3,2,0,3,0,1,1,0,1,1,2,2,1,0,0,1,2,4,2,2,0,1,2,1,2,1,1,2,2,1,0,3,0,0,0,0,4,2,2,0,0,1,2,1,1,1,2,3,0,1,2,2,2,0,0,0,0,0,0,0,0,0,0,0,0,0,0,0,0,0,0,0,0,0,0,0,0,0,0,0,0,1,0,0,2,3,0,1,1,1,0,3,1,2,0,1,1,1,0,1,1,0,2,1,0,1,1,0,2,2,0,0,1,0,0,1,2,2,1,0,0,2,1,0,1,0,0,1,0,1,0,2,0,0,0,1,0,3,2,1,1,0,1,2,0,0,2,0,0,2,0,6,3,0,3,0,1,2,2,0,4,0,4,1,1,0,3,1,4,1,2,4,0,1,2,1,1,0,3,0,0,0,1,2,2,3,1,3,3,1,0,3,0,4,2,1,1,1,2,4,3,1,1,0,1,4,2,1,0,3,5,2,2,3,2,2,0,0,1,1,3,1,0,0,0,2,2,2,0,2,0,2,0,1,4,0,1,0,0,0,0,0,0,0,0,0,0,0,4,1,2,0,0,0,1,2,3,0,0,0,1,1,1,0,0,1,1,1,1,0,1,1,2,0,0,0,0,0,0,0,1,0,1,0,4,1,0,0,0,0,2,2,2,0,2,3,1,5,2,0,0,0,0,0,2,1,0,2,0,3,2,2,1,4,4,2,2,4,2,3,4,3,0,2,6,2,4,3,2,0,0,0,2,0,0,0,1,1,1,1,0,1,1,1,2,1,4,0,3,0,0,4,2,5,2,1,1,0,0,1,2,2,2,0,1,0,1,1,1,1,2,0,0,1,0,1,1,1,1,2,2,1,0,2,3,2,1,0,2,2,0,1,1,1,1,0,3,1,0,1,1,3,1,1,0,1,1,1,1,3,1,1,1,3,3,1,2,1,1,1,1,1,1,1,2,1,2,0,0,3,2,2,1,0,1,0,0,1,1,0,2,2,1,2,1,1,0,1,0,1,2,2,2,1,0,1,2,1,3,1,4,2,1,1,5,5,0,0,2,4,5,3,2,5,3,0,4,1,2,0,1,1,2,2,1,0,0,0,0,0,0,0,3,7,2,2,0,2,2,2,4,4,0,3,0,3,1,2,2,1,0,2,5,1,4,2,2,2,0,3,1,2,3,1,2,0,0,4,3,1,3,2,0,2,1,2,2,1,3,0,3,1,0,2,2,2,1,0,0,1,0,2,0,1,0,1,2,4,1,0,2,1,6,1,2,0,1,0,2,3,0,0,1,3,1,0,0,2,4,0,1,0,0,0,0,0
HOUSEHOLD_1_373_CA_1_evaluation,HOUSEHOLD_1_373,HOUSEHOLD_1,HOUSEHOLD,CA_1,CA,9,10,6,3,9,2,2,5,7,5,4,3,3,2,8,7,5,2,2,6,4,5,6,5,4,3,8,2,1,6,13,1,6,4,2,6,8,6,2,6,3,5,2,8,10,6,0,3,3,8,10,13,6,6,1,4,6,9,12,2,5,3,10,2,8,5,1,5,4,1,3,9,0,5,3,5,0,9,17,4,2,0,3,4,6,8,5,4,5,1,1,8,10,9,0,9,1,5,6,5,2,5,4,2,8,7,6,5,4,0,3,4,4,13,11,3,1,3,5,1,14,8,4,5,3,3,2,6,5,9,3,0,3,3,12,6,4,4,1,2,6,10,8,3,1,1,1,14,4,6,2,2,4,5,7,3,4,0,5,3,1,7,1,3,4,3,2,3,5,8,5,6,2,2,2,8,6,2,5,2,3,2,3,3,1,10,3,0,4,1,9,2,2,6,3,3,8,12,2,0,4,6,1,6,3,5,3,5,2,2,6,5,7,2,0,0,4,7,6,3,3,3,3,5,6,14,7,0,2,4,8,7,9,3,3,2,5,6,7,6,6,3,8,3,2,5,7,5,2,2,4,7,1,10,8,3,3,6,9,9,8,7,3,4,6,12,7,7,7,4,3,2,3,5,7,2,3,3,7,0,5,10,7,3,6,5,2,4,8,10,3,9,3,6,4,9,5,5,4,1,2,6,6,4,2,5,2,2,3,1,4,2,2,0,2,7,4,10,5,1,1,1,5,9,4,2,6,8,6,3,8,6,1,3,3,1,3,5,6,5,0,3,5,5,6,9,3,4,3,1,4,2,7,5,2,0,0,3,6,2,2,2,3,4,5,4,11,6,1,2,3,4,7,7,5,5,3,5,7,9,7,4,1,5,1,4,11,8,7,1,5,4,3,0,2,4,3,3,4,6,9,2,3,4,4,5,3,4,5,5,4,5,1,3,2,5,2,1,4,4,4,7,5,1,1,1,8,4,8,5,0,0,4,6,0,0,7,0,2,3,7,3,7,1,0,5,6,4,4,1,7,3,3,1,4,8,4,1,1,2,2,3,4,4,5,5,2,2,1,5,7,4,2,3,2,1,3,7,3,0,3,4,3,3,6,6,3,8,0,4,4,7,5,4,2,1,4,5,8,1,7,6,3,3,1,6,7,4,4,2,3,6,4,4,4,5,2,3,5,5,1,5,0,1,0,1,3,8,3,3,1,3,8,5,7,1,1,2,2,2,2,1,3,0,3,3,1,3,5,5,3,3,1,0,2,4,4,0,0,0,4,3,3,0,0,0,8,2,0,0,8,1,0,0,4,3,3,0,0,4,0,6,0,4,2,2,1,2,2,5,6,3,0,3,0,1,4,4,1,0,3,1,4,2,2,5,3,0,1,2,5,4,2,1,2,4,6,4,0,1,2,0,6,4,5,2,0,0,1,1,3,1,2,1,1,0,0,0,2,6,2,0,0,0,1,8,2,2,2,3,1,0,3,8,0,0,0,0,8,2,0,0,0,3,3,3,1,3,1,4,4,4,4,4,7,1,5,5,4,3,6,5,3,5,1,2,1,9,10,7,3,4,3,3,5,8,4,2,3,2,3,3,0,3,1,3,4,0,8,5,3,5,3,3,0,0,4,1,5,0,0,4,5,1,0,0,0,1,3,2
HOUSEHOLD_1_376_CA_1_evaluation,HOUSEHOLD_1_376,HOUSEHOLD_1,HOUSEHOLD,CA_1,CA,6,1,3,0,3,3,4,2,4,1,3,5,3,0,0,3,4,2,1,3,0,4,1,3,3,2,2,2,3,3,2,0,4,2,0,2,0,4,3,1,0,0,3,2,3,2,2,3,6,2,2,2,1,2,0,4,5,1,3,2,6,1,1,2,2,3,3,1,1,1,1,6,3,3,2,4,2,1,2,1,2,3,2,1,2,2,2,0,1,0,3,3,3,2,2,1,0,2,1,2,3,0,1,0,2,0,2,3,2,0,1,2,3,1,4,2,0,4,3,2,3,4,1,0,4,1,2,0,0,4,3,1,2,3,4,2,3,0,1,1,3,1,2,2,1,1,0,2,2,3,2,2,2,0,0,4,0,1,0,3,3,5,4,2,0,0,0,0,2,1,2,1,1,0,2,4,7,3,1,0,0,2,2,1,3,0,1,0,2,2,2,3,0,5,0,0,0,0,0,0,0,0,0,0,0,0,0,0,0,0,0,0,0,0,0,0,0,0,0,0,0,0,0,0,0,0,0,0,0,0,0,0,0,0,0,0,0,0,0,0,0,0,0,0,0,0,0,0,0,0,0,0,0,0,0,0,0,0,0,0,0,0,0,0,0,0,0,0,0,0,0,0,0,0,0,0,0,0,0,0,0,0,0,0,0,0,0,3,1,3,4,2,0,2,2,0,1,0,1,3,3,2,2,1,2,1,0,1,3,1,2,3,4,2,2,1,1,0,2,0,3,3,2,3,3,0,1,2,0,3,6,4,2,1,1,1,2,1,0,2,2,2,0,0,0,0,0,0,0,0,0,2,3,2,4,3,0,2,1,1,1,1,1,2,1,1,1,0,1,0,1,0,4,0,1,1,3,0,1,3,4,1,1,6,7,4,6,1,3,1,1,4,2,1,5,1,0,1,0,0,2,0,0,1,1,2,0,2,5,0,5,1,2,1,3,3,3,2,1,2,3,5,3,1,2,2,2,4,1,3,1,0,2,3,3,4,2,1,3,0,4,1,2,2,5,2,1,2,1,1,2,3,2,1,2,2,2,1,0,1,0,1,0,1,2,2,5,0,2,1,5,1,3,1,2,3,1,3,0,3,1,1,1,2,2,1,2,1,2,4,3,0,2,2,1,2,1,1,3,4,2,2,3,5,3,5,1,0,0,1,2,1,2,2,3,0,5,1,3,0,0,4,0,3,2,3,3,1,2,1,0,0,1,1,0,2,2,0,4,2,3,1,2,1,2,2,4,2,2,2,2,0,0,4,2,1,1,1,0,5,1,2,1,0,1,0,2,3,0,3,1,1,2,2,2,1,0,1,1,0,0,3,1,0,0,5,0,1,2,2,1,0,1,2,2,3,1,1,0,0,0,1,3,1,3,1,0,1,2,0,3,0,0,2,2,1,3,2,2,1,1,2,1,2,1,5,1,3,1,1,0,1,3,0,0,1,0,3,0,1,1,2,3,1,1,2,2,1,0,2,2,4,2,2,0,1,1,0,1,2,2,1,1,2,2,0,2,1,0,0,0,4,2,3,1,0,2,0,3,3,2,0,3,2,3,0,1,3,2,1,0,2,3,1,3,3,2,2,0,2,2,2,2,0,1,2,0,2,4,2,2,1,1,3,2,2,1,2,0,3,2,3,2,2,3,1,4,1,2,5
HOUSEHOLD_1_379_CA_1_evaluation,HOUSEHOLD_1_379,HOUSEHOLD_1,HOUSEHOLD,CA_1,CA,2,0,2,0,2,2,5,1,0,0,1,0,2,0,1,0,9,0,0,0,0,1,6,4,0,0,1,0,1,4,0,1,4,0,1,0,1,0,2,1,1,2,1,0,4,0,2,0,3,20,0,0,0,2,0,1,1,0,0,0,2,1,0,3,1,0,1,0,3,2,3,4,0,0,1,3,0,1,0,2,0,1,0,0,11,1,2,1,0,1,1,2,3,2,0,1,2,2,0,0,0,0,0,0,1,2,1,4,0,0,0,2,1,1,1,2,1,1,1,4,1,0,2,2,0,1,1,3,2,1,4,8,0,0,8,3,1,1,1,2,2,1,4,1,0,2,0,3,1,2,0,0,0,1,3,3,1,0,1,2,0,0,3,2,1,3,4,1,3,0,0,0,0,2,2,1,0,0,4,4,2,2,0,3,0,2,0,2,1,0,1,2,0,1,1,0,2,5,3,1,0,0,0,1,1,0,1,0,1,2,1,0,0,2,0,0,2,0,1,0,1,0,0,2,5,0,1,3,1,3,0,0,2,2,2,1,1,6,1,0,1,3,0,2,0,2,0,0,0,1,1,1,3,0,0,0,0,0,0,4,3,4,2,2,0,0,1,2,6,4,0,0,5,1,0,0,0,1,1,0,4,3,0,0,0,1,0,1,2,1,1,0,4,1,1,2,0,1,0,1,3,0,1,0,0,0,11,0,1,2,1,2,3,4,0,4,1,3,0,1,0,1,21,2,0,0,0,0,2,0,1,4,0,0,0,5,0,0,0,0,0,5,0,0,1,2,2,2,0,0,0,0,1,1,0,1,4,0,0,3,4,1,0,0,3,1,2,0,1,1,0,5,3,1,2,0,2,1,3,7,0,1,0,0,1,0,4,1,4,0,1,5,0,0,1,1,0,0,2,1,2,0,0,0,2,3,0,3,4,0,1,0,2,0,6,0,2,0,0,0,0,2,2,0,3,1,1,0,3,2,1,2,1,3,0,3,3,1,3,0,2,3,2,1,0,2,0,2,0,1,0,0,4,2,0,4,0,1,3,0,0,1,2,4,1,0,3,1,1,3,1,1,1,1,0,0,0,2,5,2,2,0,0,1,0,7,0,0,1,5,0,4,0,1,0,0,2,2,2,4,3,0,2,4,4,1,0,2,1,0,1,1,1,4,0,14,0,0,0,0,4,0,2,0,1,4,1,1,0,2,0,0,9,7,1,0,0,1,0,4,6,0,1,1,0,1,0,0,0,2,0,0,0,0,0,0,0,3,1,0,1,4,5,2,0,1,5,2,1,2,0,0,0,4,2,7,4,0,2,0,0,0,3,1,0,0,0,0,0,0,3,1,2,0,7,3,1,1,0,0,0,0,3,1,1,0,0,3,3,0,5,3,0,0,1,0,0,0,0,1,0,0,2,1,0,0,1,0,3,0,1,0,6,4,0,0,0,0,4,0,1,0,1,3,0,0,1,2,0,4,0,2,1,0,3,0,0,1,3,0,0,0,0,1,0,0,1,0,1,0,1,0,0,0,3,0,6,0,2,0,1,2,1,0,1,1,3,2,2,3,0,1,0,6,1,7,0,0,1,0,0,1,0,0,1,0,2,0,3,0,0,0,2,2,1,0,0,2,1,0,3,1,1,0,1,1,1,1,0,1
HOUSEHOLD_1_380_CA_1_evaluation,HOUSEHOLD_1_380,HOUSEHOLD_1,HOUSEHOLD,CA_1,CA,0,4,1,1,0,0,0,0,1,0,1,3,1,0,0,1,1,1,0,1,2,0,3,1,1,0,1,1,0,1,2,0,4,1,0,1,2,0,0,0,0,0,0,4,0,2,0,3,1,0,0,0,0,0,0,2,4,0,0,0,0,0,0,1,3,1,2,1,1,0,1,0,2,2,1,1,1,1,0,0,1,1,2,2,0,0,0,2,1,1,0,0,2,3,0,1,1,1,2,4,5,0,1,1,2,0,1,2,0,1,1,1,2,1,0,0,0,1,0,0,3,1,1,2,0,2,2,0,0,1,1,0,0,2,1,1,1,1,0,0,2,0,1,2,0,0,0,1,1,0,2,1,1,1,1,0,0,0,0,1,0,1,0,0,1,0,1,0,2,0,2,0,0,0,2,1,1,0,2,1,0,1,2,0,2,0,1,0,0,1,0,1,1,0,1,0,1,1,2,2,1,0,0,0,0,0,2,1,1,0,5,0,1,2,0,0,1,0,1,0,0,0,0,1,1,0,0,0,0,0,0,1,0,1,0,0,0,0,2,1,0,1,0,1,1,1,0,0,0,1,0,0,0,0,1,1,2,1,0,0,1,1,1,1,0,0,3,0,1,1,1,0,0,0,1,0,0,0,1,4,1,0,0,0,0,1,0,2,0,1,1,1,0,0,0,1,1,2,3,0,0,0,0,1,1,0,0,0,0,0,4,1,1,3,1,0,0,0,0,1,0,0,1,1,1,0,0,0,0,4,0,1,0,0,0,0,0,0,0,0,1,1,0,1,3,1,0,1,0,0,3,0,0,0,1,3,0,0,0,1,0,2,0,0,0,0,1,0,1,0,0,1,0,1,1,1,0,0,3,0,2,3,0,0,0,2,0,3,0,0,0,1,3,1,0,0,2,2,0,4,0,1,2,1,2,0,0,0,1,0,1,4,3,2,1,0,0,0,0,1,2,2,1,0,1,0,1,2,1,0,0,1,3,2,2,0,1,1,1,0,0,2,2,0,1,1,1,0,0,4,0,2,0,0,1,5,2,0,1,1,1,0,2,0,3,2,0,1,1,4,4,0,2,1,0,4,0,5,1,0,0,0,1,1,0,1,0,0,2,1,1,1,0,0,0,0,6,1,0,0,0,0,0,0,1,0,2,1,0,0,0,2,3,0,0,2,4,3,1,1,0,2,0,0,1,0,3,1,0,0,0,0,3,3,0,1,0,0,0,1,0,0,1,0,0,1,0,1,1,1,0,0,0,1,1,4,1,1,1,0,2,1,2,0,0,1,0,0,0,0,1,3,1,0,0,1,0,1,1,0,0,3,0,2,0,0,2,2,0,2,3,0,1,0,0,2,3,2,1,0,1,0,0,0,3,0,0,1,0,2,0,2,0,1,0,0,1,1,3,1,1,0,1,1,1,1,3,0,0,1,1,0,2,1,2,0,0,1,2,0,0,1,1,1,0,0,0,0,0,0,0,0,1,1,0,0,2,3,0,1,0,2,1,1,2,1,2,0,2,0,0,2,1,0,1,0,1,1,0,1,1,0,1,2,0,0,3,1,0,3,1,1,1,0,1,1,1,0,0,1,1,0,0,0,1,0,0,2,0,0,0,0,1,1,2,0,1,0,0,0,0,0,0,0,0,0,1,0,0,2
HOUSEHOLD_1_383_CA_1_evaluation,HOUSEHOLD_1_383,HOUSEHOLD_1,HOUSEHOLD,CA_1,CA,3,3,1,0,1,1,4,2,2,0,3,1,2,1,0,3,1,0,1,8,0,3,1,2,2,0,0,0,1,3,1,2,1,0,1,1,5,0,2,2,4,1,0,3,2,1,1,1,2,1,2,1,1,2,1,3,0,2,2,1,0,0,0,2,1,2,0,1,2,2,0,2,3,0,1,1,0,1,1,1,0,0,0,1,1,1,1,4,2,0,1,2,2,1,2,2,2,2,0,1,1,2,1,1,3,1,2,0,0,0,1,2,4,3,4,0,3,0,0,2,0,2,1,3,0,2,3,3,2,0,1,2,3,0,3,2,1,2,1,0,3,3,2,2,0,0,2,3,5,3,0,2,0,2,3,3,3,0,0,1,2,4,4,2,0,1,1,2,4,2,3,2,1,1,0,1,3,2,1,1,5,1,3,3,1,1,2,1,0,5,1,0,2,1,0,3,2,1,0,2,0,0,4,1,1,0,1,0,2,1,0,4,1,1,1,0,0,6,5,1,1,2,0,5,5,3,3,1,1,2,3,1,1,0,0,0,0,3,3,0,1,0,1,0,1,3,7,1,1,3,1,2,2,3,1,2,0,2,1,2,3,4,2,2,2,0,1,2,5,2,1,1,2,1,1,1,1,2,4,0,2,5,1,3,1,1,0,1,1,0,1,1,2,1,2,1,1,4,1,1,0,1,5,2,1,1,0,4,1,1,3,4,2,0,1,3,6,2,3,4,0,1,4,0,2,1,1,0,0,2,2,1,1,2,4,0,0,4,3,1,1,0,0,5,3,2,3,1,1,4,3,2,0,3,1,0,1,3,1,2,1,2,0,0,3,0,0,1,2,1,2,2,4,2,1,0,2,1,3,2,0,1,0,2,1,2,0,3,1,2,0,1,2,2,0,0,0,1,3,4,2,2,2,0,0,1,1,3,5,3,1,1,3,3,3,5,0,4,0,2,5,1,2,1,0,3,0,5,2,0,2,0,2,1,2,3,4,3,4,1,1,3,1,5,1,1,2,0,3,4,0,0,2,0,2,4,8,1,2,1,0,4,4,4,1,2,1,0,4,2,2,3,2,1,0,1,0,1,0,2,2,1,2,3,3,2,1,0,0,2,2,1,1,3,1,0,2,2,1,0,0,0,0,0,1,4,2,1,1,0,5,2,3,2,0,5,1,0,2,1,2,0,0,0,0,4,4,0,2,1,0,0,1,2,1,1,2,1,2,1,1,3,1,0,2,0,1,1,1,1,1,0,0,0,1,1,1,1,2,0,0,1,1,0,2,1,0,1,1,2,3,1,1,0,1,2,2,1,1,0,0,2,0,7,1,1,0,1,2,0,1,0,0,1,0,1,2,2,2,1,1,0,2,4,0,0,2,0,0,1,2,1,1,0,0,0,1,2,0,1,1,1,3,4,1,3,3,2,1,1,0,0,0,1,0,1,2,1,1,0,0,0,1,1,1,4,1,0,0,1,4,2,2,0,1,1,0,1,6,0,0,0,2,6,0,1,3,1,0,0,0,1,1,3,0,1,0,2,0,4,5,2,0,1,0,0,3,3,0,1,2,1,3,2,2,1,0,1,1,0,3,3,0,0,1,0,3,0,3,5,1,0,1,4,3,7,0,0,0,1,1,3,0,4,4,1,2,1,2,2
HOUSEHOLD_1_385_CA_1_evaluation,HOUSEHOLD_1_385,HOUSEHOLD_1,HOUSEHOLD,CA_1,CA,4,5,2,1,7,0,3,1,6,3,1,2,4,5,4,1,2,3,2,0,2,3,3,3,6,3,7,4,6,8,5,3,4,3,1,1,5,3,2,1,2,4,4,5,5,5,6,0,1,5,2,2,3,2,0,1,4,3,0,3,5,1,2,2,3,4,0,0,0,0,1,5,4,3,1,2,1,3,0,4,5,0,0,4,3,3,0,0,2,5,3,1,0,2,6,2,0,3,3,3,6,6,4,2,2,4,6,1,1,2,3,5,3,0,0,0,0,0,0,0,6,2,2,2,3,4,3,3,3,1,2,0,1,1,7,6,2,2,0,3,0,1,2,4,2,2,2,6,3,3,2,0,2,2,3,4,2,0,0,0,0,3,0,0,0,0,0,0,0,4,2,4,1,1,1,1,2,3,3,0,4,1,5,1,2,2,6,2,2,2,5,0,4,2,1,4,3,5,3,1,1,1,2,5,4,2,2,2,1,4,2,5,3,0,3,0,4,3,2,1,6,3,3,2,1,4,3,0,0,2,2,2,1,1,1,1,0,2,0,5,3,1,0,0,0,3,3,4,1,2,0,0,2,1,6,3,1,1,0,1,5,3,0,3,1,0,6,1,2,0,0,1,1,3,6,3,3,0,2,4,6,7,2,3,1,1,5,2,4,3,2,3,2,1,2,4,2,5,0,0,3,5,5,0,0,3,1,1,1,5,2,2,2,0,4,3,1,0,4,1,1,2,2,3,1,1,2,1,0,3,4,5,1,7,4,1,5,7,6,1,1,0,1,1,5,4,1,1,1,2,3,3,4,4,2,3,3,5,7,1,1,2,1,1,4,3,4,4,2,2,2,5,2,3,3,2,0,2,3,3,4,1,4,1,3,1,6,3,2,1,1,1,2,2,2,1,0,2,1,0,4,3,2,5,3,4,2,4,5,2,1,3,6,5,5,5,3,4,1,2,0,10,1,1,4,0,1,6,2,0,3,1,2,1,3,4,7,0,4,1,2,2,3,2,1,3,1,2,2,7,3,2,2,5,1,3,6,2,1,2,2,1,4,6,2,1,1,2,3,5,3,6,2,1,0,0,4,6,1,2,2,1,3,3,4,5,1,2,1,3,1,7,1,3,2,0,1,5,8,1,2,3,1,2,1,2,3,0,3,0,5,2,1,3,1,1,1,3,3,5,4,2,1,2,2,3,5,2,0,1,1,5,5,2,5,2,5,2,1,5,4,4,4,3,0,0,2,10,4,3,0,0,2,2,4,1,4,1,3,1,3,3,1,1,3,1,2,5,5,5,3,7,2,2,0,7,3,3,3,1,0,2,3,4,5,2,3,1,6,5,6,3,0,0,2,5,4,2,3,7,1,2,3,4,2,1,1,0,0,1,3,0,4,2,3,2,1,4,4,4,2,1,4,1,5,2,2,3,4,3,2,3,2,0,1,3,0,3,3,2,1,2,2,0,2,2,0,2,2,1,0,3,6,2,3,0,2,1,2,2,1,3,1,2,3,1,2,0,0,2,0,2,3,2,0,3,0,2,0,3,1,6,1,1,2,3,1,0,1,1,0,3,2,1,6,0,0,1,2,0,1,6,1,0,0,1,2,6,2,2,2,1,3,2,3,3,1,1,3,3,1,5,3,2,1,1,1,1,0,2
HOUSEHOLD_1_386_CA_1_evaluation,HOUSEHOLD_1_386,HOUSEHOLD_1,HOUSEHOLD,CA_1,CA,3,3,1,5,2,2,1,0,4,1,5,2,3,2,0,2,4,4,1,3,2,0,2,5,1,1,3,4,6,2,1,4,3,1,0,1,3,1,2,1,2,3,5,3,1,2,5,2,2,2,0,0,0,0,0,0,0,6,4,2,1,1,4,1,5,3,2,1,1,4,4,2,2,3,2,1,2,3,1,5,2,0,1,0,4,4,4,1,3,0,1,4,4,3,2,4,3,1,3,5,0,1,5,4,2,6,6,3,2,3,2,1,4,10,2,0,3,2,2,2,3,4,0,2,1,1,1,7,2,2,0,2,1,1,3,3,3,2,1,2,2,3,4,0,1,0,1,0,3,2,2,1,0,2,1,6,5,0,0,1,1,4,3,0,4,1,1,2,0,7,3,0,4,3,3,1,1,2,0,3,0,1,1,1,1,5,0,0,1,2,4,1,3,2,1,5,2,4,3,3,1,0,2,2,4,2,2,1,2,1,1,3,2,2,1,0,2,3,3,0,1,1,2,6,3,1,4,4,0,1,1,1,2,3,0,1,0,1,4,3,3,5,0,2,2,2,4,4,2,0,2,0,2,1,3,1,3,1,3,3,3,0,1,3,1,0,4,2,1,1,4,0,4,1,4,3,3,2,2,1,4,5,4,5,1,3,2,5,5,3,1,2,0,3,1,4,0,2,3,1,2,3,5,4,1,0,1,2,2,2,0,2,1,3,0,2,4,5,1,0,1,5,3,4,3,2,0,2,2,1,2,2,0,2,3,3,4,4,1,0,1,0,2,1,1,5,4,2,0,5,1,2,0,3,2,2,1,5,3,4,2,2,2,4,3,2,1,2,1,1,1,2,1,5,3,1,1,5,3,4,2,2,2,2,1,1,0,1,2,0,2,2,1,2,3,1,2,1,0,3,2,1,4,2,3,2,0,2,3,1,1,1,1,3,1,1,1,2,4,0,2,5,0,3,1,2,5,2,2,0,2,6,0,0,1,2,4,2,3,1,1,4,5,0,2,1,1,4,1,6,0,1,2,6,1,0,3,1,2,3,3,1,4,4,0,3,4,3,0,1,3,4,1,0,1,2,1,4,0,2,2,2,1,2,2,1,3,1,1,2,3,3,3,0,2,2,0,5,5,0,1,1,0,0,4,2,3,1,0,1,2,4,1,1,2,2,3,2,4,3,4,2,2,0,3,0,2,1,1,2,2,0,2,2,1,2,4,0,1,3,3,1,3,0,1,1,3,3,2,1,2,2,3,1,3,3,3,1,0,2,2,5,0,1,1,3,1,3,4,1,2,2,1,0,3,2,5,1,2,2,0,0,2,2,1,2,3,3,5,2,2,5,1,1,2,3,3,2,4,1,0,2,4,2,1,1,2,1,0,2,1,2,1,0,1,1,0,3,0,2,2,1,2,2,3,1,2,1,0,1,2,2,1,2,0,1,3,1,3,3,3,1,2,1,2,5,1,4,2,2,1,1,4,0,2,1,2,0,4,0,2,0,3,3,1,0,4,3,1,1,1,0,4,1,3,1,1,0,1,4,4,2,2,1,2,4,1,2,1,2,1,0,2,0,1,0,3,2,0,0,1,2,0,2,1,1,3,1,2,4,2,0,0,0,4,2,1,1,1,1,2,3,2,1,2,3,0,0,2,3
HOUSEHOLD_1_387_CA_1_evaluation,HOUSEHOLD_1_387,HOUSEHOLD_1,HOUSEHOLD,CA_1,CA,4,3,1,2,4,0,2,5,4,1,1,4,3,3,6,2,2,1,4,1,0,4,0,3,2,1,0,5,6,11,2,1,9,5,2,6,3,6,3,3,2,2,4,6,6,3,3,2,1,4,5,4,2,3,2,4,3,0,0,0,0,0,0,0,4,3,1,3,3,5,3,2,1,7,6,4,1,4,2,4,5,2,2,0,2,4,2,3,3,1,3,11,5,3,0,2,2,4,4,3,2,5,0,0,0,0,0,0,0,4,0,1,3,5,1,4,3,3,1,4,0,0,0,0,0,0,0,2,3,2,2,5,4,3,2,6,8,1,5,5,4,4,6,4,1,2,3,3,3,1,4,1,1,1,4,4,3,5,2,2,1,0,3,7,6,0,2,1,3,6,7,1,0,0,0,0,0,0,0,2,5,0,3,2,2,3,2,1,1,5,4,1,2,5,2,2,3,8,12,5,7,3,4,10,7,2,5,2,4,2,4,5,3,3,3,0,5,7,4,6,1,6,3,7,4,0,0,0,0,0,0,0,5,5,5,2,1,2,3,2,2,1,2,4,4,4,0,0,0,0,0,0,0,3,10,5,0,2,2,5,4,3,3,0,5,0,5,4,2,5,3,2,0,6,3,4,3,3,1,1,6,1,5,5,1,3,6,8,2,2,2,2,2,1,2,3,1,2,0,1,2,2,6,3,4,0,4,2,4,3,4,2,2,0,2,6,2,3,0,3,3,0,9,5,2,5,2,2,1,4,8,7,3,8,9,7,11,0,0,0,0,0,0,0,9,6,2,0,3,6,8,3,6,5,1,6,3,7,7,3,5,7,2,1,2,3,7,7,3,4,5,6,10,3,6,4,4,4,8,5,2,6,5,4,4,6,10,3,4,4,6,1,4,6,7,7,1,3,3,3,5,11,8,6,13,9,1,1,9,5,2,3,3,3,5,4,8,4,1,2,6,2,3,2,3,3,1,1,2,4,2,1,1,4,4,4,0,0,0,3,4,3,2,2,3,4,2,2,2,5,3,5,1,7,3,0,2,6,5,3,0,6,6,6,1,8,4,2,4,2,0,3,4,4,2,2,4,3,4,5,0,2,2,4,5,2,5,1,0,0,1,3,4,4,1,1,9,4,3,6,4,1,1,0,5,2,1,5,2,3,2,0,6,3,2,2,0,1,4,4,3,4,1,0,4,7,5,1,3,4,2,2,2,2,3,4,1,1,4,6,2,4,3,0,3,2,6,6,1,3,4,0,2,3,2,6,2,5,2,5,3,4,3,4,2,2,3,5,2,3,3,5,0,3,1,0,4,2,1,0,0,5,2,1,2,2,2,2,5,5,1,5,4,2,2,3,4,2,3,1,1,2,1,4,0,2,3,4,2,2,6,5,2,1,0,0,6,2,2,2,5,4,4,5,4,2,3,1,0,0,1,5,5,3,5,3,9,6,6,1,1,3,1,8,3,6,1,3,2,2,2,3,2,2,4,1,4,5,2,4,2,2,1,3,6,2,2,5,8,4,2,3,3,2,2,5,1,11,1,3,7,6,5,4,3,0,3,5,1,5,3,2,2,3,8,6,6,1,2,3,5,1,5,4,2,0,1,5,4,3,3,2,1,1,6,2,2,2,0,1,3,1,3,2,4,0,2,1,1,3
HOUSEHOLD_1_389_CA_1_evaluation,HOUSEHOLD_1_389,HOUSEHOLD_1,HOUSEHOLD,CA_1,CA,0,0,0,0,0,0,0,0,0,0,0,0,0,0,0,0,0,0,0,0,0,0,0,0,0,0,0,0,0,0,0,0,0,0,0,0,0,0,0,0,0,0,0,0,0,0,0,0,0,0,0,0,0,6,9,9,4,20,2,3,7,3,8,5,6,2,4,3,3,2,3,6,9,2,0,5,9,6,8,2,13,3,5,2,10,5,7,3,6,0,12,7,6,8,11,2,4,0,0,1,2,4,0,0,1,3,10,7,0,6,6,6,15,1,1,2,7,2,3,9,11,7,6,9,9,0,6,4,4,5,2,3,3,6,7,4,5,6,1,8,2,10,3,2,9,7,1,11,5,3,1,0,7,0,4,0,0,0,0,0,0,0,5,1,10,5,2,3,1,3,0,1,1,0,0,0,2,1,5,0,1,0,3,2,0,1,0,2,1,2,2,0,0,0,0,0,2,0,0,0,0,0,0,0,0,0,0,0,0,0,0,0,0,0,1,0,0,0,0,0,0,0,0,0,3,4,2,2,1,13,3,1,8,3,0,2,6,2,10,0,6,4,1,0,1,1,0,1,10,4,6,4,6,5,5,6,4,0,0,14,5,11,10,6,36,2,15,9,5,2,13,6,2,9,8,3,0,0,1,1,2,1,5,2,2,4,1,11,9,3,0,1,1,2,2,1,4,4,5,7,6,4,9,3,1,2,5,1,3,4,4,6,15,7,18,8,19,5,3,3,3,3,1,6,7,11,4,9,6,11,1,16,8,5,7,4,5,5,12,1,9,0,4,6,10,10,5,3,7,2,8,12,7,2,0,7,4,7,10,5,2,2,1,7,10,7,1,1,1,3,1,10,11,10,5,4,3,3,3,8,9,8,11,11,12,43,4,12,1,4,2,6,2,4,1,9,4,2,3,1,0,4,13,5,12,11,1,9,8,9,3,2,3,4,4,5,10,4,1,9,3,10,7,9,3,16,4,7,14,4,5,8,11,5,3,16,1,10,8,9,2,0,7,3,4,2,3,2,12,5,1,6,4,3,9,13,12,7,8,4,4,1,8,10,1,11,6,4,0,1,7,6,5,7,2,1,8,2,3,17,1,1,9,4,15,7,4,9,3,4,6,0,0,0,0,0,6,6,0,3,1,0,0,0,4,1,0,0,1,0,9,7,2,1,2,2,1,1,0,5,6,2,0,1,15,4,7,6,0,7,6,1,9,1,13,1,4,9,2,0,10,0,3,3,7,3,1,4,10,1,3,4,0,0,3,2,3,3,7,1,0,3,6,0,0,5,4,4,2,0,1,0,1,32,3,1,5,0,0,0,0,0,0,1,3,0,0,0,0,1,1,0,1,2,3,13,9,1,1,3,6,4,10,10,6,10,9,3,6,4,13,16,2,7,5,4,5,9,5,14,3,4,9,14,14,7,8,2,6,7,1,0,9,2,1,7,6,1,6,6,8,0,2,2,4,6,3,2,1,1,2,7,7,1,0,1,4,4,2,6,1,4,1,3,6,6,10,5,5,5,6,3,2,3,0,2,4,1,3,9,5,5,0,0,1,0,17,1,1,0,0,0,5,9,9,2,7,3,5,2,8,1,6,6,1,3,8,6,2,2,1,12,2,0,0,0,3,2,0,2,2,4,6,6,3,1,9,1,0,4
HOUSEHOLD_1_393_CA_1_evaluation,HOUSEHOLD_1_393,HOUSEHOLD_1,HOUSEHOLD,CA_1,CA,1,1,0,2,0,0,0,0,1,1,1,0,0,0,2,3,0,1,0,1,0,2,2,0,0,0,1,0,0,1,1,1,1,1,0,0,0,0,0,0,1,0,3,2,1,0,0,0,0,3,1,1,0,0,1,1,3,1,0,0,2,0,1,1,1,2,0,1,1,2,0,1,3,1,1,1,1,1,4,1,0,1,1,0,2,1,3,0,3,0,2,1,1,0,1,0,0,0,1,1,0,0,1,1,0,1,1,1,0,0,6,0,2,1,1,0,2,0,2,1,1,0,1,0,0,0,2,1,1,0,0,1,0,3,2,2,0,0,0,1,1,1,0,0,0,0,0,1,0,0,4,2,0,3,2,3,1,0,0,0,3,2,0,0,0,0,1,0,1,3,0,1,0,0,2,2,0,1,0,2,1,1,0,1,1,0,0,1,0,4,1,1,0,2,1,4,1,1,0,0,0,0,1,1,0,0,2,1,3,1,1,1,1,1,0,0,3,5,0,0,0,0,0,0,1,2,1,0,0,2,2,3,0,5,0,0,0,2,0,2,2,0,0,0,0,3,3,0,2,1,0,1,2,6,0,1,0,1,0,1,0,1,0,0,2,1,4,0,1,0,0,0,0,2,3,0,2,0,1,1,2,3,3,0,0,0,0,5,0,0,1,0,1,0,1,2,0,1,0,0,1,1,1,0,0,0,0,0,2,0,0,2,0,3,2,1,1,0,0,0,0,0,7,1,0,0,2,0,0,0,2,0,1,0,0,0,2,2,1,0,2,1,1,4,0,0,0,0,0,0,0,5,1,2,0,3,1,4,1,0,0,0,1,2,0,1,0,0,0,1,1,1,1,1,0,1,1,1,2,2,1,0,1,2,0,0,1,1,0,2,0,2,1,0,2,1,0,1,0,2,1,0,1,1,1,2,0,8,0,0,0,0,0,1,0,0,0,1,2,0,0,0,1,0,0,0,0,0,0,0,1,0,1,1,1,4,1,0,0,4,0,0,1,0,0,0,0,0,2,2,2,0,0,0,0,0,3,0,1,0,0,0,1,0,2,2,2,4,0,1,1,1,2,0,0,1,1,1,0,1,0,1,0,0,1,3,2,1,0,1,1,0,4,1,3,0,0,1,0,1,0,1,1,2,1,0,0,1,1,1,1,0,0,1,0,0,1,0,2,2,0,1,1,0,1,3,1,1,2,3,0,0,1,1,1,0,1,0,1,0,3,0,1,1,0,0,0,2,2,0,3,0,0,1,0,0,0,0,1,0,2,2,0,0,0,0,0,1,6,0,0,0,1,1,1,2,0,0,0,0,0,2,2,0,1,0,0,2,5,0,1,0,0,2,3,0,4,0,0,0,0,0,4,3,0,1,0,0,0,1,0,0,0,0,0,0,3,1,1,0,5,0,1,0,0,0,1,1,2,0,3,1,1,1,0,2,0,1,3,1,0,0,0,0,0,0,3,1,2,3,2,1,1,0,0,0,4,1,3,0,1,0,1,4,2,0,1,1,0,0,0,0,3,1,0,1,5,0,0,2,0,0,0,0,0,1,0,1,0,0,0,2,0,0,0,1,0,3,0,0,2,1,1,0,0,0,0,0,4,1,1,2,0,0,1,1,0,1,2,0,1,4,1,1,1,0,0,3,0,1
HOUSEHOLD_1_397_CA_1_evaluation,HOUSEHOLD_1_397,HOUSEHOLD_1,HOUSEHOLD,CA_1,CA,0,0,0,0,0,0,0,0,0,0,0,0,0,0,0,0,0,0,0,0,0,0,0,0,0,0,0,0,0,0,0,0,0,0,0,0,0,0,0,0,0,0,0,0,0,0,0,0,0,2,0,0,0,1,1,0,0,1,2,8,0,0,0,2,0,1,0,0,0,0,1,1,1,0,1,2,2,1,1,2,1,1,0,0,3,1,0,0,0,1,2,2,2,9,0,0,1,0,6,1,0,1,0,6,0,1,1,0,1,0,2,1,0,3,0,0,0,0,3,2,0,5,1,2,2,0,1,0,0,2,0,0,0,2,0,1,0,1,0,0,3,0,0,0,0,2,0,1,1,1,0,1,0,1,0,4,1,2,2,1,2,1,0,9,1,0,0,1,0,0,2,0,1,3,1,0,3,0,1,0,0,0,4,1,0,0,0,1,0,5,2,1,1,1,1,3,2,1,0,0,1,0,0,1,1,0,0,1,0,2,1,3,1,0,0,0,1,4,8,0,0,1,2,1,1,1,3,0,0,0,0,1,2,0,1,1,3,11,3,5,1,0,1,1,0,3,0,0,0,0,8,1,3,0,2,0,0,0,0,1,2,1,1,0,1,0,3,3,1,1,0,0,0,0,4,2,0,1,0,1,0,2,0,1,0,1,1,2,3,1,1,2,0,1,1,2,1,6,1,0,0,2,3,1,3,1,1,0,1,2,2,0,2,0,0,1,0,1,0,0,0,1,1,1,0,1,0,0,0,1,0,0,1,0,0,1,0,0,0,1,0,2,0,0,1,2,0,0,0,0,0,0,0,0,1,5,0,1,2,0,1,1,1,1,4,0,1,1,0,0,1,1,0,2,0,0,4,1,1,6,0,0,1,6,0,1,2,2,1,4,5,2,1,0,1,0,0,1,1,4,3,0,1,3,0,0,0,0,4,0,5,0,1,1,0,0,1,0,2,2,2,0,1,0,1,0,0,0,1,1,0,0,0,2,2,3,0,0,0,1,0,4,3,0,1,3,3,6,0,0,0,0,0,3,2,3,1,0,0,5,0,0,1,1,2,4,0,1,2,0,2,0,0,0,1,0,3,2,0,1,2,0,1,2,1,5,1,1,0,1,1,3,0,1,0,1,3,0,1,2,1,1,1,7,2,0,5,0,0,4,0,3,4,1,0,1,0,3,2,1,0,1,3,1,1,1,0,1,0,1,3,3,0,2,0,0,0,0,0,0,1,1,0,0,0,1,2,0,0,0,0,0,0,2,1,1,0,0,0,0,0,3,0,0,0,2,4,0,1,2,3,1,1,1,3,0,2,1,0,0,0,0,1,0,1,5,0,3,0,0,1,0,0,1,0,1,1,0,0,0,1,1,2,0,3,0,1,3,0,3,1,2,3,1,1,2,3,0,3,1,0,0,0,4,2,1,1,4,1,6,2,2,1,0,4,5,0,6,3,0,0,0,0,0,0,0,3,2,0,2,0,0,2,0,0,3,1,1,2,1,1,9,0,3,1,0,3,0,2,0,0,2,2,0,0,0,0,1,1,1,6,0,0,0,5,0,6,2,0,2,5,3,7,1,4,2,1,2,4,5,0,2,0,1,0,1,1,1,3,2,0,3,0,3,2,1,3,0,0,0,1,6,2,0,0,2,1,0,2,10
HOUSEHOLD_1_399_CA_1_evaluation,HOUSEHOLD_1_399,HOUSEHOLD_1,HOUSEHOLD,CA_1,CA,5,4,4,5,1,4,8,9,6,2,1,5,4,4,2,6,4,4,1,1,5,10,2,4,2,10,3,3,6,2,1,6,3,3,6,6,2,9,0,0,3,9,3,6,2,7,5,5,5,6,4,4,5,8,6,7,5,0,1,5,0,5,4,6,6,3,1,4,2,2,2,9,8,11,4,1,4,20,0,7,2,2,5,1,9,2,0,4,3,2,2,2,7,6,5,3,2,4,4,3,7,6,7,1,3,9,5,1,2,5,3,3,4,1,8,5,7,9,4,6,10,9,8,0,6,4,7,7,3,5,4,7,6,5,4,2,3,2,0,0,0,0,0,0,0,0,0,0,0,0,0,0,0,0,0,0,0,0,0,0,0,0,0,0,0,0,0,0,0,0,0,0,0,0,0,0,0,0,0,0,0,0,0,0,0,0,0,0,0,0,0,0,0,0,0,0,0,0,0,0,0,0,0,0,0,0,0,0,0,0,0,0,0,0,0,0,0,0,0,0,0,0,0,0,0,0,0,1,4,3,8,4,6,5,3,4,4,6,4,5,5,2,4,3,5,12,8,5,5,1,5,8,13,6,6,3,5,6,3,9,4,7,5,1,3,4,4,13,6,5,6,5,10,8,6,5,5,7,7,9,16,6,10,6,1,2,11,5,9,1,7,10,5,7,14,0,8,2,3,3,4,5,6,3,5,9,3,10,1,8,5,5,4,7,6,17,6,10,7,3,9,8,8,13,11,2,7,5,5,10,7,6,6,3,17,10,8,10,0,9,6,10,10,9,12,4,3,6,5,3,10,8,3,6,16,3,10,9,5,8,5,5,5,6,14,6,7,5,8,3,6,9,9,7,4,6,4,9,8,8,6,8,2,4,9,11,12,4,7,6,5,6,7,3,6,11,7,10,9,12,8,8,10,9,8,6,8,9,9,8,9,8,10,10,13,12,4,2,13,10,9,11,11,6,6,4,14,8,8,3,5,8,4,6,11,10,8,14,9,7,12,6,11,9,6,7,11,1,11,4,7,8,5,12,4,7,9,9,4,9,11,10,5,7,6,8,4,20,9,15,9,9,10,10,6,13,11,12,8,11,3,7,8,12,7,12,10,7,10,8,10,6,8,9,7,7,7,5,8,12,9,6,6,10,27,3,9,6,2,5,6,10,8,11,5,4,11,1,13,10,8,3,5,4,5,13,7,15,7,4,8,6,15,3,6,6,9,8,6,12,12,7,13,9,7,2,10,12,8,11,12,5,6,11,16,5,10,5,6,5,12,8,11,5,4,6,6,9,5,9,5,7,7,5,12,17,4,9,7,4,0,14,6,8,5,0,10,6,10,12,10,7,2,2,3,14,8,10,10,8,8,8,12,10,10,15,5,15,7,9,8,5,6,1,11,7,12,11,11,10,11,6,16,4,5,7,4,7,4,2,7,12,6,5,8,8,7,15,16,4,6,8,8,12,19,11,6,9,4,11,7,11,14,8,7,6,9,7,9,10,8,7,6,10,3,7,12,12,5,7,10,12,19,8,10,6,4,16,7,11,11,11,4,8,9,6,5,14,3,4,2,6,11,10,11,9,7,8,8,7,13,14,15,7,0,14,11,14,17,7,4,7,7,13,13,16,2,8,5,8,10,9,10,17,4,8,4,10,11,12
HOUSEHOLD_1_403_CA_1_evaluation,HOUSEHOLD_1_403,HOUSEHOLD_1,HOUSEHOLD,CA_1,CA,0,0,0,0,1,1,1,0,2,1,0,0,0,1,2,1,1,2,1,1,0,0,1,0,0,1,1,1,0,0,0,0,0,0,0,2,0,0,2,0,0,0,0,0,0,1,0,0,0,1,0,1,0,1,0,0,0,1,2,0,4,0,0,1,2,0,1,0,0,0,0,0,0,0,0,1,0,0,1,1,0,0,1,1,0,0,2,2,0,0,2,1,0,1,0,1,1,1,1,0,0,1,1,0,0,1,0,1,0,1,0,2,0,0,1,0,0,2,2,0,1,0,0,0,0,0,0,0,0,0,0,1,1,1,0,0,2,0,0,1,0,1,0,0,1,0,0,1,1,0,0,0,0,1,3,1,1,0,0,0,0,0,1,1,1,1,0,0,1,1,0,0,1,0,0,0,0,1,0,0,0,0,0,0,1,1,0,0,0,0,1,2,0,0,0,0,2,0,1,1,1,0,0,1,0,0,0,0,0,0,0,1,1,0,1,0,0,0,0,1,2,1,1,0,0,0,1,1,0,0,0,0,0,0,0,0,1,1,0,0,3,0,1,1,0,0,0,0,0,0,0,0,0,1,0,1,0,0,1,0,0,1,0,0,0,0,1,1,2,0,0,0,0,1,0,1,0,2,0,2,0,0,0,0,0,1,1,0,0,1,0,0,0,1,0,0,1,1,0,0,3,0,1,1,0,0,0,0,0,0,2,0,1,0,0,3,0,0,0,0,1,0,1,0,0,0,0,1,2,0,0,1,0,0,0,0,0,0,0,1,0,0,3,1,1,0,0,1,0,0,0,0,0,0,0,0,0,0,0,0,0,1,2,1,0,0,0,0,2,1,0,0,2,0,0,0,1,0,2,1,0,0,0,2,0,1,0,0,1,2,0,1,1,0,0,1,0,0,0,0,0,1,1,0,1,0,0,0,1,0,1,1,2,0,0,0,0,0,0,1,0,0,2,1,1,0,1,1,1,1,0,1,0,0,0,1,0,1,0,1,0,1,0,1,0,1,0,0,1,0,0,1,1,0,0,0,0,0,0,0,0,0,0,0,0,0,0,0,0,0,1,1,0,0,0,1,0,1,0,0,0,2,1,0,0,0,3,0,0,0,1,0,0,0,0,0,1,0,0,0,0,1,0,0,2,0,0,0,0,2,0,1,1,0,0,0,0,1,0,1,0,0,0,0,3,0,1,0,0,0,1,2,1,0,0,1,1,1,0,0,0,0,0,0,0,1,0,1,2,0,0,0,0,0,0,0,0,0,0,0,0,0,0,0,1,0,2,2,0,1,0,0,1,0,0,1,1,1,0,0,0,0,0,2,0,0,0,0,2,0,0,1,0,0,0,0,0,0,0,0,0,0,0,1,0,1,0,1,0,0,1,1,0,0,0,1,0,2,0,0,0,0,1,1,0,1,0,1,0,2,2,1,0,0,0,1,0,0,0,0,0,0,1,0,0,0,1,2,0,0,2,0,0,0,0,0,0,1,0,0,0,1,0,0,0,0,0,0,1,2,0,0,2,0,0,0,1,1,0,0,0,1,1,0,0,0,0,0,0,0,1,1,0,0,1,0,0,1,0,1,1,0,2,0,1,0,2,0,0,0,3,2,0,0,0,0,4,0,1,0,0,0,0,0,1,0,2,0,0,3
HOUSEHOLD_1_404_CA_1_evaluation,HOUSEHOLD_1_404,HOUSEHOLD_1,HOUSEHOLD,CA_1,CA,0,4,0,2,7,1,0,0,1,1,1,1,2,1,4,4,3,3,2,2,1,1,4,2,5,1,1,1,2,3,4,2,0,4,2,3,1,2,3,4,2,3,1,3,2,0,1,4,2,2,3,5,7,0,1,3,2,2,3,4,0,3,2,3,1,4,3,2,3,1,1,6,3,3,0,3,2,4,9,4,0,0,2,1,0,3,3,2,2,1,3,0,3,1,1,1,2,0,2,1,3,4,3,3,2,2,2,2,4,2,1,0,2,1,1,2,1,2,3,0,5,1,1,0,1,0,1,4,1,0,0,1,4,2,2,2,2,4,0,2,1,1,3,3,5,2,0,1,4,1,1,0,0,2,0,1,1,0,0,1,3,6,1,1,2,2,2,2,3,1,1,2,1,1,0,0,0,0,0,0,0,0,0,0,0,0,0,0,0,0,0,0,0,0,0,0,0,0,0,0,0,0,0,0,0,0,0,0,0,0,0,0,0,0,0,0,0,0,0,0,0,0,0,0,0,0,0,0,0,0,0,0,0,0,0,0,0,0,0,0,0,0,0,0,0,0,0,0,0,0,0,0,0,0,0,0,0,0,0,0,0,0,1,3,0,2,4,4,3,6,1,0,1,0,5,2,2,1,1,1,2,2,4,3,0,1,1,3,5,0,3,2,2,3,2,2,0,1,4,3,1,4,3,0,2,1,2,0,2,3,0,1,2,1,4,4,1,0,0,1,1,2,2,3,0,2,1,0,1,6,1,0,3,0,1,1,1,1,0,3,0,3,2,1,5,1,0,1,2,1,2,2,3,2,4,0,2,3,0,1,0,1,0,2,1,4,0,1,1,2,4,2,0,1,0,2,2,2,2,2,2,4,0,0,1,1,3,1,0,0,2,4,2,0,0,4,2,0,1,1,1,2,1,3,2,2,2,0,1,3,1,0,1,2,3,4,0,2,2,1,2,1,1,0,2,1,4,0,2,0,2,1,1,2,2,0,1,0,2,0,2,1,3,1,5,1,2,0,3,2,3,0,1,2,1,3,3,4,0,0,1,1,0,3,3,4,1,3,2,3,3,3,2,0,2,2,1,1,3,0,1,1,4,1,1,2,3,2,0,1,2,0,2,1,1,1,1,2,2,1,0,0,0,1,1,3,1,3,1,1,3,1,1,3,1,0,0,0,1,0,3,1,1,4,0,1,2,6,1,0,1,1,2,2,1,1,0,0,0,3,2,1,0,1,0,0,0,5,2,1,1,0,0,1,1,1,1,0,2,3,1,3,0,1,0,0,0,0,0,2,2,0,1,1,1,2,1,0,0,1,0,5,3,1,0,0,0,1,1,1,1,3,0,1,0,2,0,0,0,1,0,3,0,0,0,1,1,1,1,2,0,0,0,2,1,0,2,2,0,1,1,0,1,0,0,0,1,1,1,0,2,1,0,0,2,0,1,1,0,0,0,0,2,0,1,1,1,2,0,2,0,1,0,0,0,1,1,2,4,2,0,0,0,0,2,2,0,2,0,1,0,0,1,2,2,0,1,3,0,1,1,0,0,1,0,1,1,2,0,0,5,0,1,1,0,0,0,2,0,1,4,2,1,0,2,2,1,4,2,0,0,1,1,2,2,1,2,2,1,1,4,1,1,0,0,0,1,0,3,0
HOUSEHOLD_1_408_CA_1_evaluation,HOUSEHOLD_1_408,HOUSEHOLD_1,HOUSEHOLD,CA_1,CA,1,3,4,1,1,0,0,5,1,4,1,2,3,3,4,3,3,5,2,0,2,3,2,2,2,3,5,1,5,3,3,4,1,0,2,4,2,3,1,3,1,1,4,0,2,5,1,0,2,1,3,6,1,3,0,2,4,3,1,0,0,0,2,1,4,0,1,2,0,1,1,4,4,2,3,0,0,2,2,3,6,1,1,0,1,4,1,5,0,1,1,3,2,2,3,0,2,1,1,0,4,2,1,0,0,3,2,2,1,2,1,1,1,0,1,1,0,2,1,2,0,0,2,1,2,2,1,2,0,1,1,2,2,1,0,0,1,4,4,1,4,1,3,3,1,4,2,3,0,1,1,1,3,4,4,0,5,3,3,2,5,5,0,0,1,1,3,1,2,3,1,1,1,3,4,0,6,3,3,0,1,5,0,2,1,2,0,1,2,4,3,1,1,0,2,1,6,1,1,1,2,0,0,0,5,1,1,1,3,1,3,1,1,3,0,0,2,1,3,1,2,2,2,1,2,5,3,1,1,2,3,3,0,2,0,0,0,4,4,4,2,1,2,0,1,1,2,3,3,1,0,4,3,4,2,1,2,1,1,4,2,0,0,0,2,0,0,4,2,3,2,3,7,0,1,1,0,3,0,2,0,7,3,1,2,1,4,4,4,2,0,0,2,1,3,3,0,3,0,2,3,4,3,2,1,3,1,1,3,3,0,3,3,7,0,3,0,1,2,0,4,1,3,5,1,0,1,1,4,2,0,1,2,4,0,1,4,3,2,1,3,2,5,0,3,2,5,2,1,2,3,0,4,2,2,6,2,3,1,1,0,2,1,1,1,0,3,3,2,0,1,2,3,1,0,2,0,0,1,3,1,0,0,0,0,1,0,0,0,0,0,1,0,1,1,2,1,0,1,2,4,1,0,1,2,0,0,1,3,6,5,1,2,5,5,0,2,0,1,0,1,1,0,1,1,3,2,2,3,1,0,2,1,0,0,3,0,0,2,1,2,1,2,3,1,2,3,2,2,6,2,0,0,3,3,1,0,1,0,0,1,2,1,1,0,4,1,0,3,1,2,2,1,1,1,0,4,1,0,0,2,3,1,0,0,0,0,0,0,0,0,0,0,0,0,0,0,0,0,0,0,0,0,0,0,0,0,0,0,0,0,0,0,0,0,0,0,0,0,0,0,0,0,0,0,0,0,0,0,0,0,0,0,0,0,0,0,0,0,0,0,0,0,0,0,0,0,0,0,0,0,0,0,0,0,0,0,0,0,0,0,0,0,0,0,0,0,0,0,0,0,0,0,0,0,0,0,0,0,0,0,0,0,0,0,0,0,0,0,0,0,0,0,0,0,0,0,0,0,0,0,0,0,0,0,0,1,1,1,3,1,3,1,3,1,2,4,0,2,1,0,1,2,2,3,2,3,1,0,2,3,0,4,2,0,1,0,3,2,4,0,0,2,0,0,6,1,0,0,2,2,1,1,3,2,0,1,0,2,2,0,2,0,0,2,4,0,1,1,3,0,1,1,0,1,1,2,3,1,2,1,1,3,1,0,1,0,2,3,0,0,0,0,2,0,3,1,1,0,0,1,2,2,0,1,1,3,3,4,5,1,0,1,1,3,3,2,0,2,1,2,3,3,2,1,2,5,0,4,4
HOUSEHOLD_1_409_CA_1_evaluation,HOUSEHOLD_1_409,HOUSEHOLD_1,HOUSEHOLD,CA_1,CA,9,5,14,10,9,6,11,16,13,5,7,10,11,9,10,13,6,7,8,9,12,12,9,10,4,8,15,14,15,13,8,9,9,13,8,6,9,8,14,7,2,5,6,14,9,7,0,0,0,14,7,10,12,6,8,7,13,9,5,9,13,9,7,11,10,9,7,10,6,10,17,12,9,6,4,10,13,14,19,9,13,4,7,7,17,17,15,14,10,10,5,15,15,6,8,7,14,9,11,12,14,9,14,19,9,12,12,7,16,10,11,4,7,15,4,7,4,5,5,11,17,5,3,4,9,10,4,12,8,6,9,9,8,11,14,11,9,7,12,9,8,5,7,5,6,5,4,8,15,0,9,3,6,3,8,12,13,1,6,7,5,14,2,17,6,5,4,2,2,5,2,4,5,5,5,8,14,3,7,2,3,2,10,4,9,5,9,2,2,5,6,5,8,9,5,8,5,6,6,4,4,3,8,5,3,5,4,2,2,1,6,12,3,6,5,0,9,5,8,7,3,1,5,2,2,7,2,6,4,5,5,5,9,5,4,5,2,1,2,6,4,3,2,4,2,2,7,4,6,3,5,4,7,5,10,9,5,9,8,8,8,7,6,3,6,6,6,7,4,7,8,8,1,15,9,4,4,3,3,5,9,7,5,6,4,14,3,8,13,5,2,5,1,6,7,9,8,5,5,7,3,4,14,9,1,1,8,18,10,13,9,8,4,10,10,9,5,7,3,5,4,5,4,11,11,5,8,6,7,8,6,6,5,6,5,11,7,6,5,6,4,5,6,9,16,5,9,2,4,8,7,7,5,2,6,7,5,13,11,12,7,7,8,7,4,12,10,4,3,6,6,14,12,6,6,9,11,12,5,7,9,5,4,8,8,19,9,7,4,2,8,13,9,10,11,7,4,10,10,8,9,4,6,3,4,9,7,7,8,7,2,8,6,5,15,4,8,7,11,7,8,14,8,3,4,13,7,5,7,5,12,6,4,7,6,7,10,13,7,6,6,8,17,7,7,6,15,10,3,10,11,7,4,6,9,9,10,7,5,9,6,6,5,14,9,7,9,7,8,7,7,3,13,5,6,31,9,19,18,6,8,3,6,7,6,5,5,11,8,8,12,5,5,8,2,8,6,16,10,6,10,9,3,6,1,13,4,4,4,6,5,7,12,7,6,6,6,3,4,10,4,11,5,2,4,5,9,4,4,3,10,6,7,10,3,4,1,0,0,3,6,3,0,3,8,3,7,8,7,2,8,1,3,6,11,4,2,7,6,3,6,6,9,4,3,6,0,3,11,5,5,4,7,6,7,6,2,6,2,6,0,7,4,5,4,2,5,12,7,5,6,8,5,8,0,0,1,8,7,3,3,10,18,15,15,10,10,10,7,15,7,2,4,3,5,15,6,9,7,2,6,15,7,6,10,5,8,6,2,4,10,7,8,8,7,8,6,6,12,3,8,8,5,3,4,8,9,9,4,10,10,7,9,9,9,5,5,10,8,15,10,9,3,5,10,9,15,7,8,8,1,5,13,11,5,5,1,2,4,3,10,8,3,6,2,5,17,7,6,4,0,2,7,7,2,6,4,16,3,2,5,9,16,3,7,3,9,12,11,5,10,6,12,11,3,5,3,5,3,3,1,6,5,8,7,2,9,3,9,10
HOUSEHOLD_1_410_CA_1_evaluation,HOUSEHOLD_1_410,HOUSEHOLD_1,HOUSEHOLD,CA_1,CA,0,0,0,0,0,0,0,0,0,0,0,0,0,0,0,0,0,0,0,0,0,0,0,0,0,0,0,0,0,0,0,0,0,0,0,0,0,0,0,0,0,0,0,0,0,0,0,0,0,0,0,0,0,0,0,0,0,0,0,0,0,0,0,0,0,0,0,0,0,0,0,0,0,0,0,0,0,0,0,0,0,0,0,0,0,0,0,0,0,0,0,0,0,0,0,0,0,0,0,0,0,0,0,0,0,0,0,0,0,0,0,0,0,0,0,0,0,0,0,0,0,0,0,0,0,0,0,0,0,0,0,0,0,0,0,0,0,0,0,0,0,0,0,0,0,0,0,0,0,0,0,0,0,0,0,0,0,0,0,0,0,0,0,0,0,0,0,0,0,0,0,0,0,0,0,0,0,0,0,0,0,0,0,0,0,0,0,0,0,0,0,0,0,0,0,0,0,0,0,0,0,0,0,0,0,0,0,0,0,0,0,0,0,0,0,0,0,0,0,0,0,0,0,0,0,0,0,0,0,0,0,0,0,0,0,0,0,0,0,0,0,0,0,0,0,0,0,0,0,0,0,0,0,0,0,0,0,0,0,0,0,0,0,0,0,0,0,0,0,0,0,0,0,0,0,0,0,0,0,0,0,0,0,0,0,0,0,0,0,0,0,0,0,0,0,0,0,0,0,0,0,0,0,0,0,0,0,0,0,0,0,0,0,0,0,0,0,0,0,0,0,0,0,0,0,0,0,0,0,0,0,0,0,0,0,0,0,0,0,0,0,0,0,0,0,0,0,0,0,0,0,0,0,0,0,0,0,0,0,0,0,0,0,0,0,0,0,0,0,0,0,0,0,0,0,0,0,0,0,0,0,0,0,0,0,0,0,0,0,0,0,0,0,0,0,0,0,0,0,0,0,0,0,0,0,0,0,0,0,0,0,0,0,0,14,6,7,7,3,7,5,12,9,13,3,7,6,8,11,8,5,6,4,6,8,20,13,10,4,7,3,4,11,9,10,3,2,5,8,11,10,6,5,9,8,12,14,2,6,7,4,4,8,13,7,5,5,5,9,7,8,5,4,9,6,6,11,7,7,9,3,3,4,6,12,4,2,4,4,4,7,11,9,7,4,9,11,10,8,8,6,7,1,7,8,10,12,10,6,4,9,6,14,9,4,7,5,6,8,9,5,5,3,5,6,11,5,11,9,7,5,10,6,9,7,2,6,2,4,6,7,10,7,1,5,5,7,9,8,7,7,3,0,0,0,0,0,0,0,0,0,22,13,6,4,4,8,16,19,17,10,9,5,9,7,11,17,6,15,11,0,20,19,13,10,9,10,9,10,3,12,7,12,7,4,4,5,7,8,6,2,3,10,14,6,9,8,6,6,14,8,7,3,3,5,3,9,11,6,4,8,9,8,13,8,12,7,7,4,11,11,6,10,6,9,9,9,16,13,8,6,6,9,11,13,15,8,7,3,4,5,14,19,10,10,5,5,8,11,16,9,8,7,5,9,9,13,8,6,7,10,8,10,8,10,5,9,4,0,0,0,0,0,0,0,0,0,0,0,0,0,0,0,0,6,8,6,5,7,5,15,10,16,6,3,12,5,9,12,5,3,4,8,9,20,16,15,10,5,1,8,19,13,8,5,10,4,4,10,11
HOUSEHOLD_1_411_CA_1_evaluation,HOUSEHOLD_1_411,HOUSEHOLD_1,HOUSEHOLD,CA_1,CA,0,1,2,0,0,0,0,0,2,1,0,0,1,1,1,3,0,0,1,4,0,0,0,0,1,1,3,1,1,2,3,2,2,0,0,2,4,1,2,2,3,2,4,2,1,1,1,3,1,1,5,1,1,0,1,2,2,1,1,2,2,0,2,1,1,1,1,0,1,1,1,4,0,2,1,1,1,1,5,0,0,2,1,2,1,2,0,2,1,0,0,0,3,2,0,0,4,2,4,1,0,1,1,3,1,1,1,3,2,0,1,1,0,2,2,0,1,0,1,0,1,0,0,0,1,1,1,2,1,2,3,1,1,1,1,1,3,1,3,2,1,2,2,1,1,0,1,1,0,1,3,0,0,2,3,0,0,3,2,2,0,3,1,1,0,0,0,0,1,2,2,0,0,2,1,1,0,1,1,1,1,1,4,3,2,0,0,1,0,1,3,1,1,0,2,1,1,3,2,1,0,2,1,1,1,0,3,3,1,3,2,0,0,1,2,0,1,2,1,3,1,3,1,2,3,0,1,0,1,1,2,1,3,1,0,2,0,3,1,2,1,0,0,0,0,2,4,2,0,1,2,4,6,1,0,0,1,3,1,5,2,1,2,4,2,3,3,4,2,1,0,2,1,2,3,1,0,1,0,7,6,1,0,2,3,3,2,0,5,1,2,2,1,0,5,2,1,1,1,1,2,5,1,3,3,0,2,2,2,1,1,1,0,2,2,1,1,5,2,0,1,1,0,2,3,1,3,0,1,2,2,3,0,0,0,0,3,2,3,1,0,0,1,3,1,3,1,0,0,1,3,1,4,0,1,1,5,4,2,2,5,2,3,1,3,1,1,2,0,2,2,2,0,0,2,2,3,0,2,1,1,0,2,2,0,2,7,1,0,1,2,4,1,0,0,2,1,0,1,1,0,3,2,2,3,5,0,3,3,6,0,0,2,2,4,3,3,1,4,3,4,2,4,1,5,2,1,0,5,2,2,3,5,2,2,2,2,0,2,0,1,2,1,2,4,0,5,1,1,3,3,3,0,3,3,0,1,2,2,1,0,2,6,3,2,1,2,1,4,0,0,2,3,1,0,0,1,3,1,0,3,0,4,1,0,1,1,3,2,1,1,0,2,2,0,1,2,1,0,0,6,1,2,2,4,3,5,2,0,1,1,1,2,3,2,0,1,2,2,2,1,2,1,3,5,6,0,3,2,0,1,3,5,0,0,1,1,1,1,3,2,2,2,3,5,3,1,5,0,4,1,0,1,0,5,2,2,2,4,1,3,0,1,7,1,0,2,3,6,0,1,2,2,3,0,1,2,3,3,0,0,1,1,2,5,3,2,0,0,1,4,1,0,0,2,4,1,1,3,1,0,0,7,2,1,4,2,1,3,3,2,0,0,0,0,3,2,4,1,1,2,3,3,1,0,0,0,0,0,1,1,6,5,4,1,2,3,6,3,3,2,7,0,1,0,5,3,3,0,2,1,6,5,2,0,2,1,2,5,6,2,0,6,0,2,2,1,0,0,5,0,1,1,2,2,0,1,1,5,2,3,4,2,3,0,1,2,3,5,2,0,1,0,2,2,5,0,0,0,4,3,2,2,1,2,0,3,2,2,4,6,0,0,1,2,1,0,2,0,1,2,3,4,1,1,0,2,0,0,7
HOUSEHOLD_1_414_CA_1_evaluation,HOUSEHOLD_1_414,HOUSEHOLD_1,HOUSEHOLD,CA_1,CA,0,0,0,0,0,0,0,0,0,0,0,0,0,0,0,0,0,0,0,0,0,0,0,0,0,0,0,0,0,0,0,0,0,0,0,0,0,0,0,0,0,0,0,0,0,0,0,0,0,0,0,0,0,0,0,0,2,0,0,0,0,0,1,0,1,0,0,0,0,1,2,0,4,2,0,1,0,0,1,0,0,2,0,2,0,8,0,7,8,6,3,5,4,2,1,1,0,9,5,3,1,0,0,1,0,0,2,1,0,0,0,0,1,0,2,0,1,0,0,3,1,0,0,0,0,4,6,4,7,14,10,6,6,11,8,8,1,5,1,5,7,4,5,1,5,2,1,9,10,9,4,0,3,3,10,0,0,0,0,0,0,0,11,2,5,1,1,9,7,12,3,5,5,6,4,10,3,2,2,0,1,5,11,8,5,3,1,1,5,0,4,1,1,3,1,4,2,0,0,0,0,0,0,0,0,0,0,0,0,0,0,5,4,4,4,0,4,0,0,3,2,2,0,1,4,3,0,2,7,4,1,7,5,1,5,4,0,2,6,11,5,2,0,2,2,1,1,2,4,0,10,9,9,6,4,1,4,2,2,3,1,10,1,4,4,2,4,8,0,4,2,8,10,1,4,4,2,1,2,1,1,3,4,2,1,0,6,5,4,2,2,6,0,0,6,8,8,3,5,3,11,6,0,1,0,4,0,0,0,5,4,5,1,4,0,15,7,3,5,1,0,3,3,5,6,2,8,9,6,7,9,10,4,4,7,7,15,7,4,0,3,2,1,5,3,3,3,6,1,2,1,2,2,2,4,2,10,13,7,12,4,6,6,0,7,3,8,0,2,1,5,6,4,6,0,0,2,7,26,3,6,9,3,3,7,6,4,3,2,0,2,6,7,3,4,3,16,6,14,7,12,13,4,8,2,13,8,14,2,5,6,1,13,3,11,8,1,2,5,6,7,4,1,2,0,0,3,11,16,16,8,5,1,3,2,4,2,2,4,0,2,4,7,2,2,4,0,2,1,2,0,0,0,0,1,1,1,9,0,0,0,0,13,26,14,3,3,7,3,3,7,5,3,1,2,4,3,5,1,5,3,4,4,2,3,0,10,1,1,0,3,0,5,6,0,0,4,17,11,5,8,3,5,6,12,3,2,3,8,12,11,10,6,13,5,3,2,7,8,11,5,3,1,10,8,0,15,13,7,3,6,9,17,6,5,1,10,4,1,8,5,5,10,5,9,5,9,10,0,13,9,0,4,9,4,8,0,0,1,6,11,5,7,1,3,4,5,2,1,12,1,2,8,14,6,4,1,3,0,1,0,6,4,3,2,0,0,0,1,25,5,4,3,15,23,17,17,7,5,9,7,8,12,11,7,5,8,7,5,7,16,8,1,4,7,6,12,21,8,12,9,14,10,11,8,16,3,18,8,19,25,12,7,3,8,11,18,4,10,5,4,4,4,8,9,10,5,4,4,9,19,10,11,8,1,9,4,10,16,3,10,5,4,6,5,21,12,14,9,7,12,11,8,1,9,8,5,5,6,9,1,0,3,4,9,13,31,21,9,5,10,9,11,16,12,9,6,5,1,6,6,6,1,8,6,2,7,2,4,5,1,5,3,14,10,4,0,4,5,6,10,12,7,3,10,5,2,4,8,5
HOUSEHOLD_1_416_CA_1_evaluation,HOUSEHOLD_1_416,HOUSEHOLD_1,HOUSEHOLD,CA_1,CA,2,1,3,1,2,1,1,3,5,3,1,2,1,5,2,0,0,0,0,0,0,0,0,4,2,2,0,0,7,4,3,0,2,2,1,3,1,2,4,4,6,0,2,1,1,4,1,1,1,2,5,3,1,2,3,1,1,0,1,3,1,0,0,2,2,0,4,1,3,3,3,3,1,3,3,5,1,1,0,1,1,2,6,0,1,3,0,0,1,0,3,0,2,0,1,0,6,2,1,0,1,1,2,0,3,1,4,2,2,1,3,0,1,3,0,1,1,1,0,2,4,2,2,2,1,1,2,2,2,0,1,1,1,1,2,4,5,5,4,2,7,6,1,0,0,0,3,6,4,3,3,1,2,0,1,1,4,1,1,0,0,2,4,0,1,3,0,1,3,0,2,1,0,0,0,3,1,2,3,1,1,0,1,0,0,0,0,0,2,1,3,1,4,1,6,2,0,1,0,3,0,0,0,1,1,0,2,1,2,0,1,1,1,1,1,0,1,0,1,1,0,1,0,3,3,4,2,1,0,2,1,2,1,1,1,0,0,0,1,2,0,0,0,3,0,0,1,1,0,0,0,2,0,1,1,2,0,0,0,0,1,3,0,1,1,0,2,3,0,1,2,0,0,0,2,1,1,2,1,1,0,0,1,0,1,0,1,2,2,5,0,1,2,1,0,0,0,0,0,0,0,3,3,0,0,0,0,0,1,2,0,0,0,0,0,0,2,0,0,2,0,0,1,2,3,1,1,0,0,2,0,0,0,0,0,0,1,1,1,0,2,1,1,1,1,1,0,1,1,3,0,1,0,1,2,0,0,2,1,0,1,3,1,1,0,3,0,0,0,2,1,4,3,2,0,1,0,0,2,1,0,2,0,1,4,6,4,4,0,1,1,3,3,2,3,1,1,3,1,7,2,3,4,5,5,2,3,7,2,0,2,0,5,3,2,8,2,0,1,3,3,1,2,4,7,4,5,3,2,0,1,2,5,1,2,2,1,3,4,4,1,7,0,6,3,2,0,1,5,5,6,1,6,6,3,2,1,4,1,6,1,4,6,6,3,4,11,3,1,4,7,1,3,4,2,2,6,9,4,2,1,0,2,1,5,3,3,2,3,1,1,3,2,3,1,4,1,4,5,3,3,4,2,0,4,2,1,0,2,3,1,1,3,1,0,0,2,0,1,3,1,1,1,2,0,1,2,1,0,2,0,0,0,2,0,3,1,1,1,1,3,1,2,0,0,0,0,0,0,0,1,1,0,0,1,0,1,0,2,0,1,0,0,2,0,1,1,1,1,3,1,0,0,0,1,0,0,0,1,0,0,0,0,0,3,1,0,0,0,0,0,0,2,0,3,0,0,0,2,0,0,0,0,1,0,0,0,0,2,0,1,0,1,0,0,1,0,1,0,0,0,2,0,1,0,0,0,0,1,2,0,0,0,0,0,1,1,0,2,1,1,0,0,0,1,0,0,0,0,1,1,4,0,1,3,0,0,0,5,0,1,1,0,0,0,2,1,5,3,0,2,0,0,2,1,0,1,0,0,0,1,1,0,0,5,3,1,1,0,4,1,2,1,2,4,0,2,5,1,2,2,4,0,1,2,0,1,1,3,1,2,2,1,1,1,2,3,1,1,1,0,0,4,2,2,2,2,1,0,3
HOUSEHOLD_1_418_CA_1_evaluation,HOUSEHOLD_1_418,HOUSEHOLD_1,HOUSEHOLD,CA_1,CA,6,2,3,1,6,3,6,13,6,14,10,1,6,4,8,10,3,11,4,6,6,6,9,6,8,5,4,2,6,6,10,5,11,6,7,7,5,5,2,3,8,3,11,10,9,9,11,5,7,10,9,5,0,0,0,11,8,5,0,4,8,6,5,11,9,2,6,3,6,1,10,14,11,4,6,5,3,14,10,8,11,7,10,2,11,5,12,4,2,5,0,8,9,10,7,6,4,4,6,9,13,5,10,5,2,10,9,6,15,2,8,4,9,5,7,2,7,9,12,6,8,5,3,15,6,2,7,7,7,5,6,4,10,4,11,8,6,3,10,7,11,14,6,5,7,5,7,10,8,8,6,4,2,8,7,10,5,7,5,3,5,11,15,11,5,7,1,5,13,9,8,5,5,4,5,9,7,4,5,5,5,5,10,3,5,8,4,3,5,2,7,6,2,3,4,5,14,5,8,6,12,3,3,3,15,5,8,5,3,1,9,5,2,6,12,0,6,6,4,9,6,2,2,4,15,0,0,0,0,0,0,0,4,6,3,2,3,2,1,12,5,1,1,2,8,24,40,10,6,8,10,11,8,25,4,10,17,9,4,10,12,13,19,18,13,13,13,6,1,2,1,2,6,5,6,4,2,4,0,2,16,0,0,0,0,0,0,0,14,7,17,8,6,9,8,24,8,5,5,6,14,14,17,12,10,7,2,7,12,10,9,7,6,5,11,6,7,7,2,2,2,2,6,13,5,3,8,11,9,7,5,6,6,5,0,3,6,11,4,4,0,1,2,8,11,4,2,3,1,1,0,1,0,0,1,4,4,5,15,11,4,8,12,12,13,13,11,8,5,6,9,7,10,19,32,10,7,5,10,6,8,22,9,12,18,13,10,8,8,4,7,8,9,14,7,9,11,3,9,6,18,2,11,10,16,18,15,15,16,6,8,7,8,14,31,13,17,12,9,8,10,14,3,10,6,3,5,11,16,12,33,8,6,11,20,22,12,9,17,8,13,23,11,18,9,9,5,10,8,18,7,12,7,5,2,11,12,4,7,20,6,6,27,26,16,18,9,22,16,17,12,20,12,6,8,3,7,18,8,13,12,7,7,11,24,5,8,12,7,7,10,20,9,10,5,8,5,9,8,3,4,9,12,8,7,12,12,9,13,0,0,17,20,10,14,7,10,10,12,21,23,14,13,11,18,18,19,15,15,2,4,8,12,18,10,14,13,15,12,16,20,11,21,8,9,12,20,20,5,15,20,9,7,18,16,16,15,10,17,11,12,18,9,12,12,15,10,20,15,6,36,2,9,8,13,9,14,16,9,11,0,8,11,16,8,9,10,13,26,17,13,5,15,12,12,9,17,8,7,23,7,9,11,23,16,11,17,13,9,15,26,9,10,17,10,9,12,12,15,9,14,6,14,13,8,8,14,6,13,8,10,16,20,9,16,9,20,31,8,8,9,6,18,13,14,18,15,11,19,16,9,25,29,10,4,11,9,12,22,24,10,9,12,9,8,16,32,13,13,7,5,5,18,9,12,4,17,16,20,27,25,20,11,10,14,30,16,16,10,23,10,11,22,25,15,11,9,9,6,3,11,17,6,5,14,11,9,7,13,26,23,19,5,15,31,21,14,15,17,9,10,16,16,8,9,5,5,9,17,28
HOUSEHOLD_1_424_CA_1_evaluation,HOUSEHOLD_1_424,HOUSEHOLD_1,HOUSEHOLD,CA_1,CA,0,1,0,0,1,1,0,0,0,0,1,0,0,0,0,0,0,0,0,0,0,0,0,1,0,0,1,0,2,1,0,1,1,0,0,0,0,1,0,0,0,0,0,0,1,0,0,0,0,0,0,0,0,1,0,1,0,0,0,0,0,2,1,2,0,0,0,0,0,0,0,2,3,0,0,0,0,0,1,1,1,1,0,0,0,0,0,1,1,0,0,1,0,0,0,0,0,0,0,1,0,2,1,1,0,0,0,0,0,0,0,0,0,0,0,0,0,0,0,0,0,0,0,0,0,1,0,0,0,1,0,1,1,1,0,0,0,0,0,1,1,0,1,1,0,2,2,0,1,2,1,0,0,2,0,0,0,0,0,1,0,0,1,0,0,0,0,1,0,0,1,3,0,0,1,0,1,0,0,2,1,0,1,0,0,1,0,0,0,1,0,0,0,0,1,1,2,0,1,0,1,0,0,0,1,0,0,0,0,1,0,0,0,0,0,0,0,0,0,0,0,0,0,0,0,0,0,1,0,0,1,0,1,0,0,0,0,0,2,1,1,1,0,0,0,2,2,0,0,0,0,0,1,0,1,0,1,0,0,0,0,1,0,0,0,0,0,1,0,1,0,0,0,0,0,1,0,0,0,1,0,0,1,2,0,0,1,0,1,1,1,0,0,0,1,0,1,1,0,1,0,1,0,0,0,0,0,0,0,1,0,0,0,0,0,0,1,0,1,0,1,0,1,0,0,0,0,2,0,1,1,0,0,0,0,1,0,0,0,0,0,0,0,1,0,1,0,0,0,1,1,0,0,1,1,0,0,0,0,0,0,0,0,0,0,0,0,0,0,0,0,0,0,1,2,1,0,0,1,0,0,1,1,0,1,0,0,0,0,0,0,0,0,0,0,0,0,0,0,0,0,0,0,0,0,1,0,1,0,0,0,2,0,0,0,0,0,1,0,0,0,0,1,0,0,0,0,0,1,0,0,2,1,1,0,1,2,0,0,0,0,0,0,0,1,0,0,0,0,0,0,0,0,1,1,0,0,0,0,1,0,0,0,0,1,0,0,0,0,0,1,0,0,1,1,0,0,0,0,1,1,0,0,0,0,0,0,0,0,1,2,0,1,0,0,0,0,2,0,1,0,0,0,0,2,0,0,1,0,0,0,1,0,0,1,1,0,1,0,0,0,0,0,0,0,0,0,0,0,0,0,0,0,1,0,1,0,1,1,0,1,0,0,2,1,0,0,0,1,0,0,0,0,0,0,0,0,0,0,1,0,1,1,0,0,0,0,0,0,0,0,0,0,0,0,0,0,0,0,1,0,0,0,0,0,1,0,0,1,0,0,0,1,1,0,0,0,0,0,0,0,1,1,0,1,0,0,0,1,1,0,0,0,0,2,1,1,0,0,0,0,0,1,0,2,0,1,0,0,0,0,0,0,0,2,0,0,0,0,1,1,1,0,0,2,0,0,0,0,0,0,1,1,0,0,0,0,0,0,2,0,0,0,0,0,1,2,0,2,0,0,0,0,0,0,1,0,0,0,0,0,1,0,0,0,0,1,1,0,0,0,2,0,0,0,0,2,0,1,1,1,1,1,1,0,0,1,0,1,0,0,1,0,1,0,0,0,0,1,0,0,2,0,0,0,1,0,0,0,1
HOUSEHOLD_1_425_CA_1_evaluation,HOUSEHOLD_1_425,HOUSEHOLD_1,HOUSEHOLD,CA_1,CA,1,3,0,0,4,0,1,2,2,4,1,3,1,4,1,6,2,0,3,2,1,2,1,4,3,2,0,1,2,2,2,0,2,0,0,2,3,3,4,1,2,3,2,1,1,3,0,4,1,2,2,1,1,4,0,2,1,3,5,0,0,0,2,1,1,0,0,0,0,2,1,3,2,1,1,0,1,1,1,1,0,0,1,0,0,3,1,5,0,0,3,2,2,0,1,1,1,1,2,1,1,2,2,0,1,3,1,1,1,1,0,0,1,1,0,0,2,0,2,1,2,0,1,0,0,1,0,1,0,3,2,1,1,1,2,1,1,2,1,1,0,2,0,0,0,0,0,0,3,0,1,2,0,2,0,1,1,0,0,3,0,0,2,1,0,0,0,0,0,1,0,1,0,0,0,3,4,1,0,0,2,2,2,1,1,2,1,1,1,1,1,2,0,2,0,0,1,0,0,0,0,0,0,0,0,0,0,0,0,0,0,0,0,0,0,0,0,0,0,0,0,0,0,0,0,1,3,1,0,1,2,1,0,0,0,0,3,1,2,1,0,1,2,0,0,2,3,0,2,0,1,0,0,1,2,3,1,0,0,0,0,1,0,0,0,1,1,0,1,1,1,1,3,2,1,0,1,0,3,2,2,6,0,1,4,2,5,0,7,1,4,0,2,2,6,0,0,0,0,0,1,1,0,0,0,0,0,0,0,0,0,0,2,2,3,5,0,6,3,2,1,5,2,4,1,0,0,0,0,0,0,0,0,0,0,0,0,0,0,0,0,0,0,0,0,0,0,0,0,0,0,0,0,0,0,0,4,2,5,0,1,0,0,0,0,0,0,0,1,1,3,3,3,5,2,2,3,1,0,0,0,0,0,0,0,0,0,0,3,2,1,5,2,3,1,1,0,2,2,1,3,1,1,1,5,4,4,1,3,3,2,1,2,3,5,1,1,2,2,0,3,3,1,2,1,2,1,3,1,3,2,6,1,1,2,2,4,0,2,0,3,3,3,0,3,1,0,4,6,2,5,1,2,0,2,2,3,2,0,3,0,1,3,3,1,2,3,0,1,3,4,2,0,2,2,4,4,0,0,4,1,1,2,6,4,3,1,5,2,3,1,8,0,1,1,1,5,3,3,1,3,2,3,4,4,0,0,1,1,2,3,5,5,4,0,1,4,2,2,4,1,1,4,2,1,1,0,2,3,0,2,1,1,1,1,0,2,0,3,1,0,3,2,1,2,1,2,2,6,2,3,3,1,3,3,3,0,0,1,3,0,4,2,1,2,3,1,2,3,2,2,1,4,1,2,3,0,1,5,0,0,2,2,1,0,1,2,3,1,1,4,0,2,1,5,4,5,1,2,0,2,1,2,5,2,2,3,1,1,1,2,0,0,1,1,4,5,3,2,4,2,3,2,4,3,1,3,1,3,2,2,3,5,0,2,1,2,4,3,2,4,2,0,2,1,4,6,3,3,1,1,3,2,2,2,2,2,5,5,2,3,2,0,0,0,4,5,1,2,1,2,3,4,3,1,1,3,1,2,4,6,0,2,3,6,3,7,2,2,1,4,1,2,5,1,1,0,2,4,4,3,2,3,2,1,3,0,2,3,3,2,0,0,3,2,4,2,1,3,0,1,5,3,3,2,3,2,4,3,4
HOUSEHOLD_1_426_CA_1_evaluation,HOUSEHOLD_1_426,HOUSEHOLD_1,HOUSEHOLD,CA_1,CA,2,1,1,3,1,2,2,4,3,3,1,2,0,1,2,1,3,1,3,1,1,2,1,0,9,0,1,1,0,0,2,3,1,3,1,1,1,4,1,2,1,2,3,0,1,1,1,0,0,2,1,1,0,1,8,3,2,0,1,6,2,0,0,3,1,2,0,0,0,1,1,0,4,1,1,1,1,1,2,1,0,0,2,0,2,3,0,0,0,0,8,4,1,0,1,3,0,0,2,4,2,4,1,1,3,2,5,1,2,5,0,2,2,2,0,0,7,0,0,1,2,3,1,2,2,1,0,2,1,1,2,1,2,2,2,0,1,2,1,2,1,2,2,1,1,0,6,1,1,1,0,2,3,2,4,4,1,0,2,1,1,3,2,0,0,0,0,1,0,2,0,0,0,1,8,2,0,1,1,0,1,1,0,6,1,1,2,0,1,2,3,2,0,4,4,2,1,4,0,0,5,0,0,2,2,3,1,1,1,4,2,6,1,6,6,0,7,1,4,4,1,3,1,0,1,0,3,3,3,1,1,1,6,5,5,0,1,0,5,1,3,0,2,0,5,5,1,0,1,3,0,2,0,4,3,2,0,0,0,5,6,0,1,2,2,1,0,2,2,2,2,3,3,1,2,1,4,0,0,2,0,0,11,4,5,1,0,1,1,0,1,1,0,1,1,1,0,0,1,1,0,3,4,3,0,1,1,0,0,3,2,2,1,0,1,0,3,3,1,4,1,3,1,2,0,1,1,0,2,2,1,3,2,4,2,3,2,0,0,1,0,0,0,1,5,3,2,0,0,0,5,1,0,0,1,1,1,3,3,1,2,1,1,8,0,2,2,0,0,1,3,1,1,2,1,6,1,0,2,0,0,4,1,0,0,1,1,1,0,1,0,0,0,0,1,0,0,0,0,1,3,1,2,5,0,1,1,1,0,1,0,0,1,2,0,1,0,3,2,1,2,3,0,0,3,3,3,0,0,1,2,0,3,1,1,0,3,0,0,0,8,0,1,2,1,1,0,0,1,1,0,3,1,3,0,0,0,0,1,1,1,0,0,0,0,0,0,0,0,0,0,0,0,0,0,0,0,2,0,0,1,0,1,0,0,1,2,0,1,6,0,2,1,0,0,0,0,0,1,2,0,0,0,1,1,3,1,3,2,0,0,2,0,0,0,2,0,0,1,0,0,2,3,0,1,2,1,0,2,1,0,9,0,0,0,2,0,0,0,0,1,1,2,0,4,2,0,1,1,2,2,0,1,2,1,1,3,2,2,1,2,1,0,0,0,1,0,2,1,1,1,0,0,0,1,0,0,0,1,3,0,1,0,0,1,0,0,1,3,0,1,2,0,0,0,1,4,0,2,0,2,0,5,0,0,0,1,0,3,1,3,0,1,1,0,0,2,3,0,0,2,0,0,0,0,0,3,3,2,4,0,1,1,2,0,7,0,0,2,0,0,2,2,1,2,0,0,0,0,2,1,2,1,0,0,1,0,0,3,1,0,0,2,0,2,0,2,0,1,0,0,1,2,1,1,0,0,1,0,1,1,0,1,3,0,3,3,0,3,2,0,1,0,0,0,0,1,2,0,1,1,2,2,0,1,1,0,1,1,1,3,4,0,0,1,1,1,4,5,0,0,0,0,2,0,0,0,0,1,0
HOUSEHOLD_1_427_CA_1_evaluation,HOUSEHOLD_1_427,HOUSEHOLD_1,HOUSEHOLD,CA_1,CA,0,0,1,3,1,1,0,0,0,0,0,0,0,0,0,0,0,0,0,0,0,0,0,0,0,0,0,0,0,0,0,0,0,0,0,0,0,0,0,0,0,0,0,0,0,0,0,0,0,0,0,0,0,0,0,0,0,0,0,0,0,0,0,0,0,0,0,0,0,0,0,0,0,0,0,0,0,0,0,0,0,0,0,0,0,0,0,0,0,0,0,0,0,0,0,0,0,0,0,0,0,0,0,0,0,0,0,0,0,0,0,0,0,0,0,0,0,1,2,2,3,2,5,0,1,1,4,5,2,1,1,0,3,2,3,3,3,0,3,6,1,3,4,2,1,5,3,4,1,4,2,1,3,2,2,2,3,1,1,3,0,4,3,2,1,4,1,0,3,4,4,2,1,1,2,5,1,0,2,0,1,3,2,1,3,1,1,1,2,1,1,4,1,1,3,3,6,3,2,1,0,2,1,0,5,2,1,2,2,0,5,8,1,0,0,0,0,2,4,1,3,1,1,2,4,5,0,3,1,0,1,3,1,1,1,0,3,1,5,3,4,1,2,2,1,2,0,1,1,0,4,3,6,3,0,0,0,2,1,1,1,3,1,1,2,1,2,2,2,1,1,1,1,1,6,2,0,0,1,2,2,2,0,3,4,2,1,4,0,0,0,1,4,3,1,3,2,1,1,1,1,4,2,3,1,0,0,0,0,3,0,1,0,1,0,3,0,0,0,0,0,4,0,4,1,0,1,1,3,3,5,2,1,1,0,3,1,2,1,1,2,8,0,4,0,3,4,1,0,2,4,4,2,3,1,2,1,1,3,0,1,4,1,1,2,1,0,2,0,0,0,0,0,2,0,2,1,3,1,2,0,0,0,0,0,0,3,3,0,0,1,0,1,0,0,0,0,0,0,0,1,0,0,0,0,0,0,0,0,0,0,0,0,0,0,0,0,0,0,0,0,0,0,0,0,0,0,0,0,0,0,0,0,0,0,1,0,0,0,0,0,0,0,0,0,0,0,0,0,0,0,0,0,0,0,0,0,0,0,0,0,0,0,0,0,0,0,0,0,0,0,0,0,0,0,0,0,0,0,0,0,0,0,0,0,0,0,0,0,0,0,0,0,0,0,0,0,0,0,0,0,0,0,0,0,0,0,0,0,0,0,0,0,1,0,0,0,0,0,0,0,0,0,0,0,0,0,0,0,0,0,0,0,0,0,0,0,0,0,0,0,0,0,0,0,0,0,0,0,0,0,0,0,0,0,0,0,0,0,0,0,0,0,0,0,0,0,0,0,0,2,4,2,4,0,6,2,0,0,2,0,3,9,1,4,1,1,4,7,4,2,3,3,3,1,3,3,2,2,2,2,3,4,4,4,1,0,1,1,3,1,0,0,2,1,0,4,6,2,0,3,1,1,1,1,4,0,2,3,0,0,1,1,2,3,2,3,0,1,1,2,1,2,0,2,4,1,1,3,4,2,2,3,2,3,0,2,3,0,0,0,0,0,0,0,0,0,0,0,0,0,0,0,0,0,0,0,0,0,0,0,0,0,0,0,0,0,0,0,0,0,0,0,0,0,0,0,0,0,0,0,0,0,0,0,0,0,0,0,0,0,0,0,0,0,0,0,0,0,0,0,0,0,0,0,0,0,0,0,0
HOUSEHOLD_1_429_CA_1_evaluation,HOUSEHOLD_1_429,HOUSEHOLD_1,HOUSEHOLD,CA_1,CA,2,6,5,7,12,3,5,9,13,8,6,3,7,3,10,13,9,4,7,6,4,6,5,3,9,4,5,3,7,8,6,2,4,2,4,6,5,7,7,6,6,3,7,10,5,6,5,5,2,6,19,5,4,5,5,5,8,10,7,2,11,4,2,5,10,7,5,3,4,8,4,10,8,3,5,3,4,6,6,1,0,6,7,10,6,13,5,6,5,6,8,11,18,2,4,3,6,8,6,5,10,5,9,4,3,11,4,5,5,6,5,7,10,11,6,7,4,1,4,11,0,0,0,0,0,0,0,7,7,3,2,4,6,7,10,5,3,2,6,9,4,8,9,5,2,6,6,11,8,2,2,3,3,5,10,10,8,3,2,6,5,11,10,4,7,8,9,3,6,9,4,4,0,0,0,0,0,0,0,9,5,10,3,4,3,8,4,1,4,9,6,8,6,7,6,1,9,6,5,4,7,1,4,6,9,2,9,6,0,0,5,9,7,5,2,0,6,7,2,5,4,3,1,11,8,7,4,7,6,6,7,7,9,4,3,4,4,6,10,8,8,3,3,2,7,5,0,5,2,3,4,5,9,6,3,5,6,1,2,7,8,8,6,2,6,6,5,2,10,3,7,4,5,12,15,5,0,0,4,5,8,9,4,3,8,7,8,4,12,5,2,5,4,6,6,11,3,8,6,4,5,18,5,2,2,5,4,3,1,13,5,5,3,5,5,8,5,7,3,9,4,5,3,4,8,1,9,4,4,5,12,8,5,3,7,8,10,0,0,0,0,0,0,0,9,5,3,9,8,10,4,7,5,2,1,2,6,3,6,16,0,5,1,6,6,8,16,10,6,2,3,5,8,3,6,11,3,5,7,13,8,5,2,2,5,2,6,8,11,1,3,10,4,9,9,7,8,2,12,7,16,8,10,4,2,6,6,13,5,5,5,5,13,8,8,6,5,7,4,4,4,5,9,6,7,3,4,2,3,10,4,4,5,1,11,12,4,0,8,7,3,7,5,6,5,5,4,7,1,16,6,5,4,5,4,11,12,3,4,6,6,5,5,10,9,5,7,5,4,8,6,2,6,5,5,7,9,14,6,7,4,5,4,11,16,5,9,9,2,4,11,9,2,5,5,7,3,13,2,0,0,3,6,5,5,8,9,6,4,5,0,0,0,0,0,0,0,0,0,0,0,0,0,0,0,0,3,12,11,8,7,3,6,9,5,3,3,4,3,4,15,4,4,3,7,7,5,11,8,4,9,6,4,8,8,6,5,4,4,2,8,8,5,5,6,6,4,8,9,6,2,3,10,2,8,9,5,10,4,3,0,4,14,6,2,9,4,3,8,11,7,2,2,10,5,7,10,1,0,5,2,5,11,10,7,2,5,6,5,10,12,12,7,3,10,3,14,11,6,2,6,4,7,8,11,12,0,1,0,0,4,12,15,6,4,0,10,7,6,5,3,4,6,5,6,0,6,7,2,6,3,9,12,8,1,4,3,3,7,9,7,2,1,6,8,11,9,3,4,1,0,6,6,6,7,2,3,5,3,5,10,4,9,3,2,5,5,0,4,2,5,5,2,0,8,10,8,5,4,6,6,12,6,7,3,3,0,3,14,6,7,0,3,3,10,2,6,3,4,6,8,0,0,9,0,9,5,4,3,10
HOUSEHOLD_1_430_CA_1_evaluation,HOUSEHOLD_1_430,HOUSEHOLD_1,HOUSEHOLD,CA_1,CA,0,0,0,0,0,0,0,0,0,0,0,0,0,0,0,0,0,0,0,0,0,0,0,0,0,0,0,0,0,0,0,0,0,0,0,0,0,0,0,0,0,0,0,0,0,0,0,0,0,0,0,0,0,0,0,0,0,0,0,0,0,0,0,0,0,0,0,0,0,0,0,0,0,0,0,0,0,0,0,0,0,0,0,0,0,0,0,0,0,0,0,0,0,0,0,0,0,0,0,0,0,0,0,0,0,0,0,0,0,0,0,0,0,0,0,0,0,0,0,0,0,0,0,0,0,0,0,0,0,0,0,0,0,0,0,0,0,0,0,0,0,0,0,0,0,0,0,0,0,0,0,0,0,0,0,0,0,0,0,0,0,0,0,0,0,0,0,0,0,0,0,0,0,0,0,0,0,0,0,0,0,0,0,0,0,0,0,0,0,0,0,0,0,0,0,0,0,0,0,0,0,0,0,0,0,0,0,0,0,0,0,0,0,0,0,0,0,0,0,0,0,5,1,0,5,0,1,0,0,8,7,11,12,8,4,10,1,0,2,5,5,0,0,0,18,12,9,9,2,1,3,4,11,0,4,4,1,0,1,7,33,6,0,3,0,1,0,0,14,15,13,9,10,7,3,1,0,2,1,4,5,2,1,1,0,0,0,1,12,6,3,1,2,2,7,4,0,1,6,1,1,4,22,5,0,5,2,0,4,9,2,7,1,1,14,5,8,13,3,1,2,6,10,2,2,7,1,1,13,10,22,9,4,0,0,0,4,0,15,10,3,4,15,12,2,2,4,3,0,1,0,0,1,1,0,0,0,0,0,3,0,4,4,12,10,5,8,6,8,6,5,2,16,2,5,8,1,4,11,8,4,4,0,0,4,6,6,5,3,2,18,13,6,5,0,2,7,5,5,2,20,13,4,5,6,8,1,9,0,0,1,0,0,3,0,2,2,3,7,9,11,17,11,16,9,9,10,3,0,2,0,0,2,3,1,15,3,5,9,3,10,17,7,1,1,5,9,16,10,6,6,3,4,11,8,9,12,0,0,1,6,7,6,7,0,2,0,6,5,2,0,6,6,0,0,0,8,7,4,2,4,1,6,3,5,9,13,10,6,9,0,1,0,0,1,2,1,0,0,0,0,0,0,10,7,5,0,3,2,2,5,0,2,3,5,0,0,0,0,0,4,2,2,1,3,1,0,0,0,1,0,0,0,0,0,0,0,0,0,0,0,0,0,0,0,0,0,0,0,0,0,0,0,0,0,0,0,0,0,0,0,0,0,0,0,0,0,0,0,0,0,0,0,0,0,0,0,0,0,0,0,0,0,0,0,0,0,0,0,0,0,0,0,0,0,0,0,0,0,0,0,0,0,0,0,0,0,0,0,0,0,0,0,0,0,0,1,0,0,0,0,0,0,0,0,0,0,0,0,0,0,0,0,0,0,0,0,0,0,0,0,0,0,0,0,0,0,0,0,0,0,0,0,0,0,0,0,0,0,0,0,0,0,0,0,0,0,0,0,0,0,0,0,0,0,6,6,0,6,4,8,5,0,3,1,8,5,4,3,0,0,7,4,6,0,0,5,0,1,1,5,3,1,7,1,8,1,5,6,5,7,2,0,8,4,3,2,3,2,2,10,5,3,0,2,2,8,3,5,1
HOUSEHOLD_1_434_CA_1_evaluation,HOUSEHOLD_1_434,HOUSEHOLD_1,HOUSEHOLD,CA_1,CA,3,3,3,1,0,0,2,5,5,1,1,0,1,2,0,3,7,2,0,2,2,3,0,2,0,1,3,1,1,0,2,1,2,0,1,4,4,0,4,2,3,0,4,0,0,2,1,2,0,3,2,1,1,0,3,0,1,1,1,1,2,1,0,1,1,0,0,1,2,2,9,0,0,0,1,1,0,1,0,2,2,5,5,1,0,0,0,0,0,0,0,0,1,0,0,1,0,1,3,0,0,0,0,0,0,0,0,0,0,0,0,0,0,2,1,0,0,0,2,0,1,1,0,1,0,0,2,0,2,0,3,0,1,2,2,1,2,3,0,2,1,1,2,0,1,2,3,1,1,0,0,0,0,3,2,6,2,1,0,0,1,0,2,3,0,0,2,6,2,3,1,0,1,0,2,2,1,0,1,0,0,0,1,3,5,1,2,1,1,3,3,0,0,0,0,0,1,2,2,1,2,0,2,1,3,0,2,1,0,3,2,0,1,2,0,0,1,3,1,2,1,2,3,2,2,0,0,1,0,0,3,0,1,1,1,2,1,2,1,2,4,0,0,1,2,5,0,0,0,2,0,0,3,3,3,1,1,2,0,2,2,3,2,1,2,0,1,2,4,2,0,1,2,4,3,2,1,5,3,2,3,2,0,1,1,3,1,1,1,0,3,0,2,1,1,1,1,2,2,0,2,2,1,1,0,0,9,0,0,0,0,0,0,0,0,0,0,0,0,0,0,0,0,5,3,0,1,0,2,2,2,1,0,2,0,1,1,4,1,1,0,0,1,3,1,1,3,1,0,0,2,1,2,0,2,1,1,0,2,1,0,2,1,1,1,1,0,0,0,0,1,2,3,0,1,2,0,0,2,4,0,0,2,1,1,1,2,3,1,0,3,2,1,1,2,3,0,1,3,1,0,1,2,1,1,3,0,2,3,0,4,1,6,1,3,2,0,2,5,4,4,1,2,4,4,4,2,0,1,0,0,0,0,4,3,1,3,0,1,2,2,4,2,2,3,2,0,1,0,2,0,0,1,3,2,3,1,1,0,2,0,0,2,2,5,0,0,1,3,3,2,2,4,1,1,2,10,3,2,0,3,0,3,2,2,0,0,0,0,0,0,2,1,0,0,2,2,1,2,2,5,0,1,1,2,2,1,3,1,0,4,4,5,3,0,1,2,2,2,0,5,3,2,2,4,1,2,2,1,1,1,0,0,4,0,0,1,2,2,1,1,3,3,2,0,0,2,6,1,1,1,2,0,0,0,5,3,1,3,1,1,3,1,1,1,2,4,4,3,1,2,1,1,2,5,3,1,2,2,0,0,2,2,3,5,2,0,1,0,1,1,2,1,2,4,2,3,5,2,2,1,2,2,0,2,2,0,2,0,4,2,5,2,2,0,3,6,1,8,3,2,2,2,2,1,2,3,1,4,2,7,2,6,2,4,6,3,4,3,3,5,2,3,1,2,4,3,2,1,1,2,2,2,5,1,8,4,1,4,5,3,3,2,5,4,5,3,1,4,5,1,4,3,3,5,2,0,5,4,8,6,1,0,5,2,2,7,2,2,0,5,1,2,5,4,2,0,1,0,0,5,2,2,1,4,2,2,2,3,3,3,2,1,1,2,2,5,2,0,1,2,6,2,6,1,5,1,2,7,5
HOUSEHOLD_1_437_CA_1_evaluation,HOUSEHOLD_1_437,HOUSEHOLD_1,HOUSEHOLD,CA_1,CA,2,3,3,2,8,1,1,4,2,3,4,2,3,1,6,12,1,0,3,0,8,3,3,4,6,4,3,2,3,6,4,2,4,5,3,9,5,9,4,4,5,5,5,6,3,0,0,0,0,0,0,0,0,0,0,0,0,0,0,0,0,0,0,0,0,0,0,0,0,0,0,0,0,0,0,0,0,0,0,0,0,0,0,0,0,0,0,0,0,0,0,0,0,0,0,0,0,0,0,0,0,0,0,0,0,0,0,0,0,0,0,0,0,0,0,0,0,0,0,0,0,0,0,0,0,0,0,0,0,0,0,0,0,0,0,0,0,0,0,0,0,0,0,0,0,0,0,0,0,0,0,0,0,0,0,0,0,0,0,0,0,0,0,0,0,0,0,0,0,0,0,0,0,0,0,0,0,0,0,0,0,0,0,0,0,0,0,0,0,0,0,0,0,0,0,0,0,0,0,0,0,0,0,0,0,0,0,0,0,0,0,0,0,0,0,0,0,0,0,0,0,0,0,0,0,0,0,0,6,9,2,9,6,8,0,7,0,6,6,4,4,3,3,2,3,7,5,3,3,2,7,3,11,5,0,7,4,1,3,5,3,5,1,4,3,3,1,5,3,2,2,3,7,8,4,0,0,0,5,7,4,4,2,6,2,2,4,11,2,0,0,0,5,4,3,6,6,0,0,0,5,5,7,2,3,3,5,6,5,4,3,0,0,2,4,4,5,5,1,2,2,6,4,6,1,4,5,4,6,7,14,4,2,6,7,3,5,0,0,0,0,0,0,0,4,1,4,1,2,0,0,0,2,2,5,0,5,5,4,2,0,0,0,0,2,3,5,0,1,0,0,9,11,5,0,5,3,6,6,4,0,0,2,5,2,6,3,2,2,3,2,1,9,6,4,2,0,2,9,8,9,3,6,2,6,4,2,10,7,3,4,5,1,8,5,0,3,2,1,3,7,5,7,2,4,1,0,1,5,3,7,1,7,4,5,6,6,3,4,5,6,2,1,6,3,4,4,4,2,7,5,5,2,3,0,6,4,7,2,3,3,4,8,5,3,3,2,1,6,3,4,7,7,1,3,6,5,4,2,2,6,2,5,10,7,3,6,1,9,5,7,4,4,2,1,5,2,7,7,14,0,0,0,0,0,2,0,2,1,3,2,4,0,1,3,0,4,2,5,4,0,5,5,2,6,4,7,4,2,2,7,5,9,3,3,2,0,3,5,7,13,5,2,0,3,5,1,4,3,2,6,0,1,4,7,3,4,0,3,3,11,6,2,5,0,2,3,7,6,4,4,1,1,3,9,3,3,2,3,2,0,4,3,4,3,3,3,2,4,7,0,0,1,0,6,8,6,1,1,0,3,2,10,5,0,0,0,2,4,1,5,0,0,4,6,4,2,3,5,4,4,4,1,5,6,3,6,0,6,7,3,4,4,5,2,4,6,7,3,0,3,2,0,2,5,11,7,3,6,4,7,5,12,2,8,3,3,4,5,3,5,5,1,1,1,8,8,7,3,1,3,7,4,4,1,3,2,4,1,4,5,4,2,3,6,1,0,4,3,3,3,3,2,4,5,3,2,2,2,2,2,9,5,1,1,6,3,12,12,0,0,0,0,9,2,0,5,3,4,4,1,10,5,7,1,4,2,4,9,3
HOUSEHOLD_1_438_CA_1_evaluation,HOUSEHOLD_1_438,HOUSEHOLD_1,HOUSEHOLD,CA_1,CA,0,1,0,1,1,0,0,1,0,0,0,1,0,0,2,1,0,0,0,2,0,0,0,0,0,0,1,1,0,0,0,0,2,0,0,2,1,0,3,2,0,0,1,1,1,0,0,0,0,1,0,0,1,1,0,2,2,0,1,0,0,0,1,0,0,0,0,3,1,1,0,0,0,2,3,0,2,1,0,2,0,1,1,0,1,0,0,0,0,1,0,2,3,0,1,1,0,0,1,1,2,2,0,0,0,1,0,0,0,0,0,0,1,0,0,2,0,0,1,0,0,0,0,1,2,0,0,1,0,0,0,0,0,1,1,1,1,1,0,1,0,2,3,1,0,0,0,1,0,0,0,0,0,0,0,0,0,0,0,0,0,1,2,0,0,0,0,0,1,1,1,0,1,1,0,0,1,1,0,0,0,0,0,0,0,0,1,0,0,1,0,0,1,3,1,1,1,0,3,2,0,0,0,1,1,0,1,2,1,1,0,1,0,1,0,0,2,3,3,1,0,0,2,0,0,0,0,0,0,0,1,2,2,0,1,1,2,0,0,0,2,1,1,0,1,1,0,0,0,1,0,0,1,1,0,0,1,0,0,0,0,0,0,0,0,0,0,0,0,0,0,0,0,0,0,1,0,0,0,0,2,0,1,1,0,2,2,1,1,0,0,2,2,0,2,1,0,2,2,1,0,2,0,2,0,1,1,0,2,1,1,2,0,4,1,3,0,2,3,0,0,1,1,0,1,2,0,1,2,0,1,0,0,0,1,1,0,0,1,1,2,0,0,1,4,2,0,1,1,0,0,0,1,1,0,3,1,0,2,2,2,1,0,1,1,1,2,0,1,1,1,0,0,0,0,0,1,1,1,1,0,2,2,0,1,1,0,1,0,0,2,2,0,1,1,1,1,1,0,0,0,0,2,1,1,2,0,0,0,1,0,2,1,2,0,2,1,3,2,1,0,0,1,2,0,1,1,1,0,1,0,0,0,1,3,1,1,2,1,1,1,1,3,0,2,1,0,4,1,0,0,1,5,0,1,1,1,0,0,2,0,2,1,1,0,1,2,1,2,1,0,0,0,2,1,2,0,0,1,1,1,1,2,0,0,4,0,1,0,2,2,1,1,1,0,1,3,1,1,1,1,1,1,0,0,0,0,1,0,0,0,1,0,2,1,0,2,0,1,0,2,0,1,1,0,2,2,1,0,0,1,0,0,0,0,0,0,0,1,0,1,0,1,2,2,2,0,0,1,2,0,0,1,0,2,1,1,1,3,0,0,0,1,2,0,0,0,0,1,1,0,0,2,0,3,0,1,0,1,0,0,0,1,0,0,1,1,1,1,0,0,0,2,1,0,2,1,0,0,0,0,0,1,0,0,0,0,0,0,0,0,0,0,1,0,0,1,0,1,1,0,0,0,0,0,0,0,0,0,1,0,0,0,0,0,1,0,1,0,0,1,0,0,0,0,0,1,0,1,1,0,0,0,0,0,0,0,0,0,0,0,0,0,0,0,0,0,0,0,0,0,0,0,0,0,0,0,0,0,0,0,0,0,0,0,0,0,0,0,0,0,0,0,0,0,0,1,0,1,2,0,1,0,1,0,1,0,1,1,2,0,0,1,0,0,1,0,0,0,2,2,1,0,0,0,0,0,0,0,0
HOUSEHOLD_1_439_CA_1_evaluation,HOUSEHOLD_1_439,HOUSEHOLD_1,HOUSEHOLD,CA_1,CA,0,0,0,0,0,0,0,0,0,0,0,0,0,0,0,0,0,0,0,0,0,0,0,0,0,0,0,0,0,0,0,0,0,0,0,0,0,0,0,0,0,0,0,0,0,0,0,0,0,0,0,0,0,5,3,3,13,5,5,8,5,4,5,6,5,4,4,5,7,5,15,4,8,2,0,3,4,3,10,4,19,1,7,2,2,6,6,0,1,1,3,5,4,1,7,6,0,4,4,4,2,7,1,0,3,4,3,6,1,0,5,0,2,1,0,0,3,1,1,0,2,2,4,3,1,2,3,7,0,5,1,0,3,2,0,2,1,2,2,0,3,1,0,0,3,1,2,1,0,0,0,0,1,0,1,0,0,0,0,0,0,0,0,0,0,7,0,0,10,1,0,0,0,0,0,4,0,0,0,1,0,0,2,0,0,1,1,0,1,2,1,0,0,0,2,0,0,0,0,0,0,0,0,0,0,0,0,0,0,0,0,0,0,1,0,0,0,0,0,0,0,0,0,0,1,2,2,0,0,5,0,2,4,2,0,0,7,2,1,4,0,4,6,4,2,2,4,1,1,4,1,5,5,8,6,0,1,6,6,3,8,5,7,5,4,3,4,1,3,6,3,2,3,1,9,2,4,0,0,7,2,1,1,3,6,3,0,0,0,0,1,0,0,0,0,1,2,1,2,1,5,2,0,0,2,0,2,1,5,1,3,5,4,10,3,7,6,4,0,17,1,1,4,1,1,5,9,1,9,4,10,0,14,1,7,4,10,10,4,2,4,4,0,2,1,1,0,3,1,5,6,6,3,3,7,1,7,10,4,2,13,3,1,3,10,2,7,2,0,3,1,1,6,4,5,4,2,2,3,6,0,3,5,10,3,7,8,4,2,3,2,8,11,3,2,7,9,6,7,9,0,3,3,2,6,5,4,5,4,5,2,6,5,8,13,3,2,9,2,5,7,4,6,3,6,8,3,14,4,3,12,6,6,9,4,14,4,6,17,5,7,15,10,17,10,13,6,18,11,8,3,3,5,10,5,16,3,7,5,2,5,0,5,8,7,13,5,3,7,7,3,6,6,2,2,1,8,4,7,4,0,3,8,2,2,11,11,8,8,2,4,3,1,1,5,1,1,6,1,4,7,13,4,2,11,7,4,2,8,8,6,4,4,2,5,5,3,2,5,3,5,2,12,1,3,13,7,2,1,5,10,3,8,13,4,6,4,3,4,0,3,2,3,5,6,1,8,7,3,2,5,0,6,4,4,6,0,2,0,7,5,6,7,1,3,1,2,13,6,0,0,0,4,6,5,7,0,2,5,5,0,3,5,2,0,1,0,0,1,4,7,1,0,12,6,13,8,6,1,4,2,5,13,6,7,4,3,8,4,3,3,6,4,4,2,0,8,7,7,5,5,3,6,17,2,5,7,3,6,5,4,0,3,4,4,2,4,0,2,1,1,6,2,0,5,3,2,2,8,1,4,4,4,5,1,2,3,1,3,0,0,7,0,0,1,0,0,0,0,0,0,0,0,0,1,1,0,2,0,2,0,0,0,0,0,3,3,5,0,0,1,3,5,5,1,2,5,0,1,0,0,0,0,1,1,0,0,2,0,0,0,1,0,1,2,5,1,1,2,7,0,1,5,3,3,3,6,4,10,0
HOUSEHOLD_1_440_CA_1_evaluation,HOUSEHOLD_1_440,HOUSEHOLD_1,HOUSEHOLD,CA_1,CA,0,0,0,0,0,0,0,0,0,0,0,0,0,0,0,0,0,0,0,0,0,0,0,0,0,0,0,0,0,0,0,0,0,0,0,0,0,0,0,0,0,0,0,0,0,0,0,0,0,0,0,0,0,0,0,0,0,0,0,0,0,0,0,0,0,0,0,0,0,0,0,0,0,0,0,0,0,0,0,0,0,0,0,0,0,0,0,0,0,0,1,2,3,1,1,4,0,1,2,0,1,0,0,1,1,2,3,1,0,0,0,2,1,2,1,0,0,0,2,0,2,0,0,2,2,0,0,3,0,1,0,2,0,0,2,0,0,0,0,1,3,0,0,0,3,0,1,3,3,2,1,1,2,1,0,3,2,0,1,0,2,1,2,1,1,0,2,0,1,2,1,1,1,0,0,1,2,0,1,0,1,0,0,0,1,0,3,2,1,1,1,1,0,0,3,3,1,0,0,2,4,0,1,1,1,0,2,2,1,0,2,3,0,1,0,0,3,2,2,2,1,0,1,2,2,1,0,0,1,0,1,1,2,1,2,1,0,0,3,2,2,0,0,0,0,1,3,0,0,0,0,0,1,1,0,0,1,0,0,0,2,0,0,0,0,0,1,0,0,0,0,0,1,2,0,0,0,1,0,0,0,3,1,0,0,0,0,0,3,1,0,0,0,0,1,2,1,1,2,0,1,0,1,0,0,0,0,0,2,3,1,0,0,1,4,3,0,0,3,3,0,2,1,2,1,0,2,0,1,0,1,1,1,2,2,0,4,1,4,0,0,0,3,0,1,1,2,0,0,2,3,3,1,1,1,1,2,5,0,0,0,0,0,0,0,3,2,1,1,1,1,2,5,1,1,2,0,1,1,2,1,3,0,0,3,1,2,0,1,1,0,0,2,3,1,1,0,0,3,0,0,0,0,0,3,2,1,2,0,1,0,3,2,1,2,0,1,1,1,1,2,2,0,1,3,2,1,2,3,2,0,2,0,1,0,5,3,0,1,1,1,0,2,0,0,1,2,2,3,2,1,2,0,0,2,1,0,0,1,0,0,0,3,2,1,2,1,0,1,1,1,4,1,1,1,2,3,2,2,0,2,1,2,2,0,0,1,1,1,2,0,2,1,2,0,0,1,4,1,1,1,1,1,0,1,4,1,0,0,1,1,2,0,1,1,3,0,1,0,2,1,2,1,1,1,2,2,1,1,0,4,1,0,1,0,2,0,0,1,3,1,2,1,1,0,0,1,6,3,2,0,1,0,1,1,2,0,0,2,1,1,6,0,0,1,1,2,0,4,1,0,1,3,0,1,3,1,3,1,0,0,2,3,2,0,0,0,0,2,1,2,2,2,0,1,3,2,0,3,1,1,3,3,2,1,1,2,1,0,3,4,0,1,2,0,1,7,2,0,0,1,1,1,1,1,0,3,1,1,1,1,1,4,0,0,0,2,4,3,1,2,0,1,0,1,3,0,3,1,2,1,3,3,2,1,1,1,2,2,3,2,1,2,0,1,2,4,4,2,0,0,1,4,0,1,2,1,2,1,1,2,0,0,3,1,2,3,2,1,2,1,1,0,2,5,2,0,2,1,1,2,1,4,1,2,1,1,6,2,2,1,3,2,2,5,4,2,3,2,1,1,4,3,3,0,2,0,1,3,5
HOUSEHOLD_1_443_CA_1_evaluation,HOUSEHOLD_1_443,HOUSEHOLD_1,HOUSEHOLD,CA_1,CA,0,0,0,0,0,0,0,0,0,0,0,0,2,4,2,2,5,1,3,2,3,2,0,1,2,2,1,5,1,5,3,3,1,2,2,7,1,4,0,2,3,3,5,2,4,1,4,2,2,4,5,5,0,0,0,0,0,4,1,1,2,2,4,4,3,4,2,1,1,6,2,2,3,2,2,1,4,1,2,1,4,2,5,4,0,3,2,0,2,3,2,2,3,2,6,0,0,1,0,0,1,0,0,0,0,1,1,1,0,0,0,0,2,0,0,0,0,0,0,0,0,0,0,0,0,0,0,0,0,0,0,0,0,0,0,0,0,0,0,0,0,0,0,0,0,0,0,0,0,0,0,0,0,0,0,0,0,0,0,0,0,1,0,0,0,0,1,1,1,0,0,0,0,0,0,0,0,3,4,2,0,0,1,4,3,2,1,3,2,2,1,0,1,1,1,7,2,0,1,0,0,0,1,2,2,0,2,0,0,2,2,0,1,1,4,0,3,1,0,0,0,0,0,0,3,1,1,3,1,0,1,2,3,2,2,1,4,1,1,0,3,0,2,3,1,3,2,6,1,0,0,1,0,1,0,1,0,0,2,3,2,4,0,2,0,0,1,0,2,4,0,3,1,5,0,0,1,1,0,1,4,5,1,2,1,2,2,4,2,0,0,1,0,3,1,5,2,1,1,4,1,3,4,3,0,1,0,1,3,1,3,5,3,3,3,1,1,3,3,1,2,2,3,5,1,0,1,2,1,2,3,1,2,3,1,1,3,3,2,0,1,1,3,3,3,1,3,2,0,0,3,4,1,3,1,0,2,2,4,3,2,1,1,1,2,4,2,1,2,1,1,2,0,1,0,0,0,0,0,0,0,0,0,0,0,0,0,0,0,0,0,2,0,2,2,2,2,3,2,5,7,2,1,0,2,3,4,4,0,2,0,0,4,3,2,4,0,1,2,1,1,5,3,2,1,4,3,4,5,2,1,0,2,3,2,7,5,2,1,1,2,3,4,2,2,1,3,2,3,4,4,2,1,1,1,3,9,4,1,1,0,0,5,6,3,2,1,0,1,7,4,4,2,2,2,1,1,5,0,0,1,1,1,3,3,1,0,2,2,7,2,5,1,1,5,0,1,3,1,2,1,1,0,2,0,5,2,1,3,1,1,2,1,1,1,2,1,2,1,0,0,2,1,3,5,2,0,0,2,0,3,2,2,3,0,1,0,2,4,8,2,1,2,2,4,0,7,2,4,2,3,5,0,1,3,4,3,1,0,3,1,0,1,3,2,2,3,4,0,2,2,0,3,2,3,3,5,3,1,0,0,4,5,4,1,2,2,1,4,2,2,0,0,0,2,0,6,1,0,1,1,1,0,4,1,1,2,1,1,8,2,0,2,2,0,0,1,5,6,0,1,1,1,5,1,1,1,2,2,4,4,5,0,0,4,1,0,1,4,2,0,0,4,1,4,4,2,1,2,2,2,1,4,1,1,3,1,4,2,2,1,1,1,0,2,3,1,1,2,2,0,4,4,1,0,2,1,0,3,2,6,3,4,1,2,2,2,1,3,2,3,1,0,2,2,0,0,6,1,0,2,0,0,2,3,1,1,1,1,2,0,3,1,2,3,2,4,3,2,1,4,2,2,2,0,1,3,0,2,2
HOUSEHOLD_1_445_CA_1_evaluation,HOUSEHOLD_1_445,HOUSEHOLD_1,HOUSEHOLD,CA_1,CA,3,1,2,1,2,1,3,3,7,5,4,1,0,4,7,1,0,2,2,5,2,3,2,0,0,3,2,3,1,6,2,2,0,2,1,8,2,1,5,3,2,2,1,3,0,1,2,1,0,2,4,2,1,6,1,2,4,8,2,3,0,1,2,1,3,1,4,1,5,6,7,9,4,6,7,4,4,2,5,4,4,2,4,3,4,5,3,5,4,2,4,9,5,4,3,3,2,4,10,10,4,1,0,0,0,0,0,0,0,2,2,5,8,9,5,2,3,2,2,2,6,4,2,2,3,4,6,4,1,6,3,5,1,2,3,3,1,1,1,1,4,3,3,3,4,1,7,9,3,0,0,0,3,1,1,1,1,3,1,1,1,1,4,3,1,1,0,1,2,3,1,3,1,1,2,4,9,2,3,1,0,1,0,0,0,0,0,0,0,0,0,0,0,0,0,0,3,5,2,0,2,0,0,0,0,0,0,0,0,0,0,0,3,5,3,0,3,6,5,8,9,5,8,11,3,3,3,1,2,0,0,1,4,1,2,0,0,0,1,3,0,2,1,0,0,2,0,0,2,0,0,0,0,1,0,0,0,0,2,4,0,0,0,0,0,2,3,1,0,0,0,1,1,1,0,1,0,0,1,3,2,2,0,3,0,1,0,1,2,1,0,1,3,0,3,2,0,2,1,0,0,2,0,0,0,0,0,0,0,0,0,0,0,0,0,0,0,0,0,0,0,0,0,2,5,0,1,0,0,0,0,0,0,0,0,0,0,0,0,0,0,0,0,0,0,0,0,0,0,0,0,0,0,0,0,0,0,0,0,0,0,0,0,0,0,0,0,0,0,0,0,0,0,0,0,0,0,0,0,0,0,0,0,0,0,0,0,0,0,0,0,0,0,0,0,0,0,0,0,0,0,0,0,0,0,0,0,0,0,0,0,0,0,0,0,0,0,0,3,1,2,7,3,2,4,4,2,3,2,1,1,0,0,3,3,1,0,1,1,2,1,1,2,3,5,1,6,3,2,2,1,1,1,0,5,2,3,0,2,2,2,3,5,4,4,1,2,0,3,3,5,1,3,1,1,1,3,1,7,4,0,2,2,2,4,2,1,1,2,5,4,5,0,0,1,2,2,3,6,1,0,3,1,1,2,2,1,1,3,0,3,4,6,1,0,2,0,6,5,1,1,3,1,2,5,3,0,3,0,1,0,1,0,3,0,0,2,1,1,2,1,2,0,2,2,2,1,1,1,0,1,1,0,2,0,2,0,2,2,1,1,4,3,4,1,0,3,1,3,2,5,3,1,0,1,3,2,3,0,2,0,0,2,3,3,1,0,0,4,2,3,3,0,1,2,2,3,2,3,4,1,1,1,2,5,2,4,2,1,2,4,1,0,2,3,2,5,3,4,2,1,5,3,4,1,3,0,3,3,0,2,0,2,2,2,2,4,2,0,2,3,2,4,2,7,3,2,2,0,2,2,3,6,4,6,2,2,2,7,8,5,3,1,2,4,3,2,3,1,4,7,3,3,0,0,3,1,2,4,0,3,3,4,1,2,2,5,5,6,1,4,3,3,4,3,4,1,4,2,2,2,5,4,0,4,1,3,1,1,0,1,2,2,4,4,3,6,1,1,1,2,5,4,3,1,4,3,1,3,4
HOUSEHOLD_1_447_CA_1_evaluation,HOUSEHOLD_1_447,HOUSEHOLD_1,HOUSEHOLD,CA_1,CA,3,4,6,4,1,3,0,8,5,3,7,5,11,3,2,5,9,5,6,1,5,7,11,6,4,2,3,4,1,5,4,3,3,2,10,7,3,1,5,9,7,7,3,8,4,9,8,2,12,5,12,6,7,5,3,10,4,13,2,3,6,2,5,5,5,2,6,3,6,4,6,8,5,4,10,6,4,8,6,4,8,1,5,4,6,7,10,3,9,9,4,9,5,5,0,5,1,3,11,8,10,5,4,7,7,6,9,6,6,1,4,2,8,6,6,3,1,7,12,9,9,11,2,2,5,7,1,10,4,5,8,5,7,5,8,5,5,7,9,3,9,4,12,2,7,3,8,5,16,4,2,1,5,1,10,8,14,6,3,7,7,15,7,4,6,9,8,5,6,14,3,6,4,8,5,5,10,9,5,5,6,2,9,11,8,10,11,4,3,8,14,3,11,5,9,7,14,4,3,10,3,4,5,10,10,2,3,5,6,4,9,9,8,4,4,0,3,4,3,10,6,8,4,11,2,0,0,0,0,0,0,0,3,6,4,7,5,5,3,12,2,5,1,4,10,11,10,4,8,10,5,11,6,9,9,9,7,12,4,8,6,16,10,4,5,7,3,8,9,1,5,1,11,5,10,7,2,3,1,1,3,0,0,0,0,0,0,0,12,3,14,1,2,9,7,9,2,0,6,0,4,0,3,6,1,4,4,6,4,2,7,2,2,5,5,10,12,0,1,4,2,4,3,4,5,2,8,4,0,12,12,7,3,2,5,2,11,7,5,1,3,0,2,15,5,4,8,3,4,9,9,11,12,9,4,3,6,7,12,10,6,4,11,5,12,14,8,12,6,4,10,5,15,6,1,2,7,5,13,12,6,8,6,8,8,7,15,13,4,3,4,4,13,10,10,9,11,8,13,4,11,5,1,3,10,13,11,15,10,11,5,8,11,5,11,9,3,6,7,13,6,9,10,6,6,5,10,8,10,5,7,8,3,7,9,18,3,7,0,5,6,7,6,7,8,5,5,2,10,20,10,8,2,12,9,7,11,5,5,15,11,7,12,8,3,4,5,13,8,10,9,18,7,4,10,6,1,5,4,19,16,13,3,8,8,1,3,3,11,3,10,18,14,5,1,11,3,7,9,11,9,5,9,9,10,18,8,9,11,0,0,12,10,4,4,13,7,2,2,4,5,1,7,5,8,11,4,9,7,3,11,18,8,10,7,7,15,15,11,4,11,12,12,7,4,11,9,15,20,1,16,1,4,7,7,5,4,8,17,12,17,8,9,4,3,9,8,8,9,12,10,7,12,13,12,14,13,17,11,9,0,5,7,11,9,15,10,6,11,8,7,5,7,5,5,14,8,6,7,13,11,11,12,19,5,13,7,9,8,11,15,10,8,7,3,7,16,6,11,7,12,10,11,23,16,13,12,16,12,11,11,11,8,3,10,10,13,10,19,5,6,12,11,12,9,20,5,10,11,9,7,12,19,6,6,2,0,4,8,12,11,7,12,2,5,17,24,2,4,3,5,9,23,9,12,4,9,5,17,14,13,12,8,15,3,8,9,8,8,13,5,9,14,8,10,8,8,6,5,5,3,9,8,3,5,3,4,2,12,6,8,2,2,0,10,3,4,1,0,7,8,7,7,5,2,1,6,9,4,4
HOUSEHOLD_1_448_CA_1_evaluation,HOUSEHOLD_1_448,HOUSEHOLD_1,HOUSEHOLD,CA_1,CA,4,4,2,5,2,1,3,7,7,6,1,1,2,4,1,1,2,5,6,2,0,1,5,6,1,1,2,2,5,6,2,2,2,0,0,2,5,1,4,5,1,1,0,3,6,1,3,8,6,0,7,1,2,2,1,3,5,5,1,0,1,1,3,1,5,0,0,2,2,0,0,0,2,3,0,1,2,7,5,3,2,0,2,3,3,2,3,4,2,0,0,5,0,0,0,6,0,0,0,2,1,3,1,0,3,1,4,0,2,0,4,0,3,0,5,1,1,1,4,1,4,2,2,2,0,1,13,5,3,2,2,0,3,3,4,6,2,5,0,0,1,0,0,2,1,3,2,4,2,0,4,0,2,1,8,1,4,3,1,2,0,6,2,5,2,12,0,0,2,1,3,9,0,3,2,0,4,4,4,2,4,2,5,8,7,5,6,3,1,2,1,4,3,0,2,0,4,3,3,4,5,6,2,3,1,2,2,4,2,0,4,4,3,2,3,0,5,3,3,2,4,1,4,2,4,0,0,0,0,0,0,0,4,3,1,2,1,1,2,1,0,6,0,0,0,2,16,5,3,3,13,8,0,0,0,0,0,0,0,0,0,0,6,7,6,7,6,8,0,0,0,0,3,1,2,6,4,0,1,2,7,0,0,0,0,0,0,0,3,2,2,1,5,2,5,4,2,7,2,3,4,1,9,4,3,3,1,2,4,1,0,6,8,2,1,0,0,5,2,2,0,6,2,4,8,2,1,3,6,5,5,1,4,4,0,1,1,0,3,5,3,0,3,4,2,5,0,3,1,2,4,6,1,4,5,1,0,7,5,13,7,6,7,2,7,6,12,0,2,3,4,7,13,4,3,0,2,4,3,2,5,2,4,6,5,1,0,0,0,2,2,6,4,1,3,1,1,2,8,4,5,5,4,6,3,4,3,8,3,0,1,2,2,0,8,2,0,2,5,6,4,7,6,3,2,14,7,3,3,1,4,3,2,0,3,2,2,6,7,8,8,9,5,3,7,3,4,12,3,9,4,0,3,1,0,1,16,3,7,4,8,0,13,2,16,7,4,4,4,3,5,5,0,1,4,11,4,4,11,3,3,6,12,3,12,9,4,1,3,1,1,0,0,0,0,0,0,1,0,7,4,1,0,0,15,13,12,9,5,0,0,4,1,2,1,1,7,8,0,19,8,7,3,0,5,3,0,0,0,0,0,12,12,5,6,8,8,8,9,9,9,6,3,2,1,2,2,2,4,6,4,3,12,7,8,6,2,5,5,8,2,4,3,8,7,10,7,9,3,6,9,2,1,2,15,8,2,2,13,6,0,11,8,4,4,5,8,1,5,12,6,3,7,1,3,8,4,6,3,11,1,5,3,10,11,2,5,2,6,14,1,4,6,13,3,4,3,11,10,5,5,5,7,14,4,1,4,6,6,4,14,15,4,5,5,11,6,6,4,7,2,7,8,15,11,8,6,5,4,4,3,9,9,0,9,1,4,4,9,14,14,5,2,4,8,7,3,4,2,12,10,5,17,8,8,3,9,8,11,12,4,9,5,5,6,6,7,10,5,9,9,5,16,14,11,3,4,1,0,7,6,5,3,1,10,8,2,5,2,1,10,5,4,7,8,7,3,5,1,3,2,11,1,2,0,1,4,4,12,0
HOUSEHOLD_1_453_CA_1_evaluation,HOUSEHOLD_1_453,HOUSEHOLD_1,HOUSEHOLD,CA_1,CA,3,3,6,5,1,1,4,5,8,1,5,3,3,2,4,3,4,4,4,2,5,9,2,2,2,3,2,4,7,2,4,4,3,4,4,5,5,5,2,1,4,1,4,4,4,2,1,3,5,5,5,3,3,7,2,3,2,8,2,3,3,4,3,0,2,6,2,5,3,4,7,2,5,1,3,5,4,4,5,3,2,4,5,5,3,10,3,1,2,2,3,5,7,4,4,5,2,4,7,3,5,3,4,2,3,0,4,9,1,2,1,3,6,6,4,4,4,1,3,5,7,5,1,1,3,1,5,2,4,0,6,0,3,5,5,2,4,3,4,3,5,3,2,2,5,1,8,3,6,5,3,3,2,2,3,4,4,4,3,2,5,4,5,6,4,1,2,3,4,6,6,1,3,1,5,2,8,2,1,0,6,5,4,5,4,2,5,0,2,3,3,2,1,4,3,3,8,5,4,3,3,1,5,3,5,6,2,1,3,4,2,7,3,3,2,0,2,2,2,2,5,1,1,5,5,4,3,5,2,4,2,2,5,2,5,3,3,1,2,5,4,1,3,2,0,3,4,1,2,3,2,4,8,5,10,5,2,3,2,2,5,5,7,3,5,2,2,6,1,2,1,0,0,2,5,2,0,0,4,3,5,3,4,2,1,4,3,4,3,4,2,3,2,2,4,6,0,1,3,2,1,9,6,3,3,2,1,7,3,2,2,3,1,2,4,5,3,4,1,0,2,3,4,6,3,2,2,3,3,4,5,3,0,4,4,2,3,6,7,5,1,0,3,7,3,4,4,0,0,0,2,6,3,1,4,3,4,3,8,4,4,1,2,4,5,5,2,2,4,1,5,4,6,6,1,6,2,1,7,6,2,0,4,2,2,2,7,7,1,2,1,3,4,3,3,2,3,3,4,2,3,6,8,2,3,3,4,4,3,1,2,4,2,8,3,4,2,4,2,2,0,5,6,1,5,4,4,9,2,1,2,4,3,5,2,9,4,5,2,2,4,3,5,3,5,5,5,4,7,4,4,0,5,1,4,6,7,4,2,1,1,2,8,5,4,2,1,3,3,2,4,8,0,0,3,3,4,6,1,7,1,1,3,3,6,4,2,0,2,0,4,9,4,3,2,2,3,13,4,4,2,3,1,4,6,2,2,4,2,5,5,3,4,3,5,3,3,0,5,1,4,3,2,2,4,2,5,6,4,1,2,4,4,7,2,2,2,0,0,4,3,2,1,4,2,1,2,7,4,4,5,1,2,3,2,3,4,2,1,5,3,3,5,1,1,2,1,5,4,2,2,6,1,6,3,3,0,5,6,1,0,2,2,7,2,2,2,4,2,5,1,2,0,4,2,5,1,5,0,0,3,2,3,3,1,1,3,0,2,5,4,0,2,1,6,1,6,3,1,4,3,3,1,1,0,2,1,0,6,1,3,3,4,0,4,0,5,3,0,0,1,4,2,2,5,1,3,2,2,1,6,1,2,0,3,4,7,1,1,4,1,3,0,3,3,2,0,5,1,1,3,2,2,2,0,2,2,3,7,2,0,0,3,3,0,0,2,5,2,0,1,6,0,0,2,0,3,2,0,3,3,6,4,3,1,1,2,2,3,2,3,1,2,1,4,2,1,0,1,5,2,1,3,1,2,1,3,3,1,3
HOUSEHOLD_1_457_CA_1_evaluation,HOUSEHOLD_1_457,HOUSEHOLD_1,HOUSEHOLD,CA_1,CA,0,1,1,0,0,0,0,0,3,1,0,0,0,1,0,0,1,1,0,0,3,2,1,0,1,2,0,0,0,1,0,1,1,2,1,0,1,2,1,2,2,1,0,2,1,1,4,0,0,0,0,1,1,0,0,0,1,1,0,1,1,0,1,1,1,1,1,0,0,1,0,2,2,0,0,0,0,1,0,0,1,1,0,0,3,2,0,1,0,0,0,1,2,0,1,0,0,0,1,1,1,1,0,0,0,0,1,0,0,1,0,0,0,1,1,1,0,1,0,0,3,0,0,2,0,0,2,2,0,0,1,2,0,2,2,1,1,0,1,2,0,1,3,0,0,0,0,0,0,2,1,0,0,1,1,2,2,0,1,0,2,1,3,1,1,1,0,3,0,1,0,0,0,0,0,1,1,2,0,0,1,1,2,2,1,1,0,1,3,0,4,1,0,1,0,1,3,2,0,2,0,0,0,1,1,0,0,0,0,2,0,1,2,1,0,0,0,0,2,2,0,0,2,0,2,3,1,0,0,0,0,2,0,1,0,1,0,2,0,0,1,0,1,1,0,1,3,1,0,1,0,2,2,0,1,1,0,1,2,4,2,0,0,0,3,0,0,2,0,0,0,2,1,0,1,1,0,0,1,4,3,2,2,0,2,0,1,1,0,0,2,0,0,4,2,2,4,1,1,2,0,1,2,4,3,3,0,0,1,0,5,0,0,3,1,4,4,1,2,5,0,4,1,0,0,0,0,1,6,3,4,0,4,0,0,2,2,0,4,1,0,2,1,2,2,3,4,1,2,1,2,0,0,3,2,0,1,4,2,8,0,1,0,0,2,4,1,0,1,1,3,5,2,0,1,2,1,0,3,4,3,1,1,1,0,3,4,1,2,1,1,4,2,2,2,1,0,3,4,3,4,3,1,1,3,2,1,1,1,1,2,3,3,2,2,2,2,0,0,5,1,3,1,1,1,0,1,0,2,1,1,0,2,2,1,2,2,3,1,2,1,1,3,0,2,0,0,0,2,8,1,0,0,1,1,2,5,0,2,0,1,2,3,2,0,3,3,1,1,1,3,1,3,3,0,1,2,5,2,2,0,1,1,0,5,1,0,1,0,3,0,4,1,0,1,1,1,4,2,2,3,0,2,6,2,3,2,1,3,1,0,1,2,1,3,1,1,1,6,2,0,0,5,1,1,3,0,0,1,1,0,2,2,2,2,0,1,0,0,1,4,0,2,3,2,1,2,2,1,2,0,0,0,3,1,1,1,1,1,2,4,4,1,0,2,0,1,1,1,4,2,0,3,1,0,2,1,1,0,0,0,1,5,1,2,2,1,1,3,2,3,4,1,3,2,6,2,0,2,1,1,2,6,2,0,0,1,0,1,2,4,1,1,1,0,0,2,0,1,0,0,0,3,4,5,0,1,3,0,2,1,2,1,1,1,1,2,3,1,2,2,0,2,1,1,2,3,1,2,0,1,0,1,1,2,0,0,1,3,1,2,2,1,1,0,3,2,1,0,1,1,1,3,1,1,2,1,3,2,3,0,2,1,1,1,1,2,3,5,1,0,0,1,2,3,1,0,0,1,1,5,3,0,2,2,1,0,2,2,1,2,1,1,2,6,2,0,0,1,3,2,2,2,5,2,1,1,0,8,3
HOUSEHOLD_1_458_CA_1_evaluation,HOUSEHOLD_1_458,HOUSEHOLD_1,HOUSEHOLD,CA_1,CA,0,0,1,0,0,3,2,0,1,2,0,0,1,0,0,1,1,0,2,1,1,0,1,0,1,0,0,3,1,0,0,0,1,2,1,1,2,2,0,0,1,1,0,0,0,2,4,1,0,2,2,1,1,0,2,0,2,2,1,1,1,0,2,2,0,2,2,0,1,1,3,2,1,1,1,0,1,1,2,1,2,1,1,4,2,1,3,0,2,2,2,2,0,1,1,4,1,0,3,2,2,1,1,0,3,1,3,0,0,2,1,2,2,1,2,2,0,6,4,0,2,0,2,1,0,1,1,1,0,0,2,2,1,2,3,2,3,2,1,0,0,1,3,0,3,1,0,1,3,0,2,1,0,0,1,0,1,0,0,1,1,1,4,1,1,2,1,0,2,1,1,2,2,3,1,0,2,1,0,2,2,3,2,1,1,0,0,0,1,3,3,0,1,2,0,1,4,1,1,0,1,0,0,0,2,0,1,1,0,1,2,1,1,2,1,0,1,2,2,1,2,1,1,2,3,2,0,4,2,2,0,1,1,2,0,1,1,0,1,1,1,1,2,0,1,1,2,1,0,1,2,4,1,0,2,1,2,2,1,0,1,0,2,1,2,1,0,2,1,0,1,0,0,3,2,2,0,1,1,1,1,0,1,1,2,1,0,1,4,2,2,1,0,0,1,1,2,1,2,1,3,2,0,3,2,0,2,1,3,0,2,0,0,1,3,2,2,3,1,1,1,0,0,4,1,0,1,0,1,0,3,0,0,0,1,1,3,0,2,1,0,0,1,1,1,4,1,3,0,2,2,2,2,0,0,0,0,0,0,0,0,0,0,1,0,0,0,0,0,0,0,0,0,0,1,1,2,0,1,0,0,0,0,0,0,0,0,0,0,0,0,0,0,0,0,0,0,0,0,0,0,0,0,0,0,0,0,0,0,0,0,0,0,0,0,0,2,0,2,2,3,0,0,0,2,0,3,1,1,3,1,0,0,3,1,0,2,1,1,1,1,2,1,2,2,1,3,0,3,3,3,1,4,4,0,0,0,0,2,2,3,2,0,0,1,0,2,2,0,0,0,1,3,1,1,1,0,2,0,1,1,0,1,2,0,3,2,1,1,0,3,0,2,0,1,4,2,0,2,2,3,1,3,0,4,1,4,0,1,0,2,2,0,0,3,0,0,0,1,1,1,1,2,2,2,0,3,0,2,1,1,1,1,1,1,1,1,0,3,1,1,1,1,2,0,0,3,1,0,0,1,1,0,0,4,0,1,2,0,1,2,0,0,3,0,1,1,1,1,1,2,1,1,2,3,1,1,0,0,0,0,1,3,1,1,1,1,1,3,1,2,3,1,2,2,1,2,1,0,0,0,0,1,4,3,0,0,0,0,0,2,1,1,0,2,0,1,0,3,1,1,2,0,4,1,2,0,1,1,1,0,2,0,1,3,1,1,3,1,1,0,2,1,0,3,4,2,1,1,2,2,0,2,0,2,2,0,3,3,2,1,0,2,0,1,1,0,2,4,2,0,0,1,2,5,2,1,2,1,1,1,1,1,4,2,3,1,3,3,0,1,3,1,2,1,0,0,2,4,0,1,2,0,0,0,1,2,2,4,3,1,10,3,7,10,8,6,10,11,6,11,8,12,8,3,5,5,5,5,3
HOUSEHOLD_1_459_CA_1_evaluation,HOUSEHOLD_1_459,HOUSEHOLD_1,HOUSEHOLD,CA_1,CA,7,5,3,6,6,4,3,10,21,9,3,10,4,6,7,11,3,7,10,8,11,5,6,6,4,9,5,9,13,11,4,3,7,4,4,11,11,5,6,6,5,5,3,13,6,5,8,12,21,9,18,4,5,2,8,2,3,9,3,5,11,3,6,9,7,11,4,2,2,4,5,9,2,4,6,3,4,16,9,4,7,5,11,4,5,13,8,3,2,5,6,11,6,4,8,3,3,6,5,7,5,5,2,4,2,5,6,1,3,6,4,5,3,8,0,0,3,2,7,0,4,8,4,6,3,8,9,4,3,2,1,4,4,5,7,6,2,2,3,5,9,0,0,7,3,3,2,5,10,6,4,2,1,6,4,2,2,1,1,2,2,5,0,4,2,5,0,5,1,4,1,1,4,5,4,1,1,4,4,2,2,2,5,5,4,1,1,1,6,2,0,7,1,5,5,7,10,3,2,2,2,2,5,4,3,2,3,2,2,4,3,5,7,3,2,0,2,5,4,2,2,3,1,3,3,0,0,0,0,0,0,0,4,1,3,0,1,3,6,2,3,1,2,1,7,13,26,12,7,7,2,6,11,19,8,15,12,9,5,21,20,33,11,10,7,3,5,3,1,3,4,0,5,4,4,2,1,1,0,5,5,0,0,0,0,0,0,0,24,1,6,6,8,13,11,9,9,7,12,7,8,6,9,11,2,6,9,14,8,10,9,3,5,6,11,8,5,5,0,5,2,3,1,10,11,9,7,10,5,12,6,8,1,5,6,20,19,21,6,8,2,6,6,12,13,6,14,2,11,2,9,20,5,4,3,1,2,4,13,10,5,14,10,9,14,12,7,5,11,5,12,14,12,5,9,6,12,3,8,13,10,7,3,4,2,10,9,10,3,4,5,11,13,18,8,10,10,7,8,8,14,11,8,10,5,21,10,5,11,1,2,3,4,4,13,9,4,6,9,9,12,18,8,9,4,5,6,25,14,5,5,5,9,7,20,10,7,4,0,5,0,0,0,1,3,0,1,5,13,13,2,3,6,5,3,10,21,8,4,17,9,10,14,10,4,3,9,9,10,11,14,13,8,2,7,12,10,15,7,9,10,12,14,21,8,10,9,10,8,12,11,21,8,14,4,8,13,15,7,7,5,23,9,12,13,18,19,14,9,0,0,15,17,5,8,10,11,13,8,13,3,4,9,5,10,14,10,6,17,6,5,6,9,17,1,0,2,1,4,2,3,3,1,5,3,4,13,10,3,1,4,1,1,2,0,5,0,0,0,0,0,2,4,2,3,0,4,0,0,0,0,2,2,8,0,0,1,0,0,0,0,0,0,0,1,0,0,1,0,1,1,1,8,7,9,2,4,0,0,3,9,2,5,1,7,1,0,3,5,6,1,0,4,6,4,3,3,4,6,0,11,1,4,12,1,1,2,3,1,5,2,2,1,3,3,7,0,12,2,0,0,3,7,10,4,0,0,0,5,6,2,4,6,0,4,1,3,4,2,12,3,1,6,2,3,1,6,4,3,4,5,1,7,6,5,6,5,3,5,9,1,3,6,6,1,3,3,4,0,2,0,0,3,1,0,2,2,5,2,2,5,3,12,6,8,6,5,8,8,11,16,4,0,5,7,6,1,2,2,1,5,10,3,8,6,6,11,5,6,5
HOUSEHOLD_1_461_CA_1_evaluation,HOUSEHOLD_1_461,HOUSEHOLD_1,HOUSEHOLD,CA_1,CA,2,3,2,0,0,1,1,1,2,4,5,0,12,2,0,0,1,3,1,1,0,2,0,3,0,2,2,1,1,2,2,1,1,0,3,8,4,3,3,3,6,3,1,1,1,1,4,0,3,2,0,1,0,5,1,3,4,2,2,2,1,0,1,2,0,2,2,1,3,1,2,1,0,1,0,0,0,6,4,0,2,0,2,2,6,2,0,0,0,0,0,0,1,2,2,0,6,3,0,1,3,0,0,5,0,6,2,0,4,4,2,1,3,1,1,1,1,2,0,1,1,0,2,1,1,3,2,3,0,2,1,0,2,4,0,3,0,2,3,2,2,1,4,3,2,1,1,3,1,2,1,2,0,1,0,1,3,5,2,2,2,2,0,2,2,1,4,1,3,4,3,0,2,1,1,1,1,2,1,3,0,0,0,3,5,1,1,0,0,1,2,2,1,1,3,3,2,0,1,6,1,1,2,4,4,0,0,0,2,1,1,4,5,1,8,0,0,4,0,4,3,1,4,2,4,4,2,2,0,2,3,2,2,2,0,4,1,0,3,2,2,0,1,2,2,3,1,1,0,0,1,0,7,0,2,1,3,1,1,0,1,2,2,1,2,3,2,0,1,1,0,2,1,0,4,1,0,2,0,3,3,3,4,3,1,1,0,0,2,1,5,1,1,0,0,0,0,2,2,2,1,2,2,1,1,4,2,1,2,0,2,3,0,4,3,0,2,1,1,1,2,2,0,8,0,0,0,0,0,8,2,0,1,1,0,3,4,5,1,0,2,1,1,3,2,0,0,1,1,4,2,0,0,1,2,0,2,0,2,2,3,0,4,0,2,1,2,2,0,0,2,1,2,5,1,3,1,5,0,1,1,5,1,0,1,2,0,1,1,1,0,0,2,0,2,4,0,0,0,0,5,0,2,0,0,3,1,3,1,0,4,0,0,1,2,0,1,3,2,3,3,3,5,2,3,3,0,2,4,3,2,3,0,0,1,1,1,1,1,1,5,0,0,1,2,2,1,0,1,2,2,2,2,2,1,1,2,1,2,1,1,3,2,1,3,4,0,2,1,3,1,2,5,0,2,1,3,2,1,0,0,1,1,1,1,3,1,0,0,1,3,4,0,1,0,0,3,0,1,0,2,2,0,1,0,3,0,3,4,2,3,1,1,0,1,1,1,2,5,2,1,0,1,0,2,1,0,2,1,1,2,1,3,2,0,0,4,1,0,2,3,1,0,1,0,4,2,1,1,1,1,1,1,4,3,2,2,2,0,0,4,2,0,0,2,1,2,0,2,0,1,0,3,1,0,0,1,2,0,2,0,2,2,1,3,3,0,1,3,6,2,2,0,4,2,0,0,1,2,2,2,0,0,3,1,0,1,1,1,3,4,3,0,0,1,1,3,0,2,4,0,3,1,2,2,1,2,2,1,2,1,0,1,0,3,0,1,1,3,1,1,0,1,0,1,0,1,0,0,2,0,0,1,3,1,0,1,2,2,0,1,0,0,1,1,0,3,1,1,0,0,1,4,2,1,2,0,0,0,0,2,1,1,0,0,2,1,0,0,0,1,0,1,2,1,0,1,0,1,1,4,0,1,0,0,0,0,0,5,2,1,0,0,1,4,0,0,0,0,0,1,1,4,2,0,1,2,1,2,0
HOUSEHOLD_1_465_CA_1_evaluation,HOUSEHOLD_1_465,HOUSEHOLD_1,HOUSEHOLD,CA_1,CA,0,2,1,9,3,2,2,0,5,1,7,3,2,6,6,5,5,2,1,3,4,6,9,5,4,4,0,8,4,7,2,2,4,5,6,6,4,3,3,1,8,7,5,10,4,2,7,6,1,0,0,4,2,0,0,6,6,8,3,7,6,1,3,6,3,4,4,3,7,2,10,5,6,6,0,0,0,11,6,9,13,8,7,1,3,1,0,0,0,10,5,6,4,5,6,2,2,7,10,6,2,1,12,8,3,3,4,8,8,3,4,2,2,7,6,15,3,9,5,4,8,6,2,5,4,5,6,5,2,2,1,5,5,9,7,5,3,4,3,3,11,8,4,8,6,7,2,4,5,13,1,2,4,4,12,2,2,8,2,4,6,9,13,9,2,3,4,6,5,7,3,7,5,4,4,6,14,4,9,4,8,6,3,11,6,3,4,1,4,5,4,7,6,3,5,5,0,5,6,2,5,1,6,9,6,5,2,2,3,1,4,12,3,3,3,0,5,3,5,3,2,4,3,9,7,0,0,0,0,0,0,0,7,2,4,3,3,3,3,5,5,5,4,3,34,5,5,3,6,8,15,6,7,15,3,7,8,10,5,11,5,6,7,4,3,11,8,6,2,5,3,12,8,3,7,3,4,1,3,2,6,0,0,0,0,0,0,0,12,4,8,6,2,7,8,11,1,8,7,5,13,5,2,9,4,8,2,5,12,7,11,7,5,2,5,9,5,5,1,6,3,4,3,8,8,8,3,7,5,3,10,0,5,7,4,9,11,9,11,9,5,4,7,6,7,0,0,1,4,2,0,3,6,10,4,2,5,8,9,5,2,2,5,2,3,9,8,4,6,7,5,9,15,3,5,13,12,6,1,9,5,6,7,4,17,11,11,10,8,8,5,7,10,3,0,3,6,6,4,14,18,9,3,6,3,7,14,5,7,12,9,6,11,17,13,6,9,4,4,7,7,12,8,6,5,9,2,4,4,14,13,8,8,13,6,11,6,1,7,5,10,26,29,14,12,20,2,15,5,23,13,4,3,10,7,12,11,12,11,10,7,9,9,10,7,16,17,10,4,17,12,14,6,8,10,10,7,15,6,13,4,2,10,10,21,9,10,7,7,10,4,8,5,5,5,6,10,14,17,17,10,11,3,11,14,5,7,6,7,0,0,4,24,10,5,8,8,3,12,8,14,8,6,11,9,5,9,8,8,15,10,7,11,10,10,12,9,8,9,7,16,13,14,6,8,10,20,9,11,5,7,5,18,8,8,11,16,13,14,12,21,5,4,7,5,4,5,16,12,7,11,5,11,13,13,12,11,17,13,14,0,15,15,23,4,3,13,14,22,14,17,9,2,4,7,13,20,9,18,7,4,6,21,14,11,11,6,10,9,20,19,10,16,19,14,4,12,16,5,13,13,7,11,23,9,70,1,1,14,11,22,10,13,15,6,11,8,9,13,9,6,11,8,18,9,17,5,12,7,13,13,23,19,13,17,2,8,9,19,13,13,10,13,8,7,12,20,9,5,7,9,5,13,16,8,12,15,9,17,14,22,82,2,5,16,7,4,19,11,19,7,9,24,21,15,10,9,10,13,16,37,24,11,7,6,3,3,8,13,11,10,6,17,15,19,17,13,9,5,5,7,24,16,7,5,4,8,9,25,21
HOUSEHOLD_1_469_CA_1_evaluation,HOUSEHOLD_1_469,HOUSEHOLD_1,HOUSEHOLD,CA_1,CA,1,2,6,1,1,0,0,1,0,1,0,1,1,0,1,1,0,2,3,2,1,1,1,1,1,0,0,0,1,0,0,0,2,0,0,2,1,0,1,1,2,2,3,0,0,0,1,2,0,3,2,2,1,1,2,1,0,1,2,0,1,0,2,1,0,0,3,3,1,0,1,1,0,0,0,1,1,1,2,3,2,3,0,1,1,1,2,2,0,2,4,2,2,1,2,1,1,1,0,2,6,0,0,0,0,1,1,1,2,1,1,2,2,3,3,1,0,1,0,0,4,0,2,3,1,2,0,2,0,1,4,0,1,2,1,0,2,1,1,2,2,3,2,0,1,4,3,3,3,2,2,1,1,1,0,3,0,2,2,1,1,0,3,2,0,0,2,5,2,0,0,0,0,0,0,0,4,3,2,3,2,1,4,2,3,2,5,1,1,0,6,0,1,0,2,5,2,4,2,0,1,0,2,3,3,0,0,0,2,2,1,2,2,1,0,0,1,2,2,0,1,1,1,1,2,2,2,2,0,2,2,1,0,0,2,0,0,1,1,3,0,1,0,1,2,1,5,0,0,0,1,0,1,0,2,2,2,1,1,1,1,0,0,2,1,0,1,0,0,1,2,0,0,2,3,2,0,0,1,0,1,3,0,0,0,2,0,0,0,0,2,0,3,0,1,0,1,0,1,0,1,4,2,0,2,0,2,3,1,1,2,0,2,1,3,0,0,2,2,0,0,1,1,0,1,1,3,0,0,4,0,0,1,1,0,0,2,3,0,1,1,1,3,2,0,0,1,0,0,1,1,0,1,0,2,0,0,2,4,2,1,0,1,1,1,2,1,1,0,1,0,1,2,0,0,2,1,0,0,1,1,0,1,0,1,2,0,0,2,1,1,2,0,1,2,2,1,0,2,1,3,0,5,0,0,2,0,0,2,0,1,1,3,1,1,3,1,0,0,0,1,0,2,1,2,1,1,1,1,3,1,0,0,1,1,1,0,2,0,1,0,1,3,1,0,2,1,1,0,1,0,1,1,0,2,2,1,0,1,0,0,2,0,2,1,0,1,0,0,0,0,3,0,0,1,0,3,4,1,0,0,2,0,0,1,1,0,2,1,1,2,1,1,0,2,2,2,3,2,1,0,4,0,0,4,1,4,1,1,2,2,0,0,1,0,0,2,0,0,1,1,1,3,0,0,0,2,2,0,0,0,0,2,2,0,0,0,1,2,1,0,0,1,0,1,2,0,0,0,1,0,0,2,1,0,0,1,1,1,1,0,0,1,1,0,0,2,0,0,0,0,0,0,1,2,0,0,0,0,0,0,0,0,0,0,0,0,0,0,0,0,0,0,0,0,0,0,0,0,0,0,0,0,0,0,0,0,0,0,0,0,0,2,0,1,0,2,1,1,0,0,0,2,1,0,0,1,2,0,1,1,0,0,0,0,0,0,0,0,0,0,0,0,0,0,0,0,0,0,0,0,0,0,0,0,0,0,0,0,0,0,0,0,0,0,0,0,0,0,0,0,0,0,0,0,0,0,0,0,0,0,0,0,0,0,0,0,0,0,0,0,0,0,0,0,0,2,2,1,0,3,4,0,0,3,0,1,1,2,2,2,0,0,1,0,2,3,3,0,2,0,3,5,1,2,1,1,3,2,0
HOUSEHOLD_1_473_CA_1_evaluation,HOUSEHOLD_1_473,HOUSEHOLD_1,HOUSEHOLD,CA_1,CA,6,4,5,8,5,5,2,5,3,8,3,5,7,3,6,8,5,7,5,5,5,8,6,4,3,9,2,3,12,9,5,2,5,5,7,9,5,8,7,6,4,7,7,9,4,3,4,7,3,6,8,6,2,5,6,4,6,5,5,5,6,10,2,7,6,8,3,5,4,9,4,6,5,3,8,3,4,9,5,4,6,3,10,6,6,9,8,2,5,6,10,8,6,9,3,3,3,4,4,10,4,6,1,4,5,7,10,10,8,3,2,3,5,9,3,1,3,1,6,6,7,5,4,3,2,6,1,10,5,6,6,3,7,9,10,5,3,3,5,6,5,4,5,1,3,5,5,7,7,7,6,3,7,4,13,4,6,2,2,4,6,8,12,6,5,3,3,2,4,11,3,5,7,4,6,7,10,6,4,3,4,1,5,2,2,1,5,3,7,6,5,3,5,3,6,4,4,8,1,9,9,2,4,3,8,4,2,5,1,3,7,10,5,4,3,0,4,1,6,4,9,3,4,3,4,10,4,2,4,3,4,8,6,5,4,1,3,6,6,5,3,6,3,2,3,4,5,3,1,3,3,4,8,4,5,3,4,4,3,6,5,5,4,3,3,3,10,6,9,3,1,0,0,4,7,3,4,3,2,5,6,7,6,7,4,1,7,10,7,6,4,5,0,0,4,8,4,1,4,2,2,4,8,5,2,2,1,3,6,5,3,1,3,4,3,5,1,2,4,5,3,6,6,3,5,2,5,5,7,6,11,5,2,6,4,5,2,7,3,0,4,7,7,4,8,7,2,0,0,0,7,5,4,7,6,4,6,4,8,5,5,3,1,4,9,4,5,8,3,2,2,9,7,9,4,6,7,3,7,7,6,2,7,2,7,4,9,5,2,2,4,5,5,6,6,8,3,3,9,7,6,6,5,8,6,7,9,9,6,3,5,8,4,7,4,6,3,3,6,3,4,12,10,6,7,5,2,7,6,7,4,4,7,6,5,8,4,6,6,7,7,6,10,3,5,6,3,7,7,10,8,3,5,3,3,9,6,3,12,1,4,9,6,10,10,7,7,7,8,6,4,9,5,3,4,9,1,7,3,4,5,3,2,8,4,8,7,5,8,4,15,9,5,5,6,7,7,12,7,2,10,4,3,6,6,6,10,2,8,5,9,4,6,6,10,2,2,6,8,5,7,3,3,5,2,6,5,8,7,2,1,3,3,9,3,4,1,0,0,4,5,5,8,3,1,5,3,9,3,2,4,0,4,9,10,7,6,8,4,9,3,9,8,5,5,2,3,4,5,6,4,2,4,7,5,6,5,4,2,0,0,5,5,7,8,4,1,4,9,6,3,5,5,4,7,8,5,7,5,6,6,4,4,6,4,0,8,2,6,4,8,6,4,2,3,2,7,4,2,5,3,4,7,9,7,8,8,4,4,3,8,11,4,2,4,6,4,8,8,8,4,7,4,4,6,10,5,6,6,5,3,5,10,1,3,5,0,0,11,4,4,3,2,3,4,7,9,7,7,4,5,2,10,5,3,3,4,8,5,6,11,5,3,1,9,7,7,6,6,3,2,4,4,5,7,3,1,8,4,7,8,4,5,3,3,7,6,6,9,5,4,7,3,5,4,4,8,2,5,4,3,6,7,10,4,5,6,4,2,3
HOUSEHOLD_1_474_CA_1_evaluation,HOUSEHOLD_1_474,HOUSEHOLD_1,HOUSEHOLD,CA_1,CA,0,2,5,0,2,1,2,2,3,4,4,0,0,0,1,4,3,6,3,0,2,0,1,2,1,1,2,1,5,1,0,0,3,3,0,0,0,1,4,1,4,1,5,0,0,0,1,1,2,3,0,1,5,1,1,1,2,0,0,0,2,3,0,3,2,1,0,1,1,2,2,2,4,2,0,1,0,4,5,1,1,1,0,2,4,2,0,0,1,0,0,0,6,1,0,3,0,0,2,3,2,0,3,0,2,0,2,2,0,1,4,0,2,3,0,0,1,0,3,1,2,1,1,0,0,1,0,1,6,1,0,3,4,1,0,1,4,5,0,1,0,0,3,1,1,1,4,1,2,0,1,0,0,1,1,0,0,1,0,3,2,4,4,0,2,1,2,4,0,1,5,2,2,2,0,3,3,1,1,6,0,2,2,3,0,0,0,0,3,3,0,6,0,0,4,1,3,2,0,0,0,0,2,0,3,3,0,0,1,0,1,0,0,0,2,0,0,0,1,0,1,1,0,0,1,6,0,0,0,1,2,1,0,0,2,0,0,0,2,4,0,1,0,2,1,3,4,4,1,0,0,0,0,1,3,0,0,0,2,5,0,1,0,0,0,0,1,0,2,3,2,3,0,1,0,0,0,1,0,1,1,4,2,1,1,0,1,0,2,2,0,1,0,1,3,1,0,2,0,0,0,0,0,0,0,9,2,1,1,0,1,4,4,1,2,0,1,2,0,3,0,0,6,0,0,0,0,2,2,3,5,0,2,1,0,0,2,7,0,0,0,0,0,2,1,0,0,0,2,1,0,2,4,0,2,4,6,1,1,5,1,1,3,1,0,7,1,1,0,0,0,4,4,1,1,0,1,2,3,3,0,2,3,0,0,3,0,1,2,0,5,2,5,5,1,2,1,4,3,1,2,0,1,1,10,3,11,0,2,0,2,0,2,0,4,0,4,0,3,2,2,0,1,1,4,0,0,5,0,0,2,1,0,0,6,0,2,8,2,1,2,7,2,2,5,0,5,8,0,0,2,0,2,1,1,2,1,0,5,2,0,5,9,1,0,0,5,3,1,4,0,5,3,2,1,2,5,1,1,2,0,0,0,1,5,4,0,3,1,0,3,6,0,0,0,0,1,4,0,2,6,2,4,6,4,1,0,2,0,1,0,4,3,0,2,13,1,2,2,8,6,0,6,1,1,1,1,1,4,0,1,0,5,9,1,4,2,3,3,4,0,5,2,1,1,1,2,4,0,0,1,0,2,2,2,6,1,3,3,3,3,0,2,1,0,0,0,1,1,1,0,2,2,6,3,5,1,2,0,1,0,5,0,1,0,1,2,0,1,2,0,3,3,2,0,3,0,2,2,3,0,1,4,0,2,0,1,1,0,1,3,0,1,0,0,0,3,1,4,0,4,0,1,1,1,0,0,2,0,1,2,0,3,2,2,2,0,4,0,1,0,1,0,1,3,4,1,0,6,0,0,3,0,2,2,1,0,3,4,5,0,3,2,4,2,1,2,2,0,2,1,4,2,1,0,3,0,0,7,0,6,0,1,1,2,6,3,3,3,0,1,1,1,6,2,15,0,0,0,4,1,4,2,2,2,0,3,4,0,3,2,0,2,1,2,1,0,0,0,4,1,0,1,2,0,1,0,0,2,6
HOUSEHOLD_1_475_CA_1_evaluation,HOUSEHOLD_1_475,HOUSEHOLD_1,HOUSEHOLD,CA_1,CA,1,0,2,1,0,0,1,0,1,1,0,1,0,1,2,1,1,2,1,0,1,0,0,3,0,1,1,1,0,0,0,1,1,0,2,3,0,0,0,2,0,0,2,0,0,1,1,3,1,0,1,0,0,4,2,0,0,0,0,1,1,0,0,1,0,2,0,0,1,0,0,1,1,0,0,0,1,1,0,0,0,0,0,1,2,1,0,0,1,0,0,1,0,1,1,2,1,0,0,0,1,1,0,1,1,0,1,1,0,0,1,0,1,3,1,0,0,0,0,1,0,0,0,0,1,1,1,0,0,2,1,1,0,0,2,0,0,1,1,0,0,0,0,0,0,0,0,0,0,0,0,0,1,1,0,2,0,0,0,0,0,0,0,0,0,1,0,0,1,0,0,0,1,0,0,1,0,0,0,1,0,0,1,0,0,1,0,0,1,2,0,0,0,0,0,0,1,1,0,0,0,0,0,1,1,0,0,0,1,1,0,1,0,0,0,0,1,0,0,2,0,0,0,0,1,0,0,0,0,0,0,1,0,1,3,0,1,0,1,1,0,0,1,0,0,0,0,0,0,0,0,0,1,0,2,0,2,0,1,0,0,0,0,1,0,0,0,3,0,0,0,0,1,1,1,0,0,0,2,1,0,0,0,0,0,0,0,0,1,0,0,0,0,0,0,0,1,0,2,0,1,1,1,0,0,1,1,0,1,0,0,0,0,0,0,0,0,0,0,0,0,0,0,0,0,0,0,0,0,0,2,1,0,3,2,0,3,0,0,0,0,0,0,0,0,0,0,2,0,1,0,0,0,0,0,0,1,1,3,0,0,1,0,1,0,1,0,1,1,0,1,0,0,3,2,0,0,1,0,1,0,1,0,1,0,1,0,1,0,0,1,2,0,0,0,0,0,1,0,0,2,0,0,0,0,1,1,0,0,0,1,0,1,0,0,1,4,0,1,0,1,0,0,1,0,1,2,0,2,0,0,0,1,0,1,0,0,0,0,0,0,1,1,1,1,1,0,0,0,0,0,0,0,0,1,1,0,0,1,2,1,0,0,0,1,0,1,0,2,0,2,1,1,0,0,0,0,1,0,1,0,0,1,2,0,0,1,1,0,0,0,0,0,1,0,0,1,1,2,0,0,1,0,0,1,1,1,0,0,0,0,0,0,0,0,0,0,0,1,0,0,1,0,1,0,0,1,0,1,0,0,0,0,1,0,0,1,1,0,1,2,0,1,0,0,1,0,1,0,1,0,0,1,0,2,0,1,0,0,0,0,0,0,0,0,0,0,2,0,0,0,0,0,1,0,1,1,1,1,0,0,1,0,0,0,0,0,0,0,0,0,0,0,0,0,0,0,0,0,0,0,0,0,0,0,0,0,0,0,0,0,0,0,0,2,0,0,2,0,1,0,1,0,0,1,0,0,2,1,1,0,1,0,0,0,0,0,0,0,0,0,0,0,0,0,0,0,0,0,0,0,0,0,0,0,0,0,0,0,0,0,0,0,0,0,0,0,0,0,0,0,0,0,0,0,0,0,0,0,0,0,0,0,0,0,0,0,0,0,0,0,0,0,0,0,0,0,0,0,2,0,0,0,0,0,0,0,0,0,1,1,0,0,0,0,1,0,2,0,3,1,1,0,1,1,0,0,0,2,0
HOUSEHOLD_1_477_CA_1_evaluation,HOUSEHOLD_1_477,HOUSEHOLD_1,HOUSEHOLD,CA_1,CA,2,0,2,0,0,1,1,3,1,0,0,0,1,0,0,0,2,0,0,0,0,0,1,0,0,0,1,0,0,1,0,0,1,0,0,0,2,0,0,0,0,0,0,1,1,0,0,0,1,0,0,0,0,0,0,0,0,2,0,1,1,0,0,3,0,1,0,0,0,0,0,1,1,1,2,2,2,0,0,0,0,0,0,6,0,0,0,0,0,0,2,1,0,0,0,0,3,0,0,2,1,0,3,0,0,1,0,0,0,1,0,0,1,1,1,0,1,2,0,0,2,0,1,0,3,0,0,0,0,0,0,0,0,0,0,0,0,0,0,0,0,2,3,0,1,1,0,1,2,0,0,0,0,0,0,0,0,0,0,2,0,1,0,0,0,0,0,0,0,1,0,0,1,0,1,4,0,0,0,0,0,2,0,0,0,0,1,2,0,0,1,0,0,0,0,2,2,0,0,0,1,0,0,0,1,4,1,0,0,0,0,0,0,0,0,0,0,0,0,0,0,0,0,0,0,0,0,0,0,0,0,0,1,0,1,0,0,0,1,0,1,0,1,0,0,1,1,1,0,0,0,0,0,0,0,0,0,0,2,0,0,0,0,1,0,0,1,0,0,0,0,0,0,0,0,0,0,0,0,0,0,1,0,0,0,0,0,0,0,0,0,0,0,0,0,0,0,0,0,0,0,2,0,0,3,0,0,0,0,1,0,0,0,1,0,0,2,0,1,0,0,0,0,0,0,0,0,0,0,1,0,0,0,0,0,0,0,0,0,0,0,6,0,0,0,0,0,3,0,0,1,1,0,2,2,0,2,0,0,1,0,0,0,0,0,0,0,1,0,0,0,0,2,0,1,0,0,0,1,2,0,2,1,0,0,0,0,0,0,2,1,0,4,0,0,0,0,0,0,0,1,0,0,1,1,2,1,0,0,0,0,0,0,0,1,0,0,0,0,0,0,2,2,0,0,0,3,2,0,0,0,0,1,0,2,0,0,1,2,0,1,1,0,1,1,1,0,0,2,0,0,0,0,3,0,2,0,1,0,2,0,3,1,2,0,0,0,0,0,0,0,0,2,0,0,0,1,2,1,1,0,0,1,1,2,0,0,0,0,0,3,1,1,0,0,1,0,0,2,0,0,0,1,0,0,0,1,1,1,0,1,0,3,0,0,0,0,0,0,0,2,1,1,0,0,0,1,2,0,1,0,0,1,0,0,0,0,0,0,2,2,0,0,0,2,0,0,1,0,0,2,0,0,0,0,0,0,0,2,0,0,0,1,0,0,0,0,0,0,0,0,0,0,0,0,0,0,0,0,0,0,0,0,0,0,0,0,0,0,1,0,0,0,0,0,0,0,0,0,0,0,0,0,0,0,0,0,0,0,5,0,0,0,0,0,0,0,0,0,0,0,0,0,0,0,0,0,0,0,0,3,0,0,0,2,0,0,0,0,0,0,0,0,0,0,0,0,0,0,0,0,0,0,1,0,0,0,0,0,0,0,0,0,0,0,0,0,0,0,0,0,0,0,0,0,0,0,0,0,0,0,0,0,0,0,0,0,0,0,0,0,0,0,0,0,0,0,0,0,0,1,0,0,0,0,0,0,0,0,0,0,0,1,0,1,0,0,0,0,0,0,0,1,0,0,1,1,0,0,0
HOUSEHOLD_1_478_CA_1_evaluation,HOUSEHOLD_1_478,HOUSEHOLD_1,HOUSEHOLD,CA_1,CA,2,1,0,2,1,1,3,2,2,0,2,0,8,2,1,1,0,4,1,2,1,1,0,3,1,3,0,1,3,0,0,3,0,1,0,1,3,3,5,0,0,0,4,3,1,1,0,3,1,0,1,2,3,1,1,1,0,2,1,3,2,2,0,0,2,1,3,0,1,1,1,1,1,3,3,2,2,3,3,3,1,2,1,2,0,1,2,0,3,6,0,0,0,2,1,0,4,1,6,1,1,0,2,5,4,4,2,2,0,0,1,0,0,2,0,2,0,3,2,0,2,1,0,4,3,3,1,2,1,3,0,1,4,3,2,3,2,2,0,0,2,3,1,0,0,2,0,0,0,0,0,0,0,0,0,0,2,4,5,1,0,1,0,0,6,1,4,0,2,4,1,2,2,2,0,0,2,0,1,2,2,3,2,1,0,1,2,0,1,0,0,1,2,0,5,0,0,1,3,2,2,3,1,1,1,1,2,0,0,0,3,4,0,4,0,0,0,1,0,1,4,3,1,1,0,2,2,3,2,4,0,2,1,0,0,2,1,1,1,5,4,3,2,1,0,0,5,0,2,0,5,1,4,0,1,2,0,1,2,2,0,0,1,0,0,3,2,0,4,0,1,1,3,2,2,2,1,3,0,0,1,2,2,3,0,1,3,2,2,3,3,7,1,2,0,2,7,1,0,0,0,2,0,2,2,1,0,3,2,2,0,1,1,1,2,5,0,1,2,3,0,1,1,2,0,0,0,1,1,1,1,3,0,1,1,1,2,1,2,4,2,3,2,1,0,0,0,2,2,1,4,0,1,0,1,5,3,2,0,0,2,1,2,1,3,1,6,2,0,0,0,1,2,1,1,0,4,2,3,1,2,8,2,2,0,0,0,1,5,2,3,2,1,0,2,2,3,1,2,1,2,0,1,1,1,3,2,2,5,1,5,1,2,0,0,2,2,2,2,0,10,2,0,0,0,0,0,4,0,1,5,0,6,1,4,0,4,4,1,1,1,3,0,0,0,2,2,0,2,0,2,0,1,0,2,2,0,2,0,2,0,1,4,0,0,3,0,1,1,0,0,1,3,6,0,1,2,1,1,0,12,0,1,0,0,0,0,2,1,1,9,5,0,0,1,2,1,1,4,3,2,2,2,0,1,6,2,3,0,1,2,1,1,1,4,2,2,1,0,0,1,2,10,0,2,1,1,6,3,1,0,2,2,4,4,1,3,0,0,1,4,0,2,1,3,2,1,1,1,0,1,0,0,2,3,1,2,0,5,0,0,1,1,2,1,1,0,0,2,1,0,0,1,0,1,1,0,1,2,1,0,0,0,0,0,4,0,3,3,1,1,1,1,2,2,1,2,1,0,1,10,0,0,2,3,0,1,0,3,1,3,2,0,0,0,2,2,1,4,3,2,2,2,1,0,1,1,0,2,0,4,1,3,1,0,0,4,2,0,1,4,0,1,1,0,3,1,0,2,1,2,4,3,7,0,0,0,0,1,2,0,4,1,2,0,0,0,0,0,0,4,1,3,2,0,2,1,1,2,0,0,2,1,3,1,2,2,0,0,0,0,2,2,2,2,0,0,0,0,1,1,0,1,0,1,0,4,0,1,3,6,2,0,0,1,2,2,1,1,1,2,0,0,2,4,1,0,3,0,0
HOUSEHOLD_1_479_CA_1_evaluation,HOUSEHOLD_1_479,HOUSEHOLD_1,HOUSEHOLD,CA_1,CA,2,0,1,0,1,0,3,1,2,0,2,1,1,1,2,3,1,1,0,0,0,1,2,2,0,1,0,1,1,1,1,2,0,0,1,2,0,0,1,2,3,0,0,1,0,0,0,0,0,0,1,1,2,0,0,1,0,1,0,0,0,0,1,0,2,1,1,0,0,0,2,1,0,2,1,0,1,1,1,1,0,0,0,0,0,1,1,0,0,0,0,1,1,1,1,0,0,0,0,1,0,0,0,1,0,0,0,0,0,1,0,0,1,1,0,1,0,0,1,0,0,0,0,0,0,1,0,0,1,1,0,1,0,3,1,0,1,2,0,0,0,2,1,0,0,0,0,0,0,0,0,0,0,0,0,0,0,1,0,0,0,1,1,0,0,0,0,0,2,0,1,1,0,0,0,1,0,1,0,0,0,0,1,0,1,2,0,0,0,1,1,0,0,1,0,0,2,1,1,0,2,0,1,0,1,2,0,1,3,0,1,1,1,0,0,0,0,2,1,0,3,2,0,0,0,2,0,0,1,0,0,1,1,1,1,1,1,0,1,0,1,1,1,2,0,1,0,0,1,1,0,0,1,0,1,1,3,0,0,0,0,0,0,0,0,0,0,0,0,0,0,0,0,0,0,0,0,0,0,0,0,0,0,0,0,0,0,0,0,0,0,0,0,0,0,0,0,0,0,0,0,0,0,0,0,0,0,0,0,0,0,2,0,0,0,0,0,0,1,0,0,0,0,0,1,1,1,0,0,0,0,0,0,0,0,0,0,0,1,0,0,0,1,0,0,1,0,0,0,0,0,2,0,1,1,0,1,0,0,0,0,0,2,0,1,2,1,1,1,0,0,0,1,0,0,1,1,1,1,0,0,0,0,2,0,1,1,1,1,1,0,0,1,0,0,1,1,0,0,0,2,0,1,1,0,1,0,0,0,0,0,1,0,1,0,1,2,0,2,0,0,0,0,0,1,1,0,0,2,0,0,0,0,0,1,2,0,2,1,0,0,0,0,0,1,0,0,1,1,0,0,0,0,2,1,1,0,0,0,2,0,2,0,0,1,0,0,1,1,0,0,2,0,1,0,1,1,1,0,0,1,1,0,0,0,1,0,2,1,1,0,2,1,0,0,0,0,0,2,1,0,0,0,0,0,1,0,0,0,0,0,0,0,1,0,0,1,0,0,0,0,2,0,0,0,0,1,1,2,0,0,1,0,0,1,0,0,0,0,1,1,1,0,0,0,0,0,0,0,0,0,0,0,0,0,0,1,0,0,0,0,1,0,1,0,0,0,1,0,0,0,1,1,1,1,0,0,0,0,1,0,0,0,0,0,0,2,1,0,0,1,1,0,0,0,0,1,0,0,1,0,0,0,0,1,0,0,0,0,0,3,0,0,0,1,1,2,0,0,0,0,0,1,0,1,1,0,0,0,0,0,0,0,0,0,0,0,0,0,0,0,0,0,0,0,0,0,0,0,0,0,0,0,0,0,0,0,0,0,0,0,0,0,0,1,0,0,0,0,0,0,0,0,0,0,0,0,0,0,0,0,0,0,0,0,0,0,0,0,0,0,0,0,0,0,0,0,2,0,0,1,0,1,0,0,0,1,1,1,1,0,0,0,0,2,0,0,1,0,2,1,0,0,1,0,0,1,0,0,0
HOUSEHOLD_1_482_CA_1_evaluation,HOUSEHOLD_1_482,HOUSEHOLD_1,HOUSEHOLD,CA_1,CA,2,2,2,1,1,1,4,2,1,5,0,2,0,1,0,1,0,0,0,0,2,3,1,1,1,1,3,1,2,6,0,2,2,0,2,2,4,2,5,0,0,1,0,0,1,0,0,0,0,0,0,0,0,0,0,0,0,0,0,0,0,0,0,0,0,0,0,0,0,0,0,0,0,0,0,0,0,0,0,0,0,0,0,0,0,0,0,0,0,0,0,0,0,0,0,0,0,0,0,0,0,0,0,0,0,0,0,0,0,0,0,0,0,0,0,0,0,0,0,0,0,0,0,0,0,0,0,0,0,0,0,0,0,0,0,0,0,0,0,0,0,0,0,0,0,0,0,0,0,0,0,0,0,0,0,0,0,0,0,0,0,0,0,0,0,0,0,0,0,0,0,0,0,0,0,0,0,0,0,0,0,0,0,0,0,0,0,0,0,0,0,0,0,0,0,0,0,0,0,0,0,0,0,0,0,0,0,0,0,0,0,0,0,0,0,0,0,0,0,0,0,0,0,0,0,0,0,1,0,3,1,3,1,0,0,4,4,4,1,1,1,3,1,0,1,3,3,1,1,2,1,2,3,4,1,0,1,4,2,4,1,4,0,0,4,1,1,3,2,2,2,2,3,1,7,1,2,0,4,1,5,2,2,5,3,2,1,3,4,4,2,1,1,2,3,3,2,3,1,0,3,2,2,1,2,1,2,2,2,1,1,2,1,3,3,2,3,3,0,3,2,3,1,5,1,3,3,2,0,5,1,1,6,2,4,3,1,1,3,2,0,0,3,1,7,1,1,2,2,1,0,1,1,0,5,1,5,3,5,4,1,1,2,1,3,3,3,0,6,0,1,3,4,2,2,2,2,2,1,3,2,1,2,2,1,1,0,1,1,2,3,3,1,3,2,3,0,0,3,3,0,1,1,1,1,2,0,0,6,3,0,1,2,5,2,1,2,0,1,1,3,0,0,0,2,4,1,0,3,0,1,1,1,1,0,1,3,0,1,1,0,0,1,2,3,3,1,3,2,2,0,1,2,0,2,3,2,2,3,2,0,2,2,3,1,3,6,2,0,3,3,3,3,0,2,1,1,2,4,2,0,0,0,2,2,1,0,0,2,2,3,1,2,1,1,0,1,1,4,2,0,0,0,2,1,0,0,3,4,1,1,3,1,1,2,3,1,1,3,3,1,3,1,2,0,0,1,3,1,1,0,3,0,2,3,1,1,1,1,2,1,4,0,4,5,2,3,0,2,3,0,0,2,1,3,1,0,1,1,2,1,2,1,2,1,1,1,2,1,2,0,3,1,0,1,0,2,1,1,1,0,0,3,1,4,0,2,2,0,0,2,1,1,1,0,0,1,1,2,0,1,4,2,1,0,0,2,2,2,0,3,1,1,0,0,1,2,2,3,1,2,1,1,3,1,0,0,0,0,0,5,2,4,2,0,1,4,2,1,2,0,3,2,1,1,6,2,2,3,3,1,2,2,0,3,0,1,0,0,2,3,1,1,2,2,2,3,4,0,1,2,0,2,2,2,0,2,0,0,0,6,2,3,0,1,1,1,6,4,0,0,0,0,0,0,0,0,0,4,0,2,0,3,0,2,1,2,4,3,3,1,3,2,2,2,3,1,2,1,2,3,1,4,5,0,2,2,3,4,3
HOUSEHOLD_1_494_CA_1_evaluation,HOUSEHOLD_1_494,HOUSEHOLD_1,HOUSEHOLD,CA_1,CA,5,5,1,3,0,3,1,4,3,5,5,3,2,1,4,4,4,3,2,2,2,5,3,1,5,0,2,1,4,4,5,2,5,0,4,4,2,2,2,3,5,2,2,6,1,3,2,2,1,1,6,3,2,5,1,2,7,3,2,4,4,0,3,1,2,6,3,6,4,2,5,4,7,4,4,2,2,7,4,5,0,1,4,4,2,2,5,6,7,1,0,2,8,2,8,1,1,0,4,3,7,7,1,3,4,5,5,2,3,3,3,2,4,7,3,3,2,4,5,5,5,5,4,4,3,3,6,5,5,5,2,2,2,8,2,3,7,3,3,2,4,9,2,1,1,2,7,5,6,2,5,4,2,4,6,4,9,1,3,4,5,4,3,8,3,8,1,4,4,7,0,7,2,5,1,7,9,2,0,5,1,4,5,7,2,1,2,2,1,9,3,4,3,3,6,4,4,2,8,3,1,0,5,5,2,2,0,2,3,0,6,3,7,0,3,0,2,4,10,3,0,2,1,3,5,6,1,2,1,3,4,5,2,2,2,1,2,4,5,3,2,1,3,5,3,3,1,2,4,0,1,2,4,5,3,2,2,2,0,7,9,4,2,4,1,3,4,4,1,5,1,2,4,1,10,3,2,5,1,3,5,9,4,0,3,1,6,3,6,0,4,0,5,2,2,3,2,6,1,1,0,7,7,4,0,0,4,4,1,4,5,1,4,10,2,6,4,3,2,9,2,1,5,8,3,1,1,0,2,14,3,0,0,0,4,3,3,3,2,1,1,4,2,1,6,4,2,1,0,4,2,3,1,3,4,0,2,4,7,4,2,0,0,0,2,4,6,4,1,1,2,5,7,6,2,3,2,4,5,9,1,0,2,1,1,4,6,5,0,3,3,1,4,3,2,2,3,4,5,3,4,4,2,5,4,5,7,0,5,1,2,2,4,4,2,1,1,6,1,3,3,4,2,1,3,2,5,1,4,5,1,4,0,3,7,3,5,2,3,2,2,7,5,6,0,1,2,1,3,5,2,6,0,5,5,6,5,4,0,3,2,6,4,10,4,1,4,6,2,6,5,5,2,5,4,4,3,4,4,5,1,0,4,3,7,2,3,2,3,5,6,7,4,2,2,3,3,9,6,3,3,3,7,3,7,10,3,0,4,1,2,7,9,4,6,2,2,5,3,7,5,3,5,2,5,1,6,4,7,1,3,0,6,8,7,4,2,2,2,7,8,2,2,0,1,3,5,8,0,2,3,1,7,5,8,5,2,4,4,8,3,5,4,10,1,1,3,4,7,4,2,3,6,2,10,4,4,4,2,3,0,6,3,6,3,5,5,4,3,8,5,4,4,1,3,4,5,0,8,2,3,5,7,5,9,3,2,0,6,4,6,5,4,3,3,2,5,4,4,2,0,6,5,8,7,3,4,5,6,7,8,4,2,2,3,4,5,6,8,5,3,3,2,4,3,9,4,1,3,6,4,7,11,1,0,4,2,3,10,5,3,2,4,1,5,7,5,5,2,3,1,6,4,3,4,4,2,2,3,4,6,7,5,3,3,3,8,6,4,2,1,1,4,7,5,4,3,2,1,2,2,6,5,4,1,2,2,3,8,5,4,3,2,2,2,4,7,1,3,1,5,5,2,2,4,1,2,2,6,7
HOUSEHOLD_1_497_CA_1_evaluation,HOUSEHOLD_1_497,HOUSEHOLD_1,HOUSEHOLD,CA_1,CA,1,2,2,1,0,0,2,1,1,1,0,1,2,1,0,3,2,1,1,1,0,3,2,0,2,3,0,0,1,2,1,1,2,1,1,0,2,1,0,2,0,0,1,2,1,0,0,0,0,1,1,0,0,1,2,0,0,1,0,0,0,0,0,0,1,2,1,0,1,1,2,0,0,0,1,0,0,0,2,0,2,0,0,0,3,3,0,0,0,1,1,1,2,0,0,1,0,2,0,3,0,0,1,0,2,1,2,0,0,1,0,0,3,1,0,0,2,1,2,1,2,1,2,0,1,1,2,1,1,1,0,0,1,2,2,1,1,1,1,3,3,2,2,1,1,0,0,1,1,1,0,0,0,0,0,0,1,1,0,0,1,2,2,1,1,0,1,1,1,0,1,0,0,0,0,2,0,1,0,2,0,1,1,1,0,0,0,0,0,2,4,2,2,3,0,3,0,1,1,0,1,0,0,1,1,0,1,0,0,0,0,3,2,0,0,0,2,1,1,1,0,0,2,1,7,0,3,1,0,0,0,1,1,1,0,2,1,1,0,2,2,3,2,0,0,3,5,2,1,0,1,1,0,0,2,0,1,0,0,3,0,0,2,0,0,1,3,1,0,1,0,0,4,0,2,0,0,1,1,2,2,2,1,1,1,1,4,2,1,2,2,2,0,0,0,0,1,1,0,0,0,2,2,0,2,0,1,4,1,3,2,1,2,0,2,2,1,0,2,1,2,3,2,4,1,1,1,2,0,1,3,0,5,1,0,0,8,2,1,4,1,1,4,1,4,0,5,4,0,0,6,5,1,1,3,1,1,3,6,2,2,0,2,3,1,6,5,0,3,1,0,6,1,1,0,1,0,0,3,3,3,1,0,0,4,0,2,0,2,1,4,4,2,2,1,1,0,0,3,0,3,3,1,0,2,2,2,3,0,3,3,1,2,4,4,5,2,2,2,0,3,5,1,4,2,2,3,5,1,2,1,2,1,3,1,2,0,5,2,1,3,4,3,4,0,1,1,2,5,5,1,1,1,1,4,3,6,0,2,1,0,2,8,5,2,3,1,0,0,3,2,2,2,0,1,3,5,6,0,2,3,1,1,3,1,1,1,0,2,2,4,3,3,0,2,1,1,4,2,4,2,0,1,3,3,2,3,0,4,2,1,2,7,2,2,3,1,2,3,7,1,1,2,2,3,1,0,3,3,2,1,1,1,5,2,1,1,0,0,2,2,2,0,2,1,0,2,5,1,1,2,0,4,0,5,1,4,0,1,2,5,3,1,2,0,1,2,2,2,1,5,2,1,3,6,6,0,2,4,0,0,1,2,5,6,1,3,0,0,4,3,2,0,2,1,4,3,2,2,0,0,3,2,7,4,0,5,3,1,3,4,3,2,0,3,0,1,4,1,0,1,1,3,4,1,3,0,2,3,0,1,1,5,2,3,1,1,4,2,0,1,3,0,3,0,9,2,1,0,1,2,1,9,2,2,2,0,1,4,3,0,1,1,1,4,0,2,1,2,3,1,4,3,3,1,2,2,1,1,8,1,1,1,2,1,0,2,1,3,1,2,0,1,3,4,0,0,0,1,2,1,2,0,0,1,2,1,2,1,0,2,0,0,0,3,2,2,1,2,1,0,1,2,1,1,2,1,0,3,3
HOUSEHOLD_1_498_CA_1_evaluation,HOUSEHOLD_1_498,HOUSEHOLD_1,HOUSEHOLD,CA_1,CA,3,3,1,3,0,2,4,4,4,3,2,0,2,2,2,2,5,3,3,5,1,10,0,4,2,1,0,2,3,5,2,1,2,2,1,1,4,3,3,2,1,1,4,5,1,0,0,1,1,6,3,0,2,3,1,2,3,5,3,1,4,1,3,1,4,2,3,3,0,3,2,4,3,0,4,2,3,1,3,2,4,1,6,3,6,7,3,2,3,4,3,0,6,4,1,2,2,1,3,1,3,2,2,5,4,4,2,4,2,0,3,3,1,3,5,2,1,1,0,6,4,2,1,3,0,3,1,3,2,1,1,1,4,2,5,1,1,3,4,2,2,5,2,1,4,1,2,6,5,3,2,2,1,3,5,5,3,1,1,2,1,5,3,0,2,3,0,3,3,4,0,1,1,1,3,0,3,4,1,1,2,0,5,3,4,3,0,1,0,0,1,3,0,0,0,0,1,7,1,3,2,1,1,0,6,1,0,1,2,1,4,1,3,2,5,0,0,4,1,6,1,3,0,4,5,1,4,5,6,4,0,2,6,1,0,1,1,3,5,5,1,1,0,3,1,5,3,3,5,2,0,1,1,8,3,3,0,3,1,4,3,5,2,3,2,2,2,1,3,1,3,1,5,4,4,0,1,2,1,4,4,7,1,0,5,1,2,3,5,0,5,2,1,5,3,7,4,1,1,0,2,3,4,2,2,1,2,5,7,1,1,3,5,3,4,5,0,0,0,1,2,4,3,4,0,5,3,1,5,3,3,7,1,4,3,2,5,2,4,1,0,0,1,3,4,6,0,0,0,2,3,4,3,5,4,1,1,5,5,3,0,3,0,0,1,2,2,1,2,0,2,3,5,5,2,1,4,6,5,2,1,1,2,5,2,4,4,3,2,7,2,4,4,2,2,2,3,0,4,4,7,0,6,8,1,2,3,11,2,2,2,1,1,3,5,0,3,2,2,4,1,1,0,0,0,1,0,2,1,3,4,0,1,2,1,4,3,0,4,1,2,2,4,2,0,2,2,6,5,3,0,1,2,7,3,5,1,2,3,2,3,1,1,3,2,2,0,3,2,1,3,3,1,2,5,1,2,5,1,0,1,4,3,2,1,2,4,4,0,3,3,1,3,0,0,0,5,3,2,3,0,2,1,0,1,6,3,0,2,1,2,4,4,1,4,2,5,0,4,5,1,1,1,2,0,3,1,2,2,0,1,1,3,1,1,1,1,3,1,1,6,0,1,0,1,0,2,3,4,1,1,1,0,1,4,1,3,1,4,4,3,3,1,6,0,0,0,4,1,1,0,0,2,1,2,3,3,1,0,4,0,1,1,2,2,0,1,1,2,1,1,2,1,6,2,2,2,2,3,2,2,3,6,3,0,0,2,0,0,5,1,1,0,0,3,1,4,2,3,0,2,3,1,2,7,3,4,1,0,5,3,3,4,4,0,2,2,3,3,5,0,1,4,0,6,6,0,3,3,4,2,0,8,1,1,3,1,0,2,6,2,4,2,7,3,3,2,0,2,1,5,1,0,2,1,1,2,2,2,3,1,4,0,1,5,1,5,3,0,5,2,4,2,2,4,2,3,1,2,1,2,6,1,0,2,1,2,2,1,2,2,1,2,1,7,1,2,4,1,1,0,3,3,5,2,1,3,1,2,2
HOUSEHOLD_1_503_CA_1_evaluation,HOUSEHOLD_1_503,HOUSEHOLD_1,HOUSEHOLD,CA_1,CA,1,4,1,0,1,2,0,3,1,2,0,0,0,0,0,0,0,0,0,0,0,0,1,2,1,1,0,0,1,0,0,0,0,0,0,0,0,0,0,0,0,0,2,3,5,4,5,10,2,0,0,0,0,0,0,4,3,4,0,0,4,2,0,0,1,3,0,2,1,1,2,2,1,1,0,1,0,1,2,0,0,1,0,4,2,3,1,2,4,3,1,1,2,1,1,0,0,3,0,5,6,0,3,0,0,3,1,0,0,2,2,8,1,2,3,0,0,0,0,4,2,0,1,2,0,2,1,4,1,0,0,5,1,4,3,1,2,2,2,2,2,2,1,4,1,1,0,2,2,1,3,1,0,1,3,3,2,0,0,0,0,3,1,3,0,0,3,4,1,6,0,2,0,1,1,3,4,2,0,1,6,0,4,0,1,3,2,1,2,3,0,0,2,2,2,4,2,0,0,0,0,0,1,3,4,1,2,1,2,1,1,2,5,2,1,0,0,4,3,2,2,1,0,1,3,0,0,0,0,0,0,1,3,1,0,0,3,0,0,3,3,0,0,0,2,5,1,1,0,0,0,0,2,3,0,2,0,2,2,2,2,0,1,1,3,2,0,2,1,1,0,1,1,3,1,1,3,0,1,1,2,5,1,4,1,2,0,1,3,4,1,0,0,0,3,4,1,1,1,1,1,2,0,1,1,0,0,1,0,1,1,4,1,2,4,2,1,0,0,2,0,1,1,0,2,1,0,2,3,0,1,0,0,0,1,2,1,2,1,0,0,1,2,2,2,4,0,1,3,3,0,1,1,1,0,2,0,2,1,1,4,1,0,1,2,1,1,2,2,0,0,5,3,2,2,2,1,0,1,1,4,5,1,0,1,2,3,4,2,0,1,0,2,2,0,1,1,3,0,3,2,2,1,1,4,2,0,1,1,1,2,2,2,0,3,1,0,0,0,0,2,2,0,2,2,0,1,0,1,0,2,0,1,1,2,6,0,4,0,0,0,4,2,1,0,3,0,1,2,1,3,1,0,2,0,2,0,0,0,0,0,1,2,1,1,3,1,3,0,1,2,0,2,2,1,1,2,0,2,1,1,0,2,1,4,1,1,0,1,2,1,2,0,0,0,1,0,0,1,1,2,0,1,1,2,2,1,0,2,1,0,4,1,2,0,1,2,1,2,2,1,1,2,1,0,0,7,0,4,3,8,0,0,1,1,3,2,3,1,2,2,0,1,1,5,1,1,0,6,0,6,0,0,0,0,0,1,0,0,3,3,2,2,1,1,5,2,2,2,1,0,0,0,1,1,5,1,0,1,2,0,2,4,1,1,1,2,0,5,2,1,0,5,3,4,0,3,1,2,0,6,2,2,3,0,1,1,4,3,3,4,5,0,0,0,1,2,0,0,2,2,2,3,0,7,4,2,0,4,1,1,7,0,2,2,1,2,2,2,1,5,2,0,1,2,0,0,1,0,0,2,2,4,2,0,0,1,0,1,1,3,2,3,2,1,2,2,3,2,0,3,0,0,0,2,0,0,1,1,12,0,2,1,1,1,1,2,1,0,1,0,2,4,0,3,0,2,0,1,0,2,2,0,1,0,3,1,2,1,3,0,1,0,2,2,0,0,0,3,0,4,1,0,1,0,0,1,1,1,0
HOUSEHOLD_1_505_CA_1_evaluation,HOUSEHOLD_1_505,HOUSEHOLD_1,HOUSEHOLD,CA_1,CA,0,0,0,0,0,0,0,0,0,0,0,0,1,1,4,3,2,2,0,0,4,5,0,2,1,4,1,1,5,5,1,1,0,3,2,2,2,1,4,1,4,1,2,2,1,2,1,4,3,4,0,3,0,0,0,0,0,5,6,0,0,0,2,2,2,3,0,2,2,1,4,4,5,2,0,0,3,4,4,2,4,3,2,1,2,3,3,1,0,5,3,3,6,0,2,0,1,0,0,0,1,0,0,2,2,3,5,1,0,1,0,0,0,0,0,0,0,0,0,0,0,0,0,0,0,0,0,0,0,0,0,0,0,0,0,0,0,0,0,0,0,0,0,0,0,0,0,0,0,0,0,0,0,0,0,0,0,0,0,0,0,0,0,0,0,2,3,4,2,0,0,0,0,0,0,0,0,1,2,4,3,0,0,3,0,2,4,1,1,2,1,1,3,3,1,3,0,1,2,2,1,0,1,1,4,0,0,1,1,1,2,1,3,2,0,0,2,1,0,0,0,1,2,1,5,2,0,0,2,0,2,2,2,1,1,1,1,0,3,0,0,1,1,2,3,1,3,0,2,0,0,0,5,4,0,2,1,0,4,1,3,3,0,2,1,0,1,1,5,4,3,3,1,0,0,1,0,3,2,6,0,0,0,3,2,2,0,5,0,0,0,3,0,1,4,4,0,0,0,2,2,2,6,0,0,0,4,5,3,6,3,2,5,1,1,2,3,1,2,0,3,6,1,0,2,1,2,1,3,4,4,3,2,3,2,1,4,4,0,2,5,1,2,6,4,3,3,7,2,3,4,6,0,4,1,1,3,2,2,2,2,4,1,6,4,0,0,0,0,1,2,0,0,0,0,0,0,0,0,0,0,0,0,0,0,0,0,0,0,0,0,3,9,6,6,0,2,2,1,1,3,2,2,4,1,5,1,2,2,4,0,5,2,2,2,2,4,1,2,2,4,3,5,1,3,4,1,3,6,4,2,4,2,2,1,4,3,2,3,4,2,4,5,1,3,1,3,3,2,2,7,5,2,3,3,3,4,0,3,2,2,4,2,5,1,2,3,0,4,4,3,3,6,3,4,4,1,5,4,3,4,2,2,2,4,4,5,1,3,2,8,2,2,3,5,4,3,5,1,4,4,5,3,2,4,2,2,2,4,3,1,5,2,2,4,2,1,6,5,0,2,0,2,5,6,2,1,1,4,2,0,3,1,3,0,0,1,2,9,6,3,0,3,1,0,4,3,4,3,2,1,1,2,3,8,1,3,3,2,3,1,1,5,2,3,1,3,3,3,4,3,3,0,7,5,5,3,3,1,4,0,2,5,1,5,1,3,3,5,3,4,6,3,3,3,2,4,2,1,2,3,3,7,5,1,1,3,0,3,5,4,6,4,1,4,3,3,4,4,6,2,2,4,6,3,0,2,2,2,2,2,3,2,1,3,0,4,4,3,0,2,2,3,4,0,9,2,1,0,2,0,1,5,1,0,0,1,4,1,4,2,1,0,1,3,3,5,7,1,3,0,2,5,1,3,1,1,1,4,2,1,2,2,2,3,3,2,3,4,2,1,2,2,2,1,2,2,3,0,2,4,0,0,0,1,2,1,3,4,0,3,5,3,1,3,2,0,0,1,1,2,6,1,1,3,2,4,1,2,2
HOUSEHOLD_1_506_CA_1_evaluation,HOUSEHOLD_1_506,HOUSEHOLD_1,HOUSEHOLD,CA_1,CA,3,2,1,3,3,3,1,3,3,3,4,4,2,1,1,0,0,0,0,0,0,0,0,2,1,5,1,2,4,2,1,1,5,1,1,1,0,2,1,2,4,0,2,2,2,3,2,3,0,6,0,3,0,0,0,1,5,2,3,0,0,1,0,0,0,2,0,0,0,0,0,1,3,3,3,1,0,0,0,4,1,3,1,5,4,3,1,1,5,2,4,5,4,1,1,1,2,2,3,4,4,3,2,1,2,4,3,3,2,7,4,1,1,3,3,4,1,2,2,6,4,4,2,3,1,5,3,4,2,2,5,3,0,0,7,5,0,4,0,3,2,1,0,0,2,2,3,0,3,0,1,0,1,1,1,2,1,0,1,0,0,2,1,1,1,0,1,0,0,3,2,4,2,1,0,2,0,1,2,3,0,3,4,5,1,2,0,3,0,2,2,2,2,1,1,0,0,1,0,2,0,0,0,3,0,1,2,1,2,1,0,4,0,0,1,0,1,1,1,1,1,0,0,0,2,1,0,2,0,1,2,0,0,1,1,1,1,0,0,1,0,0,0,1,0,1,0,2,0,0,1,0,0,1,0,0,1,0,0,1,0,1,2,1,0,3,0,1,1,1,0,0,0,1,1,0,0,3,0,2,2,0,0,0,0,0,0,1,2,0,0,2,0,1,0,2,2,0,2,0,1,4,0,0,1,1,2,0,2,2,1,0,3,3,0,0,1,0,1,0,0,0,2,1,0,0,0,0,0,4,2,0,1,0,1,0,0,1,0,0,1,2,1,2,5,0,0,0,0,0,1,0,4,1,1,0,0,0,0,0,0,0,0,1,2,1,1,0,1,0,0,5,4,2,0,1,0,0,0,2,2,2,1,0,0,2,1,3,1,1,2,3,0,0,2,2,3,1,2,3,3,0,1,3,1,2,3,0,3,2,3,2,1,4,6,2,0,2,3,1,1,3,1,2,1,3,1,3,1,3,2,2,2,1,1,0,1,4,3,2,1,1,6,3,0,2,0,0,0,5,3,6,5,2,3,4,4,2,1,2,1,3,7,6,6,1,5,5,1,2,5,0,0,5,2,2,5,4,2,2,1,4,1,2,3,4,1,0,1,1,6,4,4,6,3,0,2,3,7,0,0,0,0,1,4,3,2,2,5,1,1,4,6,3,3,1,1,0,4,0,0,1,1,0,3,3,3,3,2,1,0,2,3,2,3,1,1,1,2,1,2,1,1,0,0,0,3,1,0,0,0,0,0,1,1,1,1,0,0,1,0,1,2,1,0,0,1,0,1,1,0,1,0,0,1,3,1,0,0,0,0,0,1,2,0,1,0,2,0,1,2,0,0,1,1,0,2,0,0,1,0,0,0,2,0,0,1,0,0,3,0,0,1,1,0,2,0,0,1,1,0,0,2,0,0,2,0,0,0,2,0,2,2,0,0,0,0,2,2,0,0,1,2,0,0,0,0,1,1,2,0,1,1,0,2,1,1,0,3,3,1,1,1,0,1,1,2,2,0,0,0,2,1,1,1,2,0,0,3,0,2,3,1,2,0,2,2,3,2,1,1,0,0,3,2,2,0,2,0,1,1,5,0,0,3,0,2,4,1,1,0,1,0,0,0,0,0,3,1,0,0,0,0,1,0,2,3,1,2,2
HOUSEHOLD_1_508_CA_1_evaluation,HOUSEHOLD_1_508,HOUSEHOLD_1,HOUSEHOLD,CA_1,CA,0,0,0,0,0,2,1,1,3,1,1,0,0,0,2,0,0,1,0,0,2,0,0,1,0,0,1,2,0,0,0,0,1,0,3,0,0,0,3,0,1,0,1,0,1,0,1,0,1,1,0,0,0,2,0,2,0,1,1,0,1,0,0,0,0,0,1,0,2,1,1,1,0,0,1,2,3,1,0,4,1,0,0,0,1,0,0,0,0,0,0,0,2,0,2,0,0,2,3,0,1,1,1,0,0,1,1,0,1,0,1,2,1,3,0,0,2,0,1,2,0,2,2,0,3,0,0,2,1,0,0,1,1,1,3,1,1,0,0,2,0,5,0,0,2,0,1,1,3,2,0,1,0,3,1,2,1,1,0,0,1,1,0,0,0,0,0,0,0,5,0,3,1,0,1,2,2,4,0,0,1,1,5,3,4,0,0,1,0,4,0,0,0,0,0,0,0,0,0,0,2,3,2,0,7,2,0,0,1,1,7,3,2,0,0,0,0,4,2,0,0,0,0,1,0,0,0,0,0,0,0,0,1,0,1,0,0,3,2,3,0,1,1,0,1,0,1,1,0,0,0,1,0,1,0,2,0,1,0,2,0,0,0,0,0,0,1,0,0,0,0,0,0,3,0,3,0,0,1,0,0,1,0,0,0,1,1,1,0,0,0,0,0,0,0,0,0,0,0,0,1,0,1,1,0,0,0,1,1,0,1,2,1,0,1,0,0,0,0,2,1,2,1,0,0,1,0,0,1,1,1,0,0,0,1,0,0,1,0,0,0,1,1,1,0,0,1,0,2,3,1,0,0,0,0,0,0,2,0,0,0,0,0,1,1,0,0,1,0,0,0,1,0,0,0,0,1,0,0,1,0,0,0,0,0,0,0,0,0,0,0,3,0,0,0,0,0,0,0,0,0,0,0,0,0,0,0,0,0,0,0,0,0,0,0,0,0,0,0,0,0,0,0,0,0,0,0,0,0,0,0,0,0,0,0,0,0,0,0,0,0,0,0,0,0,0,0,0,0,0,0,0,0,0,0,0,0,0,0,0,0,0,0,0,0,0,0,0,0,0,0,0,0,0,0,0,0,0,0,0,0,0,0,0,0,0,0,0,0,0,0,0,0,0,0,0,2,2,0,0,0,0,0,3,0,1,1,0,1,0,3,1,3,0,1,1,0,1,0,1,1,3,0,0,0,2,2,0,0,0,0,0,0,0,0,0,0,0,0,0,0,0,2,1,2,3,0,2,1,1,1,2,0,0,0,0,2,4,0,0,1,0,2,0,1,0,1,3,0,1,5,1,0,4,2,0,3,3,0,1,0,2,0,2,2,1,0,0,0,0,0,0,1,0,1,1,0,1,0,0,0,1,0,1,1,0,1,0,1,0,2,0,0,0,1,0,1,2,1,0,1,1,1,1,2,0,0,0,0,0,1,1,2,0,0,1,0,1,1,0,0,0,0,0,1,4,1,1,0,0,0,0,0,0,1,0,2,1,0,1,0,0,1,2,1,0,2,0,0,0,1,0,2,0,1,0,0,0,1,0,0,0,0,1,1,0,3,3,1,1,0,0,1,0,2,0,0,0,1,0,1,0,1,1,0,3,2,1,0,0,0,0,0,1,1,1,2,1,1,0,0,2,0,0,0,1,0,0,1,1
HOUSEHOLD_1_510_CA_1_evaluation,HOUSEHOLD_1_510,HOUSEHOLD_1,HOUSEHOLD,CA_1,CA,3,4,1,2,0,0,1,3,2,1,0,1,0,1,2,1,3,2,0,0,0,0,0,1,0,1,1,2,1,0,0,1,1,2,0,1,1,0,2,2,2,0,0,0,0,0,0,0,0,0,3,2,2,1,0,0,3,0,4,1,1,2,2,2,2,5,2,2,6,1,4,3,2,3,0,1,2,1,3,2,4,1,1,2,3,2,2,1,2,3,3,2,0,3,3,1,1,1,1,1,3,0,3,1,3,3,3,1,0,1,1,0,3,3,0,2,1,4,0,2,1,3,1,1,2,1,3,0,3,0,0,2,2,1,3,1,1,4,0,2,0,2,1,0,2,1,2,3,2,3,1,1,0,0,1,0,1,0,0,1,1,3,0,1,1,1,1,0,6,1,2,1,1,1,3,1,1,1,2,1,2,1,3,3,3,2,0,0,0,1,0,0,0,0,0,0,0,4,0,2,1,2,2,1,2,2,1,1,2,1,2,1,2,3,0,0,1,2,2,0,1,1,0,1,2,2,2,0,1,0,2,3,2,0,0,2,0,1,3,1,3,2,2,0,1,0,1,1,2,1,1,0,3,2,1,0,2,0,2,0,0,4,1,2,1,0,1,6,2,1,0,1,1,0,0,4,0,1,1,2,1,1,1,2,1,2,4,0,4,2,1,1,0,2,0,3,0,0,2,0,1,2,2,3,2,3,0,1,0,1,2,0,1,1,2,2,2,1,0,0,1,2,0,0,1,1,1,0,1,0,0,1,0,0,0,1,1,0,0,0,1,1,2,4,3,0,3,0,1,0,2,1,1,1,1,0,0,1,3,2,1,1,0,1,1,0,3,1,0,1,1,0,3,0,1,1,0,2,2,0,1,1,1,3,1,4,0,2,0,2,0,2,2,1,1,2,0,1,1,0,3,0,0,0,2,0,0,1,2,2,1,0,0,1,2,1,0,0,4,3,1,0,1,0,2,3,1,0,3,4,1,1,2,0,1,3,3,1,3,4,0,0,2,1,0,2,5,2,2,4,1,0,0,0,0,1,1,3,1,0,1,3,2,1,1,2,2,1,2,0,0,0,0,3,0,3,1,3,0,1,0,1,1,0,2,2,1,1,0,2,1,1,0,2,2,0,2,2,2,1,2,0,2,3,0,4,4,1,2,2,4,1,5,0,0,0,2,1,3,4,3,2,1,1,1,3,3,2,1,1,2,3,3,1,2,0,1,2,1,0,0,1,4,1,0,2,1,0,3,0,2,1,1,1,1,1,0,3,1,1,1,2,0,4,1,0,0,0,0,1,1,0,1,2,3,3,1,1,4,2,0,0,4,1,1,1,2,1,0,3,2,0,0,0,0,2,2,0,1,2,0,1,2,2,3,2,2,1,3,4,0,0,6,0,0,2,3,0,1,3,0,1,3,1,1,2,6,1,4,2,0,1,3,3,0,0,0,0,2,1,5,3,1,0,3,2,3,1,4,1,2,4,3,4,3,0,1,2,7,0,2,0,0,1,3,3,6,3,2,2,2,1,2,0,0,2,1,4,0,2,2,0,2,3,1,3,1,3,1,0,0,1,3,2,1,1,4,1,2,0,1,4,3,0,2,1,2,1,0,1,1,0,0,1,0,4,1,0,2,0,1,0,2,0,1,2,3,1,0,3
HOUSEHOLD_1_514_CA_1_evaluation,HOUSEHOLD_1_514,HOUSEHOLD_1,HOUSEHOLD,CA_1,CA,8,10,12,2,4,6,10,11,18,5,5,5,5,10,13,8,11,8,9,1,8,13,13,3,1,7,7,5,8,11,4,7,4,7,6,12,9,9,7,11,8,10,7,15,12,9,13,9,9,8,11,11,9,1,9,3,11,0,0,0,0,0,0,0,7,11,7,0,0,0,0,0,0,0,16,10,9,10,0,0,0,0,0,0,0,12,9,7,14,4,10,12,16,19,9,2,8,9,14,9,12,12,0,0,0,0,0,0,0,6,5,7,13,13,10,6,5,7,6,10,0,0,0,0,0,0,0,15,10,5,4,6,14,9,12,7,17,11,2,7,14,19,10,5,6,8,5,5,18,9,10,9,6,9,8,20,7,5,5,8,8,10,19,11,4,9,4,12,11,22,12,7,0,0,0,0,0,0,0,3,9,4,10,8,10,12,5,8,2,12,19,8,7,12,10,3,19,13,11,8,5,5,2,9,15,2,9,7,8,1,8,17,15,9,8,0,8,11,9,8,14,8,6,10,14,0,0,0,0,0,0,0,16,8,1,4,2,2,8,8,7,4,13,1,3,7,7,3,6,6,7,9,18,13,4,13,7,12,4,9,18,15,5,6,2,4,4,7,8,3,2,0,0,7,17,5,6,6,6,9,8,14,11,17,5,6,8,8,15,5,9,9,3,8,13,21,12,11,3,6,4,11,10,3,2,10,5,3,13,11,6,3,9,16,2,16,10,10,10,9,6,7,13,18,4,4,3,13,5,6,15,6,8,5,4,7,8,13,9,7,5,3,6,11,15,13,4,8,5,7,10,9,17,7,11,3,10,15,18,12,7,4,1,3,5,15,14,5,9,2,9,13,15,12,6,10,8,2,14,13,6,11,4,7,7,10,14,9,5,4,8,7,11,16,7,7,4,1,13,14,11,13,7,9,2,12,8,17,9,12,12,8,8,16,15,7,10,8,7,9,10,19,11,3,8,6,8,10,14,9,5,4,3,8,9,11,13,3,3,8,5,12,13,12,10,4,4,11,18,14,6,5,3,8,8,13,18,12,7,10,7,6,8,13,8,8,8,6,16,6,14,11,7,5,6,6,13,17,14,7,4,1,11,13,18,9,4,3,2,8,21,16,10,4,5,11,12,15,23,11,7,12,5,6,4,19,6,5,9,2,9,8,16,12,8,7,3,8,17,18,9,10,3,4,6,10,14,9,12,5,5,8,10,15,2,3,2,0,0,7,20,8,2,11,4,6,8,14,4,6,8,2,5,9,14,6,8,10,8,16,13,16,8,9,5,2,3,10,7,10,12,7,7,8,14,7,7,5,3,2,0,7,8,8,6,10,6,5,10,10,15,5,7,7,5,13,10,9,3,3,7,10,11,5,6,7,7,7,4,15,14,12,8,6,9,3,10,14,6,3,6,10,11,14,12,8,6,14,6,5,10,5,10,6,6,9,5,7,10,13,11,9,6,8,12,15,7,10,7,9,11,13,24,7,6,7,7,8,17,8,9,10,7,7,7,16,12,10,8,5,8,7,14,11,11,9,7,5,10,17,14,14,9,13,7,7,15,16,7,11,4,2,10,14,14,4,10,5,5,2,10,12,11,6,8,7,7,11,13,7,8,4,7,7,10,8,8,1,6,7,11,7,12,7,8,3,4,5,5,12
HOUSEHOLD_1_516_CA_1_evaluation,HOUSEHOLD_1_516,HOUSEHOLD_1,HOUSEHOLD,CA_1,CA,3,0,3,1,0,1,2,5,6,2,0,0,2,1,3,4,2,5,0,2,3,2,2,3,1,1,0,7,2,4,4,0,0,6,3,1,4,1,4,1,2,2,1,7,3,4,2,1,3,0,2,1,0,0,0,0,3,1,0,5,3,4,4,1,3,2,5,3,2,4,4,4,0,1,2,3,1,3,3,5,8,1,2,2,3,5,1,2,1,1,1,3,5,8,5,0,1,5,2,4,4,3,2,2,2,2,1,1,2,0,4,4,2,4,2,0,2,1,1,2,4,1,1,2,0,2,0,1,0,3,2,3,0,3,3,2,3,2,6,2,1,7,1,0,6,3,2,3,1,1,1,0,1,5,5,2,2,0,0,0,1,2,4,3,2,4,2,1,0,1,3,0,3,3,5,2,1,0,2,0,0,3,3,2,1,2,0,0,2,0,0,2,2,1,1,3,2,2,2,3,2,0,2,5,3,4,0,1,1,0,4,1,6,0,3,0,1,1,3,1,2,1,2,1,2,3,1,0,2,1,5,3,2,0,0,0,4,1,2,0,1,0,0,4,3,3,0,3,0,2,0,3,2,2,1,1,1,0,4,4,1,2,0,1,3,6,2,1,1,2,2,2,0,0,6,2,2,2,3,1,2,4,1,0,6,3,3,0,0,0,0,0,3,4,3,4,2,3,0,1,6,4,1,2,2,2,1,2,0,2,0,3,1,0,3,5,3,3,1,1,4,1,1,4,3,4,0,1,1,6,2,2,0,3,1,2,3,1,2,2,3,1,1,0,1,3,2,3,2,3,2,2,3,1,3,3,3,2,3,1,3,3,0,5,2,4,1,2,1,1,2,5,4,0,5,3,0,1,0,2,2,1,1,3,2,6,1,4,1,0,0,2,3,3,3,3,2,0,2,2,3,4,1,3,3,3,0,4,4,5,2,1,1,0,3,1,1,2,3,4,1,6,5,3,1,1,1,3,2,1,2,1,4,2,1,4,3,2,3,1,2,0,1,1,2,3,0,1,1,3,4,1,0,0,3,0,4,0,2,0,0,1,2,4,2,1,0,1,3,4,3,0,2,0,4,1,1,3,1,1,1,0,3,6,2,1,2,2,1,1,1,3,4,0,1,1,1,3,1,1,2,1,4,4,2,2,1,1,1,1,4,0,2,5,0,1,2,1,4,1,2,3,0,1,0,3,1,0,9,1,1,0,2,4,4,5,1,2,3,2,4,6,4,1,2,3,1,5,2,1,0,3,1,1,0,2,5,2,0,2,2,1,3,3,1,0,1,1,3,0,1,2,2,3,1,4,0,0,0,0,0,5,3,1,4,1,0,2,4,4,1,1,1,0,0,4,2,2,3,2,1,3,1,1,1,3,5,0,2,3,2,5,1,2,1,2,1,3,3,0,4,2,3,3,0,1,0,0,0,0,0,0,1,1,5,2,3,0,0,2,1,2,1,1,3,2,2,2,1,0,2,2,3,3,0,2,4,1,2,2,1,2,0,0,2,4,8,1,0,1,1,1,1,1,0,1,0,0,0,1,4,1,0,1,1,2,3,1,2,1,0,1,0,0,4,4,5,2,1,0,2,4,0,1,1,0,2,3,5,1,1,1,1,2,1,2,1,1,2,1,3,1,3,2,0,5,0,1,8,0
HOUSEHOLD_1_517_CA_1_evaluation,HOUSEHOLD_1_517,HOUSEHOLD_1,HOUSEHOLD,CA_1,CA,10,9,5,7,5,11,7,9,18,8,8,3,11,7,8,10,10,3,7,7,16,10,2,4,12,4,7,8,22,11,10,6,4,10,10,0,18,10,7,7,14,4,14,22,10,10,8,5,2,1,0,13,13,8,5,21,15,8,12,0,9,3,4,6,8,7,3,7,5,10,2,14,18,1,6,6,2,14,15,4,11,4,7,6,13,10,8,12,10,8,4,12,9,8,9,4,5,4,12,5,7,4,6,8,5,12,17,0,10,7,2,6,9,14,3,5,7,9,4,11,10,13,8,8,7,3,6,13,5,6,10,10,9,7,13,9,7,4,8,1,10,9,6,4,5,5,8,9,8,8,8,3,5,5,13,11,8,8,5,6,5,14,9,11,2,7,3,9,15,9,7,10,7,5,8,13,13,2,9,6,3,1,6,14,9,6,5,3,9,5,14,7,6,8,3,3,11,10,5,7,7,4,8,9,11,2,5,7,8,8,4,3,3,9,4,0,5,14,25,10,4,9,8,8,9,12,10,10,9,8,8,11,10,9,1,3,5,3,16,14,7,9,10,6,7,10,10,8,1,4,7,5,9,4,6,8,9,14,10,11,11,12,5,9,5,13,4,10,11,9,1,2,11,7,15,7,7,5,4,13,6,15,8,13,6,11,1,0,10,15,11,0,8,11,19,14,11,8,6,6,10,13,5,5,9,5,25,0,0,5,7,5,8,11,5,13,3,0,1,4,6,4,9,17,7,4,7,6,7,8,16,6,9,11,4,5,12,8,2,3,6,2,6,9,16,14,5,7,4,17,3,8,9,17,8,9,13,8,20,5,4,13,9,6,22,12,12,1,4,11,8,19,6,13,7,8,9,9,16,14,19,6,7,15,7,8,8,5,10,5,12,11,10,9,8,6,7,3,8,16,15,11,10,2,13,8,4,17,5,4,10,10,3,14,6,12,7,7,8,8,14,17,9,6,13,22,7,5,11,4,6,4,5,7,11,14,8,7,8,15,14,19,11,8,4,2,10,5,16,11,7,7,11,6,9,11,14,9,5,9,7,16,14,9,7,13,7,3,5,8,10,8,6,4,12,13,11,23,4,8,7,7,15,11,13,6,6,3,5,5,13,10,2,4,12,12,8,13,3,6,0,0,7,9,11,13,11,8,9,8,20,13,14,12,4,4,7,6,12,6,16,11,11,6,12,10,16,4,11,5,4,10,7,10,8,7,3,5,6,1,18,10,4,3,7,6,10,13,7,10,3,3,4,9,8,9,8,5,7,3,12,12,5,4,6,4,10,0,12,12,2,3,14,3,7,19,8,8,3,11,0,6,4,7,10,4,10,5,25,10,9,5,6,15,3,21,9,15,8,11,1,9,14,13,8,3,8,6,8,15,10,12,7,1,3,5,12,13,8,2,9,8,17,11,10,1,0,0,0,0,21,16,15,5,5,2,4,4,19,7,5,7,7,3,8,12,7,13,11,8,12,9,13,9,3,9,7,9,11,15,9,10,6,10,11,10,12,4,3,7,4,13,3,5,5,7,7,1,9,14,15,0,0,0,7,9,13,6,0,0,0,0,0,21,22,7,2,9,11,8,15,11,4,12,4,8,7,1,0,17,15,6,9,10,11,3,8,7,11,6,14,1,0,12,0,7,3,13,7,13
HOUSEHOLD_1_518_CA_1_evaluation,HOUSEHOLD_1_518,HOUSEHOLD_1,HOUSEHOLD,CA_1,CA,0,0,0,0,0,0,0,0,0,0,0,0,0,0,0,0,0,0,0,0,0,0,0,0,0,0,0,0,0,0,0,0,0,0,0,0,0,0,0,0,0,0,0,1,0,0,0,0,2,2,2,1,0,1,0,0,1,0,0,1,1,0,0,0,0,2,2,1,1,1,0,0,2,0,1,0,0,1,1,3,0,0,0,2,1,0,0,0,0,0,3,1,0,0,0,0,0,0,0,0,0,0,6,4,5,3,3,4,1,2,1,1,0,1,0,0,1,1,1,3,1,1,0,3,0,0,1,0,1,3,2,1,0,0,0,0,2,0,1,3,4,0,2,0,0,1,1,1,2,1,1,0,0,1,2,1,1,3,1,0,0,2,0,2,1,0,0,1,1,3,3,0,0,1,1,0,2,0,2,0,0,0,0,1,1,0,1,0,4,2,2,1,0,1,1,1,1,0,0,0,1,0,1,0,2,1,0,0,0,1,1,1,1,0,0,0,1,1,2,0,1,0,1,3,1,2,2,0,0,0,1,5,0,0,0,0,0,1,0,3,0,1,0,0,2,3,1,0,0,0,1,0,1,2,1,1,0,1,1,0,1,2,0,1,0,0,0,0,0,0,0,1,1,0,2,0,0,0,0,0,1,0,3,0,1,0,1,2,1,0,0,2,1,0,1,1,4,1,1,0,0,2,0,2,1,1,2,1,0,1,2,2,0,2,3,1,1,2,0,0,0,1,1,1,1,0,0,0,0,3,3,0,0,0,0,0,1,1,2,0,0,0,2,0,1,1,0,0,1,0,0,1,0,0,2,0,0,0,0,2,1,2,2,0,1,0,0,0,1,1,3,0,0,0,0,1,1,1,1,0,3,0,0,0,1,1,0,0,0,1,1,1,2,1,0,1,0,1,2,0,1,3,0,1,1,2,1,1,1,0,0,0,1,2,1,0,0,3,0,1,2,0,1,2,1,0,0,1,0,1,0,0,0,0,0,2,1,2,2,2,1,0,1,2,1,0,1,2,5,1,0,1,1,1,0,2,2,0,1,1,0,1,2,2,1,1,0,1,4,3,1,0,2,0,0,1,0,1,0,0,0,0,0,2,1,1,1,0,4,2,1,2,1,0,1,2,2,1,4,3,3,0,2,0,2,1,0,0,0,1,3,1,3,2,0,1,1,1,1,2,0,3,0,0,2,4,4,2,2,1,0,0,0,1,0,2,3,0,0,1,1,1,1,0,1,1,0,3,1,1,0,2,0,1,5,0,1,0,0,1,5,2,3,1,0,0,0,3,2,0,1,1,2,1,5,2,2,0,1,0,0,3,1,3,1,0,2,0,1,2,4,4,1,0,2,2,4,0,2,1,0,3,1,4,1,1,1,2,1,3,1,0,1,1,0,0,4,3,1,0,1,1,0,5,1,2,1,0,0,2,2,1,1,1,0,1,1,1,1,0,1,0,3,2,1,1,3,2,0,2,0,2,1,1,0,0,0,2,1,3,2,2,1,1,2,3,4,2,1,2,2,1,2,0,1,1,1,3,4,0,4,3,0,2,0,0,3,0,0,0,1,1,0,1,1,0,0,0,0,0,3,1,0,1,0,0,1,3,1,2,0,1,1,1,2,0,1,1,0,2,0,2,3,0,0,2,1,0,0,0
HOUSEHOLD_1_521_CA_1_evaluation,HOUSEHOLD_1_521,HOUSEHOLD_1,HOUSEHOLD,CA_1,CA,0,0,0,0,0,0,0,0,0,0,0,0,0,0,0,0,0,0,0,0,0,0,0,0,0,0,0,0,0,0,0,0,0,0,0,0,0,0,0,0,0,0,0,0,0,0,0,0,0,0,0,0,0,7,5,21,22,14,8,4,5,6,9,7,6,5,1,3,2,3,8,5,3,7,3,12,4,8,8,2,3,1,0,0,7,14,7,8,6,3,8,8,10,7,12,3,1,2,3,5,0,4,0,1,0,4,0,2,0,0,0,1,3,7,5,1,5,7,4,8,10,8,1,9,0,6,10,10,3,5,5,1,2,14,8,8,2,5,3,11,13,3,3,1,6,3,3,11,8,3,2,2,9,6,6,0,0,0,0,0,0,0,13,8,5,4,2,8,9,10,6,7,2,3,5,3,11,7,0,1,7,6,9,7,4,1,4,0,1,7,10,3,4,0,0,17,2,0,0,0,0,0,0,0,0,0,0,0,0,0,0,5,2,5,1,0,2,3,1,2,1,14,1,5,26,4,8,1,5,8,8,4,8,2,6,1,2,3,4,8,7,5,0,2,4,6,8,3,0,4,4,4,7,9,7,0,5,4,3,10,4,7,13,0,3,6,7,3,7,3,2,1,1,6,5,0,4,0,2,0,17,6,1,1,0,2,3,3,5,2,3,5,1,1,3,11,6,5,1,2,9,2,2,1,0,5,0,4,4,0,7,6,6,2,6,9,4,1,3,3,1,2,2,3,2,6,4,4,11,11,19,0,3,10,4,6,7,18,1,6,0,2,5,14,6,5,5,3,14,7,11,7,5,5,15,6,9,12,11,6,9,9,6,1,13,4,8,6,4,11,5,20,11,5,5,8,13,8,13,12,9,7,1,5,15,11,13,3,4,10,6,3,9,8,6,9,5,12,12,11,21,8,3,10,3,13,3,11,4,2,3,5,2,5,6,9,7,3,1,3,13,10,5,9,0,13,15,3,15,5,13,12,9,10,14,8,14,10,6,9,9,6,8,5,2,5,5,4,6,10,3,1,8,5,9,11,13,9,7,1,4,9,17,23,10,9,6,4,9,14,2,5,3,1,3,8,9,5,0,3,2,8,9,4,9,10,2,8,3,4,6,6,1,5,7,6,12,7,4,5,11,1,8,5,13,3,9,8,2,16,10,7,3,4,5,6,6,6,1,7,2,0,1,4,4,12,3,6,3,1,2,4,10,9,2,2,7,6,3,6,11,0,6,2,5,10,11,10,15,14,2,0,1,3,8,3,6,1,1,2,2,8,3,8,3,0,0,0,2,1,0,1,8,6,15,10,7,5,3,5,0,1,2,3,1,1,0,0,8,9,5,9,11,6,8,10,16,6,6,8,1,3,12,16,13,2,3,5,2,16,1,5,4,4,2,8,12,15,2,11,8,3,6,6,5,2,2,4,1,10,2,3,8,0,3,2,10,4,6,9,3,4,1,1,9,18,3,4,2,3,11,17,12,2,15,5,9,4,11,9,9,4,11,3,1,13,16,10,3,7,4,1,7,14,2,3,4,5,2,7,2,1,3,8,10,8,15,24,12,10,7,2,7,6,6,5,10,2,2,4,0,4,8,9,10,5,9,19,15,1,0,2,0,0,0,1,0,5,3,8,7,6,11,3,5,6,1,2,3,2
HOUSEHOLD_1_522_CA_1_evaluation,HOUSEHOLD_1_522,HOUSEHOLD_1,HOUSEHOLD,CA_1,CA,2,3,1,0,0,3,0,0,2,0,4,2,0,0,2,3,3,0,0,0,2,1,3,4,3,0,0,0,0,0,0,0,0,1,0,2,1,7,0,0,1,0,2,4,0,0,3,0,0,1,4,2,0,1,0,1,0,4,0,0,1,2,0,4,1,1,3,3,3,3,2,2,2,1,0,0,3,1,1,1,0,0,1,1,1,1,3,0,3,0,0,0,0,0,0,0,0,0,0,0,0,4,1,1,1,2,3,0,0,0,0,0,1,2,3,5,0,0,0,0,0,0,4,2,0,0,5,0,0,1,0,0,0,1,5,0,2,1,1,0,2,0,0,1,1,0,1,2,3,2,0,0,0,0,2,2,2,2,4,1,4,1,5,3,0,1,4,1,0,1,2,0,1,1,3,0,1,1,0,0,0,2,1,10,1,1,0,0,1,0,1,1,3,1,1,0,5,1,0,1,0,0,2,2,0,1,1,0,2,1,0,2,2,0,0,0,2,1,2,0,0,0,0,1,13,1,1,1,0,2,0,0,2,1,2,1,0,2,0,3,0,0,0,0,0,0,0,2,0,2,4,4,0,2,1,3,1,4,0,2,0,1,0,0,0,0,0,0,3,4,0,2,0,0,0,1,0,1,4,0,3,3,3,2,0,1,3,4,1,5,1,0,3,7,3,1,2,0,1,0,1,7,5,3,3,1,1,2,0,2,3,6,0,2,2,3,3,0,1,0,0,1,2,5,3,1,1,0,1,3,1,3,4,3,2,2,6,0,1,3,0,0,3,3,7,1,1,0,0,0,0,2,2,2,4,0,1,2,1,0,2,3,0,2,3,1,1,1,3,3,2,0,2,5,2,0,0,2,1,3,1,4,0,0,1,3,3,3,3,0,0,0,6,5,3,0,1,4,2,4,2,1,0,2,3,2,3,7,9,2,3,3,2,7,1,4,1,4,2,1,5,2,2,1,5,5,6,2,8,7,4,0,0,6,2,4,3,4,0,0,0,2,0,6,0,2,2,2,1,0,1,3,2,4,2,2,2,1,4,5,1,4,9,4,0,0,0,3,3,1,3,0,3,3,1,1,6,3,0,0,2,0,1,2,3,8,2,3,1,4,2,3,1,3,3,0,2,3,7,0,4,0,0,2,5,6,0,2,5,0,3,2,0,0,0,0,0,0,4,3,0,0,4,3,3,1,7,2,3,2,1,1,0,2,2,3,2,0,1,1,6,3,0,0,1,1,1,7,1,3,5,1,4,2,1,0,0,0,0,0,0,0,0,0,0,0,0,2,3,0,0,2,0,3,1,1,7,0,1,2,0,2,2,2,3,1,2,1,1,0,2,2,3,5,0,1,5,3,1,0,0,0,1,8,1,0,2,0,4,3,0,2,4,2,0,0,0,5,2,6,1,3,2,1,0,3,1,5,1,2,9,2,1,3,2,3,2,3,3,5,0,2,1,4,1,2,4,0,0,3,1,1,1,0,1,1,0,0,2,1,3,0,1,2,1,0,1,1,0,0,0,1,0,1,3,2,1,2,1,0,0,0,5,2,1,1,0,1,5,4,2,1,1,3,0,0,0,1,0,2,0,4,1,0,1,1,0,1,3,1,0,1,0,1,1,0,0,0,0,0,3,1,1,0,0,0,0,0,1,3
HOUSEHOLD_1_528_CA_1_evaluation,HOUSEHOLD_1_528,HOUSEHOLD_1,HOUSEHOLD,CA_1,CA,0,2,2,1,0,1,3,5,2,5,0,0,5,0,2,2,5,1,0,0,0,2,1,3,0,0,1,1,1,0,0,2,1,2,1,2,3,2,1,1,2,0,0,1,2,3,1,1,3,5,2,0,0,0,1,0,4,2,1,1,0,1,0,1,0,5,1,0,0,1,2,4,1,1,2,1,1,3,1,0,0,2,0,1,2,2,4,2,0,0,1,1,1,1,0,0,2,1,2,3,1,0,1,0,1,4,3,0,0,1,0,0,4,2,1,0,0,0,1,1,2,3,0,1,1,0,2,4,1,0,0,2,1,3,1,0,1,0,0,1,1,2,0,2,3,1,0,3,1,3,1,0,1,1,2,4,1,1,0,4,0,1,6,3,1,3,1,1,4,4,0,1,0,3,1,1,2,2,1,0,0,0,0,3,0,3,0,0,1,2,4,0,2,1,0,1,5,2,0,0,0,0,1,4,1,0,0,3,1,1,1,1,1,2,1,0,2,3,0,0,1,2,1,3,1,1,1,0,0,2,4,3,1,0,2,1,1,1,1,0,0,0,0,0,0,2,0,1,0,1,0,1,1,2,2,0,0,1,1,1,2,1,0,0,0,0,1,0,0,2,1,0,1,0,0,1,0,0,0,1,0,0,0,1,0,0,1,2,2,0,0,0,0,0,0,0,0,0,0,0,0,0,0,0,0,0,0,0,0,0,0,0,1,2,1,2,0,0,0,0,1,1,4,0,0,0,0,1,0,5,0,0,0,0,0,1,1,0,0,1,0,1,1,0,1,1,0,0,1,0,1,1,0,1,1,1,0,0,0,0,0,0,4,0,0,0,0,2,0,0,0,0,2,3,0,1,0,0,0,3,0,0,0,0,1,0,3,1,0,0,2,1,1,1,0,0,1,0,3,2,1,0,0,0,0,2,1,0,0,3,1,0,1,0,1,0,0,0,0,0,0,1,1,0,0,1,0,0,0,1,0,0,0,0,2,3,1,0,0,0,0,1,1,0,0,0,0,0,3,0,0,0,0,2,1,0,1,0,2,0,0,4,0,0,2,1,0,3,2,2,1,5,0,0,2,0,2,2,0,0,0,2,1,1,1,1,1,0,0,1,2,1,1,0,2,1,1,1,1,0,1,1,0,2,1,2,1,0,0,0,0,1,0,0,2,0,3,1,0,1,1,2,1,0,2,0,0,0,0,3,2,0,2,0,1,0,0,1,1,1,3,0,1,0,0,1,0,0,1,1,1,0,1,0,1,0,2,1,1,0,1,1,3,1,1,0,0,1,4,0,0,0,2,0,1,1,1,1,1,1,0,0,0,1,2,0,0,0,1,2,0,0,0,2,5,1,0,0,0,1,2,0,1,1,1,0,0,0,0,1,4,0,1,2,0,0,3,1,1,1,1,1,0,3,2,0,0,1,0,1,4,1,0,2,1,0,2,3,0,2,0,0,1,0,0,0,0,0,1,0,1,0,3,0,2,0,3,0,1,0,1,1,0,0,0,1,0,0,5,0,0,0,2,1,2,0,2,0,2,1,1,1,2,0,1,2,0,1,3,0,0,0,0,3,0,0,2,4,0,0,1,0,0,0,0,0,1,0,4,0,0,1,0,1,0,2,1,0,1,0,1,0,0,1,0,0,1,2,0,0
HOUSEHOLD_1_535_CA_1_evaluation,HOUSEHOLD_1_535,HOUSEHOLD_1,HOUSEHOLD,CA_1,CA,9,11,12,5,6,4,5,9,12,12,5,8,3,0,12,8,5,5,3,4,4,4,6,7,7,6,8,7,5,10,4,5,2,9,13,5,2,1,7,2,7,5,10,6,7,7,9,12,5,8,6,5,5,4,5,4,11,7,9,4,6,3,3,11,10,6,1,0,0,0,0,0,0,0,0,0,0,0,0,0,0,0,0,0,0,0,0,0,0,0,0,0,0,0,0,0,0,0,0,0,0,0,0,0,0,0,0,0,0,0,0,0,0,0,0,0,0,0,0,0,0,0,0,0,0,0,0,0,0,0,0,0,0,0,0,0,0,0,0,0,0,0,0,0,0,0,0,0,0,0,0,0,0,0,0,0,0,0,0,0,0,0,0,0,0,0,4,5,13,7,12,6,7,3,10,16,11,9,6,7,5,11,5,12,4,9,6,3,3,6,14,9,4,12,9,15,13,24,10,6,8,3,6,17,19,9,6,5,5,6,18,16,12,9,7,0,10,19,21,6,7,7,6,11,14,14,14,13,4,6,9,17,9,6,5,6,7,9,11,16,15,7,4,5,10,11,10,5,7,8,6,11,18,12,6,9,2,10,8,16,11,1,6,7,7,5,7,7,11,8,8,7,5,10,9,5,9,2,9,4,9,15,5,4,1,7,5,9,8,3,9,6,7,4,9,18,5,1,6,4,10,7,17,6,6,3,2,8,11,10,12,5,8,10,8,8,9,10,5,7,7,4,14,15,9,2,4,5,5,10,16,18,3,6,9,4,6,14,7,8,8,5,7,7,7,7,5,2,5,11,7,7,6,6,7,4,8,12,11,7,6,3,3,3,10,13,10,8,2,7,5,11,9,3,4,5,6,6,8,24,6,8,4,6,5,11,7,8,9,4,5,8,8,10,7,8,2,4,5,12,6,11,3,2,9,7,7,7,6,11,4,2,7,10,13,8,4,5,2,6,8,18,5,7,4,7,8,8,10,10,2,3,1,8,9,17,13,5,5,9,5,10,7,15,4,7,7,6,8,13,7,4,2,4,4,7,9,4,9,6,3,8,8,8,5,8,5,5,6,11,7,10,7,2,5,6,6,12,4,2,0,6,6,6,7,10,7,3,5,6,6,9,8,2,4,7,6,10,13,8,5,3,9,2,7,11,5,5,4,5,6,6,14,4,6,8,2,2,8,9,9,5,5,3,9,12,9,7,9,6,9,3,4,10,7,9,8,4,6,5,14,6,9,1,2,4,11,14,17,8,6,4,3,6,5,5,6,1,2,13,9,12,3,8,8,6,9,8,5,11,3,6,9,5,8,10,13,6,7,3,0,7,8,8,7,3,4,5,8,7,7,6,5,3,9,11,8,11,4,6,3,5,9,14,7,4,3,4,3,8,6,6,3,1,1,2,9,19,6,6,3,4,5,7,8,8,3,6,3,4,5,7,7,3,4,7,5,9,10,6,5,14,3,5,6,13,7,3,7,3,5,16,14,7,6,6,4,3,19,9,5,2,5,4,9,10,12,3,5,9,6,11,11,9,7,7,5,7,9,11,16,7,8,6,4,6,16,10,6,11,5,6,7,9,10,17,5,3,2,4,13,11,10,3,8,8,7,7,8,13,3,4,4,4,12,14,7,6,7,5,5,4,6,10,5,5,4,4,9,9
HOUSEHOLD_1_538_CA_1_evaluation,HOUSEHOLD_1_538,HOUSEHOLD_1,HOUSEHOLD,CA_1,CA,0,3,3,2,2,1,3,1,4,2,1,3,1,3,6,2,4,1,0,1,1,2,9,4,0,2,1,3,4,3,4,2,2,3,6,1,2,3,1,1,4,4,4,3,6,1,1,0,1,5,3,2,2,4,1,0,4,4,2,4,3,2,2,1,1,2,4,1,1,1,4,7,2,3,2,1,4,4,4,2,2,0,3,5,0,4,3,6,2,4,3,3,4,0,0,1,1,2,0,3,4,1,4,2,2,1,3,1,3,0,1,0,1,4,1,2,1,0,5,2,3,1,2,1,2,1,3,2,1,3,0,0,2,2,2,1,1,3,3,3,0,3,3,0,0,3,1,3,4,1,2,2,3,3,2,4,2,0,2,1,0,5,1,3,1,0,0,1,2,4,3,0,0,2,3,5,2,1,1,2,1,1,5,1,1,2,1,1,3,1,1,3,1,1,2,1,4,3,1,3,2,0,1,2,2,2,1,0,0,1,1,2,1,3,0,0,5,1,4,3,0,2,3,0,1,0,1,1,1,2,3,2,4,2,3,0,0,0,5,1,0,5,1,0,1,2,3,6,3,2,0,2,3,2,2,7,3,0,3,2,4,1,4,1,1,1,2,4,2,3,2,1,5,1,3,1,3,1,1,2,3,2,0,2,1,0,2,2,4,2,0,2,0,1,3,0,1,1,0,2,1,1,0,1,0,0,1,1,1,1,2,1,1,1,1,1,1,3,0,1,2,2,1,0,4,2,3,0,1,1,2,1,1,3,0,2,1,4,1,1,0,0,3,2,0,0,1,1,0,3,0,1,1,0,2,1,2,1,4,2,2,2,1,3,4,3,2,0,1,2,2,0,4,1,1,0,0,3,2,1,1,2,0,2,2,0,1,1,1,2,1,1,1,5,0,1,3,2,2,2,5,1,1,1,1,2,1,0,1,1,0,1,1,1,1,1,0,1,0,4,0,0,1,2,2,2,1,2,1,1,0,1,1,0,4,1,1,0,2,1,1,1,2,2,3,0,2,3,3,3,4,2,1,1,2,0,4,3,3,2,0,0,2,0,1,1,2,0,1,4,0,1,2,1,2,0,1,5,1,0,1,1,3,2,1,0,0,3,1,2,0,0,2,6,1,4,1,2,3,5,0,1,0,3,4,2,1,1,0,2,2,3,1,0,2,2,3,0,2,3,1,0,2,1,1,1,1,1,2,2,0,1,3,2,0,0,0,1,1,0,1,4,2,1,0,0,3,1,1,0,0,0,1,2,3,1,0,2,1,2,1,2,1,0,1,4,0,3,4,3,2,0,0,0,4,2,1,2,1,0,0,2,0,0,2,1,3,2,1,4,1,0,1,1,4,2,3,1,2,0,0,1,2,4,0,0,4,2,2,3,3,1,1,0,2,2,2,4,1,0,1,1,2,4,1,1,1,0,2,0,0,2,1,2,2,0,0,0,3,1,2,0,1,0,2,2,1,1,1,3,2,2,1,1,2,1,1,1,4,4,2,3,3,0,2,3,6,2,3,1,2,2,1,2,0,3,0,2,3,1,6,1,3,1,1,1,5,2,1,0,1,0,1,0,0,1,1,1,0,0,2,2,0,1,1,0,0,2,1,1,0,1,1,1,1,3,2,2,1,2,3,1,1,1,0,1,1,2,5,1
HOUSEHOLD_1_539_CA_1_evaluation,HOUSEHOLD_1_539,HOUSEHOLD_1,HOUSEHOLD,CA_1,CA,5,0,0,4,2,4,1,1,0,5,2,3,2,6,3,3,0,0,3,5,5,4,0,4,3,3,4,0,4,4,0,1,3,1,5,4,3,5,3,3,2,2,1,1,4,3,2,4,9,1,2,3,7,1,1,6,2,3,3,3,2,2,0,7,3,3,1,0,0,3,3,3,2,2,5,0,3,4,3,1,1,0,6,5,1,4,0,7,1,3,2,1,1,3,2,2,1,1,2,4,6,0,4,2,4,3,1,0,5,1,4,1,5,3,3,1,2,1,3,3,3,1,0,3,2,2,4,3,4,4,0,3,3,4,1,1,6,1,0,5,4,5,1,0,5,1,3,4,4,2,3,0,2,2,2,3,3,3,4,2,3,3,5,4,1,2,0,0,5,6,0,7,0,1,5,4,2,0,6,0,4,1,7,3,1,0,2,0,2,1,6,2,1,0,1,7,2,1,1,3,4,3,1,5,1,4,7,1,4,1,5,1,1,2,0,0,0,4,6,5,2,8,0,0,2,5,3,2,2,3,5,1,0,2,4,2,3,2,2,4,4,2,0,3,6,2,2,2,2,0,1,2,2,2,2,0,7,2,4,2,4,2,0,0,2,2,3,3,3,4,6,1,4,1,3,4,1,4,3,3,4,3,2,4,1,1,3,1,1,8,0,1,2,0,1,3,6,4,0,2,0,1,3,1,0,5,2,0,3,2,7,0,0,4,0,4,4,6,2,3,1,3,2,3,2,1,5,2,2,3,1,10,4,0,4,5,4,5,2,1,1,1,2,5,1,4,5,3,2,2,3,2,2,6,3,0,3,5,4,7,2,1,5,2,6,2,1,0,3,3,1,2,2,3,0,1,1,7,5,1,3,2,4,1,3,3,2,2,2,8,0,3,5,3,2,3,4,2,7,0,2,1,9,2,3,3,1,2,4,0,4,1,3,6,7,1,0,2,4,5,4,6,1,4,2,1,3,1,2,0,8,2,1,5,5,3,5,3,0,1,6,4,4,1,2,3,0,4,4,4,3,4,2,2,0,3,6,0,3,4,0,3,5,1,4,3,3,0,5,5,4,1,2,3,6,1,0,1,2,1,1,5,2,4,4,6,0,4,3,3,2,2,5,2,3,4,5,1,3,5,1,5,5,0,0,2,6,3,1,0,3,6,3,0,3,3,2,1,4,2,2,1,5,3,4,5,1,2,0,2,0,0,3,2,2,1,2,4,0,4,2,3,3,4,2,1,6,2,3,1,4,1,0,1,1,0,1,3,1,2,2,1,3,3,0,2,0,1,4,0,8,1,1,1,4,0,0,3,5,1,0,2,3,0,6,6,0,0,0,3,3,1,1,3,2,4,3,3,1,6,6,0,1,4,0,3,2,2,2,1,2,1,2,0,3,2,5,4,2,1,3,4,4,1,1,4,1,0,2,4,5,7,0,1,0,2,4,5,0,4,1,3,2,0,1,4,3,1,1,0,7,5,5,0,1,0,0,5,4,0,1,2,4,1,0,6,2,4,4,5,2,0,2,1,4,2,0,1,3,4,2,1,2,5,3,4,8,1,0,6,0,1,3,4,3,7,0,1,4,4,3,6,5,1,2,4,5,3,2,2,2,10,0,2,4,3,5,2,3,6,5,4,2,4,3,3,2,1,1,2
HOUSEHOLD_1_540_CA_1_evaluation,HOUSEHOLD_1_540,HOUSEHOLD_1,HOUSEHOLD,CA_1,CA,1,3,3,3,5,0,4,5,3,0,1,4,2,2,3,6,2,4,2,2,1,3,2,0,4,1,2,1,6,2,2,3,5,2,2,4,2,0,3,3,3,3,4,1,2,0,4,6,1,2,4,7,3,4,3,3,9,3,1,4,2,3,3,1,3,2,3,2,1,3,1,4,3,1,1,2,2,2,7,4,5,1,3,1,4,1,1,3,1,3,3,2,4,1,0,3,0,7,1,1,4,4,3,2,0,2,5,2,0,3,3,2,2,1,2,2,1,1,2,3,4,1,3,0,4,3,2,2,1,0,4,0,3,5,5,2,1,1,5,2,4,2,4,1,2,2,1,3,3,6,3,2,2,2,3,3,2,1,2,3,2,3,1,3,3,1,3,3,4,6,4,2,1,3,2,6,2,2,2,1,2,1,2,2,3,0,1,1,1,2,2,0,1,1,3,2,3,4,2,2,0,0,6,0,2,2,1,5,2,1,0,2,4,0,1,0,3,2,6,1,1,3,3,2,4,3,2,5,4,1,2,4,2,5,1,2,2,1,2,2,2,1,0,0,0,5,1,1,2,3,0,3,4,5,3,5,2,2,2,5,2,4,0,1,1,3,0,3,2,0,5,2,3,3,3,2,2,3,1,4,4,2,3,0,0,8,2,1,4,4,7,1,2,3,1,5,0,1,2,5,1,2,1,1,2,0,1,2,2,3,1,2,4,2,1,3,4,2,0,4,7,1,5,3,5,3,5,1,1,1,0,1,3,4,0,1,5,4,4,1,0,2,2,4,5,1,3,2,2,3,2,4,3,0,0,3,4,3,2,2,1,3,2,1,4,2,6,4,4,2,1,3,7,4,3,1,5,5,7,4,1,2,3,1,4,2,3,2,2,2,3,1,4,4,2,0,3,2,2,7,5,2,4,2,2,1,2,1,3,2,5,2,3,3,4,2,2,2,5,4,4,5,3,3,3,1,3,1,3,5,2,2,3,4,2,3,4,2,0,5,4,4,1,1,3,4,1,4,5,3,4,5,2,6,3,3,4,4,0,3,2,3,7,3,7,2,1,3,2,3,3,2,1,0,2,4,7,6,1,4,2,3,4,7,2,1,4,2,2,4,5,5,1,1,0,3,1,5,3,4,3,0,2,2,4,2,0,6,2,3,4,3,4,3,3,2,4,4,3,1,4,1,3,2,2,1,4,3,6,1,0,1,5,3,0,5,2,0,0,4,6,2,1,1,3,3,3,6,2,2,3,0,4,1,0,2,1,3,5,1,2,3,0,1,1,1,2,3,2,2,1,1,2,1,1,4,2,2,1,1,0,3,8,1,1,2,1,0,5,1,2,3,1,3,1,3,2,2,1,1,1,0,1,6,4,0,4,0,2,2,2,1,1,1,2,3,1,3,1,3,2,1,2,2,3,3,4,2,2,4,3,2,2,1,0,4,3,4,4,2,4,1,1,0,10,1,2,4,1,0,1,5,3,5,2,2,4,2,3,7,4,4,0,4,4,3,6,1,2,0,1,0,7,3,1,3,3,2,5,2,0,0,1,7,1,4,4,4,1,1,2,2,2,1,1,5,2,2,3,1,4,5,2,1,2,1,0,5,3,1,3,3,1,2,3,6,3,1,3,3,3,5,4,1,1,2,3,1,2,7
HOUSEHOLD_1_541_CA_1_evaluation,HOUSEHOLD_1_541,HOUSEHOLD_1,HOUSEHOLD,CA_1,CA,0,0,0,0,0,0,0,0,0,0,0,0,0,0,0,0,0,0,0,0,0,0,0,0,0,0,0,0,3,2,2,4,0,0,0,3,1,1,0,0,0,2,3,1,3,1,0,2,0,1,0,4,0,2,0,0,0,2,1,0,2,1,0,0,3,0,0,0,4,0,2,3,3,1,0,0,0,0,1,1,4,2,0,0,0,1,0,2,1,0,0,1,2,2,1,2,2,1,3,2,1,0,2,1,4,0,0,1,1,0,4,0,1,0,0,0,0,0,0,0,3,2,0,0,1,2,0,0,0,1,1,1,3,0,2,0,0,3,2,0,0,2,3,0,0,0,0,5,1,2,0,5,1,0,1,0,3,0,2,0,0,1,6,1,1,1,3,2,1,0,1,0,0,0,1,2,2,0,0,2,0,3,1,2,2,0,0,0,2,5,1,1,0,1,3,0,0,0,2,1,1,0,0,1,0,2,2,1,0,0,2,2,2,1,1,0,1,0,4,0,2,2,4,3,4,2,3,0,1,1,0,2,4,1,1,0,1,0,3,3,1,0,1,1,1,0,2,3,0,0,0,1,4,3,2,3,2,0,5,1,4,1,0,1,3,5,2,3,0,3,2,0,0,1,0,0,0,1,1,3,2,2,1,1,1,2,1,1,7,2,1,4,1,0,0,6,1,0,1,4,2,6,3,1,1,2,1,0,4,7,2,1,0,1,1,4,3,3,1,2,1,1,1,2,2,1,2,2,0,8,0,3,2,1,4,2,4,4,2,2,2,2,0,2,5,2,2,4,1,4,3,1,6,1,4,1,0,4,3,6,1,0,0,0,4,3,3,1,0,1,0,0,0,0,0,0,0,0,0,0,0,0,0,0,0,0,5,5,1,0,2,6,6,4,2,1,3,0,2,1,2,0,2,0,0,3,3,4,1,3,0,0,3,2,8,3,0,0,1,1,1,3,2,1,2,1,0,3,4,0,1,1,0,0,6,1,4,1,4,2,1,2,1,2,1,6,1,1,1,4,0,3,1,2,2,1,3,1,1,1,0,0,2,2,3,1,1,1,1,0,0,2,1,2,0,1,2,2,0,0,2,1,0,0,2,0,0,0,3,0,4,1,1,0,0,1,2,2,1,0,4,3,1,1,5,6,1,1,4,0,2,4,3,1,0,0,3,1,3,0,1,2,1,0,3,1,2,2,1,0,1,4,6,5,2,3,1,1,1,8,6,6,3,0,1,1,3,6,0,0,2,1,0,3,3,4,0,1,1,1,4,2,3,0,1,2,2,2,3,1,3,3,2,0,0,0,5,2,3,1,0,2,3,1,1,2,2,1,6,1,2,0,0,4,0,3,3,5,2,1,2,1,1,4,1,2,3,0,0,3,1,0,0,0,0,0,0,4,4,0,1,0,1,2,2,2,1,1,2,0,6,1,2,0,1,2,4,4,1,1,1,6,1,1,3,1,2,1,1,0,0,5,7,3,0,2,0,2,1,9,3,3,1,2,0,3,3,0,1,1,3,0,0,2,0,2,1,1,0,5,5,1,1,1,0,0,0,0,0,0,0,0,0,0,0,0,0,0,0,0,0,0,0,0,0,0,0,0,0,0,0,0,0,0,0,0,0,0,0,0,0,0,0,0,0,0,0,0,0,0
FOODS_1_004_CA_1_evaluation,FOODS_1_004,FOODS_1,FOODS,CA_1,CA,14,10,9,5,6,14,15,28,39,15,13,17,19,24,26,18,18,11,12,16,9,35,25,11,9,17,10,17,22,18,10,10,0,0,0,0,0,0,0,14,17,10,12,10,6,9,6,17,13,7,9,14,10,10,14,16,17,17,7,11,3,8,14,12,21,10,9,10,4,15,15,13,15,11,7,12,12,14,24,10,11,6,0,0,16,17,10,11,9,11,10,18,26,17,12,13,12,14,15,16,12,12,7,12,15,9,17,9,13,14,8,9,17,15,14,7,9,2,3,9,12,3,12,6,8,8,5,14,7,10,2,2,7,10,4,5,5,4,2,1,9,2,5,0,3,3,4,3,1,0,2,4,3,1,3,0,9,10,17,8,19,10,7,5,5,9,8,15,19,14,7,8,15,13,6,10,13,3,10,11,14,11,11,16,17,9,16,11,6,10,4,9,4,6,7,10,10,5,4,6,7,2,5,10,11,9,15,7,8,13,13,25,28,23,57,0,4,4,8,7,12,18,19,11,13,9,6,12,4,7,13,12,7,5,4,7,17,9,7,10,11,9,7,8,24,18,11,7,13,17,9,13,13,10,10,11,16,14,25,24,16,15,14,22,27,26,16,0,0,0,0,0,0,0,16,17,7,8,16,16,25,24,4,11,14,15,19,19,22,10,7,8,9,20,11,22,9,11,22,13,13,19,19,18,10,13,12,12,12,10,10,20,21,14,16,31,23,8,15,2,9,9,13,11,14,6,10,14,13,22,0,0,0,0,0,0,0,27,24,14,15,19,38,30,21,17,34,14,27,24,31,19,21,18,8,15,26,19,27,14,25,8,14,13,48,14,36,8,15,20,13,16,26,17,16,24,25,19,23,26,15,12,20,26,24,34,20,23,18,14,12,32,21,29,19,20,17,23,18,15,22,10,7,21,23,15,13,27,30,10,28,27,33,35,17,18,10,14,14,14,21,17,5,14,12,20,25,20,10,13,11,17,14,15,25,22,15,5,10,6,19,17,9,16,14,11,11,6,16,14,13,11,10,6,12,13,13,10,6,9,3,13,23,14,8,5,5,7,8,6,8,13,5,6,4,8,11,9,8,5,4,12,16,6,13,10,2,6,2,9,11,8,8,4,6,8,9,10,21,5,8,11,2,7,5,8,2,3,6,4,9,6,10,3,4,7,7,4,6,11,1,13,10,7,9,6,5,3,3,7,3,0,7,11,0,5,8,4,3,0,3,1,2,2,0,7,10,0,0,6,3,0,0,0,0,0,0,0,0,0,0,0,0,0,0,2,0,0,0,0,0,0,0,0,0,0,0,0,40,31,0,14,9,2,9,3,5,5,7,7,11,12,6,3,4,5,6,10,1,6,0,1,1,2,3,1,3,5,3,3,2,4,3,4,18,19,26,20,19,20,9,9,2,0,0,0,0,0,0,0,0,0,0,0,0,0,0,0,0,0,0,0,0,0,0,0,0,0,0,0,0,0,0,0,0,0,0,0,0,0,0,0,0,0,0,0,0,0,0,0,0,0,0,0,0,0,0,0,0,0,0,0,0,0,0,0,0,0,0,0,0,0,0,0,0,0,0,0,0,0,0,0,0,4,5,2,6,4,6,4,3,3,4,2,3,4,0,7,7,1,5,6,2,5,1,2,1,1,3,4
FOODS_1_006_CA_1_evaluation,FOODS_1_006,FOODS_1,FOODS,CA_1,CA,0,1,2,6,4,0,1,3,0,2,4,0,2,5,1,3,3,2,1,4,2,1,4,1,0,2,0,3,1,1,7,1,2,2,4,3,2,3,0,2,0,1,1,2,3,2,3,2,0,2,6,4,1,1,2,0,3,0,2,3,2,1,2,1,5,1,5,1,2,1,3,1,1,0,0,0,1,3,6,0,0,2,1,4,3,5,1,0,0,0,4,1,1,3,0,0,0,1,2,1,1,5,0,0,0,0,0,1,1,2,2,2,2,1,0,0,0,0,0,0,0,0,3,1,0,2,5,0,2,2,2,1,5,1,0,0,3,3,2,1,0,0,0,0,1,0,1,0,1,0,0,1,4,3,0,0,0,5,0,0,2,1,0,0,6,1,2,0,0,3,0,0,1,1,0,2,3,3,1,0,2,0,1,0,2,1,4,0,0,0,0,1,1,2,3,0,4,0,2,1,2,0,3,2,0,0,0,0,6,5,0,1,1,0,2,0,1,4,0,1,0,3,6,1,2,1,7,0,1,2,2,1,0,0,2,0,0,0,0,0,0,5,0,1,0,1,0,1,3,0,0,2,1,0,4,0,3,1,0,3,0,0,4,0,2,1,0,0,2,0,1,3,0,1,1,0,1,4,5,0,2,1,0,0,0,1,4,0,3,0,0,2,1,2,1,3,3,0,1,0,0,1,1,0,0,0,1,3,1,1,2,0,0,4,4,1,4,3,0,4,2,2,0,3,2,0,1,0,3,8,2,0,3,0,4,5,1,3,0,1,1,0,0,0,4,1,4,1,2,5,4,0,0,2,1,1,3,2,3,4,2,0,2,3,0,3,2,0,0,1,0,4,7,3,3,0,0,1,1,2,4,4,5,7,0,1,5,2,3,1,0,4,0,0,1,0,1,1,1,1,0,5,3,5,0,2,0,2,2,3,9,1,3,3,1,5,0,0,5,1,0,0,2,0,3,2,2,0,1,1,4,2,1,5,5,3,0,1,2,0,0,2,2,0,5,2,5,2,4,1,6,3,0,10,1,3,2,0,2,1,0,1,4,0,5,0,2,1,0,3,0,3,3,1,0,0,0,0,0,5,0,3,2,1,3,1,1,0,2,2,2,0,0,1,5,2,8,0,0,2,0,0,3,0,0,0,1,0,0,1,0,0,0,0,0,0,0,4,2,0,1,0,1,5,1,6,2,0,0,0,0,1,2,0,1,0,3,1,0,2,1,0,0,3,0,4,5,0,1,0,3,0,0,0,2,0,2,2,1,2,6,2,1,1,3,0,0,2,2,2,0,2,1,0,0,0,1,2,5,4,0,0,0,0,0,9,2,0,2,0,3,0,1,3,0,7,4,4,5,1,0,0,0,0,5,1,0,0,0,3,1,0,0,0,0,2,0,5,2,3,6,1,1,1,0,1,1,6,1,7,2,1,2,1,4,1,1,2,3,0,0,4,2,6,1,5,1,0,3,3,0,2,1,2,3,4,0,2,1,1,3,1,5,1,2,8,1,0,0,0,0,3,0,1,3,0,2,3,1,1,2,1,2,8,3,2,3,0,0,0,0,2,1,3,1,0,2,1,2,3,2,2,1,1,4,2,0,1,0,3,2,0,0,5,3,2,1,0,5,0,2,3,3,7,3,3,4,0,4,0
FOODS_1_012_CA_1_evaluation,FOODS_1_012,FOODS_1,FOODS,CA_1,CA,7,10,1,0,0,0,0,2,0,2,0,3,0,0,6,10,4,1,0,2,7,0,3,5,4,7,3,10,6,2,4,8,2,6,4,4,2,4,3,6,6,13,2,8,2,8,2,4,8,5,5,4,7,4,3,2,4,8,2,3,4,7,4,3,7,5,1,4,4,6,1,5,5,1,6,4,6,4,1,2,5,3,2,3,3,5,3,3,2,9,10,2,6,12,10,11,7,7,1,3,1,6,4,8,3,2,2,1,5,1,7,9,3,7,5,2,4,1,1,6,7,5,7,2,4,14,0,2,1,4,4,10,2,4,6,6,4,4,3,8,2,4,5,1,0,0,6,5,4,3,2,2,2,6,6,3,4,2,6,6,3,3,5,0,0,5,2,4,2,4,7,2,2,6,8,0,2,6,2,4,3,8,3,4,3,2,1,2,4,7,3,4,0,0,0,0,2,6,2,3,1,1,4,7,10,3,1,2,2,7,0,0,0,1,7,0,8,1,2,2,2,3,0,1,6,3,2,4,6,2,2,0,9,1,2,4,2,2,4,3,1,1,3,5,2,8,3,4,0,3,5,6,9,0,0,3,5,3,3,11,3,3,4,5,3,2,5,2,2,8,0,8,5,6,1,11,2,5,4,1,4,6,4,3,3,3,4,3,8,0,6,0,8,5,1,2,1,2,0,7,6,4,0,8,4,3,3,2,2,6,3,1,2,2,3,2,3,4,1,3,3,9,1,7,1,3,2,4,5,5,11,0,2,1,1,1,8,4,7,3,1,3,8,6,2,1,7,2,9,1,8,5,0,3,3,1,3,1,4,1,4,0,3,6,7,1,3,1,1,0,0,0,3,3,1,1,6,2,2,1,3,4,3,2,4,1,3,3,4,0,8,6,4,3,0,0,0,10,2,5,4,6,3,3,3,11,0,2,2,2,1,4,3,6,12,8,4,2,7,2,3,5,0,0,3,2,2,2,3,1,0,1,1,2,6,0,8,1,5,4,4,7,6,1,1,0,2,3,9,7,6,5,5,4,5,10,4,2,3,1,6,1,6,5,1,4,4,2,3,10,1,3,6,3,1,7,0,1,4,12,5,0,7,1,2,3,2,8,8,6,5,8,6,3,1,7,3,7,6,3,1,2,5,8,6,3,4,1,3,1,3,9,1,6,0,5,3,2,3,1,4,3,4,0,1,5,6,6,4,0,3,6,4,3,3,3,2,4,4,9,0,1,4,3,6,2,3,2,2,0,6,2,1,3,1,3,4,2,0,0,4,5,4,3,1,4,0,8,8,2,6,2,8,3,0,1,5,5,7,5,0,2,5,1,2,1,1,6,2,2,5,5,4,5,4,1,0,5,4,0,4,1,3,9,3,6,3,2,3,3,5,5,3,7,2,1,6,2,7,2,3,2,1,6,4,5,3,6,0,0,4,0,4,1,2,3,2,3,4,1,2,5,2,9,4,5,3,3,4,1,1,3,3,5,8,1,10,2,2,6,4,1,4,5,2,4,2,2,5,2,2,2,3,10,7,2,2,2,0,2,0,4,3,5,4,1,5,1,3,1,2,0,1,0,6,5,2,2,5,6,2,4,3,2,4,3,2,1,3,1,6,0,1,6,0,2,0,3,4,0,2,1,0,1,4,7,6,5,3,8
FOODS_1_013_CA_1_evaluation,FOODS_1_013,FOODS_1,FOODS,CA_1,CA,0,0,1,3,0,0,2,4,5,5,2,0,0,0,0,0,4,3,0,1,5,2,4,0,4,0,3,3,4,3,0,0,0,1,1,0,4,7,2,3,0,0,2,0,0,2,0,2,1,3,4,1,1,0,2,1,0,3,2,2,1,0,0,0,0,0,0,0,5,2,2,0,1,5,3,2,3,0,6,4,0,2,0,0,0,0,0,0,3,4,5,0,0,2,2,2,0,1,1,0,0,0,4,0,0,0,0,2,3,3,0,0,0,0,1,1,0,5,0,0,0,0,0,1,0,0,0,0,2,5,0,0,1,10,0,0,0,1,0,3,3,2,0,1,1,2,4,1,0,1,0,0,5,3,3,1,5,3,0,0,0,5,0,2,1,1,2,0,0,3,0,3,17,1,0,0,0,1,0,1,4,2,0,4,0,1,4,0,0,0,2,1,3,2,0,5,1,0,5,0,2,0,1,1,1,0,4,8,6,0,1,8,7,0,0,0,1,1,0,1,2,0,1,1,0,0,0,3,0,0,0,1,1,1,0,1,1,1,2,1,1,0,1,4,4,0,0,5,1,2,6,0,0,0,0,3,0,2,1,1,2,0,1,0,0,4,1,0,0,3,1,0,0,0,0,0,0,2,3,3,3,0,3,4,3,0,3,5,2,4,8,6,2,3,2,5,5,0,1,2,3,3,1,4,6,0,5,1,6,1,3,1,2,4,4,8,0,1,2,0,1,3,3,2,0,0,0,5,0,1,0,3,0,2,1,2,0,3,5,4,3,0,3,4,1,2,0,5,5,1,0,2,2,1,0,1,2,0,0,0,3,2,0,2,0,1,2,6,3,2,0,1,0,0,3,2,1,1,1,0,2,1,0,2,6,1,2,1,2,1,1,1,2,4,3,0,2,1,2,4,0,0,3,0,0,2,5,0,1,3,4,3,0,0,0,2,1,5,3,0,0,0,3,0,1,1,0,0,3,0,2,0,0,1,0,0,1,1,2,0,6,1,1,0,2,1,1,1,4,4,3,0,0,1,2,1,2,3,1,4,0,0,0,3,1,2,0,2,3,1,3,7,0,0,0,1,0,5,1,2,3,1,3,0,0,3,0,5,0,1,6,2,3,2,0,1,1,0,1,1,1,0,5,2,4,0,0,0,5,0,3,5,1,5,0,2,0,0,2,0,3,1,1,0,1,0,3,2,0,0,0,1,4,0,2,2,6,0,2,0,0,1,1,2,1,1,0,1,0,1,0,0,2,4,2,1,0,2,1,0,0,1,1,3,0,1,2,3,2,0,1,7,4,6,3,3,4,3,5,0,0,0,0,0,4,2,1,0,2,2,4,0,2,1,2,4,3,3,5,0,3,2,1,2,2,0,3,1,1,4,0,2,1,3,2,2,5,0,5,0,0,0,0,0,0,0,0,0,0,0,0,1,1,8,4,2,1,3,3,0,4,8,2,0,0,2,1,0,0,1,0,0,4,3,3,3,3,4,11,0,9,2,1,0,1,2,1,0,4,1,3,2,1,3,0,0,0,0,0,0,2,3,5,2,0,8,4,3,0,6,6,3,2,0,3,1,1,4,1,4,9,1,0,0,0,0,3,1,0,0,0,0,0,0,3,0,0,5,3,2,3,1,2,2,0,0,0,0,0,0
FOODS_1_017_CA_1_evaluation,FOODS_1_017,FOODS_1,FOODS,CA_1,CA,0,0,0,0,0,0,0,0,0,0,0,0,0,0,0,0,0,0,0,0,0,0,0,0,0,0,0,0,0,0,0,0,0,0,0,0,0,0,0,0,0,0,0,0,0,0,0,0,0,0,0,0,0,0,0,0,0,0,0,0,0,0,0,0,0,0,0,0,0,0,0,0,0,0,0,0,1,1,0,2,1,1,0,2,0,0,0,0,0,2,2,0,1,1,4,0,1,1,0,4,2,0,0,0,3,0,1,0,0,1,0,2,2,1,0,1,0,1,2,3,1,2,0,0,2,0,4,3,0,0,0,0,0,0,0,0,0,0,0,0,0,0,0,0,0,0,0,0,0,0,0,0,0,0,0,0,0,0,0,0,0,0,5,3,0,0,2,2,1,1,2,3,0,0,0,5,6,1,0,1,0,1,1,8,3,2,1,1,0,2,6,3,0,2,0,1,0,0,3,0,0,0,2,4,6,1,0,1,3,2,2,3,3,0,1,0,1,1,2,0,0,0,0,0,2,0,2,0,1,2,0,2,0,1,1,0,0,0,1,0,0,0,0,0,0,3,5,0,0,0,0,0,2,0,1,1,2,0,0,0,1,0,0,0,2,0,2,0,0,1,1,0,3,2,3,0,0,0,0,1,0,3,0,31,0,0,0,0,0,0,0,0,0,0,0,0,0,0,0,1,0,8,3,2,0,0,3,0,4,4,0,1,0,0,1,2,1,2,0,0,1,1,3,0,0,1,0,2,4,3,0,0,0,0,1,0,3,1,0,0,0,1,0,2,0,2,1,1,0,2,1,1,0,1,0,0,0,7,0,0,1,0,1,2,1,1,0,0,0,0,0,1,1,3,2,1,2,2,0,1,5,0,0,0,0,0,1,0,0,0,4,0,0,0,0,0,0,1,1,2,2,2,0,0,0,0,2,2,1,2,0,0,0,0,0,0,0,0,0,0,0,0,0,0,0,0,0,0,0,0,0,0,0,0,0,0,0,0,0,0,0,0,0,0,0,0,0,0,0,0,0,0,0,0,0,0,0,0,0,0,0,0,2,0,0,1,0,1,1,1,2,1,0,0,0,1,3,1,0,0,0,0,0,1,2,0,1,1,1,1,3,1,5,1,0,0,1,3,0,0,0,0,4,0,2,1,0,1,0,1,0,1,1,0,1,2,0,1,2,3,3,2,1,0,4,0,1,0,0,1,0,3,1,0,4,1,2,0,0,0,0,0,0,2,0,1,0,0,0,1,1,0,0,0,0,0,0,1,0,4,2,2,3,0,2,0,1,1,1,2,1,1,0,2,1,3,0,3,0,0,0,0,0,0,0,0,0,0,0,0,0,0,0,3,7,2,0,1,0,1,1,1,2,4,0,0,0,1,3,1,0,0,0,1,0,1,0,4,0,1,0,0,0,1,0,0,3,0,0,1,0,0,0,3,0,0,1,2,2,1,1,0,0,1,1,2,1,1,0,0,1,0,1,4,2,1,0,1,3,1,0,1,2,0,0,1,2,1,0,0,2,0,2,0,0,1,0,0,1,1,1,0,0,0,2,1,2,1,1,0,1,0,2,2,0,1,0,0,1,2,1,4,2,0,1,1,1,3,0,0,2,0,3,2,1,0,0,1,0,5,0,1,0,3,2,3,2,0,1,4
FOODS_1_018_CA_1_evaluation,FOODS_1_018,FOODS_1,FOODS,CA_1,CA,17,14,10,12,6,6,5,15,8,12,8,8,3,4,20,9,2,3,2,4,8,4,9,3,0,7,3,5,12,11,17,4,5,7,6,11,10,8,8,6,15,6,5,11,5,12,0,3,8,6,6,6,9,6,5,12,11,11,6,10,18,5,7,17,15,18,9,12,13,7,10,17,5,16,7,4,8,13,13,4,3,5,10,10,5,15,5,5,4,6,6,8,7,8,3,4,3,2,17,8,8,4,13,4,13,16,8,2,0,2,2,5,5,5,4,13,10,3,6,16,14,8,4,2,3,5,6,3,2,5,2,2,7,8,5,2,2,5,4,5,12,2,8,5,12,3,10,9,1,1,7,1,10,30,28,16,7,10,6,9,7,15,10,16,13,7,7,5,16,3,5,9,2,5,9,17,8,9,6,10,6,14,16,8,18,9,6,3,17,12,11,9,8,13,11,12,13,9,10,19,8,5,18,21,16,17,14,12,10,13,17,19,32,32,13,0,8,9,15,6,9,21,8,17,15,17,11,4,4,4,15,7,8,2,2,5,4,10,17,13,12,8,10,6,9,10,19,5,5,5,14,13,17,9,11,6,11,9,15,17,16,15,4,6,11,15,11,13,9,6,4,2,7,11,21,5,15,8,7,10,12,19,8,18,2,9,11,12,9,5,8,7,3,11,15,26,8,4,9,10,17,16,21,11,7,5,15,11,18,9,20,14,16,9,29,36,18,2,11,7,9,23,23,26,18,6,16,20,22,17,16,5,3,14,14,4,15,9,5,8,3,6,14,9,17,12,8,11,8,9,5,14,10,13,8,9,2,11,5,13,5,6,15,18,20,20,10,7,3,0,19,12,11,15,4,9,12,8,9,2,5,5,4,8,9,12,6,5,5,4,6,6,8,8,5,8,5,3,5,2,4,2,5,13,17,6,12,6,6,8,4,9,4,5,4,11,1,2,6,3,14,8,10,5,13,6,7,11,11,7,5,9,3,10,5,9,10,8,8,10,14,8,3,5,9,4,3,8,6,4,10,9,3,0,3,10,10,9,18,5,7,13,18,10,4,9,11,12,11,7,9,7,2,2,5,0,4,6,6,3,5,7,5,9,6,8,7,2,6,4,16,5,8,5,9,3,7,14,16,22,5,5,6,13,12,13,9,8,6,5,9,10,14,9,4,5,5,5,11,11,8,9,4,6,18,4,0,2,1,3,5,4,7,4,5,2,4,2,2,8,6,4,3,3,1,3,6,8,8,12,5,5,3,6,7,3,6,7,1,8,2,4,8,8,7,2,2,5,6,6,5,10,5,6,15,9,15,17,11,13,0,2,7,7,1,4,3,3,9,6,8,2,7,2,4,1,4,10,12,9,6,3,7,5,9,6,6,7,8,12,15,8,4,5,5,22,14,9,6,8,3,15,15,20,5,3,12,7,13,16,18,28,11,2,9,2,20,9,7,2,4,5,6,6,16,9,10,10,4,8,5,7,20,15,9,7,8,14,24,3,5,5,3,6,13,14,22,11,11,5,11,11,43,16,6,4,5,15,17,16,16,3,5,4,2,11,5,5,3,2,5,11,4,7,6,6,5,1,9,25,22,13,9,9,3,6,1,9,2,5,2,7,12,24,23,7,3,3,10,4,7,8,15,5,11,6,17,11,13,11
FOODS_1_019_CA_1_evaluation,FOODS_1_019,FOODS_1,FOODS,CA_1,CA,0,0,0,0,0,0,0,0,0,0,0,0,0,0,0,0,0,0,0,0,0,0,0,0,0,0,0,0,0,0,0,0,0,0,0,0,0,0,0,0,0,0,0,0,0,0,0,0,0,0,0,0,0,0,0,0,0,0,0,0,0,0,0,0,0,0,0,0,0,0,0,0,0,0,0,0,0,0,0,0,0,0,0,0,0,0,0,0,0,0,0,0,0,0,0,0,0,0,0,0,0,0,0,0,0,0,0,0,0,0,0,0,0,0,0,0,0,0,0,0,0,0,0,0,0,0,0,0,0,0,0,0,0,0,0,0,0,0,0,0,0,0,0,0,0,0,0,0,0,0,0,0,0,0,0,0,0,0,0,0,0,0,0,0,0,0,0,0,0,0,0,0,0,0,0,0,0,0,0,0,0,0,0,0,0,0,0,0,0,0,0,0,0,0,0,0,0,0,0,0,0,0,0,0,0,0,0,0,0,0,0,0,0,0,0,0,0,0,0,0,0,0,0,0,0,0,0,0,0,0,0,0,0,0,0,0,0,0,0,0,0,0,0,0,0,0,0,0,0,0,0,0,0,0,0,0,0,0,0,0,0,0,0,0,0,0,0,0,0,0,0,0,0,0,0,0,0,0,0,0,0,0,0,0,0,0,0,0,0,0,0,0,0,0,0,0,0,0,0,0,0,0,0,0,0,0,0,0,0,0,0,0,0,0,0,0,0,0,0,0,0,0,0,0,0,0,0,0,0,0,0,0,0,0,0,0,0,0,0,0,0,0,0,0,0,0,0,0,0,0,0,0,0,0,0,0,0,0,0,0,0,0,0,0,0,0,0,0,0,0,0,0,0,0,0,0,0,0,0,0,0,0,0,0,0,0,0,0,0,0,0,0,0,0,0,0,0,0,0,0,0,0,0,0,0,0,0,0,0,0,0,0,0,0,0,0,0,0,0,0,0,0,0,0,0,0,0,0,0,0,0,0,0,0,0,0,0,0,0,0,0,0,0,0,0,0,0,0,0,0,0,0,0,0,0,0,0,0,0,0,0,0,0,0,0,0,0,0,0,0,0,0,0,0,0,0,0,0,0,0,0,0,0,0,0,0,0,0,0,0,0,0,0,0,0,0,0,0,0,0,0,1,5,6,3,0,0,0,0,0,1,0,2,1,0,0,1,6,2,3,0,0,0,2,1,2,1,0,1,0,0,1,0,0,1,0,0,1,2,0,1,0,0,3,3,0,2,2,0,0,1,0,0,0,2,8,1,0,0,0,1,8,6,3,2,0,1,13,4,1,9,12,2,1,11,13,0,0,0,0,0,4,9,4,0,2,0,8,9,4,12,1,8,9,1,1,0,0,1,6,2,2,13,6,2,0,9,8,13,20,7,0,2,0,0,1,0,0,0,1,0,0,1,0,0,1,0,0,18,19,7,2,1,0,0,4,11,15,3,0,0,0,5,16,13,7,16,1,0,0,7,13,17,7,1,3,3,11,15,0,2,0,0,6,12,10,11,12,8,15,6,15,16,11,3,3,3,14,16,9,13,8,0,0,24,9,8,7,8,0,1,1,9,19,1,8,10,27,2,4,15,18,2,2,0,3,11,24,21,0,0,0,6,5,9,1,12,0,1,0,21,5,16,6,10,9,0,18,11,12
FOODS_1_021_CA_1_evaluation,FOODS_1_021,FOODS_1,FOODS,CA_1,CA,9,20,4,3,2,3,4,23,4,2,4,4,4,24,10,3,19,3,8,23,4,8,4,3,8,17,5,5,5,12,5,6,7,4,4,15,12,5,10,12,28,5,4,9,6,7,24,4,19,11,25,6,1,6,17,12,1,9,11,3,2,30,23,10,9,6,7,11,7,27,10,16,7,10,3,4,32,19,10,9,2,6,38,7,11,13,8,38,5,5,9,19,7,4,18,5,10,6,15,7,5,21,6,5,7,31,4,2,4,2,16,8,3,7,1,12,20,3,11,5,4,1,5,6,13,9,14,10,1,7,16,1,6,12,5,4,23,6,2,1,2,18,3,2,3,1,4,9,21,11,2,12,0,2,2,30,0,1,4,1,1,12,20,1,0,0,4,3,18,0,1,0,16,4,7,4,0,0,3,14,2,7,18,28,3,1,2,0,2,12,4,4,10,6,3,4,4,3,9,6,4,24,5,11,11,9,21,4,12,11,4,22,16,20,17,0,6,21,4,37,2,16,5,12,7,8,4,7,7,4,33,2,12,3,1,24,3,1,6,7,8,5,1,5,35,17,7,7,2,1,1,7,11,5,8,4,26,2,5,8,8,5,29,4,8,11,13,7,20,6,2,7,29,2,4,1,37,7,2,15,16,7,6,10,1,9,15,15,8,2,3,4,4,27,3,7,2,3,10,11,6,9,12,40,5,0,12,11,12,9,9,48,13,13,33,24,12,2,5,27,1,1,1,4,8,9,1,24,7,9,3,33,4,1,6,3,11,32,7,4,9,21,9,9,13,3,4,45,6,8,12,6,22,9,3,23,8,20,5,8,3,6,4,6,7,14,22,10,7,21,7,6,4,5,5,27,2,7,13,10,37,2,5,3,6,42,1,4,7,2,2,25,0,4,7,6,27,2,2,10,4,20,0,0,15,29,5,3,2,26,1,12,11,28,1,7,4,2,29,4,7,5,1,5,30,2,3,2,24,2,0,2,24,4,8,4,6,5,18,1,1,28,1,1,3,7,27,1,2,6,0,2,8,3,2,6,8,2,1,1,2,1,0,6,3,0,0,2,2,7,0,11,0,0,0,0,0,2,1,22,0,1,0,8,1,2,2,0,2,4,19,0,1,0,1,1,0,1,6,6,2,2,18,3,3,1,2,0,10,0,0,0,0,0,0,1,0,12,0,3,0,0,0,7,0,0,0,0,1,0,0,0,0,0,0,1,0,0,2,1,1,1,0,0,6,0,0,0,0,0,0,0,0,0,0,0,0,0,0,1,0,1,10,0,0,0,6,2,2,1,20,4,5,3,5,1,25,1,0,8,0,7,2,2,6,1,1,13,2,0,3,0,1,0,3,0,1,9,3,1,0,10,5,7,3,1,1,2,3,4,25,2,0,2,0,1,3,4,1,0,1,1,3,8,3,1,10,0,4,3,0,4,2,1,1,1,1,7,2,2,2,11,0,0,3,0,9,0,0,0,1,3,0,3,1,0,4,1,4,2,1,1,7,3,1,5,6,1,0,0,6,2,0,0,0,3,0,1,6,4,2,0,0,0,0,0,1,1,1,0,4,3,2,0,0,0,0,0,4,2,3,3,0,0,0,2,1,1,2,3,3,0,0,0,0,0,0,0,0,1,0,0,0,0,0,0,0,0,0,0
FOODS_1_023_CA_1_evaluation,FOODS_1_023,FOODS_1,FOODS,CA_1,CA,0,0,0,0,0,0,2,7,1,3,3,4,0,0,0,4,1,2,3,0,3,1,2,3,0,6,2,1,1,0,0,0,0,0,0,2,1,5,2,0,1,3,6,1,0,4,2,1,1,0,0,0,0,0,3,4,3,5,1,4,0,0,0,4,2,4,1,2,4,3,0,0,1,7,2,0,1,11,4,3,1,0,0,2,3,2,1,0,3,0,0,0,0,2,12,3,0,3,3,4,5,0,1,4,12,1,1,3,3,2,6,2,6,4,0,5,3,2,0,7,1,5,5,4,0,4,1,5,0,1,1,1,0,5,3,0,5,1,2,6,5,2,0,0,7,2,1,0,3,1,3,1,1,3,1,0,3,4,7,0,3,2,2,6,1,3,1,2,0,1,8,0,7,3,3,0,7,3,0,7,5,2,4,0,0,8,5,0,1,0,0,2,2,5,5,5,5,3,2,3,0,1,0,6,3,1,2,4,3,1,4,7,3,0,1,0,6,0,2,0,9,0,0,1,6,1,0,2,1,0,5,3,7,0,3,0,2,8,4,4,2,1,1,0,4,1,3,1,2,3,4,5,5,0,3,0,0,1,8,0,1,1,0,4,2,0,5,1,5,0,1,3,6,1,2,5,2,3,9,1,3,1,6,2,0,6,3,2,3,4,2,0,3,4,3,1,3,2,2,2,6,0,0,1,5,1,5,8,1,1,5,3,4,3,4,1,4,5,0,2,1,3,2,5,1,2,4,0,8,2,2,2,2,3,0,3,2,1,4,1,2,6,11,1,0,0,0,0,1,10,10,8,1,0,0,4,3,0,3,0,5,1,0,4,5,6,3,9,0,3,0,2,2,1,2,7,2,1,0,6,1,0,0,0,2,3,5,0,0,0,0,0,0,0,1,3,0,4,0,1,0,0,0,0,1,3,6,0,0,0,0,1,9,0,0,0,0,0,0,0,1,0,0,0,0,0,0,0,0,0,0,0,0,0,0,0,0,0,0,0,0,0,0,0,0,0,0,0,0,0,0,0,0,0,0,0,0,0,0,0,0,0,0,0,0,0,0,0,0,3,2,5,0,0,0,0,0,3,2,5,0,7,0,2,1,0,0,0,0,5,2,2,1,0,0,0,1,7,2,0,0,0,0,0,0,0,0,0,0,0,0,0,0,0,0,0,0,0,0,0,0,0,0,0,0,0,0,0,0,0,0,0,0,0,0,0,0,0,0,0,0,0,0,0,0,2,1,7,0,0,0,0,0,0,0,0,1,4,0,0,3,1,7,0,0,0,0,0,0,0,0,0,0,0,0,0,0,0,0,0,0,0,0,0,0,0,0,0,0,0,0,0,0,0,0,0,0,0,0,0,0,0,0,0,0,0,0,2,3,5,0,0,0,0,0,0,0,0,0,0,0,0,0,0,0,0,0,0,0,0,0,0,0,0,0,0,0,0,0,0,0,0,0,0,0,0,0,0,0,0,0,0,0,0,0,0,0,0,0,0,0,0,0,0,0,0,0,0,0,0,2,0,0,4,4,1,0,0,0,0,0,0,0,0,0,0,0,0,0,0,0,0,0,0,0,0,0,0,0,3,0,0,7,0,1,9,0,0,0,1,1,0,2,2,2,3,1,4,1,2,2,0,2,7,0,3,5,4,3,0
FOODS_1_027_CA_1_evaluation,FOODS_1_027,FOODS_1,FOODS,CA_1,CA,6,2,4,0,0,3,2,5,1,4,2,2,1,1,2,7,0,5,3,3,4,3,1,0,0,0,0,3,3,1,7,3,0,0,0,0,0,0,0,2,1,0,0,0,0,0,0,0,2,0,8,5,3,0,1,4,0,0,0,0,0,0,0,0,2,1,4,2,2,2,4,1,1,0,2,6,3,5,15,2,2,3,6,2,7,4,4,3,1,4,1,4,5,1,2,0,0,0,0,0,0,0,4,2,1,2,12,3,2,4,18,1,2,1,4,1,5,1,1,7,3,1,0,0,0,0,3,6,2,5,2,2,1,1,0,0,1,0,1,3,1,0,4,1,0,0,3,2,1,2,1,2,2,2,4,1,2,3,0,6,4,2,1,2,0,0,0,0,0,4,0,1,1,4,0,1,3,1,0,0,1,1,0,2,0,0,1,0,0,0,1,2,1,3,1,2,6,4,2,0,5,3,3,3,4,0,5,6,14,3,17,12,7,15,13,0,2,6,2,6,0,5,0,2,0,2,3,1,0,4,4,0,1,5,0,16,1,0,4,2,6,3,2,2,2,3,4,0,5,3,1,1,2,2,1,1,2,5,5,7,5,6,3,5,8,2,7,0,1,0,1,2,4,8,5,1,2,0,0,0,0,2,0,1,1,2,0,0,1,5,0,0,2,2,0,1,3,0,1,1,0,1,1,1,3,1,1,2,1,3,4,2,2,0,2,4,7,0,2,1,4,6,2,2,0,3,2,0,2,2,1,0,1,0,3,2,2,7,3,0,0,3,1,1,1,1,0,2,5,0,0,1,4,4,3,2,2,2,7,5,1,0,1,0,0,0,0,0,0,0,0,0,0,0,0,0,0,0,0,0,0,0,0,0,0,0,0,0,0,0,0,0,0,0,0,0,0,0,0,0,0,0,0,0,0,0,0,0,0,0,0,0,0,0,0,0,0,0,0,0,0,0,0,0,0,0,0,0,0,0,0,0,0,0,0,0,0,0,0,0,0,0,0,0,0,0,0,0,0,0,0,0,0,0,0,0,0,0,0,0,0,0,0,0,0,0,0,0,0,0,0,0,0,0,0,0,0,0,0,0,0,0,0,0,0,0,0,0,0,0,0,0,0,0,0,0,0,0,0,0,0,0,0,0,0,0,0,0,0,0,0,0,0,0,0,0,0,0,0,0,0,0,0,0,0,0,0,0,0,0,0,0,0,0,0,0,0,0,0,0,0,0,0,0,0,0,0,0,0,0,0,0,0,0,0,0,0,0,0,0,0,0,0,0,0,0,0,0,0,0,0,0,0,0,0,0,0,0,0,0,0,0,0,0,0,0,0,0,0,0,0,0,0,0,0,0,0,0,0,0,0,0,0,0,0,0,0,0,0,0,0,0,0,0,0,0,0,0,0,0,0,0,0,0,0,0,0,0,0,0,0,0,0,0,0,0,2,0,2,2,0,4,0,4,1,0,1,0,3,1,5,1,3,6,3,3,5,4,3,1,2,0,2,0,3,1,1,3,3,2,4,4,3,1,0,0,3,3,0,4,2,4,3,1,2,5,6,4,3,1,2,4,5,4,2,3,1,0,2,1,3,3,1,0,2,2,6,1,3,0,2,1,4,0,5,1,2,3,2,1,1,1,1,1,2,0,0,4,1,0
FOODS_1_028_CA_1_evaluation,FOODS_1_028,FOODS_1,FOODS,CA_1,CA,0,0,0,0,0,0,0,0,0,0,0,0,0,0,0,0,0,0,0,0,0,0,0,0,0,0,0,0,0,0,11,2,7,3,4,4,6,1,4,4,2,7,8,4,4,6,6,2,6,3,5,4,2,6,0,6,7,4,1,3,4,2,2,5,2,3,3,3,2,2,5,5,2,3,1,1,7,4,3,2,1,1,5,1,2,3,3,1,1,1,3,0,4,4,1,1,0,0,0,0,0,0,0,0,0,0,0,0,0,0,0,0,0,0,0,0,0,0,0,0,0,0,0,0,0,0,0,0,0,0,0,0,0,0,0,0,0,0,0,0,0,0,0,0,0,0,0,0,0,0,0,0,0,0,0,0,0,0,0,0,0,0,0,0,0,0,0,0,0,0,0,0,0,0,0,0,0,0,0,0,0,0,0,0,0,0,0,0,0,0,0,0,0,0,0,0,0,0,0,0,0,0,0,0,0,0,0,0,5,4,3,0,1,0,0,0,0,0,0,0,0,0,1,2,3,1,1,0,2,2,0,3,3,3,3,3,3,1,1,0,1,0,0,1,0,0,0,0,1,0,0,0,0,0,1,2,3,4,1,1,0,0,0,3,2,6,1,0,0,0,0,0,1,3,2,1,1,0,0,1,2,0,0,0,0,0,0,0,0,0,0,0,0,0,0,0,0,0,0,0,0,0,0,0,0,0,0,0,0,0,0,0,0,0,0,0,0,1,0,0,0,0,0,0,0,0,0,0,0,0,0,0,0,0,0,0,0,0,0,2,1,2,2,3,5,8,3,1,2,4,2,0,1,3,2,0,0,0,2,0,2,1,0,0,0,0,0,1,0,0,3,3,1,6,0,1,3,3,3,0,2,0,0,1,1,2,2,1,2,1,2,3,1,0,1,4,1,2,2,3,0,2,1,2,1,5,2,3,3,3,1,2,4,1,1,2,0,3,1,3,0,1,0,2,3,0,2,1,1,0,1,1,2,0,2,0,7,3,3,2,1,0,0,0,0,1,4,1,1,1,1,1,1,1,1,2,0,0,2,0,0,0,0,0,0,0,0,0,0,0,0,0,0,0,0,0,0,0,0,0,0,0,0,0,0,0,0,0,0,0,0,0,0,0,0,0,0,0,0,0,0,0,0,0,0,0,0,0,0,0,0,0,0,0,0,0,0,0,0,0,0,0,0,0,0,0,0,0,0,0,0,0,0,0,0,0,0,0,0,0,0,0,0,0,0,0,0,0,0,0,0,0,0,0,0,0,0,0,0,0,0,0,0,0,0,0,0,0,0,0,0,0,0,0,0,1,2,2,2,7,0,3,2,0,1,1,0,0,0,0,3,0,0,0,2,1,1,1,1,0,1,0,2,0,2,0,2,0,0,1,5,2,0,1,1,0,0,1,1,1,2,0,0,0,0,0,0,0,0,0,0,0,0,0,0,0,0,0,0,0,0,0,0,0,0,0,0,0,0,0,0,0,0,0,0,0,0,0,0,0,0,0,0,0,0,0,0,0,0,0,0,0,0,0,0,0,0,0,0,0,0,0,0,0,0,0,0,0,0,0,0,0,1,5,4,2,1,1,1,3,0,0,3,7,2,3,4,5,2,4,3,1,0,1,1,0,2,0,0,0,0,1,2,0,0,0,1,0,3,4
FOODS_1_032_CA_1_evaluation,FOODS_1_032,FOODS_1,FOODS,CA_1,CA,0,0,0,0,0,0,0,0,0,0,0,0,0,0,0,0,0,0,0,0,0,0,0,0,0,0,0,0,0,0,0,0,0,0,0,0,0,0,0,0,0,0,0,0,0,0,0,0,0,0,0,0,0,0,0,0,0,0,0,0,0,0,0,0,0,0,0,0,0,0,0,0,0,0,0,0,0,0,0,0,0,0,0,0,0,0,0,0,0,0,0,0,0,0,0,0,0,0,0,0,0,0,0,0,0,0,0,0,0,0,0,0,0,0,0,0,0,0,0,0,0,0,0,0,0,0,0,0,0,0,0,0,0,0,0,0,0,0,0,0,0,0,0,0,0,0,0,0,0,0,0,0,0,0,0,0,0,0,0,0,0,0,0,0,0,0,0,0,0,0,0,0,0,0,0,0,0,0,0,0,0,0,1,0,3,7,11,8,22,15,3,6,5,5,1,8,14,2,5,2,7,2,10,13,13,14,14,6,9,9,3,16,9,5,2,0,0,2,0,1,1,1,0,0,0,0,0,0,10,12,11,11,8,3,5,5,0,1,0,0,0,1,4,3,9,6,6,2,3,2,0,2,4,0,0,4,0,2,3,1,1,0,0,4,2,7,4,2,4,1,0,6,13,8,5,3,5,4,5,3,2,3,0,5,0,1,0,0,1,0,1,0,0,9,12,12,0,0,0,0,0,0,0,0,1,3,1,0,2,5,2,4,2,9,4,3,10,0,0,0,0,0,0,0,0,0,0,0,0,0,0,0,0,0,0,0,0,0,0,0,0,0,0,0,0,0,0,0,0,0,0,0,0,0,0,0,0,0,0,0,0,0,0,0,0,0,0,0,0,0,0,0,0,0,0,3,8,19,5,9,8,6,5,4,1,0,0,3,9,3,4,7,8,2,0,2,0,0,0,0,0,0,0,0,0,0,0,0,0,0,0,0,0,0,0,0,0,0,0,0,0,0,0,1,3,1,1,3,0,3,2,2,7,1,4,5,1,2,0,1,4,2,4,0,1,2,3,5,0,1,0,0,1,4,5,5,3,2,4,0,0,5,2,4,0,0,0,0,0,2,2,3,2,0,0,2,0,6,5,1,0,0,1,2,7,2,3,2,1,1,3,1,0,0,0,3,3,1,1,3,1,4,5,7,7,7,4,1,1,0,9,2,2,1,1,0,0,0,0,3,1,2,4,6,8,4,1,0,2,2,2,1,4,7,0,0,0,0,0,8,3,0,3,2,7,1,0,2,3,5,3,1,6,0,1,1,2,0,3,5,4,0,4,2,4,5,6,0,0,5,2,3,9,4,10,9,2,1,0,1,0,3,3,4,4,1,4,5,4,5,3,4,4,0,7,8,2,2,7,6,9,4,6,1,4,3,2,2,1,4,4,3,2,1,3,3,4,3,22,1,0,0,0,5,0,0,0,0,11,8,13,3,1,1,1,0,4,6,1,1,8,3,1,9,5,1,2,1,0,0,7,11,8,1,3,0,0,9,3,0,2,2,1,0,0,7,1,1,1,1,9,1,0,1,0,0,0,0,3,0,6,2,0,0,1,6,4,0,0,0,0,0,0,0,0,2,2,4,2,3,2,3,0,1,2,4,11,8,2,3,2,7,0,2,5,3,2,3,2,2,3,10,4,5,2,0,0,3,21,5
FOODS_1_036_CA_1_evaluation,FOODS_1_036,FOODS_1,FOODS,CA_1,CA,0,0,0,0,0,3,6,5,2,1,5,2,0,0,0,0,0,1,2,4,8,4,2,2,0,0,5,5,1,4,3,3,1,4,5,3,3,0,0,5,5,0,5,6,2,1,0,1,3,2,2,1,3,1,7,3,4,3,4,0,0,6,2,9,6,2,5,2,0,2,5,11,3,2,0,2,1,2,4,3,3,0,2,5,2,2,5,3,1,3,0,4,7,2,7,2,3,3,3,2,0,2,0,3,0,8,1,8,3,2,2,7,5,6,4,3,3,2,3,1,6,3,0,2,3,3,2,7,0,3,4,3,4,1,2,2,2,3,1,4,4,2,4,5,0,4,6,1,4,4,1,8,1,3,4,7,0,1,3,4,4,1,1,3,1,4,4,4,1,6,7,3,0,2,2,6,3,5,3,0,2,5,3,6,4,2,3,0,0,5,3,5,4,2,7,3,4,5,0,4,4,0,2,4,4,7,1,2,0,5,7,3,2,7,0,0,6,5,2,3,4,4,2,2,3,3,4,6,2,4,1,7,4,5,0,3,5,3,7,4,1,1,3,9,3,6,3,1,0,2,6,6,6,1,4,4,9,1,9,2,2,6,5,7,3,5,3,1,2,1,5,3,7,6,8,3,0,5,5,2,9,2,0,0,0,5,4,5,7,0,2,0,6,5,0,0,0,0,1,0,0,8,2,0,1,0,6,4,2,0,0,0,0,6,5,8,3,0,0,0,0,4,13,4,2,0,0,4,1,7,0,8,1,1,4,2,6,3,1,3,0,2,7,8,4,4,3,1,0,4,6,3,4,1,3,7,2,2,6,4,10,1,0,8,2,5,1,2,7,3,1,1,0,0,0,0,0,0,3,1,2,2,4,6,4,0,0,1,0,2,2,3,5,3,2,1,1,2,0,1,9,1,4,2,3,5,3,8,1,0,0,1,2,3,1,2,4,0,8,2,0,3,4,3,1,0,4,1,4,1,4,2,1,3,4,7,2,1,0,0,0,3,1,5,4,3,3,3,1,2,3,3,2,0,1,4,6,1,0,0,0,4,8,0,0,0,0,0,0,2,4,3,2,0,0,0,0,0,0,4,3,2,4,3,1,0,0,1,0,0,0,0,0,0,0,0,0,0,1,8,0,3,1,0,0,0,0,0,0,0,0,0,0,0,0,0,0,0,0,0,0,0,0,0,0,0,0,0,0,0,0,0,0,0,0,0,0,0,0,0,0,0,0,0,0,0,0,0,0,0,0,0,0,0,0,0,0,0,0,0,0,0,0,0,0,0,0,0,0,0,7,4,5,0,1,4,1,0,0,0,0,0,0,0,0,0,0,0,0,0,0,0,0,0,0,0,0,0,0,0,0,0,0,0,0,0,0,0,0,0,0,0,0,0,1,2,3,2,3,0,1,4,7,0,0,0,0,0,6,3,2,0,1,0,0,0,0,0,0,0,0,0,0,3,5,2,6,1,1,1,7,4,9,2,2,2,0,0,0,0,0,0,0,2,2,6,8,2,1,3,4,4,6,5,0,0,1,0,1,4,2,1,2,1,3,3,0,2,2,1,1,3,4,4,0,2,4,3,5,3,6,3,3,2,1,3,3,3,3,4,3,1,0,0,2,0,1,1,4,0,4,5,5,2,2,3,1,2,3,1
FOODS_1_037_CA_1_evaluation,FOODS_1_037,FOODS_1,FOODS,CA_1,CA,2,1,0,0,0,2,0,1,1,0,1,2,0,0,0,1,0,3,1,1,0,0,3,1,1,0,1,1,0,2,2,1,0,2,0,0,0,0,0,0,1,0,0,0,1,0,0,1,0,1,0,0,1,1,2,0,0,0,0,1,0,0,0,0,0,0,0,0,0,0,0,0,0,0,0,0,0,0,0,0,0,0,0,0,0,0,0,0,0,0,0,0,0,0,0,0,0,0,0,0,0,0,0,0,0,0,0,0,0,0,0,0,0,0,0,0,0,0,0,0,0,0,0,0,0,0,0,0,0,0,0,0,0,0,0,0,0,0,0,0,0,0,0,0,0,0,0,0,0,0,0,0,0,0,0,0,0,0,0,0,0,0,0,0,0,0,0,2,0,1,1,0,1,0,1,1,0,0,2,2,1,1,0,0,0,0,0,0,0,0,0,0,0,0,0,0,0,0,0,0,0,0,0,0,0,0,0,1,0,0,0,0,3,7,5,0,1,2,3,2,2,1,0,1,1,1,1,1,0,0,1,1,1,1,1,1,1,2,1,2,3,0,2,1,2,9,5,3,2,3,2,4,3,5,2,3,0,9,4,7,5,3,8,5,7,3,2,3,2,0,0,0,1,1,1,1,1,2,0,2,3,1,0,3,1,2,0,2,0,1,0,1,4,1,1,0,0,0,0,2,0,1,1,3,0,0,1,2,1,4,1,0,0,4,1,4,7,1,1,1,0,3,0,0,3,0,2,0,3,0,2,2,0,1,0,1,1,0,0,1,2,1,5,0,0,0,1,2,2,0,5,0,1,1,0,1,1,2,2,3,2,0,3,0,2,3,2,2,1,0,2,0,2,0,0,0,1,0,0,0,1,3,4,2,1,0,0,0,2,0,5,1,2,0,1,1,1,2,7,3,0,2,0,1,0,1,1,1,0,0,0,0,2,1,0,0,4,0,0,0,0,0,0,0,0,0,0,0,0,0,0,0,0,0,0,0,0,0,0,0,0,0,0,0,0,0,0,0,0,0,0,0,0,0,0,0,0,0,0,0,0,0,0,0,0,0,0,0,0,0,0,0,0,0,0,0,0,0,0,0,0,0,0,0,0,0,0,0,0,0,0,0,0,0,0,0,0,0,0,0,0,0,0,0,0,0,0,0,0,0,0,0,0,0,0,0,0,0,0,0,0,0,0,0,0,0,0,0,0,0,0,0,0,0,0,0,0,0,1,0,0,0,0,2,3,1,2,1,0,0,5,1,4,1,0,0,1,2,4,1,2,0,1,0,1,0,1,0,2,2,0,3,9,0,1,2,0,5,0,1,0,0,1,0,0,1,1,0,1,2,0,1,0,0,1,3,1,1,1,0,0,0,0,1,1,0,0,0,0,0,4,1,2,0,0,1,0,0,0,0,0,0,0,0,0,2,2,1,1,1,0,0,2,2,2,1,0,2,1,1,0,0,1,0,3,0,0,2,1,0,0,3,3,2,0,2,1,0,1,3,1,3,1,1,2,3,2,0,4,1,3,7,16,6,0,0,2,1,2,6,0,0,4,1,0,2,3,3,0,3,0,2,7,4,2,0,3,1,2,2,2,1,4,2,0,0,1,1,0,1,0,0,3,1,1,4,0,0,3,0,3,3,1,1,2,3,1,1,2,0
FOODS_1_040_CA_1_evaluation,FOODS_1_040,FOODS_1,FOODS,CA_1,CA,0,0,0,0,0,0,0,0,0,0,0,0,0,0,0,0,0,0,0,0,0,0,0,0,0,0,0,0,0,0,0,0,0,0,0,0,0,0,0,0,0,0,0,0,0,0,0,0,0,0,0,0,0,0,0,0,0,0,0,0,0,0,0,0,0,0,2,1,5,0,5,6,1,0,2,6,9,4,1,0,0,4,5,4,7,6,1,1,2,4,6,8,4,4,0,2,3,3,6,3,5,2,1,2,4,8,4,3,3,9,3,3,3,4,2,0,0,4,3,5,8,4,6,1,3,2,1,1,1,2,2,3,3,1,2,2,5,1,1,1,3,6,8,2,1,2,0,0,0,0,0,0,0,0,0,0,0,0,0,0,0,0,1,0,0,1,3,5,5,6,4,3,1,0,1,0,0,0,0,0,0,0,9,3,0,0,1,0,0,0,0,0,0,0,0,0,0,0,0,1,2,2,4,2,2,0,0,0,0,8,2,1,0,0,0,0,9,2,0,0,1,1,5,0,2,3,2,4,2,2,2,6,2,1,1,2,1,1,6,3,2,0,1,5,2,3,3,4,1,2,1,0,5,5,4,2,5,2,5,3,9,2,5,4,7,8,11,4,5,0,0,4,3,6,1,5,3,3,1,1,5,9,6,3,1,1,2,6,5,0,1,1,2,2,12,3,0,1,3,3,4,9,0,1,1,0,6,5,3,1,4,11,9,5,14,17,2,1,2,0,0,2,5,3,2,8,2,4,3,7,7,8,1,2,5,4,7,5,2,0,1,4,5,6,9,3,4,3,2,3,10,2,3,3,3,6,2,3,5,2,3,7,2,6,4,8,4,0,5,1,5,6,9,3,4,8,4,6,1,7,8,2,6,5,6,4,8,5,3,4,4,10,8,3,3,1,4,4,4,6,6,4,4,10,3,4,5,3,3,4,4,7,9,5,6,5,5,9,4,4,3,2,2,6,4,5,5,2,6,2,1,3,6,6,7,3,7,6,1,2,6,1,9,3,1,7,4,10,4,4,6,3,3,1,4,2,8,6,0,5,2,5,2,4,3,11,2,7,2,4,2,1,4,1,2,3,1,0,3,6,2,1,2,2,0,4,1,3,9,6,1,4,4,3,1,0,0,1,1,1,6,2,6,2,6,0,3,1,2,1,3,2,6,1,1,0,0,1,5,0,2,0,1,5,6,5,4,2,1,0,0,1,0,0,0,4,3,3,1,4,7,1,0,1,0,0,0,2,3,1,0,2,6,0,1,0,0,0,0,0,0,6,4,2,0,0,0,7,1,1,2,3,3,2,8,1,1,3,0,7,0,5,1,1,0,0,0,0,2,5,0,1,1,0,0,0,0,0,0,0,0,2,7,2,0,0,0,5,1,0,0,0,1,0,0,2,5,1,1,0,0,2,5,2,1,0,1,3,0,1,1,1,0,3,12,8,4,2,2,0,0,0,1,3,1,1,1,3,1,0,5,11,4,1,3,2,2,0,0,1,1,0,0,6,1,9,5,7,7,0,10,9,4,1,0,1,0,7,3,2,3,3,9,1,3,1,6,5,0,0,2,0,0,0,0,2,4,7,3,5,4,1,5,0,1,2,1,3,1,4,3,1,0,0,0,1,0,0,0,0,0,2,5,0,4,4,7,0,1,0
FOODS_1_042_CA_1_evaluation,FOODS_1_042,FOODS_1,FOODS,CA_1,CA,1,0,24,0,3,2,1,2,6,3,7,0,2,3,3,4,6,3,4,5,18,6,4,4,4,11,7,1,2,1,7,4,3,30,0,4,1,1,2,2,2,1,3,3,2,5,4,4,1,3,6,6,6,0,0,12,0,0,2,1,4,4,1,3,5,9,11,4,1,1,2,3,1,1,2,7,13,0,0,4,3,4,2,3,3,7,6,8,2,5,6,0,3,6,4,2,1,20,0,4,0,1,3,1,1,2,1,2,3,3,0,1,4,4,2,6,4,1,9,2,2,1,2,2,5,1,2,2,4,5,7,3,6,2,5,17,0,0,0,2,3,1,6,4,5,1,5,2,5,1,2,4,2,18,0,2,3,1,0,5,2,6,1,2,1,1,1,3,5,6,3,6,2,10,10,9,9,4,3,0,2,24,1,4,1,1,0,0,5,6,2,4,6,10,8,5,2,8,8,7,16,6,10,6,10,8,4,3,10,7,11,13,2,0,0,0,1,3,5,5,4,3,2,26,0,10,2,0,2,2,2,3,5,4,12,4,4,3,4,2,2,3,16,1,1,2,6,2,1,4,1,0,5,5,0,1,5,24,6,0,0,0,0,2,4,1,3,3,2,2,3,0,3,2,0,4,18,0,0,0,1,8,0,0,2,1,4,4,7,2,4,1,3,3,11,1,1,18,3,2,3,3,3,5,3,3,13,1,3,4,2,4,1,0,4,5,2,4,1,28,0,1,2,1,3,2,6,13,4,3,3,2,3,3,2,3,2,4,2,1,3,1,2,2,4,8,6,4,4,1,2,3,20,6,1,1,3,5,1,5,0,5,6,3,2,4,6,2,4,4,1,10,3,4,3,3,1,25,0,0,5,4,6,2,3,2,2,5,4,3,7,5,14,3,2,1,1,7,5,2,1,2,8,1,2,4,0,1,1,2,2,14,18,0,0,1,0,3,4,4,6,7,6,1,2,4,3,3,4,0,3,4,4,20,1,9,2,5,5,0,3,3,0,4,1,1,0,11,1,5,3,8,5,18,0,0,2,1,2,5,4,2,3,3,2,4,6,8,2,4,2,1,4,3,2,12,1,4,3,4,0,0,3,4,3,6,6,5,2,3,2,4,0,3,2,4,3,2,1,4,1,7,1,1,2,2,1,4,3,4,1,5,5,9,3,2,2,7,0,0,0,0,0,0,0,0,0,0,0,0,0,0,12,0,0,3,3,3,3,0,0,2,7,4,5,0,0,10,3,1,11,0,0,0,2,5,8,6,8,7,10,7,12,8,2,2,0,24,0,0,0,13,16,8,11,12,0,1,0,0,0,7,1,2,4,7,2,0,7,18,7,3,2,0,1,2,4,6,3,5,3,3,8,0,0,0,0,14,4,3,8,3,10,3,3,0,0,0,1,4,6,1,15,5,7,0,2,3,3,0,6,3,0,3,0,9,1,2,6,1,3,6,2,11,2,1,8,4,3,1,3,1,4,8,3,2,12,3,9,2,2,0,0,7,4,7,0,8,4,8,2,0,1,5,1,2,5,2,0,2,7,4,5,4,0,4,1,3,4,4,2,3,5,3,7,4,2,0,5,2,11,4,1,0,1,6,0,8,9,8,4,3,1,8,4,0,0,0,0,0,3,2,6,3,0,4,3,4,5,3
FOODS_1_043_CA_1_evaluation,FOODS_1_043,FOODS_1,FOODS,CA_1,CA,10,11,10,7,8,15,11,19,27,11,9,15,13,15,23,17,13,10,11,31,11,19,18,13,3,7,5,8,3,7,12,3,0,0,0,0,0,0,0,5,13,6,10,11,9,5,7,4,15,16,17,5,7,8,12,10,10,22,6,4,4,5,7,14,13,7,5,5,7,11,18,7,7,7,5,11,11,12,2,4,16,1,0,0,6,16,7,5,4,12,2,7,22,16,13,14,8,16,13,19,6,7,5,5,13,6,7,5,6,6,19,3,6,7,8,3,7,3,5,3,8,5,3,5,4,7,1,5,9,6,3,2,3,4,8,2,1,3,3,3,7,2,4,1,4,2,6,2,1,7,1,0,10,2,7,8,5,4,10,8,16,13,5,5,1,1,2,2,5,6,6,0,2,6,8,5,2,5,7,8,7,9,2,2,8,6,3,4,12,11,3,5,9,2,6,8,11,6,17,8,3,3,3,3,6,15,8,9,17,4,5,15,13,14,9,0,3,15,10,11,9,7,18,7,7,9,9,3,3,4,9,21,9,17,2,8,9,10,13,10,13,6,3,6,18,16,20,9,13,13,10,2,19,12,9,7,17,10,7,17,19,10,15,13,26,23,8,0,0,0,0,0,0,0,20,2,5,10,2,5,15,12,3,7,3,7,8,5,11,5,1,7,4,5,5,8,3,6,6,5,7,4,8,9,6,7,5,4,4,10,5,10,14,6,12,18,15,5,6,5,4,7,10,11,12,5,8,3,9,7,0,0,0,0,0,0,0,34,15,3,11,8,17,16,17,7,12,9,11,7,9,11,5,6,6,7,16,14,12,6,3,5,15,15,19,20,32,10,11,14,18,4,27,10,11,15,13,22,17,22,11,16,19,13,13,10,12,13,11,9,5,14,16,15,17,7,10,12,12,7,14,12,9,10,11,22,6,11,19,11,15,19,22,11,11,11,8,11,10,13,20,10,8,6,10,10,17,8,7,7,10,6,7,20,13,8,9,2,6,6,9,9,10,12,9,6,5,6,8,5,4,8,7,5,7,8,18,5,5,9,5,8,9,9,2,4,9,5,4,3,5,4,8,5,8,6,7,7,7,3,2,5,9,4,9,6,2,4,3,3,8,10,9,11,2,5,5,8,14,5,4,6,7,7,5,4,7,5,4,5,1,6,5,2,2,8,0,5,10,7,5,2,2,6,10,7,4,6,1,3,3,5,7,5,0,3,1,6,4,2,1,2,4,7,2,3,1,4,2,5,6,1,8,7,6,6,5,1,0,4,0,0,0,0,0,0,0,0,0,0,0,0,0,4,9,10,4,14,36,24,0,8,6,4,6,8,6,13,5,5,6,4,5,4,10,12,11,13,4,7,8,4,6,5,7,0,3,7,3,5,1,3,5,6,10,9,14,11,9,8,6,3,4,0,0,0,0,0,0,0,0,0,0,0,0,0,0,0,0,0,0,0,0,0,0,0,0,0,0,0,0,0,0,0,0,0,0,0,0,0,0,0,0,0,0,0,0,0,0,0,0,0,0,0,0,0,0,0,0,0,0,0,0,0,0,0,0,0,0,0,0,0,0,0,0,0,0,0,0,0,0,0,0,5,10,4,19,8,10,6,13,4,14,12,15,3,7,10,5,9,11,9,11,9,3,1,4,5,8,5
FOODS_1_044_CA_1_evaluation,FOODS_1_044,FOODS_1,FOODS,CA_1,CA,0,0,0,0,0,0,0,0,0,0,0,0,0,0,0,0,0,0,0,0,0,0,0,0,0,0,0,0,0,0,8,13,4,3,1,3,2,1,1,2,2,7,7,1,0,5,1,4,4,4,5,6,4,4,2,2,4,1,1,1,2,2,2,2,6,2,2,4,1,1,2,6,3,2,4,2,3,5,5,4,2,2,3,4,6,3,2,4,4,4,2,4,4,8,2,0,0,0,0,0,0,0,0,0,0,0,0,0,0,0,0,0,0,0,0,0,0,0,0,0,0,0,0,0,0,0,0,0,0,0,0,0,0,0,0,0,0,0,0,0,0,0,0,0,0,0,0,0,0,0,0,0,0,0,0,0,0,0,0,0,0,0,0,0,0,0,0,0,0,0,0,0,0,0,0,0,0,0,0,0,0,0,0,0,0,0,0,0,0,0,0,0,0,0,0,0,0,0,0,0,0,0,0,0,0,0,0,2,1,2,5,1,4,3,0,0,1,0,2,2,0,1,1,0,2,2,1,1,0,0,0,1,2,2,2,3,1,1,4,2,1,1,3,2,5,1,2,1,1,3,1,4,2,2,2,4,3,3,2,2,1,0,0,1,3,1,2,2,1,1,0,0,0,1,0,1,0,2,1,0,0,1,1,1,2,0,1,1,0,0,1,0,3,1,1,0,0,1,1,2,1,3,2,2,3,2,4,2,2,4,1,0,1,0,4,2,5,2,1,1,1,1,0,0,1,1,1,2,1,2,1,1,4,0,2,1,0,5,0,0,2,2,0,3,5,3,1,3,1,4,4,1,1,1,1,4,1,5,3,2,2,2,2,4,1,1,2,0,0,0,0,2,3,0,1,5,2,5,4,1,3,3,4,1,2,2,0,2,0,1,1,3,1,3,1,1,1,1,1,3,0,0,1,2,1,10,1,0,3,0,0,0,3,0,0,1,2,1,2,1,1,1,0,2,1,4,1,0,0,1,0,0,0,1,1,1,2,1,5,2,1,0,0,0,3,0,0,1,2,0,2,0,4,2,4,0,0,1,1,1,2,0,0,0,0,0,0,0,0,0,0,0,0,0,0,0,0,0,0,0,0,0,0,0,0,0,0,0,0,0,0,0,0,0,0,0,0,0,0,0,0,0,0,0,0,0,0,0,0,0,0,0,0,0,0,0,0,0,0,0,0,0,0,0,0,0,0,0,0,0,0,0,0,0,0,0,0,0,0,0,0,0,0,0,0,0,0,0,0,0,0,0,0,0,0,0,0,0,0,0,0,0,0,0,0,0,0,0,0,0,0,0,3,5,3,2,3,3,0,0,0,3,1,1,0,0,0,0,1,2,1,1,0,0,2,2,1,2,2,0,5,1,2,2,1,0,0,2,1,1,1,3,1,2,0,1,1,1,2,3,0,1,1,0,0,0,0,0,0,0,0,0,0,0,0,0,0,0,0,0,0,0,0,0,0,0,0,0,0,0,0,0,0,0,0,0,0,0,0,0,0,0,0,0,0,0,0,0,0,0,0,0,0,0,0,0,0,0,0,0,0,0,0,0,0,0,0,0,0,0,0,1,0,2,6,1,4,0,1,3,0,2,2,1,1,3,1,2,5,5,6,1,2,3,3,4,1,4,0,4,4,2,1,0,1,0,0,0,1,2
FOODS_1_045_CA_1_evaluation,FOODS_1_045,FOODS_1,FOODS,CA_1,CA,0,0,0,0,0,0,0,0,0,0,0,0,0,0,0,0,0,0,0,0,0,0,0,0,0,0,0,0,0,0,0,0,0,0,0,0,0,0,0,0,0,0,0,0,0,0,0,0,0,0,0,0,0,0,0,0,0,0,0,0,0,0,0,0,0,0,3,8,1,1,3,3,4,5,3,1,6,7,7,4,4,1,7,3,3,2,4,3,4,3,4,3,4,5,3,0,3,3,5,5,6,4,2,3,9,5,4,0,3,5,4,2,1,3,5,4,1,5,2,7,5,2,3,2,2,3,2,4,2,2,2,8,1,3,1,3,4,3,3,2,5,13,5,2,1,4,14,1,8,0,1,3,3,2,5,5,3,3,1,0,0,0,2,3,0,2,2,4,9,3,3,4,0,4,3,3,2,0,0,1,0,0,0,0,0,0,0,0,0,0,0,0,0,4,2,1,0,0,0,0,0,0,0,0,0,0,0,0,0,0,0,0,0,0,0,0,0,0,0,0,0,0,2,5,2,5,5,7,2,2,1,1,7,1,1,1,1,4,7,6,2,1,2,2,2,3,2,2,2,2,5,3,4,3,7,3,4,1,5,5,3,4,3,4,13,6,3,7,2,1,2,5,5,5,3,4,3,3,8,4,0,0,1,0,1,3,6,6,8,2,1,1,1,0,0,2,1,8,3,1,0,5,6,1,1,2,2,9,6,6,0,2,0,4,8,6,17,2,0,0,0,3,6,4,3,7,2,4,2,4,8,2,5,6,4,3,3,4,6,3,1,1,3,8,9,3,0,0,4,3,10,6,0,5,4,4,4,10,6,3,0,8,10,1,5,6,2,7,3,5,2,9,4,3,4,5,2,3,5,10,4,2,5,9,11,4,10,7,6,4,5,5,6,10,1,5,5,6,2,7,8,5,1,3,9,2,1,7,2,4,5,6,12,11,6,6,1,3,5,7,4,8,8,3,5,3,9,6,3,4,6,3,5,6,4,3,8,4,3,2,5,3,9,4,1,11,4,3,2,5,3,6,3,4,11,10,3,4,1,4,3,3,3,3,6,4,4,7,7,11,4,7,2,7,1,4,9,13,1,2,1,0,1,0,1,0,2,1,3,8,10,5,2,1,2,2,4,6,3,6,4,6,6,4,5,1,0,0,3,2,4,3,0,0,0,0,0,3,8,0,0,3,0,0,0,0,0,0,0,0,5,5,2,0,0,0,1,1,5,2,0,4,0,0,6,3,2,0,1,4,5,2,2,0,0,0,0,0,0,7,5,1,5,1,0,0,0,0,0,5,5,7,9,4,5,4,1,1,0,11,0,4,2,4,2,0,0,5,2,3,0,0,0,0,2,4,7,1,0,0,0,0,1,2,6,2,0,0,7,4,0,0,0,0,5,3,8,6,1,0,1,3,8,5,6,0,0,1,0,0,8,10,6,0,2,4,8,3,3,2,1,0,0,0,7,2,2,4,5,3,7,7,1,0,0,1,0,7,2,4,7,6,8,2,2,5,3,2,6,2,0,1,0,0,0,0,0,0,1,0,0,0,0,0,0,0,0,0,0,0,0,0,0,0,0,2,5,2,9,6,3,4,2,0,1,0,0,2,6,3,4,3,3,1,1,0,0,1,6,1,5,1,1,4,6,3,8,1,1,0
FOODS_1_046_CA_1_evaluation,FOODS_1_046,FOODS_1,FOODS,CA_1,CA,9,6,4,6,6,2,12,10,7,6,11,4,4,2,12,6,10,13,8,4,8,7,7,8,4,7,8,10,1,7,6,15,5,2,3,3,7,7,2,5,12,9,6,9,7,3,0,11,8,3,3,9,2,7,10,2,2,1,2,1,7,8,9,12,3,5,4,4,0,2,3,3,1,2,5,7,5,17,7,15,5,4,1,3,9,5,0,2,3,6,16,16,4,5,0,2,4,8,2,4,6,4,6,9,1,5,1,5,3,5,1,8,8,4,0,6,5,7,10,11,6,6,3,5,2,2,3,1,7,1,3,8,19,18,9,3,1,5,7,2,19,9,8,1,7,2,7,9,8,2,10,2,3,10,5,4,5,6,3,9,9,6,4,3,2,3,3,2,3,4,1,9,3,0,7,4,8,4,1,2,3,15,13,8,5,6,7,3,2,1,2,10,7,2,2,8,11,6,2,1,1,0,2,1,6,7,1,11,6,5,1,7,16,13,7,0,1,6,3,4,8,7,3,6,12,3,0,7,6,6,3,8,2,0,5,4,9,7,6,5,6,1,2,2,5,9,8,5,3,7,4,6,5,3,3,6,10,8,9,17,6,6,3,4,10,13,16,4,5,6,3,6,9,10,5,0,4,2,9,11,16,12,8,4,3,7,7,12,3,8,4,1,2,1,5,1,2,3,9,6,3,9,4,7,0,3,6,10,10,5,1,2,2,9,6,10,3,3,4,5,8,8,6,6,8,4,4,3,6,4,9,2,2,7,3,7,14,4,12,6,9,1,6,8,9,10,11,1,2,8,5,3,3,1,4,3,5,16,11,5,1,1,0,3,1,2,1,3,2,9,3,5,1,3,0,2,1,12,5,4,9,5,7,8,10,2,3,3,0,4,1,3,3,4,5,8,5,4,8,16,13,8,10,11,15,18,9,12,5,24,15,13,10,13,18,21,10,8,17,25,19,15,13,7,5,13,13,5,12,13,11,6,7,14,9,7,10,10,15,9,15,17,16,11,14,7,5,4,3,4,12,7,4,7,5,7,9,4,6,9,6,9,11,8,3,8,5,13,9,10,10,14,4,6,1,4,8,4,18,8,0,4,7,10,6,4,7,5,4,4,15,9,4,2,3,2,8,6,10,9,5,2,2,6,9,5,3,12,8,4,9,4,5,7,8,3,2,9,6,8,6,8,5,3,11,8,2,1,1,2,2,4,8,9,3,0,2,2,3,7,6,2,2,2,2,2,5,3,7,4,3,3,7,8,5,3,7,5,7,8,8,5,8,9,1,3,6,5,14,5,7,19,6,8,6,20,18,15,23,27,0,5,4,2,2,3,5,3,7,0,5,2,5,2,3,8,1,7,4,6,5,6,11,8,5,6,0,7,8,12,6,10,6,3,2,6,12,8,5,6,3,3,2,6,1,4,1,9,7,17,15,12,4,6,5,8,12,13,6,2,6,2,6,4,11,6,12,3,8,5,5,10,7,4,9,5,13,3,9,6,13,3,3,4,10,12,11,4,13,9,7,13,21,19,4,3,2,28,13,15,15,9,6,4,6,4,16,13,8,1,3,2,0,7,6,13,13,6,9,7,10,9,5,7,4,7,13,8,6,5,1,11,3,9,18,9,4,3,6,4,2,5,7,5,12,10,10,13,7,5
FOODS_1_050_CA_1_evaluation,FOODS_1_050,FOODS_1,FOODS,CA_1,CA,0,0,0,0,0,0,0,0,0,0,0,0,0,0,0,0,1,0,2,3,2,2,0,0,0,0,0,0,0,0,6,0,0,1,2,2,1,2,0,0,5,0,0,2,2,0,1,0,0,6,0,0,1,2,1,0,0,1,0,0,0,0,0,0,0,2,0,0,0,0,4,0,0,2,0,0,1,0,2,1,2,0,0,0,1,2,1,3,1,0,0,1,1,0,1,1,1,2,1,0,1,0,0,0,0,0,0,0,1,0,0,0,1,0,2,0,5,1,1,3,0,0,2,0,0,1,1,0,0,0,0,1,0,1,0,2,1,0,0,2,1,2,0,0,0,0,6,2,0,0,0,0,1,0,0,0,0,3,1,1,2,0,1,0,1,0,0,0,3,2,0,1,2,0,0,1,0,3,0,2,2,0,4,0,1,0,3,0,0,0,0,0,0,0,1,0,2,4,0,0,0,2,1,1,3,0,0,0,0,2,2,0,4,1,0,0,1,4,1,0,2,0,0,0,0,2,1,0,1,1,0,0,2,0,0,0,2,1,0,0,2,0,0,0,0,1,4,0,1,0,1,3,0,0,0,1,0,1,1,2,2,2,0,0,0,1,1,0,0,2,1,1,1,1,4,2,0,0,1,0,0,1,1,0,0,0,3,0,1,0,1,1,0,2,2,1,0,1,0,1,2,2,0,0,0,0,0,0,0,0,0,1,0,2,1,0,1,0,3,0,1,0,0,1,0,1,2,0,2,2,1,0,0,2,2,0,2,1,0,0,0,0,0,2,0,0,2,1,0,0,2,0,2,2,0,2,0,5,1,3,3,2,0,1,1,1,4,0,0,1,0,3,0,0,1,0,1,0,2,0,0,1,0,0,0,1,2,0,0,0,0,0,0,1,1,0,1,2,2,1,3,2,1,1,2,0,0,0,0,0,0,0,1,8,0,1,3,0,0,2,2,1,1,1,0,0,4,1,2,1,0,0,1,2,0,2,1,4,0,0,1,3,0,0,0,1,2,5,2,1,0,1,0,1,0,0,2,3,0,0,0,1,2,2,1,2,1,0,2,2,0,1,1,0,4,0,2,0,0,1,0,0,1,1,0,1,0,0,1,1,4,1,4,2,0,5,1,2,0,0,1,1,0,0,0,1,0,1,0,0,2,2,4,1,1,2,1,0,1,1,3,0,2,0,2,6,0,0,0,1,0,1,2,4,0,0,1,1,3,2,0,2,3,0,0,0,1,1,1,0,1,0,7,2,0,4,0,1,0,1,0,4,1,2,0,0,2,1,2,0,4,1,2,0,0,1,0,0,0,0,0,1,3,0,2,0,2,1,0,0,0,0,0,0,0,1,2,2,0,0,0,0,1,4,0,1,1,0,0,1,3,2,0,0,0,0,2,0,2,3,0,0,1,4,0,0,1,3,0,1,2,2,2,0,4,2,1,2,1,3,0,1,0,1,4,0,1,0,0,1,1,1,0,0,2,0,4,0,0,1,0,0,1,0,0,4,2,1,2,4,1,3,0,1,1,1,1,0,4,6,3,0,2,0,0,3,1,1,0,1,0,0,1,2,0,1,0,0,0,1,2,1,2,2,1,0,0,2,0,0,0,3,1,3,1,0,0,0,0,0,5,1,0,0,0,0,1,4,0,2
FOODS_1_052_CA_1_evaluation,FOODS_1_052,FOODS_1,FOODS,CA_1,CA,2,1,2,2,1,1,1,2,0,1,5,0,4,3,2,3,0,1,3,1,3,1,5,2,1,2,0,0,0,0,0,0,1,2,2,1,2,4,0,0,1,2,3,0,0,2,0,2,4,3,0,1,0,2,0,1,4,1,1,3,1,1,0,0,0,3,1,1,1,4,1,2,4,5,0,1,3,0,0,0,0,0,2,2,2,0,2,0,0,2,0,1,4,1,0,1,0,4,1,2,0,0,1,2,1,2,1,1,1,0,1,3,2,3,0,0,0,5,0,3,1,1,0,1,0,0,0,3,0,1,1,1,0,3,0,1,0,1,1,0,2,2,0,0,2,0,1,1,3,1,0,2,1,0,2,2,0,0,1,0,1,1,0,0,1,0,1,1,2,1,0,1,0,0,2,0,1,2,1,3,1,0,2,0,0,1,3,0,3,0,2,3,0,2,3,1,2,0,1,1,0,4,2,0,2,2,4,2,0,0,3,1,0,3,3,0,0,4,0,1,3,1,1,1,0,0,2,0,2,0,1,3,0,5,0,0,2,1,2,1,1,1,0,1,1,0,4,1,0,0,3,1,4,1,0,1,3,0,0,4,0,1,2,2,1,2,0,2,1,1,0,0,0,0,0,2,2,0,0,0,2,2,0,0,0,1,1,4,3,0,0,1,3,1,0,0,0,2,0,0,1,1,0,0,1,1,3,4,4,2,0,0,1,0,0,2,0,0,0,2,1,3,0,0,1,0,2,0,1,0,1,2,0,5,4,2,1,1,1,0,0,0,3,3,3,4,1,1,0,0,0,0,0,2,3,3,0,4,3,0,1,5,0,1,5,6,3,0,0,0,2,4,2,2,1,2,1,3,4,2,1,2,2,1,0,2,1,0,2,0,1,4,3,2,1,2,1,3,3,0,0,0,0,1,2,3,1,4,2,4,0,0,3,7,0,1,0,0,3,0,0,0,0,0,4,3,1,1,3,3,2,0,0,4,4,0,0,0,0,2,3,1,0,0,0,0,0,0,7,2,0,0,0,0,0,0,4,3,0,5,0,0,4,4,2,0,0,0,0,6,5,1,0,1,1,0,1,1,1,0,2,3,3,1,0,0,1,1,6,0,0,1,0,0,3,2,1,0,1,0,0,1,0,2,1,0,1,3,1,3,2,2,0,0,0,0,0,1,5,0,2,0,0,2,1,0,1,0,1,3,0,0,2,4,1,3,3,1,1,0,0,0,0,0,4,3,1,0,0,0,0,0,0,0,1,2,0,0,5,2,4,0,0,0,2,0,0,0,3,1,1,1,2,1,3,4,0,0,0,0,0,0,3,0,2,3,0,3,1,0,0,1,0,3,0,0,0,2,3,0,0,0,2,0,2,3,0,3,2,0,1,1,0,0,0,1,0,0,0,0,0,0,0,0,0,1,2,0,0,2,1,2,2,2,3,1,3,0,2,0,2,0,0,0,0,0,0,1,0,3,4,1,4,0,0,1,1,0,0,0,0,1,0,1,4,0,0,2,0,1,2,5,3,0,1,1,3,3,1,2,4,0,2,5,2,4,0,4,1,2,1,1,3,3,0,0,1,5,2,3,3,4,3,1,1,0,0,4,3,0,1,0,5,0,3,0,0,2,5,0,1,0,4,0,2,5,1,0,3,1
FOODS_1_054_CA_1_evaluation,FOODS_1_054,FOODS_1,FOODS,CA_1,CA,4,2,1,1,0,0,0,0,1,0,0,0,0,0,0,0,0,0,0,4,2,7,1,2,0,0,1,3,4,2,2,3,0,2,0,1,0,3,3,1,2,0,3,1,2,0,1,1,0,3,3,2,0,2,3,2,0,2,2,1,3,3,2,4,0,2,1,2,0,1,4,2,2,2,1,5,2,4,2,4,0,1,4,1,6,1,4,1,1,1,2,5,2,2,0,2,1,1,0,4,0,2,2,2,4,3,0,0,3,1,1,4,0,1,3,5,3,2,1,5,0,0,1,6,3,1,0,0,0,0,4,2,0,1,3,3,1,1,0,0,2,1,2,1,1,0,2,7,0,3,2,2,0,0,2,2,3,2,2,4,4,1,0,0,1,0,0,2,0,0,1,2,0,2,6,0,0,0,0,0,1,8,0,2,0,0,0,0,0,3,0,3,1,2,5,0,2,0,0,3,2,0,0,5,0,4,0,1,1,1,1,2,0,0,4,0,1,0,1,2,3,0,1,0,0,0,4,3,1,2,5,6,0,1,1,0,2,1,2,1,5,1,4,5,2,0,1,0,0,1,1,0,0,2,10,2,1,1,1,0,0,6,1,1,2,0,1,4,1,0,2,1,1,0,0,1,1,0,1,0,0,2,2,0,3,1,1,3,1,1,4,2,0,1,3,1,0,0,1,1,3,0,1,2,1,2,2,2,2,3,2,7,0,2,3,1,2,3,0,2,1,0,7,5,1,4,5,0,4,4,0,4,4,2,3,0,1,5,2,3,2,4,7,2,4,3,0,4,0,2,5,2,3,1,5,1,3,3,1,5,3,6,2,5,3,0,1,4,4,0,3,0,3,1,1,1,0,3,2,1,1,0,3,1,0,2,7,4,0,2,0,3,5,3,3,3,2,0,3,3,2,0,2,2,3,3,3,2,4,2,1,1,5,7,2,3,3,2,2,3,2,2,1,3,1,1,4,0,2,1,0,3,2,7,2,5,2,1,0,3,3,4,3,2,1,6,0,2,0,1,0,2,5,5,3,4,0,0,1,2,3,4,0,0,2,2,3,5,3,5,3,1,0,3,3,6,6,2,2,0,1,3,0,0,0,0,1,3,5,3,3,2,1,6,1,2,7,2,6,1,2,2,1,2,2,5,2,2,1,1,8,3,6,3,1,3,0,1,7,2,1,0,0,1,1,3,1,4,3,2,3,0,6,1,0,2,1,3,6,1,1,4,1,0,0,0,0,4,4,3,1,2,2,1,6,3,3,1,2,1,4,7,1,0,0,4,0,4,3,1,3,4,0,0,1,7,0,3,0,1,0,3,4,1,1,5,0,0,0,0,2,1,2,4,1,2,3,1,2,3,0,0,2,3,1,2,1,0,2,0,0,0,3,0,1,4,0,0,2,6,0,2,1,2,0,2,2,1,3,0,0,2,0,0,0,0,4,1,0,1,2,0,0,3,0,0,1,2,1,2,2,4,2,0,0,1,0,6,1,0,0,0,2,0,1,1,3,3,1,2,1,4,3,5,1,3,0,2,5,1,5,5,2,3,1,3,2,3,1,0,1,5,0,0,3,6,0,3,2,3,2,1,2,3,4,0,0,2,5,0,3,3,6,2,11,2,0,1,2,2,3,1,3,2,10,3,2,1,8,2
FOODS_1_055_CA_1_evaluation,FOODS_1_055,FOODS_1,FOODS,CA_1,CA,2,3,2,1,0,4,7,2,3,1,4,4,3,5,8,2,3,1,8,12,6,8,7,0,0,5,2,3,2,1,1,3,2,4,3,5,6,2,1,3,4,4,4,3,2,3,3,2,2,5,3,2,2,1,5,5,6,1,3,0,2,7,2,2,3,1,0,2,1,2,4,3,4,5,3,7,1,1,9,2,2,2,2,5,0,6,5,3,0,4,4,4,4,2,2,4,2,2,2,5,2,1,1,1,7,5,3,12,3,7,1,7,1,10,3,2,4,2,2,2,3,3,0,1,5,1,27,3,6,1,3,6,3,5,3,3,2,3,4,3,6,3,3,4,10,7,7,4,8,3,0,4,4,1,11,11,1,4,2,5,1,4,3,3,4,0,1,0,4,3,0,0,8,3,2,9,5,2,1,5,11,5,8,9,5,10,3,3,7,2,11,5,19,7,10,6,12,22,8,5,32,10,10,17,21,31,16,33,44,36,8,8,33,7,32,0,8,10,9,7,2,8,6,3,5,7,2,7,1,7,4,8,3,3,3,3,2,2,1,6,2,0,3,1,2,0,3,0,0,4,1,1,1,0,5,3,4,3,1,0,0,0,0,0,0,0,0,0,0,0,0,0,0,0,0,0,0,0,0,0,0,0,0,0,0,0,0,0,0,0,0,0,0,0,0,0,0,0,0,0,0,0,0,0,0,0,0,0,0,0,0,0,0,0,0,0,0,0,0,0,0,0,0,0,0,0,0,0,0,0,0,0,0,0,0,0,0,0,0,0,0,0,0,0,0,0,0,0,0,0,0,0,0,0,0,1,4,1,5,2,1,0,1,1,4,4,2,1,5,2,1,0,10,3,0,2,4,7,5,9,3,6,1,0,0,5,7,5,0,2,3,5,7,5,6,2,5,3,0,3,1,3,1,2,0,1,1,3,2,0,4,2,5,4,3,2,2,1,2,2,0,2,3,2,4,2,1,2,1,2,1,2,0,0,4,4,1,2,6,2,1,6,1,5,2,1,2,1,3,0,1,2,0,4,1,1,2,3,1,7,2,4,2,1,2,1,2,1,2,4,2,2,1,0,2,5,4,4,0,3,1,0,0,2,0,8,0,1,0,3,5,0,1,3,2,1,6,4,1,3,1,1,2,4,4,2,2,6,0,1,2,2,3,1,1,0,2,4,3,2,1,2,7,1,4,4,2,1,2,0,1,0,0,0,0,0,0,0,0,0,0,0,0,0,0,0,0,0,0,0,0,0,0,0,0,0,0,0,0,0,0,0,0,0,0,0,0,0,0,0,0,0,0,0,0,0,0,0,0,0,0,0,0,0,0,0,0,0,0,0,0,0,0,0,0,0,0,0,0,0,0,0,0,0,0,0,0,0,0,0,0,0,0,0,1,3,2,4,0,0,0,0,0,0,0,0,0,0,24,12,17,6,0,5,3,2,5,1,4,3,0,2,2,1,0,1,2,1,1,1,1,0,2,0,1,0,1,1,1,7,1,1,3,1,1,2,5,3,1,4,4,5,1,2,4,0,1,0,0,1,1,1,2,1,1,0,3,2,2,1,3,2,0,0,1,2,3,12,5,1,1,6,0,3,0,0,0,0,8,1,4,3,3,28,1,0,0,11,1,0,2,2,0,19,0,3,3,2,2,12
FOODS_1_058_CA_1_evaluation,FOODS_1_058,FOODS_1,FOODS,CA_1,CA,5,5,4,4,2,9,7,17,18,10,9,17,8,8,13,10,7,2,6,4,10,10,13,7,3,11,0,5,3,1,4,0,0,4,3,5,1,2,2,2,5,1,3,0,0,5,1,3,0,4,3,2,3,2,1,2,7,1,4,3,1,4,3,0,4,0,5,0,0,5,1,2,1,0,2,2,2,4,2,3,3,2,0,0,3,3,2,4,1,1,0,2,7,7,4,5,3,12,9,10,3,0,1,5,1,3,9,6,5,2,2,2,4,4,1,4,1,2,3,1,1,0,3,5,1,1,3,1,0,2,2,3,1,4,3,3,0,1,2,5,4,3,0,1,1,2,6,4,1,2,0,2,0,0,3,4,3,10,4,5,16,17,1,4,3,2,25,5,8,6,4,5,3,4,6,8,6,5,6,9,4,8,7,3,5,3,2,1,1,4,10,2,2,1,6,1,6,2,3,3,1,0,2,3,1,1,1,1,1,6,3,1,1,6,1,0,1,3,5,6,4,5,4,7,7,3,9,1,0,8,2,8,7,5,3,3,2,3,6,4,16,5,4,2,9,2,3,4,2,3,2,6,10,4,2,4,7,2,4,6,4,5,3,3,4,7,2,1,2,1,1,1,2,4,1,0,1,0,0,0,0,0,0,0,0,0,0,0,0,0,0,0,0,0,0,0,0,4,2,1,7,6,6,3,2,3,2,1,1,1,3,2,4,2,1,4,1,4,3,2,1,2,9,3,1,2,3,6,5,7,4,4,3,6,4,4,5,4,6,4,2,6,1,8,8,5,5,2,8,2,9,8,5,1,6,5,4,6,5,3,4,4,3,5,10,3,11,4,4,6,1,3,7,4,6,5,4,5,4,7,3,5,7,9,10,7,7,5,11,5,7,10,15,8,4,8,6,6,8,5,2,6,4,10,4,2,4,10,7,5,3,8,8,7,7,6,4,6,4,9,4,5,2,8,7,6,11,11,6,0,1,2,5,11,5,6,3,5,1,3,8,4,5,2,3,4,4,2,7,3,1,3,3,0,3,6,0,2,1,7,2,2,5,3,19,2,0,0,2,7,2,4,0,2,0,0,3,1,3,0,0,1,1,3,1,0,1,3,1,2,0,0,0,0,2,2,1,5,0,1,0,2,1,2,2,5,2,13,1,1,0,2,0,2,1,0,2,4,3,7,3,1,3,7,1,0,3,0,0,0,0,1,0,0,0,0,0,0,0,0,0,0,0,0,0,0,0,0,0,3,0,0,2,6,0,1,2,3,0,1,2,0,0,0,0,0,0,0,0,0,0,0,0,0,0,0,0,0,20,10,0,1,1,5,2,1,4,5,6,7,5,5,2,3,11,14,5,5,3,4,3,2,5,4,7,2,4,3,1,3,0,2,1,4,3,0,5,8,2,3,2,2,1,0,0,0,0,0,0,0,0,0,0,0,0,0,0,0,0,0,0,0,0,0,0,0,0,0,0,0,0,0,0,0,0,0,0,0,0,0,0,0,0,0,0,0,0,0,0,0,0,0,0,0,0,0,0,0,0,0,0,0,0,0,0,0,0,0,0,0,0,0,0,0,0,0,0,0,0,0,0,0,0,0,0,0,2,0,2,2,5,0,9,5,4,4,1,2,2,3,5,4,4,1,2,2,3,3,9,0
FOODS_1_061_CA_1_evaluation,FOODS_1_061,FOODS_1,FOODS,CA_1,CA,2,4,2,1,0,2,5,1,5,1,0,1,5,1,1,0,0,2,3,2,3,1,7,1,5,2,0,2,1,1,2,4,1,2,2,2,6,1,1,1,0,2,5,5,3,3,2,1,2,3,1,3,2,0,1,5,2,1,3,4,1,3,1,4,2,1,0,0,2,6,4,0,1,0,4,2,2,3,5,2,8,3,2,3,1,2,1,1,1,1,3,2,5,3,0,2,3,3,0,2,5,2,2,2,6,1,4,3,1,3,1,1,2,3,3,2,0,0,2,10,2,2,2,1,0,4,2,3,1,1,2,1,1,5,2,0,4,2,3,3,1,6,1,1,0,1,1,1,5,2,0,0,1,2,6,1,0,3,4,2,2,3,2,2,2,1,1,2,0,2,4,2,2,1,3,1,5,1,0,3,2,3,0,2,2,1,1,0,2,0,3,5,3,2,1,5,5,3,0,2,0,1,1,11,7,3,5,4,2,0,0,0,6,5,0,0,3,1,4,4,1,1,2,3,3,2,0,4,0,0,0,3,3,1,2,1,2,3,1,2,3,3,1,1,2,1,4,3,0,1,0,3,3,1,5,4,0,2,3,1,2,4,1,2,2,1,2,1,2,2,1,1,3,2,5,3,4,1,0,0,0,3,4,3,1,3,2,1,1,3,3,2,0,1,3,3,0,4,2,1,3,1,7,1,2,2,4,0,0,1,6,2,2,2,8,13,2,2,2,0,0,0,0,0,0,0,0,3,1,0,8,3,2,6,2,2,4,4,2,0,0,2,3,1,5,2,2,9,2,1,6,1,5,3,3,11,6,3,7,4,1,1,3,3,3,6,1,2,2,1,1,0,6,2,2,4,0,2,3,5,4,3,0,3,1,1,4,0,2,2,0,3,2,4,5,3,0,7,2,3,3,0,4,1,2,1,1,1,2,3,2,0,2,3,3,0,0,0,0,2,3,1,3,6,4,1,0,0,0,3,5,3,1,2,4,2,0,3,3,5,3,4,5,1,0,2,3,1,2,2,3,3,1,1,2,1,3,1,1,2,2,1,3,1,4,2,1,1,3,1,1,2,0,0,0,0,1,0,1,3,2,3,1,2,6,1,1,0,0,0,0,4,2,1,2,1,3,5,0,2,0,0,0,0,0,0,0,0,3,0,4,2,5,2,2,2,0,1,0,0,0,0,0,0,2,0,0,0,0,0,0,0,8,2,3,1,1,2,1,5,4,2,1,3,2,1,2,0,0,0,0,0,2,0,0,0,0,1,2,2,3,0,0,1,2,2,2,2,1,2,0,0,0,0,0,0,0,0,1,0,0,0,0,0,0,0,0,0,0,0,0,0,1,1,4,2,1,0,1,1,1,4,2,1,0,0,0,3,0,7,1,5,1,3,0,0,0,0,0,0,0,1,3,2,3,1,0,2,3,2,1,0,0,1,0,0,1,3,6,0,4,0,2,2,1,3,1,2,1,1,1,4,5,1,1,3,1,1,7,0,2,2,2,1,1,0,0,0,3,4,4,3,2,4,3,0,3,3,2,1,1,1,1,2,0,5,5,2,2,7,0,3,1,3,4,2,2,2,1,3,2,0,4,1,1,2,1,2,3,2,4,3,2,2,2,2,2,4,0,2,3,0,1,3,2,0,1,0,3,1
FOODS_1_064_CA_1_evaluation,FOODS_1_064,FOODS_1,FOODS,CA_1,CA,0,3,1,1,1,2,2,0,0,4,2,1,4,0,2,1,0,4,4,0,1,1,3,2,0,1,1,2,2,2,6,1,2,0,3,1,1,1,0,1,2,0,1,1,0,4,2,0,1,1,0,1,5,0,3,1,1,1,1,0,0,1,0,3,0,0,1,2,3,0,2,1,1,2,2,1,0,1,1,1,1,1,1,3,2,3,4,0,1,2,3,0,0,0,1,6,1,1,0,0,0,0,0,0,2,0,1,0,1,1,0,0,1,0,0,0,0,0,0,1,0,0,0,0,3,1,0,0,0,1,0,0,0,0,0,0,1,1,1,2,0,0,2,0,1,0,2,0,1,0,0,1,2,1,1,0,0,1,1,1,1,3,0,0,0,0,1,0,0,1,0,0,3,0,1,2,1,2,0,0,0,1,2,0,0,3,0,3,1,0,0,1,1,2,1,0,0,5,2,1,2,0,0,1,3,1,0,1,6,0,2,1,0,7,0,0,2,0,2,0,1,1,0,1,1,1,1,1,2,2,1,0,1,0,2,2,2,0,1,0,0,0,0,2,2,1,2,1,1,2,3,0,0,2,1,1,1,1,0,2,0,0,3,2,3,4,1,1,0,0,2,0,0,1,3,1,1,2,0,2,2,0,0,0,0,0,0,1,0,2,2,2,1,0,0,0,2,2,0,1,2,2,3,1,1,1,0,2,2,1,0,3,2,0,1,1,2,1,1,0,0,2,1,4,0,0,0,4,2,0,0,3,2,2,2,1,1,0,1,1,0,6,1,5,2,0,0,1,1,1,0,5,2,1,1,4,1,1,3,1,2,1,2,3,2,3,3,3,1,0,2,0,5,0,1,1,3,3,2,2,2,4,2,1,4,3,1,3,3,1,3,3,1,3,0,1,1,2,1,2,1,1,0,2,1,2,1,1,2,3,2,0,2,8,1,4,1,0,2,2,2,4,3,2,1,2,1,6,0,4,2,1,1,1,2,3,0,5,3,2,2,6,1,0,1,3,0,1,0,0,1,3,3,2,5,0,1,2,1,3,6,1,2,2,1,0,1,4,3,4,3,3,7,3,0,2,2,0,3,6,1,3,1,3,0,0,0,1,3,1,4,0,0,3,1,2,0,1,3,6,1,4,0,4,0,1,1,2,1,2,3,5,1,0,0,0,1,1,0,1,2,1,3,4,0,4,0,1,1,0,5,2,1,1,1,2,2,2,1,2,0,4,0,1,2,3,1,1,2,2,5,1,2,1,3,2,3,4,2,2,2,5,4,3,1,4,2,2,3,2,1,1,8,2,3,2,1,9,2,13,0,0,0,0,2,2,1,1,0,0,1,4,1,1,6,2,2,1,0,1,2,1,5,2,2,2,1,2,0,4,1,1,3,1,0,5,0,1,1,1,3,0,1,3,2,2,3,6,0,0,2,0,2,2,0,0,0,0,0,0,0,0,0,0,0,0,0,0,0,0,2,6,0,2,1,3,0,0,1,0,1,2,0,0,0,0,0,0,1,1,1,5,6,0,2,0,0,0,3,0,3,1,1,0,1,3,2,1,2,1,2,0,0,0,0,0,0,0,1,2,3,1,2,0,2,4,0,0,0,0,0,0,0,0,1,0,0,0,0,0,0,0,0,0,0,0,0,0,0,0
FOODS_1_066_CA_1_evaluation,FOODS_1_066,FOODS_1,FOODS,CA_1,CA,0,3,1,3,1,1,0,0,3,1,1,4,2,13,0,1,2,0,0,2,1,0,1,0,3,0,2,2,4,0,5,3,1,0,0,1,1,2,1,0,1,1,0,2,5,0,1,0,2,2,2,6,0,1,3,1,0,2,1,0,0,4,0,2,2,0,0,0,3,2,2,1,2,1,1,1,0,2,0,0,4,0,2,0,0,1,1,1,1,3,0,1,2,0,1,0,0,0,0,0,1,1,0,3,0,0,1,1,0,3,0,4,2,1,1,0,1,3,4,1,1,0,3,1,0,1,0,1,6,0,0,2,2,1,3,1,0,3,0,0,2,0,3,1,2,0,3,1,0,0,0,0,1,0,6,0,0,0,0,4,0,1,3,1,1,1,3,5,0,1,4,0,0,2,5,0,0,0,1,7,0,0,5,0,6,1,0,0,0,0,1,0,0,1,3,1,0,1,1,0,0,0,2,1,2,1,0,7,1,1,0,0,1,1,1,0,1,0,0,8,1,0,0,1,1,0,0,2,1,0,0,0,5,0,5,0,3,0,0,1,0,3,7,3,1,1,1,1,0,1,0,4,1,0,1,0,2,0,2,1,2,1,3,1,0,4,1,1,0,2,0,1,8,1,2,1,4,5,0,3,0,11,1,3,0,0,2,0,0,1,0,2,3,0,1,1,3,1,0,0,1,4,0,0,1,2,3,6,1,0,2,1,4,5,1,0,0,2,0,0,0,0,0,0,0,4,1,2,5,4,2,1,0,0,1,0,1,0,4,0,8,0,1,0,0,3,0,4,1,1,1,0,1,1,1,3,1,2,0,1,1,1,0,1,5,2,1,3,0,0,1,0,0,2,3,3,3,2,0,0,0,3,3,3,3,2,0,0,0,4,1,0,0,0,0,2,0,6,1,0,1,4,0,0,3,3,3,1,2,6,0,1,2,1,2,0,3,3,1,2,0,2,1,0,0,2,3,0,0,1,1,0,2,0,2,1,3,6,0,1,0,4,1,2,1,0,1,1,4,1,0,3,1,0,2,1,0,0,2,0,2,0,2,1,1,1,6,1,3,1,2,2,0,1,1,0,1,1,0,4,1,1,0,2,6,0,2,4,0,0,0,0,5,4,0,0,1,0,0,0,2,0,4,0,1,2,1,1,3,1,1,0,4,3,4,0,4,4,0,3,3,1,0,2,1,6,1,0,0,1,3,1,1,0,2,2,3,0,4,0,0,0,1,0,0,0,0,1,1,4,3,1,2,0,1,0,1,3,2,5,1,0,0,0,0,0,2,3,1,2,2,4,0,5,5,3,8,0,4,2,0,5,0,0,4,2,0,2,1,1,0,1,1,6,2,1,1,0,0,0,0,1,1,0,2,2,0,13,1,0,0,0,3,0,0,2,2,0,0,2,1,3,1,1,1,3,2,2,3,10,3,4,0,1,4,1,0,0,0,2,1,0,0,1,3,0,10,0,0,3,0,1,1,2,3,0,0,0,6,3,1,2,6,0,0,0,0,0,2,0,1,8,0,0,1,0,0,4,1,0,0,1,1,2,1,1,1,1,0,4,1,3,2,0,2,1,0,1,4,0,3,1,0,3,1,0,0,0,1,0,5,2,2,3,0,2,5,10,2,3,0,7,0,1,0,1,5,0,0,0
FOODS_1_067_CA_1_evaluation,FOODS_1_067,FOODS_1,FOODS,CA_1,CA,0,0,4,3,2,1,6,0,3,1,0,0,7,6,4,9,0,1,2,1,2,4,7,1,3,5,0,0,0,0,6,5,4,0,1,1,0,5,7,12,2,2,0,0,2,1,0,1,2,2,0,4,2,2,7,3,1,0,0,0,0,0,5,3,2,0,1,1,0,0,0,0,5,2,2,0,0,2,4,6,6,2,2,1,0,3,4,10,2,0,0,0,2,3,4,3,1,5,8,1,0,1,1,3,7,0,0,9,1,2,4,4,0,0,6,2,4,2,12,0,3,7,1,0,1,11,0,1,3,10,3,0,3,2,1,8,6,0,0,2,2,1,5,6,7,3,7,0,0,0,2,1,0,0,8,6,6,2,3,4,7,2,0,0,0,0,0,0,0,5,0,1,0,1,1,2,5,3,14,9,8,4,1,2,11,9,4,0,10,2,2,4,7,3,4,4,4,1,12,3,20,2,5,4,8,0,3,4,2,2,4,9,10,14,0,0,3,15,0,13,2,5,3,1,8,0,2,15,6,3,6,1,1,9,11,3,1,10,6,3,3,1,2,3,5,4,2,0,1,3,6,5,2,1,2,3,5,8,3,1,6,4,4,6,6,5,9,2,2,0,5,4,1,4,0,0,2,7,0,7,1,3,5,3,4,3,0,3,0,0,0,3,1,8,0,0,0,0,0,0,1,7,4,0,0,0,0,1,9,2,0,0,1,4,8,1,3,0,4,8,0,0,2,0,11,3,5,2,10,1,0,7,4,0,2,3,6,2,7,2,3,3,5,2,2,4,3,0,1,6,2,7,1,8,0,0,5,7,0,4,7,2,3,2,8,4,1,1,0,1,0,3,4,1,1,7,5,4,0,3,0,8,3,2,0,4,5,3,10,6,0,4,1,4,1,0,0,0,0,3,3,3,1,1,0,46,0,0,0,0,0,0,7,2,6,0,0,5,0,7,5,2,0,4,2,8,4,5,4,2,2,2,7,3,3,8,4,6,0,6,5,1,6,6,2,13,1,6,0,0,0,0,5,2,6,3,0,1,1,6,3,2,1,1,0,0,4,3,8,4,1,1,4,1,4,6,5,0,1,6,0,6,0,3,6,5,0,5,11,3,0,0,1,1,4,6,2,3,5,1,4,1,5,1,3,2,7,1,0,4,0,0,0,2,1,2,0,1,2,5,5,7,1,0,0,0,0,0,0,1,4,4,0,4,3,1,2,0,7,2,3,1,2,3,3,13,3,1,10,3,1,0,7,2,2,2,11,5,15,1,2,2,17,4,0,3,9,7,15,7,2,7,0,4,0,7,2,6,1,2,0,2,0,2,11,3,2,1,0,2,2,0,3,1,1,0,2,3,1,5,4,6,4,0,5,1,0,7,7,2,13,1,4,3,0,0,1,0,0,0,0,0,0,0,0,0,0,0,0,2,14,1,4,1,1,3,1,1,0,5,6,0,0,0,0,0,1,5,4,6,2,0,4,3,0,0,2,2,1,0,4,7,0,3,0,0,3,6,2,0,0,0,0,0,3,4,7,4,2,4,1,0,1,2,8,0,3,2,3,1,1,0,2,3,6,5,5,2,1,0,0,0,5,10,5,3,3,11,3,1,1,2,2,2,0,0,0,0,0,0,15,2,4,4,3,3,5,7,1,3
FOODS_1_074_CA_1_evaluation,FOODS_1_074,FOODS_1,FOODS,CA_1,CA,2,7,1,1,1,3,2,2,4,0,5,3,1,1,1,2,4,7,2,5,2,3,4,0,0,0,0,0,0,0,0,0,0,0,0,0,0,0,0,0,0,0,0,0,0,0,0,0,0,0,0,0,0,0,0,0,0,0,0,0,0,0,0,0,0,0,0,0,0,0,0,0,0,0,0,0,0,0,0,0,0,0,0,0,0,0,0,0,0,0,0,0,0,0,0,0,0,0,0,0,0,0,0,0,0,0,0,0,0,0,0,0,0,0,0,0,0,0,2,4,2,1,4,1,5,2,1,3,1,0,1,0,0,6,7,0,1,0,0,4,4,2,3,2,0,0,7,4,5,0,4,3,1,1,4,3,1,1,1,3,2,8,3,5,0,0,2,1,5,4,1,0,6,0,8,3,2,2,4,2,3,1,3,1,0,0,1,1,0,0,0,0,0,0,1,3,5,4,5,0,3,1,4,1,6,3,3,3,5,5,7,5,2,3,2,0,3,2,2,1,1,1,2,0,2,8,7,6,1,0,3,1,2,2,4,0,0,8,1,4,5,1,2,1,4,7,1,0,0,5,3,1,3,6,3,0,2,3,1,2,4,0,0,4,4,5,2,6,5,3,1,0,3,0,5,0,1,1,3,1,4,3,3,7,3,1,1,1,1,1,2,3,2,2,2,3,4,0,0,3,4,4,6,1,1,0,1,1,0,2,4,3,4,2,2,9,4,2,1,2,2,0,1,0,4,2,1,1,1,3,10,4,4,3,5,5,5,4,2,3,1,1,4,7,3,1,5,0,2,4,7,6,1,0,0,5,0,4,4,4,3,0,0,1,9,7,1,1,1,2,3,0,3,9,3,0,0,4,6,7,2,0,0,0,4,0,4,2,3,2,5,0,0,0,0,3,2,2,1,2,2,4,3,4,4,2,2,8,0,0,0,0,0,11,5,4,0,0,0,0,0,0,0,0,0,0,0,0,0,0,0,0,0,0,0,0,0,0,0,0,0,0,0,0,0,0,0,0,0,0,0,0,0,0,0,0,0,0,0,0,0,0,3,2,3,2,3,0,4,5,8,4,1,3,1,2,3,9,1,2,2,1,2,2,2,5,1,4,0,0,0,1,2,3,3,4,1,3,6,7,1,1,1,5,1,5,4,0,1,3,5,3,2,10,2,1,0,2,0,4,4,5,1,1,0,6,1,2,3,3,1,2,2,1,3,0,0,2,1,1,4,1,0,2,3,2,5,4,1,2,0,4,0,5,3,3,3,1,4,0,0,3,3,3,7,3,5,2,5,1,0,1,2,1,3,7,2,2,3,4,0,3,2,0,3,1,3,1,1,3,1,3,1,1,1,1,2,5,2,2,1,0,0,0,0,0,1,1,3,1,1,1,2,2,1,2,1,0,2,6,2,1,0,5,4,4,1,2,2,3,3,5,1,2,0,0,2,0,3,4,5,3,2,2,2,1,2,1,3,1,0,4,4,3,6,3,1,0,3,2,2,1,0,1,1,3,0,2,0,4,1,2,2,1,1,2,0,1,7,1,3,1,3,1,0,0,1,3,6,1,1,2,2,4,1,2,0,2,0,1,1,0,2,3,0,2,2,2,1,7,1,1,1,1,1,1,1,1,3,2,0,4,1,3,1,2,2,0,0,2
FOODS_1_080_CA_1_evaluation,FOODS_1_080,FOODS_1,FOODS,CA_1,CA,2,2,1,1,1,0,0,3,1,3,1,0,0,0,0,0,0,0,2,1,1,2,0,3,2,0,1,2,5,0,0,0,0,2,0,5,1,0,1,1,2,1,1,1,3,0,1,1,2,4,0,0,0,0,0,1,2,2,3,3,0,3,1,0,0,0,0,0,2,2,1,1,3,2,1,1,2,0,5,0,0,0,1,0,1,0,3,2,0,1,2,3,3,1,3,0,2,0,3,1,0,0,1,0,1,0,2,1,1,0,1,1,1,1,0,0,0,0,2,0,0,0,2,0,0,2,2,3,0,0,2,0,0,2,2,1,0,1,1,0,0,1,1,0,2,1,0,1,2,0,2,1,0,0,1,2,0,0,0,1,1,0,0,0,0,1,0,2,3,1,1,0,1,1,1,0,0,0,0,0,0,1,3,4,0,0,0,0,0,0,0,2,2,1,1,1,2,4,2,2,4,1,0,1,0,1,1,1,0,3,7,1,0,0,1,0,2,3,1,2,1,2,1,2,1,1,2,0,0,2,0,2,3,1,0,0,0,1,2,1,0,0,1,2,1,3,3,0,0,0,1,0,1,4,1,0,3,2,1,3,0,2,0,3,0,5,0,1,1,1,1,0,2,2,0,0,1,1,0,0,2,0,1,1,2,2,1,1,1,0,0,4,1,0,1,0,0,2,0,0,0,0,0,0,2,0,1,1,0,1,4,1,1,0,2,0,0,1,0,1,1,2,1,3,0,0,0,0,0,1,0,1,1,0,0,1,1,0,0,0,0,0,0,2,1,1,0,0,5,2,1,0,0,0,0,2,3,1,3,2,3,1,1,2,0,1,0,1,1,0,0,0,0,0,0,0,0,0,0,1,0,0,0,1,1,0,2,1,0,1,1,0,2,1,0,0,2,0,2,0,1,1,1,0,3,1,1,0,0,1,2,1,1,4,1,2,0,4,2,1,2,3,1,0,2,1,1,0,2,1,0,0,1,0,0,2,0,0,0,0,3,5,0,1,1,3,0,1,0,0,0,0,0,0,2,2,1,3,1,0,1,5,0,1,0,0,2,0,0,2,0,1,0,1,2,2,0,3,2,1,2,1,0,1,2,0,0,1,0,0,0,2,2,0,1,0,2,2,0,0,1,1,0,1,0,0,0,0,0,0,2,1,0,0,1,0,0,2,0,0,1,0,0,0,1,1,0,0,0,0,1,1,3,6,0,0,1,0,0,0,3,1,0,0,0,0,0,1,0,0,1,0,0,2,0,0,0,1,0,0,1,0,0,0,0,1,2,1,1,1,2,1,2,1,1,1,0,0,0,0,0,0,1,0,0,1,2,0,4,0,0,0,0,2,2,0,0,0,0,0,0,0,0,1,0,1,2,0,1,2,0,1,0,0,0,4,0,0,0,0,0,0,0,0,0,0,1,2,1,0,1,5,0,0,1,0,0,0,0,0,0,0,0,1,3,0,0,0,0,0,0,3,2,2,0,0,0,2,2,1,0,0,0,0,1,4,3,2,1,0,1,0,4,0,0,0,0,0,0,0,4,0,0,0,1,2,1,0,1,1,2,0,2,1,0,1,2,1,0,1,2,1,0,1,4,0,3,2,1,1,0,0,2,2,2,0,0,0,0,0,2,1,4,0,1,0,1,4,2,2
FOODS_1_082_CA_1_evaluation,FOODS_1_082,FOODS_1,FOODS,CA_1,CA,0,0,0,0,0,0,0,0,0,0,0,0,0,0,0,0,0,0,0,0,0,0,0,0,0,0,1,0,0,0,0,0,0,0,0,0,0,0,0,0,0,0,0,0,0,0,2,0,0,0,1,0,0,0,1,0,0,0,0,0,0,0,0,0,0,0,0,0,0,0,0,0,0,0,0,0,0,0,0,0,0,0,0,0,0,2,1,1,0,0,1,1,2,0,0,1,3,1,2,2,0,2,3,2,4,3,0,1,0,0,1,0,0,0,0,0,0,0,0,0,0,0,0,0,0,0,0,0,0,0,0,0,0,0,0,0,0,0,0,0,0,0,0,0,0,0,0,0,0,0,0,0,0,0,0,0,0,0,0,0,0,0,0,0,0,0,0,0,0,0,0,0,0,0,0,0,2,1,1,0,2,9,3,2,2,2,4,0,3,1,1,1,1,0,0,0,0,0,0,0,0,0,3,5,2,1,1,0,0,0,8,4,0,0,6,0,1,0,0,0,0,1,0,0,3,0,0,1,0,1,2,0,3,1,0,1,1,1,0,0,0,0,0,1,3,1,3,0,0,1,1,0,2,0,0,0,0,0,0,0,0,0,0,0,0,0,0,0,0,0,0,0,0,0,0,0,0,0,0,0,0,0,0,0,0,0,0,0,0,0,0,4,2,3,3,0,1,2,2,9,2,3,3,2,6,3,1,2,2,3,0,5,1,4,3,6,4,2,5,5,11,1,6,15,7,6,6,4,3,7,5,2,2,2,9,5,2,0,0,0,0,1,5,3,4,3,4,3,2,2,3,4,5,0,3,0,4,4,6,3,1,3,6,3,1,3,6,2,0,0,6,11,4,4,1,8,5,8,3,6,5,5,2,3,9,2,7,1,8,4,4,21,12,15,7,16,3,8,10,12,10,4,17,6,3,7,6,11,7,10,5,9,19,10,7,9,15,4,4,7,9,3,5,12,8,6,8,11,8,9,3,4,8,12,12,16,12,12,11,3,6,9,6,4,6,6,3,3,2,7,2,2,0,9,8,6,2,2,0,5,4,9,16,2,5,8,2,6,2,4,6,5,3,5,12,4,5,5,5,7,8,3,4,3,2,3,3,2,4,8,8,8,4,11,3,5,9,14,3,9,4,4,6,7,6,7,8,4,6,4,3,12,7,10,2,11,7,5,7,15,7,6,4,7,6,0,1,5,3,2,0,2,1,3,1,1,15,1,8,2,5,1,5,1,7,0,10,7,4,3,5,1,1,4,9,7,5,6,9,4,4,4,8,10,3,7,9,5,6,4,4,6,12,9,4,19,13,13,12,17,0,8,4,8,8,5,9,6,7,3,6,5,4,2,5,5,2,11,3,4,15,11,10,15,9,2,4,7,4,5,7,6,3,9,5,6,12,12,5,2,2,6,8,11,4,1,13,0,12,13,25,8,8,10,8,7,15,9,8,5,7,8,4,10,14,13,4,8,4,8,17,11,25,6,13,12,15,10,13,15,10,4,4,11,7,15,5,9,11,9,3,19,35,15,2,3,14,14,9,8,9,9,5,6,7,5,8,9,1,3,3,4,4,14,8,6,9,10,10,12,8,7,10,6,9,5,9,10,6,4,3,6,4,5,17,12,8,12,9,4,10,16,11,4,7,9,1,6,11,7
FOODS_1_083_CA_1_evaluation,FOODS_1_083,FOODS_1,FOODS,CA_1,CA,2,0,2,0,1,1,3,1,9,0,0,3,1,0,0,3,1,0,1,2,1,4,0,1,1,1,1,2,2,1,0,0,3,3,1,1,3,1,1,1,2,1,0,0,0,2,1,0,0,0,0,2,2,0,0,0,1,0,4,0,4,1,2,2,1,0,0,2,0,3,0,0,4,5,1,1,3,3,2,3,2,1,2,1,2,1,0,2,1,0,0,1,2,0,2,1,2,0,1,2,1,2,1,2,1,3,3,3,3,0,2,1,1,3,1,1,2,0,0,4,11,1,1,0,1,3,1,1,1,1,3,0,7,3,0,1,0,0,2,2,1,3,0,7,0,2,2,1,4,0,0,0,4,2,5,4,8,1,8,5,5,3,0,0,0,0,0,0,0,1,1,0,0,1,0,1,0,2,5,2,2,2,4,0,0,0,0,0,5,0,1,1,2,3,1,0,1,5,3,0,1,1,0,0,3,4,2,0,2,0,4,2,1,3,3,0,0,1,6,0,1,3,2,1,3,2,2,2,0,2,2,0,5,4,0,1,3,1,1,1,4,0,0,1,1,4,1,2,0,4,0,0,1,1,0,1,1,1,3,0,0,2,1,1,4,3,2,1,1,0,5,2,2,0,1,5,1,0,2,1,0,0,4,0,1,4,0,0,0,0,2,0,0,0,0,2,0,0,1,3,1,4,2,1,3,3,0,1,1,2,1,3,2,1,0,5,0,2,3,0,1,0,1,3,1,2,2,4,0,1,2,9,1,0,0,4,4,2,0,4,0,0,0,0,7,0,3,8,0,0,0,3,0,0,2,1,2,1,0,0,1,0,0,2,0,2,0,3,1,2,0,9,0,0,1,3,4,2,5,0,2,1,3,4,5,3,0,0,5,1,2,0,5,4,1,1,1,4,0,2,0,2,3,1,2,1,4,1,2,1,3,5,4,3,2,1,4,2,4,1,0,0,1,1,2,3,2,1,3,6,7,1,3,0,0,0,2,5,3,6,4,0,3,7,2,1,2,1,4,0,0,3,1,1,1,1,7,2,0,3,1,1,2,2,0,0,12,3,1,3,0,1,0,1,1,0,1,4,4,0,0,0,2,0,1,1,1,1,3,2,2,1,0,0,1,6,0,4,5,1,0,0,4,3,1,1,0,1,0,1,3,1,1,1,4,2,0,1,5,2,0,1,3,1,0,1,0,1,0,0,4,0,3,2,1,6,5,0,1,8,2,1,4,3,1,2,6,3,3,2,1,3,4,1,0,0,0,1,0,0,7,1,12,0,6,1,3,5,3,6,2,3,3,4,9,7,2,11,3,5,0,6,5,1,3,1,2,0,3,2,3,0,2,3,0,7,3,3,2,2,6,12,2,9,0,1,0,2,4,0,1,1,3,0,2,3,2,1,2,0,1,3,2,6,3,6,10,4,0,0,2,2,1,6,2,0,1,3,0,0,3,4,1,1,2,1,0,3,2,2,0,2,2,3,1,2,4,0,0,0,0,0,0,1,3,5,1,0,1,0,1,0,0,2,3,0,1,6,0,0,0,0,0,0,0,0,0,2,2,2,1,3,0,1,0,0,0,0,1,2,2,0,2,5,0,4,4,2,0,2,6,1,2,0,0,1,0,0,0,0,1,4,1,2,4,0,4,1,6,3
FOODS_1_085_CA_1_evaluation,FOODS_1_085,FOODS_1,FOODS,CA_1,CA,21,8,3,2,3,17,13,12,18,5,7,4,4,8,8,17,23,9,12,20,20,19,16,4,6,4,15,18,5,11,15,11,15,15,27,22,7,12,11,17,34,18,15,8,14,16,2,21,20,32,16,13,14,17,13,18,13,13,11,20,33,10,12,14,10,7,5,10,7,22,8,14,15,14,7,13,13,20,42,17,18,15,16,6,23,19,11,10,6,8,9,11,8,7,14,9,7,16,16,13,9,9,16,10,13,16,16,4,8,6,3,9,17,19,7,14,9,13,15,13,8,25,21,6,3,18,7,2,8,6,11,12,13,21,15,7,15,10,15,15,9,8,10,5,12,11,9,20,14,4,12,10,15,7,16,8,3,10,9,3,10,8,3,13,13,1,6,9,9,7,4,9,5,9,7,17,8,2,11,3,3,13,11,11,9,5,2,8,9,7,3,2,2,19,9,18,17,22,8,10,11,3,13,17,23,7,16,8,17,15,17,46,31,22,10,0,7,22,24,18,9,9,19,3,13,13,8,4,10,9,10,10,10,5,5,5,9,10,18,13,11,7,18,5,13,14,10,8,10,5,19,10,20,13,12,13,5,20,10,22,13,11,6,7,7,17,32,11,20,13,13,19,10,10,17,6,8,6,10,22,16,12,2,5,6,7,4,12,11,8,8,8,7,14,14,11,16,4,11,8,9,3,10,11,5,3,6,12,14,13,5,6,17,14,18,9,11,5,14,10,11,22,6,45,16,8,15,13,20,15,8,6,13,15,8,7,4,5,3,3,3,1,4,5,7,3,9,4,3,11,2,1,6,4,14,5,2,13,11,8,8,4,20,6,14,6,7,4,4,8,9,24,27,8,9,8,9,17,7,9,3,10,9,6,7,10,11,3,11,4,9,6,8,2,1,16,6,9,9,12,12,14,5,6,15,10,5,15,6,7,8,9,8,10,5,9,3,9,11,3,16,8,14,7,21,6,10,9,14,10,6,12,12,12,22,8,16,7,8,11,22,14,9,9,9,6,8,15,13,16,8,9,5,13,9,11,8,11,3,4,7,9,4,15,9,22,14,6,21,13,9,13,8,10,10,7,4,8,21,12,12,8,13,22,10,3,13,10,14,12,13,10,10,6,14,11,8,20,12,13,10,6,3,6,22,9,8,12,8,13,8,18,11,8,5,4,5,17,10,13,6,8,4,8,15,2,1,10,5,10,11,4,6,4,7,1,3,0,3,14,9,3,7,13,9,4,9,5,1,9,3,4,9,5,7,25,10,9,3,6,3,8,5,4,5,9,7,4,13,5,4,6,13,15,15,11,15,11,24,12,0,5,2,9,6,8,5,5,2,4,5,4,5,5,2,9,2,9,3,7,16,18,20,7,11,15,9,7,8,9,8,7,7,5,4,13,18,18,6,10,14,10,24,36,6,10,8,12,31,25,31,17,10,6,12,9,15,13,10,5,5,10,4,20,16,15,9,5,4,19,10,21,18,7,4,5,21,24,14,15,11,11,7,20,14,8,11,3,12,10,9,14,9,16,2,11,9,23,10,12,9,7,4,6,2,11,15,7,3,4,3,10,12,14,6,5,6,9,20,14,5,9,10,4,14,14,6,18,7,0,11,2,7,9,0,4,7,1,1,4,9,10,2,5,6,15,6,4,6,2
FOODS_1_086_CA_1_evaluation,FOODS_1_086,FOODS_1,FOODS,CA_1,CA,13,15,5,2,1,5,7,10,0,0,1,0,6,7,10,9,7,5,9,5,2,8,6,10,0,0,7,15,13,4,5,8,8,11,0,8,8,14,5,2,11,0,0,7,9,6,11,6,8,12,7,6,10,4,11,10,10,4,10,5,4,10,12,6,4,14,6,4,7,21,9,10,6,2,0,4,9,8,10,10,1,4,13,8,5,7,6,7,13,13,9,9,8,7,10,9,9,14,21,10,7,4,0,11,10,13,7,8,1,7,6,7,7,12,11,7,14,2,8,6,4,4,9,5,5,2,7,9,8,2,4,7,9,11,13,8,8,5,10,3,15,5,2,3,5,10,7,12,7,5,7,5,5,7,2,5,4,4,7,5,5,10,6,6,9,7,5,2,7,5,4,7,12,3,4,8,13,6,0,3,9,4,9,4,5,2,4,2,4,4,7,5,10,8,2,1,5,6,0,2,4,3,4,9,10,5,0,0,0,0,5,6,6,6,0,0,3,5,6,11,3,7,6,9,6,5,5,5,2,11,9,9,5,10,3,0,5,5,7,10,2,5,5,9,7,12,8,7,2,3,13,6,3,0,1,3,8,5,9,10,3,5,5,7,6,12,11,9,6,7,6,5,10,6,9,5,3,6,6,7,4,11,6,10,3,9,10,8,4,2,0,5,1,4,1,0,0,0,0,0,1,0,0,0,0,0,0,0,0,0,0,0,0,6,12,2,3,0,1,0,0,5,7,4,6,2,0,0,7,4,1,0,0,0,0,8,10,6,0,0,0,6,9,11,8,2,0,0,9,10,5,0,0,0,0,3,13,5,8,11,5,1,8,8,7,0,6,6,9,3,9,7,10,9,5,8,12,11,9,11,5,0,0,0,0,17,12,11,3,6,10,15,8,0,0,13,8,7,6,17,2,6,0,0,11,0,18,10,7,2,0,12,16,13,3,3,12,1,10,10,16,0,0,10,2,0,12,2,6,6,7,8,5,11,16,15,5,7,8,12,5,14,0,6,7,9,5,11,14,8,2,5,6,4,1,3,8,5,7,4,6,9,12,3,2,8,4,0,12,0,12,10,6,8,0,11,8,4,0,0,4,7,5,5,10,5,0,4,2,11,7,7,3,3,7,5,0,0,0,0,0,0,9,6,8,1,0,8,1,4,5,6,0,0,0,0,0,7,5,0,0,0,0,0,7,3,1,1,0,2,7,3,10,2,7,2,0,0,1,4,6,4,0,0,3,3,6,0,10,3,0,0,0,0,0,0,6,6,0,4,8,0,0,0,0,0,0,7,3,2,5,4,0,8,5,0,0,0,0,0,0,7,3,1,1,0,0,0,0,0,4,8,0,0,11,1,0,0,0,0,0,10,9,5,0,0,0,3,5,1,0,0,0,1,0,0,0,0,0,0,0,0,0,0,0,12,0,0,9,11,11,5,0,0,0,0,7,5,11,1,10,2,0,14,4,6,0,6,1,5,11,8,9,7,1,0,0,11,14,8,2,0,0,6,15,2,1,4,9,10,2,12,19,3,2,0,0,0,0,8,4,14,4,3,12,9,6,0,0,0,0,0,11,0,0,12,7,9,10,7,3,10,2,0,0,6,9,16,2,11,4,0,7,5,0,0,0,0,0,0,9,3,0,9,9,13,0,8,7,1
FOODS_1_087_CA_1_evaluation,FOODS_1_087,FOODS_1,FOODS,CA_1,CA,0,0,0,2,1,3,2,5,3,8,1,1,2,0,2,7,2,2,1,1,8,2,3,3,0,1,1,1,8,3,5,4,6,2,2,5,0,2,4,3,5,8,5,2,0,2,2,6,5,5,0,2,1,1,5,1,2,5,2,2,1,6,3,3,6,0,0,1,2,2,4,2,5,7,4,0,2,1,1,1,2,7,2,2,2,6,2,3,2,4,1,5,1,5,4,2,0,1,3,2,2,3,1,8,3,5,3,4,3,0,1,2,4,2,3,3,4,0,0,1,0,2,3,4,2,0,6,4,1,1,0,5,3,4,0,1,3,3,6,3,1,5,2,3,2,1,8,6,1,3,3,5,1,3,3,2,1,3,0,0,2,4,6,2,0,6,2,3,1,3,4,4,2,2,1,3,3,2,3,6,2,3,3,3,0,2,1,1,2,0,0,1,4,1,2,0,4,0,3,0,2,3,0,7,2,3,4,2,1,2,1,6,1,5,4,0,2,2,3,1,2,4,0,5,3,5,2,3,4,1,2,5,1,2,4,2,4,6,0,3,0,6,2,2,1,7,2,0,7,4,4,4,1,2,2,10,3,2,1,5,1,1,3,0,2,2,3,0,7,6,1,3,1,7,0,0,4,1,5,3,0,0,2,1,4,5,1,0,3,1,4,2,5,0,1,2,3,1,1,3,0,2,0,0,2,3,3,1,4,5,2,3,0,4,3,2,6,4,2,0,1,1,0,4,0,1,4,5,1,2,1,2,3,2,2,4,4,2,4,4,2,6,0,1,0,1,2,0,4,1,0,1,1,3,0,2,2,2,2,3,2,2,6,2,3,1,4,4,1,1,0,1,2,3,1,1,1,4,3,1,2,0,3,2,4,7,2,2,0,3,0,1,0,2,4,2,2,2,1,5,4,5,3,1,2,0,0,0,0,0,0,2,1,6,8,1,1,1,4,2,3,2,0,6,0,0,3,4,2,10,3,4,2,3,0,0,0,3,7,0,0,3,9,3,0,2,5,4,1,6,7,0,1,4,6,2,4,1,1,1,7,0,13,5,5,0,0,3,1,2,4,5,0,4,3,2,5,0,0,0,1,5,2,5,1,1,3,5,3,2,1,2,1,9,2,3,2,5,4,3,3,3,1,6,5,3,3,5,1,1,3,3,0,1,2,5,8,9,0,0,1,6,2,4,7,2,2,3,3,8,5,1,4,0,4,1,3,2,10,6,1,3,1,5,6,0,9,3,3,8,3,1,0,8,1,0,4,8,3,0,5,0,6,8,2,1,3,3,4,4,5,5,4,15,6,3,5,4,0,0,0,0,0,10,6,0,6,6,4,1,2,4,0,3,1,6,5,5,4,6,9,2,9,1,5,4,0,1,2,9,5,5,5,3,3,1,2,0,10,11,3,1,9,0,1,5,6,8,0,5,9,2,7,6,4,1,2,5,3,6,1,13,2,3,2,7,1,2,2,3,7,4,1,6,3,3,5,3,1,0,11,0,1,4,1,0,7,1,0,1,3,0,0,2,1,7,3,3,3,4,2,5,0,6,3,5,10,3,2,1,4,4,6,2,1,1,5,3,2,1,8,2,3,2,4,2,7,0,4,6,3,3,4,2,0,2,2,3,0,0,3,3,6,0,1,1,7,5,0,2
FOODS_1_088_CA_1_evaluation,FOODS_1_088,FOODS_1,FOODS,CA_1,CA,2,1,0,0,2,2,3,0,2,0,1,1,1,5,0,1,2,0,0,2,1,0,1,1,1,1,0,2,1,0,2,0,1,2,1,0,0,1,1,0,2,2,1,0,0,1,1,1,0,1,0,0,0,1,3,4,0,1,0,2,2,0,0,0,0,1,2,0,1,2,1,3,0,1,1,0,0,2,1,0,1,0,2,2,1,2,2,0,0,0,0,0,0,2,1,2,2,2,0,0,3,1,0,0,0,2,0,0,0,0,0,0,1,2,1,0,0,0,0,0,2,1,3,3,0,0,1,0,0,0,2,1,5,1,0,0,0,0,0,2,2,1,0,0,2,1,1,1,0,0,0,0,0,3,2,1,0,0,0,0,2,1,0,0,0,0,0,0,4,0,1,1,0,2,0,1,3,3,0,3,1,4,3,0,4,4,1,0,6,2,0,3,0,0,0,3,1,3,1,1,0,0,2,3,3,5,8,6,1,0,2,2,1,4,1,0,0,1,1,0,3,4,0,0,0,5,2,1,2,0,2,2,3,2,1,0,2,0,1,2,1,0,3,0,1,1,2,0,2,3,0,2,1,2,2,2,0,4,5,1,2,0,2,4,4,5,4,1,5,1,0,1,3,1,1,2,1,0,0,1,2,2,0,0,3,1,4,2,1,0,1,3,4,3,0,0,0,0,0,0,0,0,0,0,0,0,0,0,0,0,0,0,0,0,0,0,0,0,0,0,0,0,0,0,0,0,0,0,0,0,0,0,0,0,0,0,0,0,0,0,0,0,0,0,0,0,0,0,0,0,0,0,0,0,0,0,0,0,0,0,0,0,0,0,0,0,0,0,0,0,0,0,0,0,0,0,0,0,0,0,0,0,0,0,0,0,0,0,0,0,0,0,0,0,0,0,0,0,0,0,0,0,0,0,0,0,0,0,0,0,0,0,0,0,0,0,0,0,0,0,0,0,0,0,0,0,0,0,0,0,0,0,0,0,0,0,0,0,0,0,0,0,0,0,0,0,0,0,0,0,0,0,0,0,0,0,0,0,0,0,0,0,0,0,0,0,0,0,0,0,0,0,0,0,0,0,0,0,0,0,0,0,0,0,1,0,0,0,0,0,0,1,0,0,0,3,5,10,0,0,0,0,1,0,0,0,1,2,0,1,0,1,0,0,1,0,0,1,2,1,1,0,1,3,1,1,1,1,1,0,0,0,2,2,1,0,1,6,1,1,5,0,3,0,0,1,3,3,1,3,2,0,2,4,6,0,0,3,0,4,0,1,2,2,0,1,3,2,8,1,0,4,8,1,4,5,5,5,10,3,0,0,0,0,0,0,2,0,0,0,2,0,1,0,1,0,2,0,0,0,0,1,1,0,0,1,0,0,0,0,0,0,0,0,3,0,0,4,1,1,1,1,2,3,0,6,1,2,3,2,4,3,1,0,0,1,2,0,0,1,0,1,2,2,2,1,2,4,1,1,2,0,1,4,0,0,3,1,3,4,3,2,4,1,0,4,5,1,2,0,0,0,0,1,0,2,2,1,0,1,0,0,0,0,1,1,0,1,0,0,1,3,0,2,1,4,0,7,0,0,5,0,1,0,0,9,1,1,2,1,3,0,4,0,2,1,2,0,4,1,1,0,1,1,0,77,0,0,0,0
FOODS_1_099_CA_1_evaluation,FOODS_1_099,FOODS_1,FOODS,CA_1,CA,27,30,16,4,7,17,10,19,22,11,11,6,3,14,10,24,8,18,17,16,13,35,8,12,10,11,4,9,12,5,19,21,10,11,22,21,16,5,20,21,27,7,17,7,6,0,15,12,16,18,8,12,11,17,10,16,7,13,11,18,5,11,17,19,12,9,8,15,12,12,13,19,17,19,10,19,22,27,25,11,4,6,15,15,17,7,5,8,9,18,14,22,8,2,7,11,15,10,23,29,11,3,9,4,18,14,20,3,9,8,7,24,11,13,7,7,16,8,15,18,12,2,5,7,12,8,10,3,1,4,10,10,10,11,12,4,6,4,8,13,11,30,12,20,3,4,11,5,8,2,12,9,8,13,17,19,1,12,12,17,11,7,12,9,3,7,10,5,11,13,12,5,4,10,6,12,9,2,6,4,5,6,20,9,6,5,6,7,11,16,8,10,17,12,11,19,13,19,11,9,17,10,24,34,29,8,9,6,20,16,27,41,30,31,23,0,10,20,12,6,4,9,14,6,12,11,4,9,7,3,4,18,20,13,5,13,4,8,19,3,9,3,16,11,20,18,29,5,11,9,16,10,11,30,10,10,11,16,12,25,23,12,9,13,6,29,59,12,16,16,10,14,19,11,19,18,5,2,7,7,10,9,3,3,2,5,7,11,17,16,10,11,8,8,8,12,5,13,9,10,13,10,14,7,7,14,3,22,13,15,4,4,11,16,31,34,16,4,7,14,9,14,18,39,11,5,18,15,19,14,17,7,24,4,7,10,5,2,5,6,8,9,12,4,11,3,8,3,8,17,10,3,3,9,9,4,17,26,18,10,11,3,18,15,21,15,3,5,8,8,14,25,11,11,10,14,12,25,8,30,1,11,17,4,8,15,25,5,6,8,5,4,10,6,2,2,0,4,6,7,11,4,3,2,7,1,18,24,5,8,8,19,17,8,11,6,11,25,9,3,5,1,7,5,7,20,19,15,12,3,3,3,23,11,9,27,9,22,6,13,14,14,19,8,10,9,21,4,7,10,5,5,3,2,9,14,14,15,5,9,11,9,21,14,6,4,5,10,27,19,15,6,8,10,15,10,6,17,2,7,3,1,11,4,4,0,7,2,4,7,6,5,10,10,11,3,9,17,17,9,6,9,3,13,14,14,5,3,15,7,8,17,16,8,5,8,10,13,8,21,11,9,6,11,28,0,3,0,4,10,3,9,6,13,5,1,9,2,4,19,5,4,7,9,5,10,17,9,6,8,8,3,9,4,10,0,10,6,4,2,17,19,6,12,9,6,0,19,10,13,5,5,17,10,26,17,22,22,12,17,0,5,6,11,16,4,13,11,15,5,6,8,7,9,2,16,8,8,7,6,10,12,37,22,6,7,6,9,12,30,26,5,10,6,6,2,15,25,3,6,6,29,15,45,10,11,6,4,15,17,10,16,10,4,0,12,1,11,28,12,5,8,6,15,19,19,2,10,7,12,18,24,24,6,7,3,16,7,9,9,2,5,7,4,10,16,19,3,8,7,15,10,26,24,11,4,5,19,13,19,29,3,2,1,11,10,13,13,3,5,3,2,1,1,11,16,9,10,9,6,14,9,6,8,5,7,9,13,12,1,6,1,4,7,16,9,12,9,4,9,12,10,15,6,16,1,2,3,3,2
FOODS_1_102_CA_1_evaluation,FOODS_1_102,FOODS_1,FOODS,CA_1,CA,0,0,0,0,0,0,0,1,8,0,2,0,1,1,5,1,1,1,1,1,0,1,0,1,2,2,0,3,4,1,1,1,0,0,0,1,1,3,2,3,1,1,4,0,2,0,2,2,1,3,0,0,1,0,0,2,0,1,0,8,1,0,5,0,3,1,1,1,4,3,1,2,0,1,1,3,1,4,1,0,5,0,1,4,3,3,3,0,3,2,0,2,1,1,1,1,0,2,0,0,3,1,0,0,2,1,2,3,2,0,4,1,4,3,1,2,3,1,3,2,3,0,1,1,2,0,2,5,0,1,0,0,1,3,0,2,0,0,2,0,1,1,2,1,1,1,3,9,0,0,0,0,2,1,1,2,0,1,2,1,3,1,0,0,2,0,1,0,2,0,0,1,2,0,2,3,1,1,0,1,0,1,2,3,2,0,0,0,3,1,2,3,1,1,1,2,5,0,11,2,1,0,2,6,2,1,2,0,3,0,0,0,0,0,5,0,1,1,1,1,0,0,3,1,1,0,0,2,0,0,0,1,0,0,1,0,2,1,4,2,4,1,1,0,0,0,0,0,0,2,1,2,1,2,2,0,1,0,2,3,0,3,1,0,2,2,1,0,1,2,0,1,0,3,0,3,0,0,0,0,2,3,3,0,1,0,0,0,0,0,0,0,0,0,0,0,0,0,0,0,0,0,0,0,0,0,0,0,0,0,0,0,0,0,0,0,0,0,0,0,0,0,0,0,0,0,0,0,0,0,0,0,0,0,0,0,0,0,0,0,0,0,0,0,0,0,0,0,0,0,0,0,0,0,0,0,0,0,0,0,0,0,0,0,0,0,0,0,0,0,0,0,0,0,0,0,0,0,0,0,0,0,0,0,0,0,0,0,0,0,0,0,0,0,0,0,0,0,0,0,0,0,0,0,0,0,0,0,0,0,0,0,0,0,0,0,0,0,0,0,0,0,0,0,0,0,0,0,0,0,0,0,0,0,0,0,0,0,0,0,0,0,0,0,0,0,0,0,0,0,0,0,0,0,0,0,0,0,0,0,0,0,0,0,0,0,0,0,0,0,0,0,0,0,0,0,0,0,0,0,0,0,0,0,0,0,0,0,0,0,0,0,0,0,0,0,0,0,0,0,0,0,0,0,0,0,0,0,0,0,0,0,0,0,0,0,0,0,0,0,0,0,0,0,0,0,0,0,0,0,0,0,0,0,0,0,0,0,0,0,0,0,0,0,0,0,0,0,0,0,0,0,0,0,0,0,0,0,0,0,0,0,0,0,0,0,0,0,0,0,0,0,0,0,0,0,0,0,0,0,0,0,0,0,0,0,0,0,0,0,0,0,0,0,0,0,0,0,0,0,0,0,0,0,0,0,0,0,0,0,0,0,0,0,0,0,0,0,0,0,0,0,0,0,0,0,0,0,0,0,0,0,0,0,0,0,0,0,0,0,0,0,0,0,0,0,0,0,0,0,0,0,0,0,0,0,0,0,0,0,0,0,0,0,2,2,2,0,0,1,0,1,3,0,0,0,0,0,0,2,0,2,0,2,0,1,0,2,3,0,0,0,0,0,0,0,0,0,0,0,0,1,3,0,3,1,3,0,0,0,0,0,0,0,0,0,0,2,0,4,4,2,0,0,0,0,0,0,0,1
FOODS_1_103_CA_1_evaluation,FOODS_1_103,FOODS_1,FOODS,CA_1,CA,0,3,3,1,0,2,2,0,1,3,4,3,3,1,0,0,1,0,2,1,2,3,6,2,2,1,0,1,2,0,0,1,1,1,3,3,2,2,2,1,0,1,3,2,0,2,1,3,5,0,4,2,0,1,2,1,2,3,2,1,2,8,1,0,1,0,1,0,1,1,1,1,0,2,2,3,1,1,3,0,0,1,2,1,1,0,3,1,0,0,0,0,3,1,3,2,3,2,1,3,0,2,0,0,0,0,0,0,1,0,2,2,1,2,1,1,2,0,0,1,2,4,0,1,1,3,2,4,0,0,0,0,1,0,0,1,1,1,2,1,0,2,0,1,1,1,4,1,1,2,1,0,0,3,1,1,2,0,2,1,1,0,1,1,2,2,1,2,0,3,0,1,1,0,2,2,3,0,1,1,1,2,0,0,1,1,1,0,1,1,2,0,1,3,0,1,1,1,0,1,1,0,2,2,1,4,3,1,0,0,2,2,1,5,3,0,1,0,0,1,4,0,0,0,0,2,0,4,0,3,0,2,1,3,2,0,1,0,1,0,0,0,2,0,0,1,1,1,0,1,2,0,1,2,0,0,1,3,1,1,3,2,0,2,1,3,5,1,4,3,1,1,1,1,2,1,0,0,1,2,1,0,1,7,1,2,3,2,1,0,3,0,2,1,0,3,2,2,0,0,0,1,4,0,4,0,0,1,1,0,1,2,2,2,2,3,0,0,0,0,0,0,0,2,2,1,0,1,0,0,4,1,0,0,1,5,2,2,2,1,1,1,1,0,0,3,0,2,0,4,2,0,2,1,0,4,3,0,2,1,2,2,4,0,1,3,1,1,1,2,1,3,2,2,1,3,2,0,1,1,0,0,0,2,0,1,4,3,1,1,0,2,4,0,0,4,1,2,0,1,1,2,0,2,4,3,0,1,1,0,2,0,4,1,0,0,2,3,3,0,1,2,0,1,4,1,1,1,1,0,0,1,5,2,2,1,1,1,1,0,2,4,1,4,1,2,2,2,2,6,5,0,2,4,1,2,1,0,2,0,0,0,0,6,2,2,0,0,0,1,1,1,1,0,4,5,6,3,1,3,1,0,2,3,2,3,3,0,4,3,2,3,3,1,2,0,3,0,4,2,2,2,0,1,1,2,0,1,3,1,0,0,4,3,0,0,2,5,3,3,3,2,0,2,4,3,3,2,1,1,2,1,1,1,0,0,2,1,3,1,0,0,3,4,0,4,2,3,0,4,0,1,2,4,5,3,1,4,4,1,1,2,2,1,4,0,3,2,1,1,4,0,2,0,1,4,1,3,0,0,0,4,2,0,3,0,0,2,1,0,3,0,1,0,0,1,1,0,1,2,0,0,0,3,1,0,0,4,0,0,0,0,0,2,3,3,1,6,4,2,3,0,0,2,4,1,2,4,5,0,1,2,0,1,0,3,7,0,4,0,0,2,2,1,1,0,2,0,0,4,1,3,1,0,1,1,0,0,0,1,2,1,1,3,2,7,4,1,2,3,0,1,2,2,0,0,0,5,2,1,0,5,1,2,0,1,2,0,1,0,3,1,1,0,1,2,1,1,3,3,1,3,1,0,1,0,1,0,1,1,3,2,2,2,3,3,0,1,1,2,0,1,6,2,1,0,2,1,2,1
FOODS_1_104_CA_1_evaluation,FOODS_1_104,FOODS_1,FOODS,CA_1,CA,0,0,0,0,0,0,0,0,0,0,0,0,0,0,0,0,0,0,0,0,0,0,0,0,0,0,0,0,0,0,0,0,0,0,0,0,0,0,0,0,0,0,0,0,0,0,0,0,0,0,0,0,0,0,0,0,0,0,0,0,0,0,0,0,0,0,0,0,0,0,0,0,0,0,0,0,0,0,0,0,0,0,0,0,0,0,0,0,1,2,0,1,4,1,0,2,0,2,3,4,1,1,2,9,1,3,0,0,3,1,1,1,3,4,0,1,2,2,1,5,0,1,5,2,2,2,1,5,0,1,1,0,2,5,5,1,4,2,1,3,22,0,2,2,0,2,6,1,6,1,1,0,2,1,6,1,4,1,1,7,7,0,5,3,0,1,1,0,1,3,1,0,2,9,0,0,5,1,0,1,1,1,1,3,2,2,2,2,4,3,3,7,2,2,4,5,1,1,3,1,4,2,2,9,5,5,3,8,8,5,8,4,4,8,8,0,1,5,3,3,1,2,0,2,2,1,1,0,0,0,1,0,4,3,2,5,0,0,1,10,2,0,4,2,1,3,1,1,0,1,1,1,1,4,7,3,1,3,5,3,2,1,3,4,6,12,7,2,1,2,3,2,4,3,2,2,3,2,2,3,4,8,0,0,2,0,2,2,1,0,3,6,6,3,1,3,3,3,4,1,2,1,5,2,1,1,0,3,2,8,0,3,6,6,10,11,15,1,1,1,3,2,2,6,3,2,5,2,1,2,1,3,0,2,2,4,4,3,2,5,2,1,2,2,5,2,0,6,3,5,5,0,3,0,7,4,2,6,1,1,1,3,0,1,3,6,4,2,2,1,3,4,2,3,1,4,4,2,3,2,2,2,3,3,4,3,3,1,0,1,3,3,3,4,2,4,1,5,1,2,2,3,1,2,2,5,3,5,0,0,1,1,3,2,1,0,5,1,1,1,10,7,2,4,4,2,1,1,2,2,0,3,2,4,2,4,2,5,1,3,3,1,5,1,1,1,0,2,1,1,1,1,5,5,4,1,1,0,0,3,0,1,2,0,1,0,2,1,1,0,3,0,1,0,0,0,1,0,0,1,0,0,0,0,0,2,0,0,1,2,5,1,1,0,2,6,2,3,1,0,0,0,2,8,5,2,3,0,0,4,3,2,2,1,1,3,4,3,3,5,3,0,3,4,1,3,0,0,1,1,0,0,4,2,2,3,6,1,5,3,6,5,4,4,2,1,4,3,4,2,3,0,3,3,3,2,2,5,3,2,3,10,6,1,4,12,3,11,4,6,6,9,7,3,7,4,14,14,6,6,0,3,0,1,0,1,3,0,1,2,2,4,2,4,6,6,6,6,3,5,2,6,6,0,0,2,4,2,3,3,4,5,2,1,5,2,1,0,0,0,0,1,2,13,7,5,3,4,9,3,6,5,4,2,1,3,2,1,1,1,0,3,1,0,5,4,2,4,0,2,1,4,2,4,0,0,0,0,0,0,0,0,0,0,0,1,0,0,0,0,0,0,0,1,0,0,1,0,0,0,1,0,0,1,3,1,2,2,3,0,7,5,7,0,0,2,0,0,1,1,2,3,1,1,2,0,0,3,1,1,0,1,1,0,0,1,1,4,1,0,0,1,7,1,1,7,7,0,0,0
FOODS_1_110_CA_1_evaluation,FOODS_1_110,FOODS_1,FOODS,CA_1,CA,4,7,7,10,2,8,14,13,17,10,6,15,7,10,16,28,8,6,9,10,34,12,9,10,2,9,7,8,9,8,4,2,0,0,0,0,0,0,0,4,14,17,6,6,2,3,3,3,4,2,13,6,3,3,5,12,13,10,5,2,2,8,4,5,7,2,1,10,6,8,1,6,10,8,9,2,8,7,8,3,3,0,0,0,3,1,0,4,2,4,2,9,10,4,9,8,7,9,2,4,2,0,3,0,1,9,4,3,5,1,12,15,6,5,4,2,0,0,5,5,1,3,1,4,8,2,6,6,8,7,3,7,1,7,1,5,3,2,8,5,2,0,0,1,0,0,2,1,3,0,2,4,0,3,6,3,3,4,5,6,11,7,1,1,2,0,1,7,1,4,4,6,8,4,4,5,3,1,2,0,5,1,3,3,4,7,5,4,12,5,2,6,3,1,2,11,7,0,19,8,8,4,0,4,30,3,12,10,11,13,11,19,4,5,7,0,14,7,3,3,3,7,7,5,3,5,7,6,3,4,1,11,9,7,1,6,2,6,7,4,11,1,9,7,11,7,12,4,5,5,3,8,6,9,4,4,8,6,6,10,18,6,14,16,12,13,16,5,6,6,8,1,9,4,6,7,3,3,0,8,13,13,3,7,2,5,5,3,8,7,1,9,2,13,4,13,1,6,4,8,7,13,2,7,5,9,4,3,20,5,2,8,14,7,8,19,16,9,8,2,7,4,10,3,3,3,8,10,4,8,9,3,4,11,11,21,17,12,14,5,9,7,16,20,10,6,10,10,15,5,7,6,1,1,5,18,12,22,9,4,9,5,14,17,27,12,29,5,3,13,8,12,16,2,11,14,7,11,25,8,8,11,8,8,22,16,10,10,15,9,7,17,13,5,19,11,5,11,10,20,9,1,7,12,5,9,12,11,12,9,8,12,27,19,7,7,8,11,14,24,8,21,6,6,11,21,11,14,11,6,5,6,8,16,8,6,5,4,14,12,7,12,16,7,0,11,2,15,16,8,7,2,4,5,4,14,6,2,1,1,1,10,10,12,3,7,4,10,14,12,10,2,2,1,3,4,8,2,3,6,0,1,11,5,3,1,2,3,1,17,0,6,3,2,3,0,4,4,5,3,1,2,3,7,7,1,4,2,1,22,2,3,1,3,1,4,0,7,4,5,2,1,2,2,2,7,1,1,2,3,3,6,5,11,6,1,2,0,3,4,4,3,2,3,1,2,5,4,7,6,4,8,7,4,1,1,7,1,3,5,1,0,1,0,0,0,0,0,0,1,1,4,5,2,9,5,5,4,16,19,0,1,5,7,3,0,11,6,4,7,3,4,6,2,7,8,10,5,1,5,2,5,2,1,1,1,2,2,4,3,12,8,1,4,5,6,2,5,0,3,3,9,2,0,0,0,0,0,0,0,0,0,0,0,0,0,0,0,0,0,0,0,0,0,0,0,0,0,0,0,0,0,0,0,0,0,0,0,0,0,0,0,0,0,0,0,0,0,0,0,0,0,0,0,0,0,0,0,0,0,0,0,0,0,0,0,0,0,0,0,0,0,0,0,0,0,0,0,0,0,0,0,0,4,11,8,11,10,12,5,8,6,5,10,11,0,5,5,5,3,4,4,1,1,9,9,7,10,7,8
FOODS_1_112_CA_1_evaluation,FOODS_1_112,FOODS_1,FOODS,CA_1,CA,0,0,0,0,0,0,0,0,0,0,0,0,0,0,0,0,0,0,0,0,0,0,0,0,0,0,0,0,0,0,0,0,0,0,0,0,0,0,0,0,0,0,0,0,0,0,0,0,0,0,0,0,0,1,6,2,1,6,6,0,0,8,3,1,0,0,2,1,4,2,3,4,0,2,5,4,6,5,6,2,4,5,2,2,2,8,7,1,0,3,2,7,2,1,0,4,0,0,7,3,4,3,7,0,0,3,5,3,4,1,1,1,0,0,6,2,8,1,4,3,1,0,3,5,3,1,2,7,1,0,2,1,0,2,3,1,2,7,5,5,0,1,2,6,1,7,5,0,4,2,3,2,2,0,2,1,4,6,5,2,3,0,1,2,8,2,1,1,2,2,10,0,0,1,2,4,0,1,3,5,0,1,5,0,1,3,5,0,0,2,0,0,0,1,1,2,0,1,1,12,3,1,2,0,2,1,1,3,2,1,8,2,4,2,0,0,1,2,7,3,1,2,1,0,3,0,0,0,6,0,0,0,1,5,4,5,7,7,0,0,0,0,1,1,1,2,0,0,0,0,2,0,2,5,1,9,1,1,0,3,2,1,1,0,3,3,6,1,1,1,0,1,1,3,4,1,1,6,3,3,1,0,0,0,0,7,0,8,1,0,0,0,1,6,2,1,2,0,0,0,0,1,1,2,7,1,0,0,0,5,3,4,1,6,1,4,0,0,3,0,6,0,2,7,0,3,3,2,1,1,3,3,1,0,0,1,10,0,4,0,3,0,3,3,1,0,0,1,1,3,2,1,5,10,3,0,0,6,1,1,2,1,1,1,1,1,3,2,0,1,0,2,3,1,1,5,1,8,3,1,0,2,3,6,3,4,3,0,0,0,0,0,0,0,1,0,4,3,1,5,0,1,2,1,2,0,1,0,11,0,2,3,2,0,1,3,6,0,1,11,0,0,0,0,0,0,0,1,2,6,2,0,0,4,5,1,2,0,0,3,3,7,0,2,1,1,2,4,2,2,2,6,0,0,0,0,0,1,8,6,0,3,3,0,3,0,0,0,1,6,2,2,4,5,3,0,1,0,0,0,0,0,0,0,0,0,7,2,1,1,0,5,3,2,0,6,2,6,0,0,4,2,3,0,2,1,0,0,3,3,6,0,0,0,0,0,0,0,0,0,0,0,0,0,0,0,0,0,0,0,0,0,0,0,0,0,0,0,0,0,0,0,0,0,0,0,0,0,0,0,0,0,0,0,0,0,0,0,0,3,2,5,1,1,0,0,0,2,4,1,4,0,0,1,0,0,0,0,0,0,0,2,2,4,6,0,0,0,2,0,0,3,1,2,1,2,0,1,3,1,4,1,3,10,0,0,1,0,2,2,3,1,2,4,2,1,0,10,1,7,2,8,1,0,3,1,0,0,1,4,7,0,3,1,7,0,1,3,0,2,0,1,3,1,3,1,4,1,2,1,4,5,1,1,2,11,0,0,0,1,2,3,1,2,4,2,1,1,1,1,2,4,10,2,3,1,3,1,4,2,1,1,1,0,4,1,3,5,1,1,3,4,0,0,1,2,1,3,0,0,6,5,1,2,2,2,1,2,0,1,2,1,0,1,0,0,1,1,1,3,2,0,2,1,2,2,1,0,2,10
FOODS_1_113_CA_1_evaluation,FOODS_1_113,FOODS_1,FOODS,CA_1,CA,0,0,0,0,0,0,0,0,0,0,0,0,0,0,0,0,0,0,0,0,0,0,0,0,0,0,0,0,0,0,0,0,0,0,0,0,0,0,0,0,0,0,0,0,0,0,0,0,0,0,0,0,0,0,0,0,0,0,0,0,0,0,0,0,0,0,0,0,0,0,0,0,0,0,0,0,0,0,0,0,0,0,0,0,0,0,0,0,0,0,0,0,0,0,0,0,0,0,0,0,0,0,0,0,0,0,0,0,0,0,0,0,0,0,0,0,0,0,0,0,0,0,0,0,0,0,0,0,0,3,5,2,3,9,10,2,1,2,2,3,3,3,1,4,4,5,6,11,4,2,3,0,2,4,1,0,0,1,8,13,18,6,10,10,3,1,1,11,12,26,8,3,1,5,7,5,3,2,4,2,2,4,7,5,3,15,15,14,21,15,5,4,1,3,3,2,4,4,2,4,0,2,3,3,4,1,6,3,5,5,3,13,0,20,20,0,0,0,0,0,2,1,0,0,0,0,0,0,5,3,7,5,6,5,3,5,11,10,5,12,8,4,1,6,2,2,2,4,3,0,5,4,4,4,1,1,3,3,1,3,6,2,2,2,1,4,7,0,1,12,5,9,4,2,4,3,4,4,1,3,6,6,2,3,2,1,0,0,0,0,11,9,5,11,22,23,0,0,0,0,0,0,0,0,2,2,4,10,7,9,5,4,3,1,2,0,2,0,0,0,0,0,0,0,0,0,0,0,0,0,0,0,0,0,0,0,0,0,0,0,0,0,0,0,0,0,0,0,0,0,0,0,0,0,0,0,0,0,0,0,0,0,0,0,0,0,0,0,0,0,0,0,0,0,0,2,5,4,5,4,5,3,4,9,18,0,0,1,1,0,0,0,0,0,0,0,0,0,0,0,0,0,0,0,0,0,0,0,0,0,0,1,6,21,7,10,2,2,20,18,13,4,0,4,0,0,1,1,0,3,2,3,5,2,5,0,3,8,8,0,1,4,1,4,2,2,4,5,4,2,3,2,1,3,3,0,4,2,2,6,2,0,3,0,4,1,8,3,9,7,2,3,2,0,0,0,0,1,3,2,1,1,3,2,15,5,0,4,2,0,5,0,0,9,7,5,11,12,3,6,5,2,4,4,5,3,0,1,0,0,3,3,6,1,2,2,0,0,3,0,0,0,4,8,0,2,0,0,0,0,0,0,3,1,2,0,4,0,3,6,4,1,0,0,0,0,0,2,4,2,0,0,3,1,0,1,0,0,0,0,0,0,0,0,0,0,6,15,1,0,5,5,11,5,0,0,0,0,0,0,0,0,0,0,0,0,0,0,0,0,2,1,5,3,6,2,2,0,0,0,2,2,4,1,2,0,0,1,0,8,1,0,1,0,2,0,0,0,0,0,0,0,0,0,0,0,0,0,0,0,5,6,0,8,2,0,0,1,0,0,1,0,0,1,0,3,2,0,0,0,8,5,1,2,1,1,0,4,7,0,0,0,0,0,3,0,0,2,3,2,1,0,0,1,0,0,0,5,0,0,0,0,0,0,3,0,3,0,0,1,0,0,0,0,0,0,0,0,0,0,0,0,9,6,3,7,8,5,1,2,2,1,0,0,0,0,9,0,2,6,13,7,0,3,2,1,1,2,1,0
FOODS_1_115_CA_1_evaluation,FOODS_1_115,FOODS_1,FOODS,CA_1,CA,6,2,2,1,5,1,4,3,2,3,2,4,0,1,4,9,10,2,1,0,2,5,3,2,0,1,2,2,1,3,1,2,4,2,3,1,6,3,0,4,3,0,6,1,3,1,2,1,1,3,2,2,1,1,3,0,4,2,2,1,7,3,3,0,4,0,0,2,2,3,1,2,4,0,3,1,0,3,1,3,3,4,1,2,2,4,4,3,2,2,5,4,1,2,1,5,4,0,2,1,3,3,2,0,2,3,1,1,3,4,5,5,2,4,4,5,0,0,0,2,0,1,0,2,0,2,2,0,0,0,0,0,0,1,1,1,0,2,0,0,0,2,2,1,2,0,0,0,0,0,2,0,0,1,0,0,0,0,0,2,1,0,6,0,0,0,1,4,4,5,1,1,4,3,5,2,1,1,1,2,3,6,5,4,3,1,1,0,0,0,0,0,0,0,2,2,0,1,0,1,1,0,2,1,3,1,0,0,1,2,0,5,3,2,1,0,0,0,2,0,1,1,2,1,1,2,0,0,0,6,5,1,2,0,2,6,1,1,6,2,3,8,3,1,3,3,2,1,4,0,1,1,2,2,4,3,2,1,5,1,3,3,1,2,1,3,1,1,0,1,0,2,3,0,0,0,2,1,0,0,2,0,1,0,0,0,3,2,0,0,0,0,0,0,0,3,2,0,2,2,3,4,3,3,3,3,2,5,4,4,4,0,5,1,3,5,5,1,1,6,0,3,0,1,0,1,2,0,1,1,2,1,2,0,0,4,2,3,0,0,0,1,0,0,2,0,2,0,2,7,0,0,1,0,1,3,1,2,1,2,2,0,1,0,1,2,1,0,2,1,1,1,2,1,0,0,2,1,0,1,1,1,1,0,0,2,3,1,0,0,1,0,1,0,1,0,0,0,0,2,1,4,0,1,3,2,0,0,2,1,0,1,1,0,0,1,0,1,0,0,0,0,3,0,0,1,0,0,0,2,0,1,1,0,2,1,3,1,0,3,0,1,1,1,0,2,1,1,0,1,0,0,0,0,0,1,0,0,1,0,0,0,11,2,0,3,0,2,1,1,1,1,0,0,1,0,1,0,0,0,0,5,3,2,0,0,1,0,0,1,2,0,0,0,1,0,0,1,1,0,1,0,2,2,1,2,0,0,0,0,1,1,0,0,1,0,0,0,2,0,1,1,0,1,2,1,1,0,1,2,0,1,0,0,0,0,0,1,0,0,1,3,2,0,1,0,0,0,1,0,0,1,2,0,0,1,0,0,0,1,1,0,1,0,2,0,0,2,2,3,2,0,0,2,1,1,0,3,1,0,0,1,2,0,0,0,1,0,0,1,0,0,2,0,0,0,0,0,0,0,0,0,0,0,0,0,0,0,0,0,0,0,0,0,0,0,0,0,0,0,0,0,0,0,0,0,0,0,0,0,0,0,0,0,0,0,0,0,0,0,0,0,0,0,0,1,3,0,0,0,1,0,0,0,0,0,0,0,0,0,1,0,0,0,0,0,1,0,1,0,0,1,1,0,6,0,0,0,1,1,0,0,0,0,1,0,2,0,1,0,0,0,1,1,0,1,0,0,0,0,0,0,0,1,0,0,1,0,0,2,1,0,0,0,0,2,0,0,0,0,0,1,2,1,0,0,1,1,1,0
FOODS_1_120_CA_1_evaluation,FOODS_1_120,FOODS_1,FOODS,CA_1,CA,5,2,0,2,1,3,1,4,4,4,5,7,2,0,8,1,4,3,1,2,3,5,3,4,3,7,2,4,5,2,1,3,0,0,0,0,0,0,0,1,1,4,0,3,1,2,2,1,3,1,3,8,2,1,0,0,2,1,2,2,1,1,0,5,1,0,3,0,0,0,5,9,1,0,1,0,0,3,0,2,1,1,0,0,4,2,0,0,3,2,1,1,3,0,1,1,0,0,1,6,0,3,2,2,4,4,0,0,1,4,0,0,1,3,0,0,0,1,4,1,1,1,0,2,0,0,0,0,0,0,0,0,2,1,0,4,0,1,0,3,1,4,0,2,2,0,3,1,0,1,0,0,1,0,1,4,1,2,2,0,12,3,1,3,1,1,21,1,1,1,5,1,4,2,1,4,2,2,2,3,2,3,6,2,0,1,2,2,2,1,5,4,6,2,2,2,2,0,6,4,1,3,1,1,1,2,1,0,1,2,0,3,5,9,3,0,2,4,0,0,3,0,0,0,0,1,2,0,1,2,1,0,3,1,1,0,1,3,4,2,4,2,1,2,1,0,1,2,0,1,0,0,2,0,4,1,5,1,5,1,4,1,3,1,2,1,2,1,1,1,2,0,1,8,2,0,0,1,2,0,1,5,1,3,2,1,5,3,2,3,0,1,1,0,2,2,2,1,1,1,2,2,0,2,3,0,4,1,3,3,5,3,4,1,2,5,0,1,0,2,1,4,1,1,3,2,2,3,3,1,0,0,0,0,0,0,0,0,0,1,7,0,0,1,2,6,1,0,4,1,3,1,2,1,1,8,0,1,4,1,1,2,2,3,2,1,1,4,0,1,0,1,1,4,2,2,1,2,3,2,2,0,1,2,1,1,4,2,1,3,0,10,2,3,5,3,2,2,4,3,2,1,3,2,0,4,2,1,1,1,3,1,0,2,0,0,1,6,1,1,0,1,0,1,3,3,3,2,1,0,0,0,0,3,4,3,2,2,0,0,2,1,0,1,1,3,4,2,0,1,3,2,1,5,1,3,0,1,1,1,1,2,2,0,0,1,0,1,3,0,1,3,1,3,0,4,1,1,2,2,2,0,2,0,4,4,2,2,0,0,5,1,1,2,1,3,0,6,1,0,1,0,3,0,1,1,3,1,0,0,0,7,0,1,1,1,0,0,0,0,6,1,0,2,2,0,0,2,0,1,0,0,0,0,0,1,3,2,1,0,1,0,1,1,1,1,2,0,0,2,0,0,0,3,0,0,4,2,1,4,2,0,0,2,1,0,2,1,3,0,2,3,2,1,4,1,1,0,3,1,0,0,0,0,2,1,2,6,3,3,1,3,1,3,3,1,2,3,1,1,1,1,2,1,3,4,1,0,1,1,1,0,0,1,2,0,2,3,3,4,0,0,1,0,0,0,0,0,0,0,0,0,0,0,0,0,0,0,0,0,0,0,0,0,0,0,0,0,0,0,0,0,0,0,0,0,0,0,0,0,0,0,0,0,0,0,0,0,0,0,0,0,0,0,0,0,0,0,0,0,0,0,0,0,0,0,0,0,0,0,0,0,0,0,0,0,0,0,0,0,0,0,0,3,0,1,2,2,2,1,0,2,0,0,3,1,4,0,6,0,2,2,1,1,2,0,3,0,1,1
FOODS_1_127_CA_1_evaluation,FOODS_1_127,FOODS_1,FOODS,CA_1,CA,2,1,1,1,0,2,1,2,2,4,2,2,3,5,0,2,3,0,0,0,0,0,1,1,1,1,1,2,2,1,2,0,0,0,0,0,0,0,2,2,2,0,1,1,1,1,3,0,0,0,3,4,3,1,1,1,0,0,2,2,2,1,0,6,3,5,2,0,0,0,0,2,3,2,2,1,3,1,1,1,2,2,1,1,2,0,2,2,2,0,0,0,0,1,2,1,1,1,2,1,1,2,1,0,3,3,2,2,0,2,0,3,1,4,0,1,1,1,1,1,0,3,1,0,3,0,1,2,1,1,2,4,1,1,3,1,0,2,2,2,1,3,5,0,1,0,2,3,0,2,0,1,4,6,1,3,3,0,2,1,2,6,3,2,2,0,0,2,2,4,0,5,0,2,1,5,2,1,1,2,1,5,3,5,2,1,1,0,0,2,2,0,1,1,5,1,1,2,1,0,1,4,1,7,3,2,1,0,1,1,2,9,2,5,1,0,1,0,0,1,0,3,4,4,1,2,0,2,0,3,1,2,0,0,0,3,2,0,1,4,0,1,0,1,0,0,0,2,0,1,1,1,2,1,1,1,1,3,4,0,2,1,0,3,2,1,1,0,2,0,0,1,8,2,1,1,0,1,1,0,2,5,0,0,0,0,1,0,2,0,2,0,1,2,0,4,0,1,6,2,0,1,1,0,1,0,0,2,2,3,0,2,0,3,2,3,1,0,2,0,0,1,1,1,0,2,2,0,4,2,3,1,0,1,1,1,1,0,0,1,0,0,2,3,1,3,2,2,1,2,0,0,1,1,1,2,4,1,3,1,1,2,3,2,2,2,2,1,1,1,4,2,0,1,5,1,3,4,1,0,0,0,0,0,2,5,0,2,0,2,8,3,2,1,2,1,0,0,0,1,4,2,0,0,5,0,0,1,0,4,0,5,1,5,3,1,2,0,2,4,5,4,0,1,4,0,0,3,1,2,2,3,2,9,1,3,1,1,1,0,5,3,2,1,5,1,2,1,1,1,1,1,0,2,0,2,0,1,1,1,1,1,0,0,0,0,0,0,0,1,1,0,0,3,2,0,0,1,1,1,0,0,0,1,1,3,1,1,3,2,1,2,1,0,1,0,1,0,2,1,3,1,0,0,1,2,2,2,1,6,1,1,0,0,0,1,0,0,2,2,1,2,0,2,2,0,0,0,0,0,1,0,2,2,2,0,5,0,0,0,0,0,2,1,3,2,2,3,2,1,3,1,1,2,1,0,2,1,2,1,0,3,1,0,1,0,6,6,0,8,0,4,0,2,2,1,3,1,3,4,0,0,3,2,2,1,0,2,0,2,1,0,0,4,1,2,2,1,2,0,0,1,2,2,0,1,1,0,3,4,2,1,0,4,4,1,2,3,0,0,0,0,0,0,0,0,0,0,4,1,1,1,1,2,2,0,4,1,2,2,0,3,0,0,1,11,0,0,0,0,0,0,0,0,0,0,0,0,0,0,0,0,0,0,0,2,1,0,0,1,0,1,1,4,1,2,2,1,0,1,2,1,1,1,0,1,1,1,1,0,0,0,2,0,1,0,2,0,0,0,1,1,0,0,1,1,1,2,2,1,0,2,0,0,2,1,1,0,0,0,3,0,0,0,1,2,1,2,4,2
FOODS_1_130_CA_1_evaluation,FOODS_1_130,FOODS_1,FOODS,CA_1,CA,2,2,1,0,1,6,0,3,3,3,1,2,3,1,4,5,3,0,0,0,0,1,4,1,0,1,1,2,3,3,3,4,0,0,3,7,2,0,3,4,4,0,1,0,0,0,0,1,1,3,2,2,2,0,1,2,7,2,6,1,0,1,4,4,1,1,1,1,4,5,2,1,3,3,4,2,5,3,6,0,3,5,1,4,3,9,0,3,3,5,1,4,2,1,4,4,3,2,4,5,3,0,1,5,1,8,5,0,1,2,1,4,5,2,3,5,5,6,2,3,3,4,2,3,1,2,4,4,2,1,2,3,5,2,2,3,5,2,0,2,3,5,5,3,3,3,1,2,1,1,1,2,2,0,0,6,2,1,2,6,3,3,6,2,1,0,1,3,3,3,3,0,1,2,4,1,3,4,0,1,0,4,5,4,1,4,2,1,4,8,0,2,7,0,1,3,2,3,1,2,3,4,2,3,3,1,2,0,5,2,4,2,5,6,0,0,0,0,0,0,0,3,2,4,7,2,5,1,1,1,4,3,2,1,2,4,5,4,1,1,5,0,1,2,3,5,4,1,1,1,2,6,2,2,1,2,2,1,6,0,5,7,8,6,4,2,2,2,3,2,1,1,3,2,4,1,1,4,2,2,3,8,3,0,0,0,0,7,8,3,3,2,0,0,0,0,0,6,3,2,1,4,5,3,5,3,4,1,6,3,4,4,1,4,4,5,3,5,1,5,5,5,1,3,1,1,3,1,1,1,3,0,4,3,3,2,5,2,1,5,4,3,4,9,5,6,1,0,5,3,5,3,2,3,2,2,0,3,2,5,1,1,1,2,1,4,1,3,3,2,3,7,2,5,3,5,5,4,8,5,1,2,2,0,3,6,2,5,5,5,8,7,3,6,3,3,6,4,2,2,2,3,2,4,2,8,0,5,2,3,2,1,6,3,3,2,0,2,5,3,3,4,8,3,4,3,1,4,1,2,3,5,3,6,8,2,5,1,5,1,1,2,3,5,5,2,6,5,1,4,2,2,6,9,11,1,6,1,5,2,4,0,3,4,5,2,9,1,1,1,4,5,3,0,0,4,2,2,1,5,0,1,2,1,4,1,2,2,5,0,0,0,0,0,1,1,1,0,0,2,0,0,0,0,0,0,3,3,0,0,0,0,2,0,0,1,1,3,3,5,4,1,1,1,2,3,4,1,3,4,3,0,4,0,0,0,0,1,2,3,5,2,0,0,0,1,4,5,5,2,1,2,0,0,2,0,1,5,2,4,4,4,0,0,0,1,0,9,4,0,0,1,0,0,5,3,3,3,2,5,0,0,0,0,0,0,0,0,0,0,0,0,0,0,5,2,1,1,0,0,3,3,0,7,1,0,0,0,0,0,1,2,1,0,4,4,7,2,0,4,4,4,2,10,5,2,0,0,0,3,5,3,0,0,1,0,2,1,7,0,1,0,2,0,2,2,1,1,3,3,2,1,3,1,5,0,3,2,4,2,1,2,4,1,7,5,5,4,2,3,6,9,5,2,2,0,1,0,0,5,0,3,2,1,2,1,3,6,2,2,2,4,0,2,0,6,1,3,2,0,1,5,2,2,2,3,1,5,3,5,2,2,6,3,6,1,2,0,0,0,2,5,1,2,1,3,2,2,2,5
FOODS_1_132_CA_1_evaluation,FOODS_1_132,FOODS_1,FOODS,CA_1,CA,3,3,2,1,0,0,2,4,3,2,2,2,3,3,5,4,3,2,1,2,0,4,2,3,0,6,2,1,2,0,1,3,4,1,1,1,3,3,4,0,1,2,2,1,0,1,0,0,1,0,4,0,1,0,2,0,3,0,0,0,0,0,0,0,3,0,0,1,0,1,4,1,0,0,1,3,1,0,3,0,0,0,1,0,2,0,0,1,0,1,0,0,2,3,0,0,0,0,0,0,0,0,1,0,0,0,1,1,3,3,2,1,1,3,2,2,1,0,0,0,0,0,0,2,1,0,1,0,1,2,0,1,10,0,1,0,0,1,0,0,1,0,0,1,0,0,1,1,0,0,0,0,1,0,0,1,1,11,0,1,0,0,0,0,0,0,0,0,1,1,0,1,0,0,1,1,1,0,0,1,0,1,0,0,0,1,0,0,1,0,1,11,0,1,0,3,1,1,3,1,1,0,0,0,1,3,0,0,1,2,1,2,1,7,4,0,0,0,1,1,2,0,0,0,0,1,1,1,2,0,3,0,0,1,0,1,0,0,0,0,2,1,0,1,2,4,0,1,1,1,0,0,5,0,2,0,3,0,0,0,1,1,0,2,1,5,0,0,0,0,0,0,0,2,1,10,0,0,0,0,1,0,0,1,0,0,0,2,2,0,0,0,0,0,0,2,1,0,3,0,0,1,0,2,1,3,0,1,0,0,0,0,2,0,0,0,1,2,0,1,0,0,1,0,1,3,1,0,0,2,3,0,0,2,0,2,0,0,0,0,0,1,0,0,1,1,3,0,5,0,2,0,0,0,0,1,0,0,2,0,0,1,1,1,0,0,1,1,1,0,1,0,0,2,0,0,1,2,1,1,0,1,1,1,1,1,1,3,1,1,0,0,3,0,0,0,1,0,1,0,0,0,1,0,2,7,0,1,1,1,1,2,1,0,1,1,0,0,2,1,0,1,0,3,1,2,0,0,0,0,0,1,0,1,0,1,0,1,0,0,2,0,0,1,0,0,1,0,1,0,1,0,1,1,0,0,10,1,2,1,0,0,2,0,0,1,0,0,2,2,0,0,0,0,0,0,0,0,0,1,0,1,1,1,0,0,1,0,0,0,0,2,0,0,0,2,0,0,3,0,0,0,0,0,0,0,0,1,1,0,1,0,1,0,4,0,1,0,0,0,0,0,0,1,1,1,0,0,0,0,1,0,1,0,0,0,0,0,2,0,0,0,0,1,1,0,0,0,0,1,1,0,2,1,0,0,0,0,1,1,1,0,2,2,0,0,0,2,0,0,0,1,1,1,0,1,0,0,1,4,0,2,0,0,1,0,0,0,2,0,0,1,0,0,0,2,0,1,1,1,0,0,0,0,0,0,1,0,0,0,1,1,0,0,1,1,1,0,0,2,0,2,1,0,0,0,0,0,0,0,0,0,0,0,0,0,0,0,3,1,0,0,0,0,3,0,1,2,0,1,4,0,2,1,0,1,1,0,0,1,0,2,2,0,0,0,0,2,1,2,1,3,3,5,1,0,0,2,2,1,0,3,1,0,2,0,2,2,1,2,1,1,2,2,1,0,1,1,1,3,1,0,2,0,0,0,0,0,1,1,0,0,0,0,2,0,0,1,2,0,1,0,1,0,0,0,2,1,0,2
FOODS_1_134_CA_1_evaluation,FOODS_1_134,FOODS_1,FOODS,CA_1,CA,2,1,0,0,1,7,2,1,3,0,0,0,0,2,3,3,2,3,0,1,1,1,1,3,2,0,5,4,2,1,1,2,6,0,0,2,1,0,0,0,1,3,0,5,2,3,1,3,1,2,2,1,0,2,0,1,2,3,2,2,2,0,1,2,2,3,2,1,1,2,3,0,2,0,1,0,1,1,2,0,0,0,0,2,2,3,1,2,1,1,3,0,3,1,1,0,0,2,0,0,0,0,1,1,0,0,5,0,3,4,4,1,0,0,0,0,0,0,0,0,2,2,1,1,0,4,0,0,1,0,2,3,0,1,1,0,1,0,1,0,2,1,2,0,0,0,1,0,0,0,0,0,1,6,1,0,0,0,0,0,0,0,0,0,0,0,1,4,1,0,0,0,0,0,0,0,0,0,0,0,0,0,0,0,0,0,0,0,0,0,0,0,0,0,0,0,0,0,0,0,0,0,0,0,0,0,0,0,0,0,5,2,1,0,0,0,0,1,4,1,1,0,0,0,1,1,1,3,0,2,0,0,2,2,2,2,0,0,0,0,0,0,1,0,0,0,0,0,0,0,0,0,0,0,0,0,3,3,1,0,0,1,0,0,3,1,2,0,0,0,0,0,3,1,3,0,0,2,0,0,0,0,0,0,0,3,0,2,4,1,2,1,5,1,0,3,2,0,0,1,0,1,1,1,2,0,1,1,2,0,0,2,1,0,3,3,3,0,0,0,2,2,2,1,3,0,1,0,0,2,2,0,0,1,2,3,3,4,1,0,1,1,1,1,1,2,0,0,4,8,2,2,5,1,3,2,3,0,2,1,0,2,3,1,7,0,1,1,2,2,2,1,5,0,4,10,9,7,5,6,0,4,1,4,3,0,0,2,0,2,5,8,6,2,5,7,0,5,0,2,3,1,4,3,1,2,3,0,1,4,4,3,3,0,2,2,1,0,1,2,3,0,2,1,0,2,3,1,1,2,1,2,1,4,2,0,0,3,2,1,2,1,4,1,0,1,0,4,4,3,1,0,0,0,2,1,1,2,1,1,2,3,0,2,0,0,1,0,0,0,3,2,1,2,2,0,2,2,1,0,0,0,2,0,2,1,1,0,0,0,1,2,0,1,0,0,0,1,2,2,2,1,0,1,1,3,1,0,1,1,2,0,1,2,0,2,3,0,0,0,0,0,0,4,2,1,2,1,0,0,1,2,2,0,1,2,1,0,1,2,1,0,1,1,1,1,2,1,2,1,1,0,2,0,1,1,0,1,5,3,0,2,3,0,3,0,2,1,2,1,5,1,2,3,1,3,3,4,3,7,0,1,0,0,2,2,0,0,2,0,0,1,1,0,2,4,2,1,1,1,1,0,4,3,0,0,2,0,2,4,1,2,2,4,0,1,4,1,2,0,0,2,0,6,4,3,1,4,4,3,4,4,0,1,0,1,3,0,0,0,1,0,0,1,0,2,2,1,0,0,2,0,3,1,2,3,2,1,1,0,0,0,0,1,1,0,0,0,0,0,0,5,0,0,2,0,2,0,0,0,0,0,0,0,0,0,2,0,0,1,1,0,0,0,0,1,0,1,0,0,0,0,0,0,0,0,0,0,3,0,1,0,1,1,0,4,0,1,0,1,0,4,1,0,0,0,2,3,2,6
FOODS_1_137_CA_1_evaluation,FOODS_1_137,FOODS_1,FOODS,CA_1,CA,0,0,1,0,0,2,1,6,9,1,3,1,6,3,3,3,1,3,1,1,5,7,4,4,1,2,4,6,0,4,2,1,3,3,3,4,1,0,5,3,6,3,8,4,1,1,5,3,1,5,0,5,2,1,4,1,9,1,0,8,3,5,0,6,5,2,2,1,7,4,0,3,3,4,1,6,1,2,3,3,3,3,5,1,3,6,0,0,0,0,0,5,3,11,2,3,0,2,3,0,0,1,5,1,1,9,6,11,1,0,0,1,4,2,1,3,0,1,14,2,7,6,5,5,2,3,0,5,2,6,5,4,1,7,1,4,4,1,5,0,0,2,0,1,2,2,14,1,1,3,5,1,9,6,5,2,14,14,7,16,6,4,0,0,0,0,0,0,0,3,7,2,0,8,1,1,0,0,1,0,6,1,6,3,9,6,2,4,5,8,8,8,7,5,12,2,9,4,7,41,2,2,4,3,13,3,5,10,9,7,4,0,0,1,0,0,0,11,9,21,9,15,6,11,17,10,10,6,1,0,2,0,5,2,3,3,6,5,5,0,1,0,2,4,4,5,1,1,2,3,2,0,7,9,8,2,3,0,11,1,8,5,9,1,7,8,0,0,9,2,0,0,1,4,1,5,5,2,1,10,2,2,2,0,0,0,0,0,4,2,2,0,0,0,1,0,0,0,0,1,1,1,0,0,0,3,8,2,0,0,0,0,0,6,7,5,5,0,0,0,2,7,1,8,2,1,0,2,0,1,1,0,1,0,0,2,8,0,0,1,0,0,4,4,3,5,7,1,0,0,6,3,2,0,4,8,4,3,4,7,4,1,0,4,4,7,3,4,0,5,1,3,2,0,0,0,4,7,8,4,0,0,0,0,4,8,0,0,3,6,1,4,9,1,4,2,1,0,4,5,3,1,5,1,1,7,3,5,2,1,4,4,4,4,5,0,0,0,1,7,6,1,0,2,3,0,4,4,5,1,0,0,0,4,4,2,4,2,0,2,4,0,0,1,1,9,2,0,0,0,0,8,3,1,0,0,0,0,1,1,1,0,4,1,1,6,2,3,0,0,0,0,0,0,0,0,0,0,3,9,0,0,0,0,0,0,2,2,1,1,6,2,3,0,0,0,0,0,0,1,0,0,0,0,0,0,0,0,0,0,0,0,0,0,0,0,0,0,0,0,0,0,0,0,0,0,0,0,0,0,0,0,0,0,1,4,4,3,2,8,11,4,0,5,0,3,2,0,6,4,2,2,0,0,1,1,7,8,21,2,7,2,1,5,4,3,10,0,1,13,4,9,2,6,9,7,4,5,0,1,0,1,1,0,0,0,0,0,0,0,0,0,0,0,0,0,0,0,0,0,0,0,0,0,0,0,0,0,0,0,0,0,0,0,0,0,0,0,0,0,0,0,0,0,0,0,0,0,0,0,0,0,0,0,0,0,0,0,0,0,0,0,0,1,9,3,0,6,5,2,4,2,2,2,0,0,0,0,0,0,0,0,0,0,0,0,0,0,0,0,0,0,0,0,0,0,0,0,0,0,0,0,0,0,0,0,0,0,0,0,0,0,0,0,0,0,0,0,0,5,9,3,4,0,0,0,7,6,4,1,2,4,0,0,0,0,0,0,0,0,12,3,9,0,1,0,0,0,0,0
FOODS_1_138_CA_1_evaluation,FOODS_1_138,FOODS_1,FOODS,CA_1,CA,0,0,0,0,0,0,0,0,0,0,0,0,0,0,0,0,0,0,0,0,0,0,0,0,0,0,0,0,0,0,0,0,0,0,0,0,0,0,0,0,0,0,0,0,0,0,4,0,2,1,0,3,0,0,2,1,1,1,4,0,0,3,0,0,1,6,1,2,0,1,4,0,2,0,1,0,1,0,0,5,2,0,0,0,4,2,0,4,0,2,4,0,0,0,2,0,2,0,2,1,4,0,0,0,5,2,2,0,0,0,1,0,1,0,2,0,0,1,0,0,0,0,0,0,0,0,0,1,0,0,2,0,2,2,2,0,0,0,0,0,0,0,0,0,0,0,0,0,0,0,0,0,0,0,0,0,0,0,0,0,0,0,0,0,0,0,0,0,0,0,0,0,0,0,0,0,0,0,0,0,0,0,0,0,0,0,0,0,0,0,0,0,0,0,0,0,0,0,0,0,0,0,0,0,0,0,0,0,0,0,0,0,0,0,0,0,0,0,0,0,0,0,0,0,0,0,0,0,0,0,3,1,2,0,0,0,0,0,0,0,1,0,8,0,1,0,0,2,0,0,4,0,0,0,2,0,5,0,0,0,0,0,0,0,0,0,0,0,0,0,0,0,0,0,1,1,0,0,0,2,0,1,0,0,2,0,3,0,0,1,0,0,0,4,2,0,1,1,2,0,2,2,0,1,0,0,0,1,0,0,0,3,1,0,0,3,1,0,0,0,0,0,0,0,0,0,0,0,0,0,0,0,0,0,0,0,0,0,0,0,0,0,0,0,0,0,0,0,0,0,0,0,0,0,0,0,0,0,0,0,0,0,0,0,0,0,0,0,0,0,0,0,0,0,0,0,0,0,0,0,0,0,0,0,0,0,0,0,0,0,0,0,0,0,0,0,0,0,0,0,0,0,0,0,0,0,0,0,0,0,0,0,0,3,0,0,3,0,0,0,0,0,0,0,0,0,1,3,0,2,0,0,0,3,2,2,0,0,0,2,2,1,0,0,0,3,0,4,1,1,0,0,0,0,0,3,1,0,0,0,0,0,1,0,3,2,1,8,2,1,1,0,4,0,0,0,1,0,2,0,0,0,1,1,0,0,0,4,2,0,4,0,4,0,0,0,3,0,1,0,3,0,1,4,0,0,0,0,0,0,0,0,0,0,0,0,0,0,0,0,0,0,0,0,0,0,0,0,0,0,0,0,0,0,0,0,0,0,0,0,0,0,0,0,0,0,0,0,0,0,0,0,0,0,0,0,0,0,0,0,0,0,0,0,0,0,0,0,0,0,0,0,0,0,0,0,0,0,0,0,0,0,0,0,0,0,0,0,0,0,0,0,0,0,3,0,2,1,0,0,1,0,0,1,6,0,0,0,0,0,1,0,0,2,0,0,3,0,0,0,4,0,1,1,1,2,1,2,2,0,1,0,0,3,0,2,0,2,3,0,0,0,0,1,0,1,0,0,0,1,0,0,0,0,0,0,0,1,2,0,1,0,0,1,1,0,0,0,0,1,3,0,1,2,1,0,1,0,3,0,0,1,0,0,0,0,0,0,1,0,1,2,0,3,4,1,0,0,0,1,0,0,3,0,0,0,1,4,1,1,0,1,0,0,3,0,0,0,2,0,5,3,4,0,2,0,9,0,0,4
FOODS_1_139_CA_1_evaluation,FOODS_1_139,FOODS_1,FOODS,CA_1,CA,4,6,2,0,3,5,0,0,4,3,3,3,1,3,6,0,4,3,0,0,9,0,1,2,0,2,3,0,6,7,1,3,6,0,5,5,2,2,3,2,5,8,4,0,0,1,2,1,5,2,3,1,3,1,2,4,1,0,0,1,1,1,1,0,3,0,4,3,1,1,3,1,4,1,2,3,3,0,0,0,3,1,3,2,1,2,0,0,2,7,4,4,2,0,4,0,4,1,2,4,1,4,1,1,1,2,4,4,2,2,0,1,5,3,2,1,0,1,5,3,5,2,2,3,4,4,0,2,1,0,3,3,1,4,1,6,1,3,4,1,4,3,4,3,2,0,2,11,1,0,0,0,0,2,4,2,6,2,0,0,0,0,4,4,0,2,5,2,4,0,4,3,2,2,4,0,1,2,3,7,4,4,0,2,3,1,4,3,2,2,4,0,0,3,7,3,13,5,6,3,3,4,0,3,2,2,4,0,0,5,3,5,2,7,1,0,4,4,2,2,1,0,7,3,5,0,3,5,1,1,3,6,1,1,2,2,2,2,6,2,3,3,4,2,1,2,1,5,2,4,1,4,3,2,3,6,1,1,3,12,4,0,5,0,4,2,3,3,7,6,2,1,2,2,2,1,1,2,2,4,4,5,1,5,3,3,0,1,3,5,3,2,5,6,4,5,0,2,1,1,2,4,18,1,1,0,0,0,0,5,7,8,8,4,6,0,0,5,2,4,1,2,6,1,3,2,2,4,8,3,5,5,3,1,7,5,4,2,5,2,2,0,7,3,7,1,5,0,4,1,6,3,3,3,9,3,4,9,0,0,4,4,1,2,4,4,4,6,5,6,10,0,3,0,2,1,3,5,11,3,7,1,8,4,8,8,5,2,5,1,2,5,2,4,3,4,4,8,6,8,10,2,3,3,2,3,2,8,1,7,3,5,5,4,4,7,1,2,2,7,5,3,1,0,2,0,3,1,6,4,3,2,17,5,5,8,0,1,1,2,6,8,9,6,3,3,2,3,2,1,8,3,4,4,1,7,8,7,2,4,4,3,5,2,1,7,9,4,5,4,0,5,5,4,5,4,5,2,3,0,0,0,0,1,0,0,2,1,8,11,0,3,4,7,6,4,11,5,1,0,0,0,1,2,0,1,2,1,3,3,4,4,2,4,5,2,2,2,1,6,2,0,0,1,0,2,4,3,0,10,2,0,1,6,3,0,0,0,3,2,5,1,9,0,1,2,0,5,2,1,5,1,1,0,0,5,4,2,3,2,2,3,5,4,4,6,4,5,6,4,8,4,0,4,2,7,10,1,0,7,0,2,2,2,2,5,5,4,1,4,2,1,0,1,8,6,4,5,1,0,2,10,5,2,4,0,0,3,5,4,3,1,1,5,0,3,0,0,0,0,0,0,0,0,0,4,6,1,4,5,6,4,0,1,1,6,5,4,7,1,1,0,0,10,10,4,2,3,3,2,2,7,7,10,6,0,0,5,14,3,0,0,0,0,6,1,5,1,2,2,9,4,8,9,1,1,0,0,0,0,6,8,2,8,7,3,7,3,1,4,2,4,2,2,0,3,7,3,7,10,8,6,1,3,2,8,5,5,10,4,7,0,8,5,1,0,0,0,0,0,3,4,6,1,3,0,5,6,4,10
FOODS_1_146_CA_1_evaluation,FOODS_1_146,FOODS_1,FOODS,CA_1,CA,0,1,2,0,0,2,3,0,0,2,2,1,2,0,0,2,1,0,0,1,2,1,1,0,0,0,0,0,0,0,0,0,0,0,0,0,0,0,0,0,0,0,0,0,0,0,0,0,0,0,0,0,0,0,0,0,0,0,0,0,0,0,0,0,0,0,0,0,0,0,0,0,0,0,0,0,0,0,0,0,0,0,0,0,0,0,0,0,0,0,0,0,0,0,0,0,0,0,0,0,0,0,0,0,0,0,0,0,0,0,0,0,0,0,0,0,0,0,0,0,1,1,2,0,4,2,2,1,1,1,1,0,0,5,0,0,3,0,0,1,0,0,1,1,0,1,4,3,2,0,0,2,1,2,1,1,2,2,3,2,3,0,1,3,1,0,1,1,1,0,1,1,6,1,1,0,2,1,1,5,0,2,5,2,1,0,1,1,2,0,1,2,2,2,1,1,0,0,0,0,2,0,1,4,2,1,2,4,0,0,3,3,1,2,1,0,1,1,4,0,0,0,2,0,0,1,1,0,0,2,0,0,0,1,4,0,2,2,4,2,1,1,0,1,0,2,1,0,2,2,1,0,3,0,2,1,3,1,1,1,0,1,1,2,0,1,1,3,1,1,0,0,0,2,1,1,0,2,1,1,3,1,2,0,0,1,3,0,2,0,1,1,2,4,0,0,3,1,2,3,4,1,2,1,0,1,0,0,3,1,1,2,1,2,0,3,1,0,1,1,1,1,3,3,2,1,0,2,1,0,1,0,1,1,3,1,1,1,2,0,1,2,1,1,0,1,2,1,1,1,3,0,0,3,2,1,2,2,3,1,2,1,2,2,4,3,1,1,2,2,0,3,1,1,0,4,1,2,4,2,0,3,1,4,3,0,0,0,0,0,0,1,1,1,1,2,0,0,2,2,3,1,0,2,2,0,1,2,1,5,0,0,0,5,1,2,3,0,0,0,0,0,0,0,0,0,0,0,0,0,0,0,0,0,0,0,0,0,0,0,0,0,0,0,0,0,0,0,0,0,0,0,0,0,0,0,0,0,0,0,0,1,1,1,1,0,1,0,0,1,1,2,3,0,0,1,4,2,1,3,1,0,2,0,3,3,3,1,0,1,1,0,1,1,1,0,0,0,0,0,0,0,2,4,3,3,3,1,1,1,2,0,2,3,2,0,2,5,1,1,0,2,1,0,1,3,2,1,2,1,0,2,0,1,0,1,2,1,2,0,1,0,0,1,0,1,1,2,3,1,1,3,1,1,1,0,2,1,1,0,4,4,1,3,1,1,2,1,2,1,0,5,1,1,1,4,0,3,5,0,0,3,0,0,0,0,1,2,0,0,1,0,1,1,0,7,1,0,2,0,1,1,1,1,2,0,1,2,3,1,1,0,1,2,1,1,2,2,0,2,0,2,0,2,0,0,4,0,1,0,2,3,0,1,1,0,0,3,4,1,0,1,1,0,1,1,3,0,0,3,0,0,2,2,6,1,2,0,1,1,2,1,5,0,1,1,3,1,0,0,1,1,2,2,2,1,2,2,1,1,0,1,0,0,0,1,4,0,0,0,2,1,1,1,1,0,0,0,0,6,0,1,0,1,0,1,2,3,3,1,0,0,1,2,1,2,0,1,2,2,1,1,3,2,1,0,0,2,1,3
FOODS_1_152_CA_1_evaluation,FOODS_1_152,FOODS_1,FOODS,CA_1,CA,1,0,3,0,3,3,2,0,4,0,1,2,0,3,1,1,0,1,2,2,6,1,2,1,0,0,1,3,0,0,2,0,1,2,2,1,1,0,0,0,0,0,0,1,1,2,0,0,1,1,0,2,1,2,0,0,0,0,0,0,0,1,1,1,2,0,1,0,0,0,0,2,1,2,0,2,2,0,1,2,2,1,2,2,1,3,0,2,0,0,1,5,0,3,1,3,1,0,2,2,0,0,1,2,1,6,2,0,0,0,0,3,0,1,0,0,0,1,1,1,0,0,0,0,0,0,0,1,0,0,0,0,2,0,2,0,2,0,0,1,0,2,0,2,1,2,0,1,0,1,0,3,1,4,5,2,0,2,1,4,7,1,1,0,0,0,0,0,1,2,1,1,1,0,0,1,0,0,2,2,1,0,0,0,0,0,0,0,0,0,0,1,0,0,2,1,3,1,0,0,1,2,0,0,1,1,0,0,1,1,1,2,0,0,0,0,1,0,0,0,2,2,0,1,2,0,1,0,0,0,0,3,0,0,0,1,0,2,1,1,1,0,1,0,0,0,0,0,0,0,2,1,0,1,2,0,0,2,2,1,1,1,1,1,0,2,4,0,0,1,2,0,1,0,0,1,0,1,2,2,1,0,1,0,1,0,0,1,2,0,1,1,0,2,1,1,0,0,1,0,1,2,1,0,0,0,0,0,1,0,0,0,1,0,0,3,3,1,0,0,2,3,1,2,0,0,0,1,3,1,1,2,0,2,0,3,4,1,0,3,0,0,5,5,1,0,0,1,0,3,4,3,0,2,2,1,1,4,0,0,0,0,1,0,1,2,1,2,1,0,3,2,3,2,0,2,2,2,4,2,0,0,6,0,1,1,1,2,1,3,0,2,1,0,2,0,1,3,4,2,1,2,0,0,0,2,1,1,1,3,5,3,1,4,1,1,1,0,1,6,1,4,2,1,0,1,1,1,1,1,1,1,3,0,3,0,2,0,0,5,1,1,2,0,2,1,0,3,4,2,0,0,0,4,5,3,1,0,3,1,1,0,6,0,0,0,0,0,0,2,1,0,1,0,2,1,1,1,0,0,0,0,0,1,0,0,1,0,0,0,0,0,0,0,0,0,0,0,1,2,3,0,0,1,0,0,1,0,0,0,1,0,2,1,2,0,0,0,0,2,1,2,1,2,3,4,0,0,0,1,0,2,2,1,0,0,0,2,0,1,0,0,0,0,0,1,2,1,0,0,0,0,0,1,0,0,0,0,0,0,1,0,0,0,1,1,1,0,4,1,0,4,0,2,0,0,1,1,1,1,0,0,0,0,0,0,1,0,0,0,1,2,1,0,0,1,2,0,0,1,0,0,0,0,1,0,1,0,0,1,0,1,0,0,0,0,0,1,1,1,0,0,1,0,2,1,0,0,1,0,1,2,0,1,0,0,0,1,0,1,0,0,0,0,1,0,0,0,0,0,1,2,0,0,0,0,0,0,0,1,0,0,0,1,0,0,0,1,1,0,2,1,0,0,0,0,0,0,0,2,1,0,0,0,0,0,0,1,1,0,2,2,0,2,1,0,0,0,0,2,3,2,0,0,1,2,4,0,1,0,0,1,1,2,2,0,1,2,2,1,3,3,0,0,1,0,1,0,2,0
FOODS_1_153_CA_1_evaluation,FOODS_1_153,FOODS_1,FOODS,CA_1,CA,0,6,2,3,1,1,5,2,8,2,4,4,0,0,0,1,2,4,2,4,10,6,2,0,2,3,4,3,1,7,5,2,1,2,0,2,1,0,6,3,2,2,3,2,0,3,1,2,2,6,4,0,6,1,4,0,5,1,0,1,7,2,1,0,6,2,7,1,4,7,0,7,4,1,1,2,6,2,1,0,1,0,4,1,10,5,7,1,3,1,1,7,3,3,1,3,0,0,3,3,1,4,4,3,6,6,2,1,2,1,1,1,5,2,3,2,2,4,2,4,0,0,1,0,1,3,1,4,2,3,2,0,0,2,5,1,6,2,2,4,6,4,2,3,3,5,2,6,7,2,4,1,0,0,5,3,1,0,0,0,0,0,1,4,1,2,4,2,2,7,0,0,0,1,0,3,5,2,2,8,0,1,5,4,1,0,0,0,1,0,2,2,4,0,2,2,2,0,8,2,0,0,0,2,3,1,4,0,2,3,2,1,4,1,4,0,4,2,1,1,3,2,1,3,4,1,0,1,0,2,2,1,4,2,5,3,1,1,2,1,3,6,0,2,4,3,4,3,0,0,2,4,5,1,0,0,2,5,0,5,5,2,3,3,2,1,2,5,1,0,0,0,7,0,4,0,1,2,0,4,8,6,0,2,1,0,0,8,4,0,0,2,0,0,6,4,0,2,3,1,2,4,4,1,1,1,2,1,4,3,1,3,6,0,1,4,1,1,1,5,0,0,2,2,4,4,1,4,1,8,3,6,4,3,1,0,2,1,3,2,0,2,6,3,5,5,4,1,1,0,0,0,0,4,2,3,3,4,2,2,2,0,3,1,1,1,3,5,1,0,3,3,5,2,1,3,4,2,5,0,0,3,5,4,3,1,0,2,0,0,3,2,2,3,0,1,4,6,0,6,4,2,3,0,0,0,0,0,0,0,0,0,0,0,0,0,0,4,4,7,3,2,4,0,0,0,3,0,4,3,6,1,1,1,3,3,3,4,3,1,2,3,3,1,1,2,0,1,1,4,2,2,1,0,0,2,3,0,6,0,0,1,3,4,3,0,1,1,5,4,5,4,1,3,0,1,3,5,2,3,1,4,6,3,2,3,3,0,0,0,0,0,5,3,5,0,2,5,1,0,1,3,3,3,4,6,4,2,3,1,7,0,0,0,1,5,2,0,0,6,2,1,3,3,2,3,1,1,2,3,2,1,3,0,3,4,2,1,0,0,4,2,3,2,1,0,4,0,0,1,1,3,3,1,2,1,6,3,1,2,3,3,3,0,0,0,0,4,3,4,0,1,2,2,6,3,2,5,0,0,0,5,2,0,1,7,0,0,0,0,0,0,0,1,3,2,3,3,0,0,0,0,2,3,1,3,2,2,2,1,3,3,1,0,4,5,0,0,1,2,0,1,6,5,2,1,1,1,1,0,6,5,3,2,0,1,2,2,3,3,3,0,2,4,5,3,1,4,3,1,0,3,5,3,4,3,1,3,5,5,2,0,1,0,3,5,8,3,9,2,2,2,13,1,0,0,0,1,2,3,5,4,4,3,9,10,4,5,0,0,1,0,0,0,0,9,4,5,3,4,3,5,0,2,0,0,0,1,3,4,7,2,8,0,0,0,0,5,4,3,1,4,2,6,3,3,6,3,0,0
FOODS_1_154_CA_1_evaluation,FOODS_1_154,FOODS_1,FOODS,CA_1,CA,0,0,0,0,0,3,2,3,5,4,2,27,0,4,5,3,0,2,1,5,6,16,1,3,0,7,0,0,1,1,1,0,11,0,15,0,4,1,2,1,5,3,1,0,5,5,1,3,3,6,5,5,3,2,5,3,8,1,1,5,2,0,0,1,4,3,2,0,8,2,1,1,4,2,0,2,5,4,2,0,5,0,0,0,0,0,0,2,2,1,3,3,3,3,0,3,0,4,1,12,11,6,0,1,3,8,4,0,1,0,8,3,5,3,0,4,2,0,7,4,1,5,1,1,0,0,7,4,4,2,0,1,5,3,0,2,1,3,0,2,3,0,2,4,1,1,1,0,8,3,4,9,0,0,0,0,5,0,0,0,2,2,0,3,0,0,1,6,1,5,1,3,2,5,1,1,0,0,0,5,0,3,0,1,0,6,2,0,2,2,5,0,6,3,0,5,2,2,2,2,5,1,12,10,6,2,9,1,0,1,0,13,15,21,0,0,0,0,6,0,4,0,3,1,1,0,1,1,2,1,2,17,2,8,1,1,1,0,0,1,0,0,4,1,1,0,2,0,1,2,1,3,2,0,1,6,0,1,0,2,0,1,4,1,9,5,3,0,0,0,0,0,0,0,6,1,2,1,2,2,9,4,9,3,3,1,13,6,0,8,3,9,7,4,9,4,2,7,7,7,5,4,10,5,4,7,6,11,3,1,1,0,0,2,6,8,0,2,2,1,2,2,0,1,5,2,1,5,6,2,4,3,4,1,0,2,3,2,0,3,0,0,7,1,0,1,3,5,5,4,6,3,2,0,4,4,2,7,4,1,4,1,4,6,1,4,4,2,2,4,0,14,0,1,3,3,0,0,7,2,3,11,0,2,3,0,5,1,1,1,8,12,1,4,2,7,1,0,3,7,6,2,3,1,5,3,10,6,1,5,5,3,12,8,3,7,4,7,2,5,6,0,4,2,9,12,6,7,2,4,0,0,2,2,6,10,6,3,7,15,8,5,0,6,8,5,10,6,0,0,0,0,0,0,1,8,13,7,4,9,4,7,5,4,0,2,8,11,12,4,3,0,3,0,2,1,6,7,0,0,3,5,12,7,2,6,2,3,3,0,4,5,2,0,2,3,2,12,3,2,2,0,6,13,2,0,0,3,0,1,5,6,2,0,2,5,3,6,11,8,0,0,0,0,2,10,4,1,0,1,5,3,14,15,3,3,0,4,1,0,12,0,1,4,16,5,5,14,6,3,8,1,5,1,1,0,2,9,2,6,1,18,7,3,0,5,2,7,14,5,1,2,31,3,9,2,11,10,12,3,0,1,2,6,26,2,9,2,1,0,5,0,0,0,0,3,1,7,1,2,3,1,3,4,1,1,5,0,0,2,2,2,6,5,6,5,6,2,7,4,0,2,11,0,0,0,0,0,0,0,0,12,1,4,3,1,8,14,9,2,0,4,3,2,9,1,3,3,8,0,1,5,4,8,1,6,6,2,6,6,7,6,0,3,2,9,3,8,0,5,8,0,4,5,0,1,3,7,0,0,2,4,3,8,8,7,2,0,0,0,1,3,2,12,2,4,7,0,2,2,3,0,3,1,9,2,0,0,0,2,2,3,2,0,3,6,6,6,4,1,2,6,0,5,2,0,0,1,0,0
FOODS_1_158_CA_1_evaluation,FOODS_1_158,FOODS_1,FOODS,CA_1,CA,0,0,0,0,0,0,0,2,2,1,2,0,1,1,1,0,0,0,0,0,0,2,0,1,0,0,0,0,0,1,0,1,0,0,0,1,0,0,0,0,1,1,1,0,0,1,0,0,0,0,0,0,1,1,0,0,0,1,0,0,0,1,1,0,0,0,0,0,0,0,0,0,0,0,0,0,1,3,0,1,0,0,1,0,0,1,1,1,0,2,0,0,0,1,0,0,0,0,0,0,0,0,0,0,0,0,1,0,0,0,1,1,1,0,0,1,1,1,0,1,1,0,1,1,0,0,1,2,0,2,1,0,0,1,0,0,0,0,0,0,0,1,1,0,0,1,1,0,0,0,0,0,0,0,0,1,0,0,0,0,0,0,0,0,0,0,0,1,0,0,0,0,0,0,0,0,0,0,0,0,0,0,0,0,0,0,0,0,0,0,0,0,0,0,3,0,0,0,0,1,0,0,0,3,4,2,0,2,0,0,3,0,2,2,2,0,0,2,1,0,1,1,1,0,0,0,2,2,0,0,0,0,2,0,0,0,1,1,3,1,0,1,0,0,0,1,0,0,0,0,0,1,0,4,1,0,0,1,0,1,0,0,1,2,0,2,2,0,0,0,0,0,0,1,0,0,0,1,1,0,1,2,2,0,1,0,0,0,2,0,0,2,1,1,0,0,0,0,0,1,0,0,4,0,1,0,0,0,0,0,0,0,1,1,2,2,0,0,0,0,0,0,0,0,0,0,0,0,0,0,0,0,0,0,0,0,0,0,0,0,0,0,1,0,1,1,0,0,0,0,4,0,0,0,0,1,0,2,0,0,1,0,2,0,1,2,0,0,0,0,0,2,2,0,1,1,0,0,0,0,0,1,0,0,0,0,0,0,1,0,0,0,2,1,1,0,0,0,0,1,1,0,0,0,1,1,0,0,1,2,1,0,0,0,2,0,0,0,1,0,0,0,1,1,3,0,0,0,0,2,0,0,1,0,1,0,0,2,0,0,0,0,1,0,0,0,0,1,1,1,1,0,0,0,1,3,2,0,0,0,0,1,0,0,0,2,3,0,0,0,2,0,0,0,0,1,0,0,0,2,0,0,1,0,1,0,0,2,0,0,1,0,0,0,0,0,0,1,2,1,0,2,0,0,0,0,0,0,0,0,0,1,1,0,0,1,0,0,0,1,0,2,1,0,1,0,1,1,0,0,1,0,1,3,0,0,1,0,1,1,1,2,0,3,0,0,1,0,2,1,0,0,0,0,0,0,0,0,1,0,1,0,2,0,0,0,2,1,2,2,2,1,0,1,0,2,2,1,1,1,0,0,3,0,0,0,0,0,1,0,0,0,1,0,1,3,1,2,1,0,0,1,0,1,1,0,0,0,1,1,1,0,1,0,0,0,1,2,0,1,1,1,1,2,1,1,0,0,1,0,0,1,0,0,0,0,0,1,0,0,0,0,0,3,4,2,0,0,2,0,0,0,1,2,0,0,0,0,1,0,0,1,0,1,0,2,0,0,2,0,0,2,1,0,0,0,1,0,1,1,4,0,0,1,1,1,3,2,0,0,0,0,1,1,0,0,0,0,0,0,0,0,0,0,1,0,0,1,1,1,3,1,0,1,1,0,1,0,0,1,0,0,1,1,0,0,0,1,2,0
FOODS_1_161_CA_1_evaluation,FOODS_1_161,FOODS_1,FOODS,CA_1,CA,10,13,12,11,4,8,4,12,12,7,10,5,9,19,12,9,12,13,12,12,17,24,10,3,9,5,10,7,4,10,13,7,7,5,9,17,10,10,14,11,26,16,17,8,7,3,0,9,15,8,6,12,10,10,6,14,15,14,8,9,39,19,10,16,25,14,14,11,17,15,14,19,8,14,10,5,7,15,20,11,12,24,14,10,22,15,16,10,7,8,8,16,6,5,9,4,15,8,19,7,15,20,6,6,10,17,7,6,2,2,6,15,15,17,6,11,4,8,3,9,5,6,4,8,7,16,13,14,5,2,8,6,14,13,20,2,9,8,9,9,7,14,12,7,7,4,11,32,10,24,8,9,4,4,8,10,16,4,4,5,8,4,5,3,9,1,5,8,8,4,6,12,4,3,9,7,8,1,8,3,3,4,6,4,5,3,2,4,12,9,4,5,3,2,2,10,4,3,7,1,12,4,20,30,13,14,11,12,16,13,14,22,39,20,22,0,10,24,17,10,14,11,7,12,8,9,14,8,3,8,4,3,7,5,5,13,10,8,18,8,15,11,10,10,12,10,11,3,9,4,11,15,18,10,4,17,15,10,4,21,17,7,9,12,11,23,65,13,7,19,7,8,11,6,11,5,7,1,5,8,11,4,5,8,6,7,5,12,7,8,6,7,5,1,8,11,6,11,7,7,15,6,7,7,3,8,5,10,7,3,6,12,7,8,20,11,6,8,2,5,12,11,21,6,3,8,5,8,9,6,10,4,3,5,7,7,14,11,5,7,4,1,12,14,8,6,14,11,3,4,9,1,5,2,5,2,10,23,9,5,9,5,8,16,13,12,9,5,8,9,17,24,16,10,16,13,1,11,13,9,4,16,9,3,5,5,4,6,13,4,3,4,11,4,5,15,2,5,7,4,8,2,1,12,26,21,10,21,10,15,15,23,19,27,21,21,29,16,11,20,11,7,10,19,15,10,8,5,6,12,12,9,6,9,10,8,10,9,7,7,20,26,7,10,10,10,7,13,16,16,15,12,15,12,6,8,4,7,6,9,10,8,9,9,8,8,11,10,17,10,11,7,1,10,5,11,7,6,20,8,3,6,10,7,5,6,20,6,5,8,13,6,12,7,4,4,7,6,8,7,11,8,7,11,10,13,4,9,10,3,5,5,13,6,5,5,6,10,13,8,3,12,3,9,14,7,3,6,3,2,2,7,5,5,3,3,3,0,2,4,4,2,4,8,1,4,7,2,9,2,10,2,4,5,1,9,5,10,5,1,7,8,2,7,5,6,7,5,18,8,2,7,17,7,19,12,11,22,40,16,0,4,8,4,5,4,4,6,4,3,10,3,5,4,5,6,8,3,14,3,6,8,13,10,9,10,8,3,5,18,9,6,8,6,8,9,17,8,3,6,5,14,16,14,10,14,14,16,11,14,16,8,15,7,7,3,13,18,5,14,8,5,4,7,15,22,13,4,9,12,7,9,9,5,11,5,14,15,22,8,14,14,13,7,8,37,33,24,25,27,8,18,27,13,16,7,5,26,6,5,10,5,8,3,0,1,5,1,6,3,2,4,0,6,2,1,1,2,0,0,2,2,3,1,0,1,1,1,1,0,0,2,0,3,5,4,1,1,0,5,1,1,8,3,1,4,1,2,0,3
FOODS_1_162_CA_1_evaluation,FOODS_1_162,FOODS_1,FOODS,CA_1,CA,11,20,11,7,12,5,10,17,10,11,13,14,7,5,8,0,0,0,0,0,0,0,0,11,13,14,7,11,4,7,7,5,0,0,0,0,0,0,0,9,15,10,8,8,8,4,7,6,11,9,5,14,6,6,11,8,17,0,0,0,0,0,0,0,11,9,13,5,11,9,13,17,7,7,6,7,10,10,11,7,6,4,11,7,6,8,6,8,4,4,3,3,7,7,3,0,0,0,0,0,0,0,3,11,1,6,15,9,8,6,6,3,8,10,7,2,1,5,4,0,0,2,3,5,7,3,0,11,8,1,5,10,5,5,3,5,8,3,25,5,4,3,3,5,2,4,3,3,3,6,3,4,2,3,1,3,5,6,2,11,11,6,1,6,2,2,2,3,1,8,8,3,5,7,1,6,14,14,9,6,5,1,8,9,4,3,8,2,16,14,6,3,4,3,3,5,13,4,5,4,6,4,5,12,7,4,11,6,9,4,9,29,14,15,21,0,3,10,6,3,5,6,2,7,4,6,9,8,3,8,6,2,9,9,3,12,6,4,13,3,8,7,5,1,7,6,13,4,7,5,2,3,7,11,3,7,10,7,8,6,2,6,3,4,8,3,3,6,6,3,1,1,1,2,5,7,3,8,1,8,2,6,3,13,5,9,4,7,8,7,2,8,3,6,9,7,3,1,3,4,3,10,6,7,4,7,4,2,0,4,5,4,9,3,8,26,14,3,5,6,7,2,4,5,0,3,2,3,4,9,2,6,1,0,2,3,4,5,4,2,8,3,8,10,3,3,6,6,6,1,5,2,2,2,1,3,7,3,3,3,3,1,1,2,4,5,7,4,1,5,2,4,4,0,13,2,3,4,8,6,6,5,6,6,5,2,9,5,7,2,5,5,6,4,3,4,4,2,2,4,4,3,0,5,5,1,2,4,1,2,2,6,16,14,3,8,2,4,3,9,3,2,5,1,6,3,6,2,2,2,2,3,4,8,6,2,1,2,7,4,8,5,12,1,3,2,7,5,3,11,4,1,6,4,6,0,13,1,6,3,4,6,10,9,3,1,2,3,1,4,5,3,4,2,1,4,2,3,1,0,5,7,3,4,4,6,2,2,3,1,1,5,4,3,1,3,2,6,4,3,2,5,0,2,2,4,1,0,4,2,0,0,4,0,0,4,1,3,6,2,3,5,2,1,2,13,2,0,0,0,1,0,3,2,2,1,7,3,2,0,3,1,1,0,1,0,3,8,4,3,4,1,5,4,0,6,1,3,1,1,4,5,5,2,7,2,8,4,9,4,5,3,6,8,8,6,4,12,3,0,0,2,2,1,2,2,1,2,6,1,0,3,1,2,5,4,2,3,2,3,5,4,2,3,3,0,4,2,3,3,4,3,2,3,4,7,4,5,4,4,0,4,2,2,3,7,3,2,0,4,9,12,1,1,2,4,4,1,2,0,3,1,0,1,4,9,2,2,4,2,4,3,8,7,4,7,4,3,6,7,4,2,3,0,7,6,5,2,2,1,3,13,5,5,0,0,2,1,0,4,2,3,1,2,2,4,2,0,7,3,3,1,5,8,6,3,2,2,2,10,0,4,1,5,3,1,2,6,2,0,2,5,4,7,5,2,1,3,2,6,2,3,3,2,1,4,2,3,4,1
FOODS_1_163_CA_1_evaluation,FOODS_1_163,FOODS_1,FOODS,CA_1,CA,0,3,0,1,1,0,1,1,3,0,1,3,4,1,3,11,9,3,11,10,8,13,7,1,4,2,1,8,1,5,13,8,2,5,4,12,5,7,6,7,4,8,14,4,7,9,3,21,16,22,6,6,11,8,6,6,4,8,9,22,3,11,5,10,16,2,7,7,10,8,15,17,5,10,10,8,9,12,23,10,5,8,6,10,14,8,4,8,11,6,5,17,16,6,10,3,3,5,6,7,9,7,8,8,10,17,10,8,4,3,2,2,13,7,9,7,9,3,3,9,7,2,6,5,9,2,8,10,7,3,3,3,14,4,18,4,0,4,16,10,11,10,7,5,5,6,5,7,6,5,8,3,14,12,12,10,8,9,5,7,12,6,10,7,3,4,5,5,8,3,2,9,0,5,5,5,11,0,6,4,4,9,8,8,6,4,6,4,8,9,2,5,8,6,8,6,7,11,8,7,10,9,10,18,10,15,13,13,18,15,23,37,21,61,49,0,20,19,8,7,10,8,11,10,13,6,10,9,4,11,9,13,15,4,8,7,10,10,11,17,7,4,4,3,12,17,16,4,4,1,7,4,15,7,6,9,3,5,6,14,12,6,6,15,14,22,18,7,7,8,4,5,13,12,12,3,9,5,9,6,12,12,8,9,10,11,11,13,14,7,4,10,10,5,16,9,6,8,4,12,11,13,25,5,3,6,5,8,6,21,8,27,16,25,36,34,18,7,6,5,8,2,8,5,1,4,3,6,15,9,12,12,3,6,12,7,17,13,2,2,7,9,14,9,18,7,6,3,4,16,10,15,2,2,5,5,4,21,11,7,5,6,10,4,3,7,7,2,3,5,0,1,3,8,9,2,10,3,1,3,5,5,4,1,4,3,5,1,0,1,1,0,3,2,0,0,0,1,1,5,1,2,5,1,2,1,4,1,4,1,1,3,3,2,1,9,0,0,4,3,2,2,1,2,1,0,2,3,2,1,2,3,0,6,3,7,0,0,0,0,0,0,1,0,2,2,2,1,0,1,0,0,4,2,3,3,1,0,0,4,0,1,2,0,0,0,2,2,2,5,1,1,1,0,0,1,1,0,1,0,0,0,0,0,1,0,0,1,2,1,0,0,3,1,0,1,1,1,3,0,0,0,0,1,0,0,2,0,0,0,2,0,0,1,0,0,0,1,0,0,0,0,1,3,1,0,0,1,0,2,0,0,0,0,1,1,0,0,0,1,0,0,0,1,0,2,0,1,2,0,0,2,2,1,0,0,0,0,1,2,0,0,0,1,0,0,3,3,0,2,7,3,7,3,4,3,0,2,7,6,0,0,5,0,2,0,0,0,3,1,3,1,1,1,1,2,1,0,0,1,0,0,4,4,1,1,1,2,0,4,2,1,1,0,2,3,3,6,3,0,2,2,1,1,0,4,2,5,3,1,0,0,0,0,3,0,2,1,2,2,2,1,0,3,3,0,1,0,0,2,1,0,2,0,0,0,0,5,6,0,0,0,1,0,1,3,4,0,0,2,1,0,1,0,0,4,0,1,0,1,3,0,0,0,1,0,4,1,0,1,0,0,1,2,3,0,0,0,0,0,0,0,0,2,0,0,1,0,2,0,0,0,0,0,1,0,1,1,0,0,0,0,0,0,0,0,0,1,1,0
FOODS_1_166_CA_1_evaluation,FOODS_1_166,FOODS_1,FOODS,CA_1,CA,1,2,4,2,0,0,2,5,5,1,0,0,2,2,6,0,4,1,2,5,5,4,0,7,3,4,2,4,3,1,5,1,1,1,2,2,6,2,3,5,4,1,4,4,1,1,7,4,3,6,0,0,4,3,0,0,11,2,2,4,3,4,3,5,1,1,3,2,1,4,4,4,5,0,3,6,0,8,8,4,2,2,1,6,6,8,5,0,2,2,6,3,1,6,4,3,1,2,7,2,5,3,3,0,5,4,2,3,5,3,1,5,5,4,2,0,2,0,2,2,2,1,3,1,5,1,3,5,5,2,0,4,2,5,0,3,3,1,0,1,2,2,5,0,2,0,0,0,0,0,0,0,0,0,0,0,0,0,0,0,0,0,0,0,0,0,0,0,0,0,0,0,0,0,0,0,0,0,0,0,0,0,0,0,0,0,0,0,0,0,0,0,0,0,0,0,0,0,0,0,0,0,0,0,0,0,0,0,0,0,0,0,0,0,0,0,0,0,0,0,0,0,0,0,0,0,0,0,0,0,0,0,0,0,0,1,1,1,3,4,3,4,3,2,4,9,4,1,1,2,1,7,1,4,3,0,6,4,1,0,0,0,0,0,0,0,0,0,0,0,0,0,0,0,0,0,0,0,0,0,0,0,0,0,0,0,0,0,0,0,0,0,0,0,0,0,0,0,0,0,0,0,0,0,0,0,0,0,0,0,0,0,0,0,0,0,0,0,0,0,0,0,0,0,0,0,0,0,0,0,0,0,0,0,0,4,7,7,0,2,2,1,5,6,8,4,1,2,1,6,7,3,6,1,0,8,2,6,4,1,0,1,2,2,10,2,4,4,2,4,3,2,6,5,3,3,5,4,2,6,3,7,3,4,3,2,4,3,3,1,3,4,4,5,4,3,3,2,2,1,8,4,4,3,7,9,1,2,2,1,1,3,5,3,4,3,2,3,2,4,3,2,2,3,7,3,5,2,6,0,0,2,2,3,2,1,1,2,1,3,9,4,4,2,3,3,0,3,2,9,3,4,5,5,5,2,6,2,2,2,1,4,1,2,6,1,5,5,7,4,0,5,1,8,3,1,6,4,2,2,2,2,4,2,4,4,0,4,1,0,3,3,4,1,6,0,1,6,4,8,1,0,3,1,0,0,0,0,0,0,0,0,0,0,0,0,0,0,0,0,0,0,0,0,0,0,0,0,0,0,0,0,0,0,0,0,0,0,0,0,0,0,0,0,0,0,0,0,0,0,0,0,0,0,0,0,0,0,0,0,0,0,0,0,0,0,0,0,0,0,0,0,0,0,0,0,0,0,0,0,0,0,0,0,0,0,0,0,0,0,0,0,0,0,2,6,5,7,1,0,0,3,8,3,5,1,0,1,7,4,1,6,1,1,0,2,4,5,0,1,1,0,0,5,2,0,0,0,1,3,1,2,3,1,2,6,2,6,2,3,3,1,2,3,6,9,3,1,1,2,0,4,4,3,3,0,1,1,5,2,0,1,5,5,0,5,5,3,4,2,5,1,2,6,1,0,1,3,0,3,3,3,5,3,4,1,2,3,4,4,3,3,3,2,2,3,2,3,2,0,4,2,1,1,0,4,1,5,3,1,2,1,0,3,2,2,1,5,1,1,1,4,1,1,2,2,1,6,0,4
FOODS_1_167_CA_1_evaluation,FOODS_1_167,FOODS_1,FOODS,CA_1,CA,0,1,2,0,2,0,1,4,0,0,0,0,3,1,0,2,0,0,0,0,2,0,1,0,0,2,0,1,1,1,0,0,0,1,2,0,0,1,0,2,0,0,2,0,0,1,1,1,1,0,0,0,0,2,0,0,0,2,0,1,0,0,0,0,0,1,1,0,1,0,0,0,0,2,2,0,1,0,0,0,0,0,0,0,0,1,0,1,0,0,0,0,3,0,0,0,0,0,0,1,0,1,1,0,3,2,1,0,1,0,2,3,2,1,0,0,0,0,1,0,0,1,0,0,3,1,0,1,1,0,1,1,0,1,0,3,2,0,0,1,1,1,0,1,2,0,1,0,0,0,0,1,2,2,2,0,1,2,0,1,1,1,2,1,2,0,0,2,1,0,1,0,0,0,0,0,3,0,0,0,0,0,1,1,0,0,0,2,1,0,1,2,0,0,1,2,1,2,0,1,1,0,0,0,2,2,1,0,0,0,2,1,0,0,1,0,2,1,1,0,1,1,0,0,0,2,0,0,0,0,0,1,3,1,2,0,0,0,1,0,1,0,0,0,0,0,0,2,1,0,1,2,4,0,0,0,0,0,0,0,0,0,2,0,1,3,0,1,0,0,0,1,1,0,1,0,0,0,0,1,1,1,3,0,1,1,0,0,2,0,0,1,0,0,0,0,0,2,0,1,0,0,0,1,0,1,1,1,1,0,0,0,1,0,0,1,0,0,1,1,0,0,2,0,0,0,0,2,0,0,1,1,0,0,0,0,0,2,0,1,0,0,0,1,0,0,1,0,0,1,0,2,2,2,0,1,1,0,2,0,0,0,2,1,1,0,0,0,0,0,0,0,0,0,0,0,0,0,0,0,0,0,0,0,0,0,0,4,0,0,2,9,2,0,1,0,0,0,0,0,3,0,2,4,0,0,1,0,0,0,1,0,0,1,0,1,1,0,0,0,0,1,0,1,1,0,4,0,0,2,3,0,1,0,0,1,0,2,0,0,0,1,1,0,0,3,0,2,0,1,0,1,0,0,0,0,0,0,0,3,0,0,1,0,0,1,0,0,0,2,0,0,0,0,0,1,0,0,1,1,1,2,1,0,0,0,0,1,0,1,5,1,0,0,3,0,0,0,1,1,0,0,0,0,0,0,0,0,0,0,1,1,0,1,0,0,0,2,2,1,0,0,0,1,0,0,1,0,2,0,0,0,0,0,0,1,0,0,1,0,0,0,1,1,0,0,1,0,1,0,1,0,0,2,1,1,0,1,0,0,1,0,0,0,0,1,1,0,0,0,1,0,0,0,3,0,2,0,0,1,0,0,0,0,4,1,0,1,0,4,1,2,1,1,0,0,0,0,0,1,1,1,2,1,0,0,0,2,1,0,0,0,1,0,0,1,0,0,0,1,0,3,0,0,0,0,0,0,1,1,0,1,3,0,0,0,0,0,1,0,0,0,0,2,0,1,0,1,2,0,1,0,2,0,0,0,0,1,0,0,0,1,0,0,2,4,2,0,2,0,0,0,0,0,0,0,0,0,0,1,0,1,1,0,0,0,0,0,1,0,1,1,0,0,0,4,0,1,0,0,1,0,0,0,0,0,0,0,0,0,1,0,0,1,0,0,1,0,0,3,1,1,0,0,0,0,1,0,1,0
FOODS_1_170_CA_1_evaluation,FOODS_1_170,FOODS_1,FOODS,CA_1,CA,0,0,4,4,6,12,3,8,6,5,3,1,1,3,5,14,17,1,11,3,8,3,7,6,3,1,9,7,7,7,6,7,13,6,5,6,8,9,7,2,14,6,10,7,7,7,9,2,4,5,6,5,2,5,2,9,8,8,8,8,4,4,4,3,6,5,7,7,7,10,3,12,4,3,10,5,7,7,8,4,4,7,19,6,7,10,12,2,4,1,8,4,15,4,9,10,8,8,8,9,3,3,8,8,9,9,6,3,5,8,10,6,9,3,3,7,3,14,9,13,3,13,4,3,32,7,5,5,4,1,14,2,13,10,8,14,2,11,2,7,12,5,5,2,8,1,8,2,9,6,4,8,8,12,5,4,7,7,2,5,4,14,4,9,8,2,7,3,3,2,6,7,2,6,5,9,13,15,5,6,5,0,4,6,8,0,2,7,2,0,0,13,0,2,6,8,6,10,6,4,8,4,6,7,6,6,1,4,4,2,5,6,3,2,7,0,6,6,8,3,6,6,1,7,13,6,5,2,7,6,7,8,3,4,5,0,7,9,3,7,7,5,7,5,3,2,3,8,1,2,8,13,1,7,6,3,4,7,7,6,5,3,3,3,7,5,6,7,6,3,13,7,9,6,8,3,5,11,6,4,7,11,8,3,2,8,3,2,8,4,6,12,4,12,1,6,4,7,7,6,6,8,10,11,10,5,3,10,10,13,0,2,8,2,7,10,9,11,2,6,3,7,5,8,6,5,5,4,8,3,8,1,8,4,1,6,10,5,9,5,3,6,10,6,3,12,6,6,9,6,2,10,5,6,0,6,11,5,9,5,3,2,13,8,11,11,7,3,3,3,0,2,2,9,2,6,7,2,7,4,6,7,0,0,0,0,0,0,0,0,0,0,0,0,2,4,4,0,0,0,0,0,0,0,7,9,3,0,4,7,0,7,13,1,9,6,1,3,0,3,8,1,8,0,0,0,1,6,3,0,0,0,0,0,0,0,0,0,0,0,0,0,0,0,0,0,0,8,2,0,0,0,0,0,4,5,1,0,0,0,0,4,6,0,0,0,0,0,3,7,4,4,2,1,3,3,3,0,3,4,2,1,0,0,0,0,6,4,0,0,0,0,0,0,0,0,0,0,0,0,0,0,0,0,0,0,0,0,0,0,0,0,0,0,0,0,0,0,0,0,0,0,0,0,0,0,0,0,0,0,0,0,0,0,0,0,0,0,0,0,0,0,0,0,0,2,8,0,0,0,0,0,0,0,0,0,0,0,4,5,4,1,4,4,0,0,0,0,0,0,0,0,0,0,0,0,0,0,0,0,0,0,0,0,0,0,0,0,0,0,0,0,0,0,0,0,0,0,0,0,0,0,0,0,0,0,0,0,0,0,0,0,0,0,0,0,0,0,0,0,0,2,0,0,0,0,0,0,0,0,0,0,0,4,4,0,0,0,0,0,0,0,0,0,0,0,0,0,0,0,0,0,0,0,0,0,0,0,0,0,0,0,0,0,0,0,0,0,0,0,0,0,0,0,0,0,0,0,0,0,0,0,0,0,0,0,0,0,0,0,0,0,0,0,0,0,0,3,5,5,5,2,1,7,0,3,6,1,6,5,1,0,0,0,1,0,6,6,5,2,2,7,6,4,1,0,3,2,9,0
FOODS_1_172_CA_1_evaluation,FOODS_1_172,FOODS_1,FOODS,CA_1,CA,6,6,2,2,2,0,2,5,5,2,1,1,0,1,5,4,6,3,4,5,2,4,6,6,4,1,2,0,4,3,5,4,4,0,4,3,6,4,1,1,4,3,4,1,6,2,4,3,2,4,3,2,0,3,2,3,2,7,3,1,4,2,5,4,6,4,0,3,7,2,3,5,3,5,1,3,4,1,4,3,5,3,2,0,2,2,6,4,0,0,0,3,2,1,1,2,1,1,0,5,6,2,0,2,0,4,4,3,3,2,1,2,2,6,0,1,0,5,1,3,5,3,3,1,2,2,2,4,4,1,1,0,2,2,6,5,4,5,2,2,4,2,2,0,2,3,2,1,11,5,1,4,3,0,6,2,7,1,4,2,5,1,1,0,1,1,0,4,1,3,3,3,1,2,5,3,4,2,3,3,1,5,4,2,3,4,2,1,0,3,5,1,5,3,4,3,6,2,3,0,3,1,6,4,3,0,3,7,5,7,4,3,4,2,1,0,1,1,1,2,0,3,0,3,2,1,1,1,3,2,0,1,3,0,1,0,5,0,4,4,1,1,1,2,2,2,6,1,3,6,3,0,2,1,3,0,2,3,1,2,2,1,2,0,1,4,6,1,4,2,3,9,5,7,4,1,3,3,2,6,6,5,1,7,2,2,7,11,7,7,2,1,6,3,2,2,1,1,0,3,0,6,4,0,2,0,3,1,8,3,1,6,7,6,5,14,11,1,1,3,0,3,4,6,2,2,2,5,0,5,2,4,7,1,2,4,3,5,1,2,4,4,4,7,6,3,4,3,3,3,6,3,4,1,6,3,2,6,5,8,5,4,3,6,5,1,7,2,4,1,5,4,5,6,2,3,5,7,4,4,7,3,3,3,3,6,3,0,1,0,2,0,5,2,3,1,2,3,6,2,5,1,2,4,5,3,0,6,1,1,4,10,5,9,8,4,3,4,7,5,8,8,4,9,2,7,4,4,6,2,4,3,4,4,10,2,7,3,7,4,5,4,8,3,4,2,2,2,5,6,2,3,1,2,3,5,7,3,3,3,2,5,6,6,4,3,5,5,5,5,5,1,3,4,1,4,8,5,7,5,2,3,5,3,6,4,1,8,5,4,5,7,0,3,6,5,6,7,7,3,0,3,1,5,6,2,6,1,3,1,5,2,3,1,5,1,2,2,8,7,3,4,4,3,0,1,0,1,4,1,4,0,3,5,1,5,4,2,1,4,2,1,4,3,1,2,3,3,7,2,4,5,3,3,6,0,4,2,4,3,5,3,0,5,6,4,6,3,1,5,4,7,5,8,8,8,5,4,6,7,0,5,3,3,2,6,3,2,4,2,5,1,5,1,2,7,3,5,2,4,1,2,4,5,1,0,1,2,8,10,7,3,2,8,0,1,7,10,5,3,4,4,4,2,6,4,3,9,8,8,10,8,1,1,3,1,5,7,3,2,3,5,3,4,4,3,2,5,5,5,4,7,7,4,3,3,2,4,1,2,2,1,2,1,1,1,3,1,1,1,2,6,12,6,1,1,2,3,0,6,3,1,2,2,1,2,2,6,3,5,1,0,0,1,0,4,3,3,1,2,4,2,3,0,2,2,7,2,4,4,2,2,1,2,2,2,0,1,2,2,1,4,1,2,2,1,1,0,0,2
FOODS_1_173_CA_1_evaluation,FOODS_1_173,FOODS_1,FOODS,CA_1,CA,4,0,0,0,1,0,1,7,6,2,3,5,2,7,8,12,3,3,5,4,3,0,2,4,7,8,2,18,4,1,9,0,3,6,4,5,8,4,10,11,8,5,0,8,3,2,13,2,3,2,2,7,4,0,3,7,7,5,16,1,5,2,8,2,2,2,2,0,1,3,1,1,4,5,5,2,5,3,6,2,0,5,1,12,3,4,2,1,1,0,0,1,2,15,3,3,5,4,2,6,0,0,3,3,10,8,3,0,3,4,2,2,3,3,5,2,3,1,5,2,1,2,10,2,3,1,12,15,0,0,1,1,4,6,1,2,3,1,3,7,4,4,4,0,5,3,3,7,5,1,1,2,3,4,9,11,12,13,8,5,10,15,0,0,0,0,0,0,0,10,2,3,2,0,4,6,29,0,3,1,17,2,1,8,16,9,2,8,10,5,10,5,7,17,7,7,4,4,15,5,11,3,25,34,2,16,20,13,3,0,2,0,5,7,0,0,0,4,5,23,7,12,6,5,8,7,14,2,3,7,4,9,3,4,0,3,8,7,4,4,3,3,4,4,2,8,2,2,7,6,9,8,10,3,4,1,3,3,5,4,3,4,2,9,6,12,0,0,0,0,0,0,2,1,2,1,4,2,12,6,3,0,3,0,0,3,3,4,0,0,0,1,4,7,0,0,0,0,0,4,0,6,2,0,0,0,0,0,0,0,0,0,5,7,5,0,0,0,0,0,1,1,11,4,4,0,0,3,9,2,0,0,0,0,0,2,7,6,6,0,0,4,1,0,7,2,2,8,1,4,16,7,1,0,0,1,13,10,4,2,2,2,2,4,7,9,3,1,1,3,0,7,12,0,0,10,5,13,4,1,0,4,4,3,2,8,8,4,0,5,5,12,7,1,6,4,4,10,1,4,1,3,5,5,5,1,5,6,1,6,9,5,5,4,5,6,2,9,3,4,7,7,3,7,3,8,10,8,9,3,0,1,16,5,14,4,1,14,3,12,17,19,5,9,14,0,0,0,0,0,0,2,2,5,16,5,1,4,1,2,1,4,3,7,15,5,7,15,11,4,8,2,2,2,2,7,14,4,3,6,12,2,21,5,0,5,0,0,4,3,3,2,4,0,7,13,12,8,15,13,6,1,1,5,5,6,9,0,0,1,7,11,8,3,0,1,1,7,23,6,4,1,13,4,5,10,8,5,4,1,5,8,12,0,0,2,4,2,14,4,10,7,8,0,7,11,15,29,2,0,0,0,0,0,0,0,25,0,20,13,5,6,11,9,9,6,4,23,5,2,26,2,15,17,10,8,5,12,8,21,0,4,4,6,1,10,21,8,5,4,5,5,6,4,5,6,6,1,1,2,5,6,8,8,9,0,0,6,4,9,3,2,0,2,0,0,0,0,0,0,0,0,0,0,0,0,0,0,0,15,7,2,0,3,7,15,0,7,0,0,0,3,0,9,3,4,4,0,6,1,3,4,1,0,0,0,1,1,0,0,14,1,3,5,3,0,0,0,0,0,0,1,2,6,4,7,0,0,1,2,7,1,4,1,0,1,7,4,2,3,2,3,7,7,9,0,0,0,0,3,8,3,2,0,5,2,6,7,2,0,3,5,1,7,16,9,2,4,3,2,4,3,5,1,2,1,13,2,3,0
FOODS_1_176_CA_1_evaluation,FOODS_1_176,FOODS_1,FOODS,CA_1,CA,0,0,0,0,0,1,0,2,1,0,0,0,0,0,0,0,0,1,0,1,0,2,2,0,0,0,1,1,0,0,0,2,0,1,1,0,2,0,0,0,0,0,0,0,1,1,0,0,1,0,0,0,0,1,0,0,1,1,1,0,1,1,0,0,0,0,0,0,0,0,0,0,0,0,0,0,0,0,0,0,0,0,0,0,0,0,0,0,0,0,0,0,0,0,0,0,0,0,0,0,0,0,0,0,0,0,0,0,0,0,0,0,0,0,0,0,0,0,0,0,0,0,0,0,0,0,0,0,0,0,0,0,0,0,0,0,0,0,0,0,0,0,0,0,0,0,0,0,0,0,0,0,0,0,0,0,0,0,0,0,0,0,0,0,0,0,0,1,0,1,0,0,0,0,0,0,0,0,0,0,0,0,0,0,0,0,0,0,0,0,0,0,0,0,0,0,0,0,0,0,0,0,0,2,1,1,1,0,0,0,0,0,0,0,1,0,0,0,1,0,0,0,0,0,2,1,0,0,1,0,0,1,2,0,0,0,0,0,0,1,1,0,0,0,1,0,0,0,0,0,1,0,0,1,1,0,0,3,0,1,0,5,0,0,0,0,0,1,1,0,0,0,0,0,2,0,0,1,0,1,2,0,0,1,0,1,1,1,0,0,0,0,1,0,0,1,1,1,0,0,0,0,3,0,1,0,0,0,0,0,0,1,1,1,3,0,0,0,0,1,0,1,0,1,0,1,2,0,1,0,1,0,0,0,1,1,3,0,2,2,1,0,0,0,1,2,0,2,1,0,2,1,0,0,0,1,0,0,2,1,0,0,1,1,1,0,0,0,1,0,0,0,3,0,0,1,0,3,1,1,0,0,1,0,0,0,1,0,2,3,0,1,3,0,0,0,2,1,1,1,1,1,1,0,1,2,0,1,0,0,2,2,0,2,2,1,0,1,0,0,0,0,0,0,0,0,0,0,0,0,0,0,0,0,0,0,0,0,0,0,0,0,0,0,0,0,0,0,0,0,0,0,0,0,0,0,0,0,0,0,0,0,0,0,0,0,0,0,0,0,0,0,0,0,0,0,0,0,0,0,0,0,0,0,0,0,0,0,0,0,0,0,0,0,0,0,0,0,0,0,0,0,0,0,0,0,0,0,0,0,0,0,0,0,0,0,0,0,0,0,0,0,0,0,0,0,0,0,0,0,0,0,0,0,0,0,0,0,0,0,2,1,0,1,1,2,0,1,0,0,0,0,1,0,0,0,0,0,0,0,0,0,3,0,0,0,0,0,0,0,0,0,0,0,0,0,0,0,0,0,0,1,0,1,0,0,0,3,0,0,0,0,7,0,0,1,0,0,0,0,0,0,0,0,0,0,1,0,0,0,0,0,0,0,2,1,3,1,0,0,1,0,2,0,0,0,0,0,2,2,0,0,0,0,0,0,3,1,1,0,0,0,0,0,0,0,0,0,0,0,0,0,0,0,0,0,0,0,0,1,0,0,0,1,1,0,0,0,0,0,0,1,0,1,0,0,0,3,0,0,0,0,0,0,0,0,1,0,0,0,0,0,1,0,1,0,1,1,0,0,0,0,0,1,1,1,2,1,0,0,0,0,1,1,0,1,0,0,0,0,0,0,0,0,1,1,0,0,1,0
FOODS_1_181_CA_1_evaluation,FOODS_1_181,FOODS_1,FOODS,CA_1,CA,14,4,1,2,1,0,6,5,5,2,5,0,3,9,1,0,3,2,5,7,6,2,4,5,1,0,2,3,7,5,4,2,5,7,0,1,7,3,4,5,4,2,0,0,0,3,2,4,0,5,2,3,2,2,6,3,1,0,3,6,1,9,4,0,0,1,4,2,4,6,3,7,5,1,6,8,11,2,0,0,0,2,3,2,1,4,0,0,1,2,4,5,1,2,2,1,4,2,3,4,2,1,2,0,3,6,0,1,1,4,0,1,0,1,2,2,1,2,5,0,3,7,4,0,4,3,4,5,1,1,1,6,3,1,7,3,6,3,1,3,3,2,3,4,0,5,4,1,6,0,1,0,2,3,7,5,1,2,2,2,4,6,0,2,2,2,2,3,4,1,4,2,2,2,3,5,1,3,1,0,0,0,8,6,3,1,3,0,1,5,7,4,3,4,0,6,4,4,5,4,3,1,2,10,6,1,0,4,8,3,2,5,3,0,0,0,1,6,3,0,1,3,1,2,5,3,1,5,2,2,1,3,3,2,0,2,1,3,4,6,4,2,5,3,1,7,2,0,0,1,3,6,2,3,1,1,5,0,2,0,3,7,4,1,6,2,2,0,1,0,0,0,0,2,1,3,6,0,1,5,9,4,1,0,2,2,0,0,0,0,0,0,0,0,0,0,0,5,2,3,3,5,4,1,0,0,0,2,3,6,2,3,9,4,6,13,6,1,1,2,2,4,6,3,2,2,6,3,2,4,3,1,4,0,1,7,1,4,3,3,0,3,5,2,7,1,2,2,11,3,3,4,7,2,2,2,1,1,4,3,2,1,3,1,5,4,10,0,3,2,2,7,4,0,2,10,4,4,3,9,2,2,3,9,1,10,5,0,0,5,1,4,2,3,0,5,0,6,2,2,5,3,3,2,4,7,0,5,3,1,3,0,3,5,2,6,5,4,1,4,0,3,3,5,1,6,0,3,6,4,1,3,4,4,2,3,5,3,5,6,3,3,4,4,0,1,1,3,0,1,1,0,0,0,0,0,0,0,1,1,2,0,2,0,0,0,0,0,0,0,0,0,0,0,1,3,3,9,3,1,2,9,0,1,4,1,1,1,0,2,2,1,1,2,1,4,3,5,3,1,1,2,0,3,1,3,3,6,2,7,2,6,4,2,5,1,1,2,3,5,1,11,1,0,8,1,0,2,0,0,3,1,0,1,2,7,10,0,6,3,9,3,1,0,0,0,1,0,8,4,5,1,13,3,4,5,0,0,0,3,7,0,3,3,2,0,3,6,0,2,2,10,2,8,3,3,0,0,1,6,0,8,2,4,3,3,1,5,2,6,0,3,0,0,1,4,4,7,4,2,2,1,5,4,2,0,0,6,5,7,5,0,0,0,0,0,0,0,0,0,0,0,0,0,0,4,6,0,6,5,3,8,4,4,10,5,1,5,1,4,1,2,1,3,5,4,0,1,2,7,0,6,6,7,4,3,3,3,8,9,3,14,4,0,6,0,5,0,5,14,11,10,11,2,8,4,4,4,6,0,2,5,2,3,5,7,3,3,7,34,3,0,0,0,0,1,2,2,3,1,5,1,3,3,2,2,2,1,4,3,1,3,6,5,4,5,1,4,5,2,5,2,4,4,0,2,5,2,8,6
FOODS_1_183_CA_1_evaluation,FOODS_1_183,FOODS_1,FOODS,CA_1,CA,0,4,4,2,3,2,2,0,1,3,2,6,1,2,3,5,0,1,5,1,1,3,5,2,1,2,3,3,1,4,3,1,0,4,4,3,7,0,2,2,1,4,0,2,0,3,1,1,3,3,5,4,5,1,4,0,1,7,1,0,0,4,2,6,9,1,3,2,1,2,5,1,2,2,3,0,1,4,10,4,4,3,0,3,5,6,7,7,1,4,5,2,6,6,0,1,1,3,5,7,6,4,4,1,1,2,4,4,1,2,6,2,4,4,0,4,0,2,6,5,5,2,0,0,0,0,0,7,2,4,5,1,1,5,8,2,2,5,6,3,2,1,2,1,3,3,3,6,4,4,4,1,3,2,2,3,1,7,5,5,2,5,8,2,5,2,8,1,7,4,3,4,2,1,2,5,7,2,2,1,2,2,5,2,2,1,5,8,2,5,3,3,1,3,3,5,7,5,5,2,4,1,5,7,8,3,6,11,0,9,9,11,0,8,4,0,3,2,1,1,3,1,1,4,3,2,2,2,6,1,1,6,5,0,7,3,3,0,4,4,1,2,4,1,3,1,7,3,2,5,2,0,0,0,3,2,0,2,5,1,4,1,2,7,3,4,2,1,5,1,3,2,2,8,3,2,4,2,1,2,4,6,4,2,5,3,2,4,1,8,5,2,2,6,1,6,0,6,5,0,4,2,2,3,3,5,4,1,6,4,11,5,4,4,5,5,7,3,3,1,2,2,1,8,4,7,2,3,4,7,1,4,5,3,4,3,8,8,4,1,3,3,2,8,6,2,2,1,0,0,8,9,2,3,3,5,5,1,4,3,1,9,5,5,7,6,4,2,2,3,4,6,2,4,4,2,2,5,5,10,1,3,4,2,3,5,10,2,2,3,0,3,5,4,3,4,2,2,3,5,2,3,2,3,7,1,8,2,1,1,4,5,3,5,3,2,8,7,2,0,5,8,3,2,3,1,4,2,6,3,4,3,2,3,5,3,7,6,3,1,6,2,4,7,2,2,6,1,9,5,4,4,7,0,3,9,7,2,0,5,0,5,4,3,2,0,4,2,8,2,5,3,4,2,5,2,5,7,5,1,0,0,0,0,1,1,6,3,2,3,8,3,5,0,3,1,2,9,8,1,2,4,6,3,5,2,0,0,0,0,0,0,0,5,4,3,2,3,4,6,2,4,2,4,4,9,6,2,0,0,0,0,0,0,5,3,3,1,2,5,9,2,1,2,2,2,4,0,5,3,3,5,3,0,0,1,0,2,3,4,2,3,0,4,0,0,2,10,2,4,2,7,5,1,7,5,3,7,6,5,0,8,2,3,2,2,2,3,9,4,0,0,1,0,3,9,6,0,1,0,2,3,4,5,2,0,1,3,1,3,5,2,2,1,1,2,5,7,1,5,1,3,5,5,1,3,2,5,0,1,6,5,1,6,0,1,0,0,0,0,0,0,0,3,3,4,3,6,3,3,3,3,8,1,4,1,2,5,3,3,6,3,4,1,3,2,2,4,2,4,3,5,4,3,1,2,2,2,1,3,6,0,3,1,0,3,2,4,1,2,4,5,2,2,4,4,2,0,2,1,4,6,3,0,0,0,0,4,3,1,1,1,1,1,3,5,2,0,0,1,1,3,7,3,2,1,0,3,3,3
FOODS_1_184_CA_1_evaluation,FOODS_1_184,FOODS_1,FOODS,CA_1,CA,4,45,0,0,1,2,1,3,3,5,2,4,9,4,12,2,8,5,7,2,7,7,10,16,6,2,1,0,6,7,1,1,5,3,3,2,4,4,2,2,3,3,2,2,5,1,9,3,3,2,1,0,5,3,1,4,6,12,5,6,3,0,6,5,4,3,3,4,5,1,10,10,15,2,6,6,3,12,7,6,4,0,1,3,3,6,5,4,2,2,0,4,5,3,3,1,2,3,1,0,1,0,5,2,1,2,2,1,4,3,1,2,1,1,1,1,1,1,0,2,1,3,2,1,2,1,1,1,0,0,2,1,1,2,2,1,0,1,1,2,1,0,1,2,1,0,0,3,1,0,0,0,1,0,0,1,1,4,0,4,0,1,0,3,2,1,1,2,0,3,2,0,0,0,0,0,0,0,0,0,1,1,0,0,1,1,0,1,1,0,0,0,0,0,0,2,2,0,0,1,1,2,3,6,8,3,5,2,6,10,3,4,7,4,3,0,6,3,0,1,1,2,1,2,2,1,6,1,2,1,3,2,4,1,4,1,1,3,3,0,3,4,1,0,4,9,1,2,3,3,40,2,0,0,1,2,3,5,12,3,2,2,1,6,8,4,2,3,2,5,3,1,2,2,0,0,0,1,2,4,3,2,2,6,2,4,1,3,4,3,2,4,1,1,3,5,2,7,5,2,4,3,8,0,3,1,3,2,4,5,2,3,3,6,3,7,3,3,2,4,2,5,1,0,1,4,1,3,3,5,3,2,4,7,3,3,1,2,2,2,0,3,4,3,1,1,3,4,6,6,2,1,1,3,6,4,4,7,2,2,3,4,1,0,5,5,5,6,6,2,3,1,4,5,3,4,3,2,2,6,10,3,4,1,4,4,0,1,0,2,0,6,5,3,3,4,1,2,2,2,8,1,0,1,4,6,0,1,2,5,1,5,3,1,3,3,2,2,4,1,0,2,4,2,3,10,8,2,2,1,5,0,0,4,2,3,0,2,2,1,5,3,4,5,1,1,2,0,3,1,1,1,2,0,2,3,1,1,4,0,3,3,1,2,0,2,2,0,1,1,1,1,0,2,4,2,11,3,6,1,3,0,1,4,30,1,4,1,1,2,1,1,0,0,1,0,3,2,1,3,0,2,4,3,2,4,2,0,2,1,2,6,1,4,3,0,4,1,3,0,1,4,3,2,2,4,0,0,1,3,1,5,2,3,1,4,5,0,2,1,2,3,3,2,2,0,3,1,3,2,0,0,2,3,1,2,3,5,1,2,2,4,0,5,3,2,2,6,1,1,4,10,1,1,5,4,1,6,5,10,0,1,2,1,3,2,4,1,2,0,2,2,1,1,0,3,1,2,1,3,2,2,2,3,2,4,2,3,4,0,1,2,2,1,2,0,0,0,24,0,0,0,0,0,0,0,0,0,2,2,2,4,1,0,0,5,0,1,1,2,1,1,1,2,2,0,2,2,3,1,6,1,9,3,6,4,0,1,1,0,3,2,2,1,3,0,0,2,2,0,1,3,0,3,0,0,2,1,2,1,2,0,1,0,10,1,1,5,1,1,0,1,0,1,3,0,1,6,2,6,3,2,2,1,1,2,0,1,3,0,1,0,0,0,0,0,3,1,0,1,1,2,2,0,1,3,0,1,2,3
FOODS_1_194_CA_1_evaluation,FOODS_1_194,FOODS_1,FOODS,CA_1,CA,0,1,0,3,5,0,2,0,1,0,0,0,0,2,4,3,1,2,3,2,3,1,1,0,2,4,2,0,0,1,2,0,1,1,2,1,0,1,5,2,1,2,6,0,2,5,0,1,1,1,1,6,0,3,4,1,1,1,1,3,0,3,1,5,1,0,2,1,1,2,0,4,1,0,3,2,0,1,0,0,0,0,0,0,0,1,2,3,5,4,3,0,3,4,0,0,0,0,0,0,0,0,0,0,0,0,0,0,0,3,3,0,3,3,1,0,0,3,3,4,1,2,0,0,0,0,3,2,1,1,1,3,2,3,1,2,1,0,3,1,1,2,1,1,0,1,2,3,0,2,1,0,1,2,1,1,0,0,1,1,5,2,0,0,1,0,1,0,0,2,3,0,2,1,2,0,0,2,1,1,2,3,3,5,3,2,2,0,2,4,6,3,0,2,5,4,1,3,1,1,0,1,5,4,8,4,4,4,6,9,10,6,7,5,9,0,6,6,1,1,1,1,1,3,4,4,0,0,1,1,2,2,5,2,1,2,4,0,1,1,5,2,0,2,0,4,2,3,2,2,3,3,0,5,2,1,2,3,3,3,3,5,0,2,0,0,4,5,5,0,3,3,2,5,4,2,0,1,1,5,6,1,0,1,2,1,1,1,1,1,2,2,0,0,1,5,0,1,3,2,1,2,2,2,0,0,0,0,0,1,1,0,4,1,2,8,4,0,0,1,1,1,1,2,1,1,1,0,1,2,1,4,0,2,1,1,3,1,1,0,0,1,4,5,1,1,1,0,1,2,1,2,2,2,4,2,1,3,4,3,0,6,1,1,2,3,0,3,4,0,1,0,0,0,0,0,0,0,0,0,0,0,0,0,5,7,12,4,0,2,3,2,3,3,2,2,1,3,2,1,3,2,1,0,3,1,0,1,1,2,2,2,0,5,1,0,2,3,3,3,1,3,2,6,2,1,3,2,2,0,1,3,2,2,2,2,2,6,4,2,3,3,3,7,2,2,0,2,3,4,0,3,2,5,1,5,1,4,0,2,1,2,6,0,2,1,0,1,4,2,2,7,1,1,3,2,2,0,2,0,0,1,0,0,0,0,0,0,0,0,0,0,0,0,0,0,0,0,0,0,0,0,0,0,0,0,0,0,0,0,0,0,0,0,0,0,0,0,0,0,0,0,0,0,0,0,0,0,0,1,0,1,0,0,0,2,0,2,0,2,1,1,0,1,2,1,1,0,0,0,0,1,1,0,3,1,0,0,2,1,0,0,0,0,0,0,0,4,2,3,1,1,0,1,6,3,2,0,1,0,0,0,0,0,0,0,0,0,0,0,2,0,1,3,1,0,1,0,0,0,1,0,3,2,1,0,0,0,0,2,1,2,3,2,2,1,0,8,4,3,1,5,0,3,4,1,0,2,0,3,1,1,2,3,1,2,0,3,3,1,0,2,2,1,0,1,2,3,2,0,0,2,4,2,4,2,3,3,8,5,3,1,3,6,2,3,6,5,2,2,2,5,1,0,0,0,0,0,0,5,3,0,1,2,2,1,3,1,5,0,6,5,8,3,1,2,3,0,1,1,3,0,1,0,1,1,0,3,4,5,2,0,0,1,2,1,2,0,0,1,1,1,3,0,3,2,6,5,5,6
FOODS_1_200_CA_1_evaluation,FOODS_1_200,FOODS_1,FOODS,CA_1,CA,0,0,0,0,0,0,0,2,5,2,8,7,6,5,7,8,4,4,5,9,3,3,4,3,2,2,1,7,5,0,4,9,5,4,2,18,6,4,9,10,7,9,16,11,2,4,6,3,4,8,3,4,2,3,2,1,0,4,5,3,3,6,3,5,7,1,10,10,7,7,11,9,1,14,12,7,16,24,23,5,8,4,3,11,15,13,7,6,7,6,9,13,18,6,3,4,4,11,6,11,8,8,7,4,18,20,10,4,5,6,9,9,22,19,3,5,3,5,9,5,9,16,6,2,5,12,10,9,3,6,3,8,7,10,10,7,4,9,15,4,20,17,12,4,5,5,14,18,7,14,9,6,9,7,15,7,8,11,13,9,13,15,8,9,7,4,1,6,10,5,4,3,0,2,9,8,5,1,6,8,2,6,5,15,6,3,9,5,14,7,1,10,7,5,7,11,11,6,4,10,8,10,14,17,24,15,17,18,10,26,25,38,35,69,59,0,18,12,15,4,13,19,6,18,11,7,7,4,7,3,12,11,14,3,4,9,9,4,24,14,7,8,7,11,16,12,16,3,5,5,6,1,17,2,7,5,5,2,6,23,11,13,8,11,8,19,13,6,6,3,4,4,12,17,12,7,3,6,11,7,15,19,9,7,6,14,19,12,12,8,7,9,5,9,11,10,9,11,3,10,8,11,22,18,8,6,8,17,18,31,7,33,12,25,36,47,29,7,8,7,5,13,16,7,19,4,14,9,11,12,10,1,3,14,5,8,17,20,4,6,12,6,15,18,19,7,8,9,10,9,3,10,6,5,6,6,1,10,5,6,5,3,5,5,9,6,5,3,11,2,3,8,6,2,2,6,7,0,2,2,4,3,3,2,6,1,3,1,5,0,11,7,7,7,4,9,5,10,6,14,7,2,9,5,9,7,7,7,5,3,7,5,4,13,5,9,11,2,3,11,11,9,0,3,1,1,7,10,7,7,1,7,7,11,2,5,0,9,4,9,10,5,3,6,3,8,6,8,7,11,2,1,4,8,7,8,6,5,3,8,5,5,8,6,3,0,2,5,4,14,10,4,4,8,7,3,6,9,6,3,2,4,5,5,2,4,8,3,4,3,0,6,3,0,3,5,13,4,3,2,1,4,6,6,6,6,9,2,7,2,5,11,4,6,3,3,6,3,9,6,6,3,9,4,13,9,1,2,3,2,2,2,1,4,0,1,0,0,2,4,1,0,5,1,2,2,4,4,2,7,4,0,7,4,5,1,1,2,3,1,7,6,0,7,6,6,9,10,7,7,12,10,15,5,7,9,10,25,21,9,0,3,4,4,3,6,2,7,5,2,7,1,2,3,1,7,1,7,7,2,6,5,11,10,3,8,5,10,12,15,12,4,4,5,7,13,5,14,6,4,8,5,5,20,13,5,8,6,13,12,24,16,10,2,16,7,9,14,5,13,13,12,10,7,20,7,3,13,9,15,6,13,8,6,12,3,14,10,21,13,12,4,3,8,28,24,22,14,14,15,13,22,51,31,5,5,4,12,3,3,10,3,5,4,5,9,20,11,7,9,6,13,13,12,8,7,5,11,4,7,6,11,2,8,7,8,11,11,8,4,6,12,7,6,4,10,4,7,7,3,13,10,8,4,1,8,6,9,18,5
FOODS_1_201_CA_1_evaluation,FOODS_1_201,FOODS_1,FOODS,CA_1,CA,2,2,0,2,3,1,5,5,4,0,2,2,2,0,2,3,2,4,1,2,1,2,1,1,0,6,5,0,1,5,3,1,2,0,0,0,2,1,0,1,0,1,3,3,2,3,3,6,4,2,0,0,0,0,1,0,5,6,2,4,2,2,2,3,0,5,1,1,0,0,1,8,1,0,2,2,2,4,1,0,5,3,1,0,3,2,2,5,5,0,2,2,5,1,1,0,0,3,5,3,2,2,1,0,3,1,6,1,4,0,1,5,1,3,2,1,0,1,0,4,5,2,2,2,1,5,4,4,3,2,1,2,3,0,0,1,1,1,2,3,2,3,5,3,3,0,0,0,0,0,0,0,0,0,0,0,0,0,0,0,0,0,0,0,0,0,0,0,0,0,0,0,0,0,0,0,0,0,0,0,0,0,0,0,0,0,0,0,0,0,0,0,0,0,0,0,0,0,0,0,0,0,0,0,0,0,0,0,0,0,0,0,0,0,0,0,0,0,0,0,0,0,0,0,0,0,0,0,0,0,0,0,0,0,0,1,0,1,4,5,1,1,2,3,3,6,4,5,0,0,1,2,2,0,2,2,0,1,1,0,0,0,0,0,0,0,0,0,0,0,0,0,0,0,0,0,0,0,0,0,0,0,0,0,0,0,0,0,0,0,0,0,0,0,0,0,0,0,0,0,0,0,0,0,0,0,0,0,0,0,0,0,0,0,0,0,0,0,0,0,0,0,0,0,0,0,0,0,0,0,0,0,0,0,0,1,2,8,2,0,1,1,1,4,3,2,3,1,1,1,3,3,4,6,2,4,2,3,0,3,2,1,0,3,6,1,7,1,2,1,3,2,7,2,2,4,0,2,3,5,2,7,0,2,3,3,3,3,1,1,2,4,2,0,3,3,0,2,6,5,3,2,1,1,3,3,0,5,2,0,2,2,8,4,2,2,2,2,6,2,1,7,0,4,2,2,0,1,1,1,3,0,1,4,7,1,1,1,3,1,2,2,3,3,2,4,1,2,2,5,4,2,3,5,2,3,4,1,3,2,1,4,3,5,0,2,6,2,2,3,3,6,1,1,2,1,2,5,0,1,1,3,1,2,1,3,6,0,4,6,1,2,1,1,1,2,0,1,4,3,7,4,2,1,0,0,0,0,0,0,0,0,0,0,0,0,0,0,0,0,0,0,0,0,0,0,0,0,0,0,0,0,0,0,0,0,0,0,0,0,0,0,0,0,0,0,0,0,0,0,0,0,0,0,0,0,0,0,0,0,0,0,0,0,0,0,0,0,0,0,0,0,0,0,0,0,0,0,0,0,0,0,0,0,0,0,0,0,0,0,0,0,0,1,1,6,3,2,1,2,3,3,2,5,0,1,2,0,1,6,3,2,0,3,1,4,3,3,4,0,1,3,2,2,1,3,1,1,1,2,0,3,3,2,1,3,1,4,1,0,2,2,1,3,3,1,1,5,4,5,1,3,3,1,2,1,1,1,4,3,3,0,4,0,1,2,0,3,2,2,1,1,4,6,2,2,5,1,5,3,0,0,0,0,0,0,2,3,1,4,0,1,3,4,3,3,2,3,2,0,6,2,0,2,2,1,1,5,2,4,3,3,5,3,1,0,1,9,4,2,3,4,2,2,1,1,1,2,3,1
FOODS_1_204_CA_1_evaluation,FOODS_1_204,FOODS_1,FOODS,CA_1,CA,0,0,0,0,0,0,0,0,0,0,0,0,0,0,0,0,0,0,0,0,0,0,0,0,0,0,0,0,0,0,0,0,0,0,0,0,0,0,0,0,0,0,0,0,0,0,0,0,0,0,0,0,0,0,0,0,0,0,0,0,0,0,0,0,0,0,0,0,0,0,0,0,0,0,0,0,0,0,0,0,0,0,0,0,0,0,0,0,0,0,0,0,0,0,0,0,0,0,0,0,0,0,0,0,0,0,0,0,0,0,0,0,0,0,0,0,0,0,0,0,0,0,0,0,0,0,0,0,0,0,0,0,0,0,0,0,0,0,0,0,0,0,0,0,0,0,0,0,0,0,0,0,0,0,0,0,0,0,0,0,0,0,0,0,0,0,0,0,0,0,0,0,0,0,0,0,0,0,0,0,0,0,0,0,0,0,0,7,11,11,3,1,0,0,0,0,0,0,0,0,0,0,0,0,0,0,0,0,0,0,0,0,0,0,0,0,0,0,0,0,0,0,0,0,0,0,0,0,0,0,0,0,0,0,0,0,0,0,0,0,0,0,0,0,0,0,0,0,0,0,0,0,0,0,0,0,0,0,0,0,0,0,0,0,0,0,0,0,0,0,0,0,0,0,0,0,0,0,0,0,0,0,0,0,0,0,0,0,0,0,0,0,0,0,0,0,0,0,0,0,0,0,0,0,0,0,0,0,0,0,0,0,0,0,0,0,0,0,0,0,0,0,0,0,0,0,0,0,0,0,0,0,0,0,0,0,0,0,0,0,0,0,0,0,0,0,0,0,0,0,0,0,0,0,0,0,0,0,0,0,0,0,0,0,0,0,0,0,0,0,0,0,0,0,1,2,0,2,0,5,2,5,4,0,4,0,0,3,0,3,0,3,0,3,2,1,0,2,1,2,3,3,2,2,7,5,5,5,0,1,19,4,0,2,4,1,13,1,0,0,3,6,1,1,4,1,1,0,1,0,1,0,1,4,1,2,0,2,0,1,1,1,0,2,0,1,0,2,1,2,1,2,0,1,3,4,0,5,0,1,0,5,1,1,3,2,1,0,6,4,1,1,1,1,5,2,1,1,4,1,0,2,1,3,0,0,0,0,0,2,0,0,3,2,2,0,3,5,1,0,1,8,2,5,3,3,0,0,2,0,2,1,2,2,1,4,2,4,2,4,4,1,2,2,3,0,5,1,0,1,3,1,4,1,2,11,1,1,0,1,11,0,1,0,3,0,3,2,4,3,3,0,3,2,1,8,3,0,0,0,6,2,2,5,3,2,2,0,2,2,1,3,3,1,2,7,13,10,8,19,0,4,1,3,3,1,0,1,2,7,3,2,1,3,3,8,5,5,5,2,2,2,3,8,6,0,3,0,2,2,2,3,0,2,1,3,0,1,1,2,3,8,11,9,2,2,1,9,4,2,3,3,3,0,8,1,4,3,2,1,4,1,0,8,10,11,1,0,0,1,13,12,4,2,1,3,4,8,10,8,4,7,3,0,2,9,6,1,4,8,2,3,3,1,1,2,1,9,4,5,4,2,2,3,0,3,4,8,11,2,4,7,2,3,2,2,1,2,0,1,3,7,3,3,3,6,7,4,2,0,2,2,4,7,0,2,0,0,1,0,1,2,3,1,0,0,0,1,1,0
FOODS_1_206_CA_1_evaluation,FOODS_1_206,FOODS_1,FOODS,CA_1,CA,2,5,0,3,3,1,0,10,2,5,0,0,0,0,3,1,2,14,2,1,0,0,2,4,0,4,4,2,0,4,2,3,2,2,3,5,1,1,0,0,2,0,4,2,1,4,0,0,3,6,3,0,1,1,0,3,3,0,1,3,2,2,1,1,1,4,1,0,2,4,3,2,2,7,1,2,1,0,3,3,2,6,0,2,2,3,3,1,11,0,6,2,0,2,1,0,0,3,8,2,1,2,5,0,3,1,6,2,1,3,1,1,10,1,2,7,0,3,3,1,1,3,2,2,2,0,1,2,1,2,2,1,1,1,4,0,1,1,1,0,5,8,6,0,0,1,0,5,1,1,1,5,0,0,2,11,10,5,9,6,4,0,0,0,0,0,0,1,1,1,1,0,2,0,1,9,2,4,0,2,1,0,0,0,0,0,0,0,0,0,0,0,0,0,0,0,0,0,0,0,0,0,1,4,1,7,8,1,4,1,4,5,3,2,2,0,0,0,0,4,2,2,0,4,14,0,0,5,1,0,0,9,3,2,3,1,5,0,4,7,3,2,5,5,3,0,0,1,0,0,2,1,4,0,1,2,3,4,0,3,0,2,2,3,4,1,6,4,1,4,3,0,9,0,2,2,1,1,7,5,4,3,4,3,1,6,0,3,9,1,2,3,3,2,2,2,4,4,3,5,4,1,14,0,0,1,1,3,5,4,7,5,1,1,2,9,3,6,1,1,10,0,0,1,2,8,4,4,6,3,5,2,1,0,0,0,13,2,4,3,2,0,7,2,9,5,1,0,1,6,6,3,1,3,4,1,0,2,3,3,4,6,1,0,5,7,1,0,2,5,2,3,3,8,3,2,0,1,5,1,7,8,4,3,4,3,1,1,0,10,2,9,7,1,2,0,0,3,3,4,2,2,1,5,1,7,0,1,7,7,1,1,7,2,9,1,5,1,4,1,6,0,1,0,0,0,0,0,0,0,0,0,0,4,7,6,1,6,2,1,1,3,3,3,1,3,2,1,12,2,4,1,4,6,1,1,9,2,0,2,1,1,6,2,1,0,4,2,2,0,1,3,4,0,7,1,3,3,0,3,1,2,0,2,0,0,4,1,1,2,6,0,0,2,0,2,0,0,0,0,0,0,4,3,5,6,1,1,2,0,0,1,2,2,1,2,2,6,2,1,0,1,1,2,2,5,1,3,2,0,0,0,0,0,0,0,0,4,0,1,1,2,0,2,4,0,0,7,1,1,1,1,0,0,0,0,1,2,3,1,2,1,1,0,0,0,0,6,2,2,0,1,0,4,6,0,4,0,0,0,0,1,0,2,1,4,4,0,0,0,2,1,1,1,0,1,0,1,0,0,0,1,6,2,0,2,3,1,2,1,0,2,1,2,1,5,5,0,1,2,0,4,0,5,0,1,2,4,5,0,4,1,2,1,1,0,0,2,3,0,3,1,1,4,7,2,2,2,0,0,3,1,2,1,0,4,1,2,5,3,2,0,0,1,2,3,2,2,4,1,1,5,9,2,0,0,0,2,11,2,0,1,2,5,2,1,10,3,2,0,2,2,4,0,0,1,2,1,3,2,8,1,2,2,2,5,0,3,1,1,1,1,1,0,4,3,2,7,3,0,4,7,0,3,0,6,3,4,6,4
FOODS_1_207_CA_1_evaluation,FOODS_1_207,FOODS_1,FOODS,CA_1,CA,1,0,0,0,0,5,2,0,1,3,5,2,2,2,3,2,3,0,0,0,0,4,0,2,0,2,3,1,1,0,2,3,1,1,1,2,2,1,3,3,1,1,1,2,2,0,2,4,5,1,0,4,3,1,3,1,1,1,2,6,1,3,1,0,0,1,2,1,1,2,2,3,0,3,1,0,2,0,1,1,3,0,0,2,2,1,2,3,1,3,1,0,1,1,5,0,2,0,2,1,3,4,1,0,1,2,0,0,1,1,5,1,1,3,3,0,7,0,1,0,3,1,2,1,0,0,2,2,3,1,0,0,3,1,0,2,2,0,1,1,0,0,1,0,2,0,1,2,2,0,3,1,2,2,1,0,1,0,2,1,0,4,0,1,0,4,0,0,0,1,3,0,0,1,0,2,0,1,1,2,0,0,1,2,1,2,1,1,0,0,0,2,0,2,2,2,1,1,0,7,2,1,0,1,2,0,2,3,2,2,0,8,1,0,1,0,0,2,1,0,1,0,1,0,2,2,2,2,3,0,2,0,0,2,1,3,0,0,3,2,1,2,1,2,2,2,0,1,2,1,1,1,1,0,2,1,2,2,1,1,0,4,2,0,3,1,2,0,2,0,1,0,0,0,0,3,0,2,1,4,0,1,1,0,1,0,1,2,0,2,0,6,2,0,3,1,0,3,2,0,2,2,2,1,1,2,2,1,0,3,5,3,4,6,2,5,1,1,1,1,6,0,0,0,1,0,1,0,0,1,2,4,1,0,0,0,2,2,4,2,0,1,1,0,0,0,4,1,3,4,1,1,0,0,0,7,2,4,1,1,6,2,0,1,3,0,0,4,2,2,1,1,1,1,0,0,3,1,4,0,2,0,2,3,0,5,0,0,1,0,3,0,5,0,3,1,2,2,1,3,0,1,0,1,4,0,1,2,3,6,0,3,0,3,0,0,11,3,1,1,1,2,0,1,4,0,0,1,2,2,1,1,1,1,5,1,0,1,1,0,3,3,1,1,1,0,2,0,0,6,2,0,0,2,0,0,2,3,3,1,2,4,0,1,0,2,0,2,0,0,2,1,2,0,0,0,3,0,0,2,0,2,3,0,0,0,5,2,1,1,0,2,3,1,1,3,3,0,0,1,3,2,3,1,3,0,0,0,1,1,0,2,1,2,3,1,1,0,1,1,0,1,0,0,0,0,1,0,1,1,0,1,2,0,2,8,3,1,0,2,2,2,2,1,2,0,0,0,0,1,2,0,1,1,0,0,3,1,0,1,1,2,5,0,0,1,1,1,0,4,5,0,2,2,0,1,2,2,3,5,0,0,0,0,0,1,0,1,1,2,1,0,2,2,0,4,2,0,0,0,3,3,1,1,0,4,0,2,2,3,2,4,1,2,3,0,0,1,1,1,2,1,0,3,3,2,4,1,2,1,2,0,2,2,0,3,1,2,2,1,1,3,1,4,1,0,2,0,2,4,5,0,1,4,1,1,3,3,3,1,2,4,5,0,3,3,0,2,4,0,9,5,10,2,1,0,0,1,2,4,0,1,3,0,2,0,0,1,1,0,1,2,2,0,2,1,0,2,0,1,3,3,0,0,1,1,3,0,1,0,0,1,0,3,0,0,0,3,0,0,3,2,1,1,1,2,3,0,1,3
FOODS_1_208_CA_1_evaluation,FOODS_1_208,FOODS_1,FOODS,CA_1,CA,1,0,0,2,0,0,0,4,0,5,0,1,1,2,2,1,3,3,1,3,1,4,1,1,1,1,1,2,3,5,28,0,1,9,2,1,1,0,0,2,4,4,1,2,1,2,1,1,2,3,2,1,2,0,0,1,1,0,1,1,1,0,1,0,3,1,3,1,2,0,3,0,2,2,0,0,2,5,3,1,3,1,0,6,1,6,2,4,1,0,1,0,5,2,1,0,2,4,4,1,1,0,2,1,1,2,7,3,1,0,0,3,0,1,2,0,0,1,0,5,1,0,1,2,4,0,1,0,1,0,2,4,1,1,2,1,0,0,1,0,3,0,0,0,0,0,0,5,3,0,0,3,5,0,1,4,0,0,0,0,4,3,1,1,0,0,22,0,0,3,3,0,0,4,1,1,5,1,1,2,2,4,1,1,1,1,2,0,0,1,1,1,2,2,2,2,3,0,1,0,0,0,1,3,0,1,1,0,3,6,4,6,1,2,0,0,0,4,0,0,2,0,2,2,0,1,0,0,2,2,1,0,3,0,2,0,2,0,5,0,2,1,0,0,1,0,1,1,0,3,0,2,3,2,5,2,1,1,0,1,1,0,0,2,3,4,1,1,0,2,0,0,1,1,2,2,0,5,2,0,3,0,1,1,0,4,0,2,3,4,0,0,1,0,1,3,0,2,0,0,2,0,0,2,2,1,1,0,0,1,2,0,5,1,2,1,4,2,0,1,5,2,0,3,0,0,2,2,1,3,1,1,0,2,0,1,0,3,1,1,0,1,0,1,0,2,0,0,2,1,3,0,1,1,1,0,5,1,1,1,4,0,1,0,0,1,1,0,1,1,1,2,1,3,1,0,3,4,0,4,2,4,4,0,0,1,1,1,2,0,1,2,0,0,0,2,1,6,2,1,1,0,0,4,1,6,0,2,0,1,0,1,5,1,3,2,2,3,0,5,0,1,1,0,1,1,5,0,0,1,0,3,3,3,0,0,2,3,1,0,1,2,1,2,1,3,2,3,4,1,2,2,7,3,1,2,3,0,1,0,0,0,1,1,2,2,0,2,0,4,1,0,1,0,0,0,1,1,0,1,0,3,1,1,4,1,0,0,1,0,1,0,1,0,0,1,1,0,0,1,2,1,0,0,0,2,0,1,2,1,2,0,1,1,0,0,0,1,2,1,2,0,0,0,1,2,0,0,0,2,0,2,4,4,1,0,0,0,0,1,0,0,4,0,2,0,0,0,3,0,2,0,1,2,1,0,3,1,0,0,2,0,0,1,5,0,1,5,2,0,0,2,2,2,3,0,0,1,7,1,0,0,1,1,0,0,0,1,1,0,3,0,0,1,0,2,1,0,3,2,1,2,3,2,0,0,3,0,0,1,1,0,0,1,0,2,0,0,4,5,0,0,3,3,3,0,0,1,1,1,0,1,1,2,0,2,2,0,1,2,0,0,1,0,0,6,0,2,1,2,1,0,3,2,1,3,4,3,1,0,3,2,3,0,0,3,2,2,1,1,3,4,3,3,2,2,3,5,1,2,3,1,0,4,3,0,2,2,5,0,3,2,1,5,4,0,1,1,3,3,0,0,1,2,1,0,1,1,0,1,2,0,2,1,2,1,9,0,2,0,0,2,2,2,0,1,2,2,1,2
FOODS_1_217_CA_1_evaluation,FOODS_1_217,FOODS_1,FOODS,CA_1,CA,0,0,0,0,0,0,0,0,0,0,0,0,0,0,0,0,0,0,0,0,0,0,0,0,0,0,0,0,0,0,0,0,0,0,0,0,0,0,0,0,0,0,0,0,0,0,0,0,0,0,0,0,0,0,0,0,0,0,0,0,0,0,0,0,0,0,0,0,0,0,0,0,0,0,0,0,0,0,0,0,0,0,0,0,0,0,0,0,3,4,6,4,4,3,1,5,2,3,7,6,0,4,5,6,6,4,5,3,4,3,4,4,2,4,5,4,3,1,6,4,6,2,11,5,2,3,4,5,2,7,2,3,1,1,5,3,5,2,5,7,6,1,4,6,3,6,4,6,7,4,4,3,14,9,4,8,6,8,11,12,17,1,1,3,1,1,2,1,2,0,0,7,2,1,0,0,0,1,0,0,0,0,0,0,0,0,0,0,0,0,0,0,0,0,3,4,7,5,4,4,6,0,3,7,5,0,0,0,0,10,6,10,9,16,7,0,3,3,0,2,5,2,1,1,3,3,1,0,1,2,0,0,0,0,0,0,1,0,0,0,0,0,0,0,0,2,0,0,0,8,0,1,0,0,0,0,0,0,0,0,0,0,5,4,2,0,0,0,0,0,2,1,1,0,0,0,0,0,2,2,1,4,2,0,0,1,0,0,0,0,0,1,0,0,0,0,0,0,1,0,0,2,0,1,2,0,0,3,1,1,1,6,9,5,2,7,2,0,0,0,1,0,0,0,0,0,0,0,0,0,1,1,4,2,6,1,3,3,3,2,4,1,5,6,6,3,4,2,1,12,4,3,3,1,4,7,4,7,3,1,4,3,0,6,2,6,2,0,1,3,5,6,3,1,6,3,4,5,4,3,3,5,6,1,10,3,3,2,2,4,3,3,6,3,0,3,0,8,1,4,0,4,4,1,0,4,2,5,0,1,3,2,0,3,1,2,4,2,4,6,4,6,2,1,3,4,1,1,3,3,5,2,2,7,3,4,1,3,2,2,2,7,7,1,0,0,2,0,6,0,2,1,1,6,1,1,6,1,2,1,3,1,1,1,2,0,4,0,1,0,0,0,0,0,1,4,0,3,3,4,2,9,0,1,0,3,2,0,0,1,4,1,2,3,4,3,4,4,4,2,2,6,1,4,1,5,2,2,4,4,2,2,1,7,4,1,3,2,7,7,7,4,5,7,5,9,6,5,4,2,3,7,7,1,3,3,6,2,6,2,3,0,3,2,3,5,4,1,4,1,0,0,0,1,0,1,2,3,7,5,5,5,9,6,3,14,6,7,2,10,8,9,6,6,14,12,18,16,22,19,0,9,2,1,6,4,1,2,2,3,3,2,2,3,3,3,2,3,2,3,2,5,5,7,6,4,2,3,0,2,3,5,2,1,0,3,4,6,1,4,3,5,4,11,3,4,2,9,6,2,5,4,3,5,3,7,3,2,0,4,2,7,3,2,2,1,1,1,1,1,0,2,2,2,1,0,0,3,2,5,4,0,0,0,2,2,3,2,2,1,4,5,2,2,1,2,4,2,3,4,4,3,2,1,5,4,4,5,3,1,5,1,8,5,3,3,2,0,2,1,4,3,5,0,3,1,1,6,3,3,0,7,4,7,6,2,1,1,2,0,0,4,2,0,3,3,9,6,0,1
FOODS_1_218_CA_1_evaluation,FOODS_1_218,FOODS_1,FOODS,CA_1,CA,10,18,2,3,4,14,14,29,34,16,16,15,7,11,35,10,25,13,10,20,14,15,14,5,4,7,3,26,21,17,13,21,11,11,22,24,16,13,20,28,28,19,13,18,14,23,17,29,21,28,25,12,11,30,20,23,35,18,19,16,28,21,22,19,15,8,16,14,14,20,25,18,15,12,10,11,6,23,60,23,20,24,18,12,33,19,11,14,15,28,17,22,26,12,10,13,13,11,16,5,10,6,10,9,18,14,15,6,10,5,9,15,16,19,12,14,10,21,12,22,17,15,4,10,17,16,18,18,12,11,17,11,19,18,17,12,25,22,11,13,33,24,28,9,10,7,15,31,23,21,12,14,22,13,19,31,21,12,12,4,11,3,13,20,16,7,19,12,12,12,9,10,17,12,14,22,26,17,22,14,8,18,28,23,13,8,8,5,16,3,1,3,1,3,15,11,13,5,4,7,18,9,12,22,16,27,3,6,3,8,15,56,43,31,28,0,6,3,8,1,4,3,9,11,17,10,2,8,7,6,8,21,13,4,6,11,9,8,13,6,11,3,11,9,12,12,22,5,11,13,22,11,28,17,8,11,17,18,28,44,22,21,16,9,14,23,92,8,4,6,8,5,11,11,12,5,3,1,12,4,6,16,12,15,2,9,7,13,5,4,5,5,7,6,10,2,5,1,13,13,14,10,5,5,6,3,5,4,4,7,6,9,2,6,13,12,7,4,4,4,4,3,9,12,10,13,10,7,1,6,2,2,3,7,5,22,31,14,18,3,18,8,10,13,28,2,13,6,14,15,17,7,4,8,6,4,13,35,13,11,9,7,13,17,22,14,12,8,5,10,21,35,9,11,11,15,7,14,27,10,11,8,8,9,10,14,8,7,7,11,14,17,11,18,10,27,8,12,30,16,8,3,7,8,17,10,6,4,14,6,8,4,6,7,5,5,10,10,20,15,21,17,17,12,12,8,5,7,14,20,7,9,7,13,15,17,21,15,16,8,17,23,15,14,8,10,7,16,16,10,12,7,3,5,9,29,15,4,14,8,4,9,8,9,4,10,9,14,13,21,12,14,20,2,4,4,7,6,19,8,8,9,9,9,7,6,0,6,17,19,16,18,10,4,7,13,13,21,13,10,9,7,5,16,15,4,7,15,9,7,9,16,15,19,5,11,7,6,9,5,3,7,1,2,23,5,1,3,4,4,2,4,10,5,5,11,2,2,4,10,3,6,7,2,2,1,5,5,16,11,5,4,12,10,4,9,6,4,2,6,9,8,3,5,7,5,11,8,6,14,6,3,11,7,12,15,8,20,14,13,0,5,9,4,4,4,2,5,9,8,3,0,1,2,7,7,5,13,3,10,13,9,8,16,8,1,5,1,3,18,27,2,6,8,2,8,5,9,1,5,4,4,6,8,8,9,17,13,12,29,15,9,9,7,9,5,13,8,2,16,12,3,8,6,17,7,13,7,11,12,7,12,10,18,14,3,18,11,17,11,10,8,9,11,8,9,7,8,25,28,22,16,17,9,1,10,6,16,6,7,11,5,5,11,6,22,12,13,11,8,11,14,10,3,10,9,5,4,2,9,8,6,9,6,4,13,6,10,9,9,16,13,13,18,16,16,5,3,4,14,13,27,6,2,12,15,2,3,4,1
FOODS_1_219_CA_1_evaluation,FOODS_1_219,FOODS_1,FOODS,CA_1,CA,8,2,7,5,6,4,4,6,6,1,2,1,2,3,4,2,1,1,1,4,4,8,3,4,1,5,3,5,5,4,3,1,3,1,6,2,9,4,2,3,4,0,4,3,4,0,1,0,0,0,3,2,3,2,3,2,5,0,0,0,4,3,7,1,5,4,3,0,2,0,3,7,3,2,4,0,5,1,10,4,6,5,1,4,5,5,2,3,5,0,1,5,3,1,3,1,0,3,1,6,4,3,1,3,4,5,6,1,2,5,2,1,5,5,3,0,2,3,4,5,2,2,7,3,3,3,9,4,2,3,8,5,8,2,3,3,7,4,0,3,7,4,1,1,3,0,0,0,0,0,0,0,0,0,0,0,0,0,0,0,0,0,0,0,0,0,0,0,0,0,0,0,0,0,0,0,0,0,0,0,0,0,0,0,0,0,0,0,0,0,0,0,0,0,0,0,0,0,0,0,0,0,0,0,0,0,0,0,0,0,0,0,0,0,0,0,0,0,0,0,0,0,0,0,0,0,0,0,0,0,0,0,0,0,0,3,0,3,3,9,4,0,4,2,1,7,8,4,5,4,3,6,4,3,3,2,3,2,1,0,0,0,0,0,0,0,0,0,0,0,0,0,0,0,0,0,0,0,0,0,0,0,0,0,0,0,0,0,0,0,0,0,0,0,0,0,0,0,0,0,0,0,0,0,0,0,0,0,0,0,0,0,0,0,0,0,0,0,0,0,0,0,0,0,0,0,0,0,0,0,0,0,0,0,0,2,7,9,0,3,5,5,2,7,4,3,2,2,0,0,2,3,5,0,2,2,5,6,7,7,8,2,2,2,3,4,4,2,8,4,7,8,8,4,0,3,4,6,6,4,4,4,6,1,0,7,5,5,7,0,3,3,3,6,2,9,3,1,3,6,5,3,2,2,1,6,2,3,2,2,6,7,6,5,4,5,2,4,4,3,5,7,3,4,1,4,5,2,4,3,3,3,5,7,6,7,3,4,1,5,2,4,10,6,6,2,2,4,3,6,4,3,5,2,4,7,8,0,2,2,2,8,3,6,4,3,2,4,5,2,7,5,2,5,0,1,0,3,6,6,5,6,6,4,5,4,2,6,1,9,5,3,4,1,1,0,6,0,0,6,3,4,2,2,0,0,0,0,0,0,0,0,0,0,0,0,0,0,0,0,0,0,0,0,0,0,0,0,0,0,0,0,0,0,0,0,0,0,0,0,0,0,0,0,0,0,0,0,0,0,0,0,0,0,0,0,0,0,0,0,0,0,0,0,0,0,0,0,0,0,0,0,0,0,0,0,0,0,0,0,0,0,0,0,0,0,0,0,0,0,0,0,0,0,4,4,8,4,6,3,7,8,7,3,4,2,0,1,3,2,8,5,6,3,4,4,2,3,4,1,6,2,2,7,9,9,6,6,2,5,4,4,4,4,4,1,4,7,9,2,4,2,0,4,11,5,3,1,3,4,4,5,9,5,1,2,3,1,12,10,2,4,2,0,1,7,2,4,2,2,3,6,10,3,6,5,3,0,3,8,5,2,4,1,3,1,4,6,4,2,1,4,4,3,6,6,1,0,1,4,2,1,1,3,3,3,3,3,5,4,3,1,0,2,7,2,5,2,4,1,2,5,4,2,1,2,5,4,5,3
FOODS_2_003_CA_1_evaluation,FOODS_2_003,FOODS_2,FOODS,CA_1,CA,0,0,0,0,0,0,0,0,0,0,0,0,0,0,0,0,0,0,0,0,0,0,0,0,0,0,0,0,0,0,0,0,0,0,0,0,0,0,0,0,0,0,0,0,0,0,0,0,0,0,0,0,0,0,0,0,0,0,0,0,0,0,0,0,0,0,0,0,0,0,0,0,0,0,0,0,0,0,0,0,0,0,0,0,0,0,0,0,0,0,0,0,0,0,0,0,0,0,0,0,0,0,0,0,0,0,0,0,0,0,0,0,0,4,1,2,0,3,3,2,0,2,0,0,0,3,0,2,1,1,1,2,1,5,1,0,1,1,1,0,0,3,0,0,0,1,0,1,1,1,1,0,0,0,0,1,1,1,1,0,0,2,0,0,1,3,2,5,7,7,5,5,4,1,2,5,2,1,5,1,1,9,4,5,7,5,6,2,5,5,3,4,1,2,0,5,5,4,3,1,4,2,1,5,7,4,7,2,5,0,4,2,3,4,1,0,4,4,4,4,1,3,1,4,6,3,3,4,2,4,4,9,4,6,3,7,4,1,4,9,8,2,6,3,3,8,9,4,3,3,3,1,0,9,5,3,12,3,3,2,2,6,4,6,7,2,7,12,4,3,5,3,6,9,2,5,5,3,3,4,3,6,4,2,3,4,7,12,9,6,4,3,5,11,8,12,6,0,0,2,2,0,2,0,2,0,0,1,0,1,2,1,1,5,0,1,0,1,0,0,0,0,0,0,0,2,1,1,0,5,2,1,1,2,0,0,1,0,0,0,0,0,0,0,0,0,0,0,0,0,0,0,0,0,0,0,0,0,0,0,0,0,0,0,0,0,0,0,0,0,0,0,0,0,0,0,0,0,0,0,0,0,0,0,0,0,0,0,0,0,0,0,0,0,0,0,0,0,0,0,0,0,0,0,0,0,0,0,0,0,0,0,0,0,0,0,0,0,0,0,0,0,0,0,0,0,0,0,0,0,0,0,0,0,0,0,0,0,0,0,0,0,0,0,0,0,0,0,0,0,0,0,0,0,0,0,0,0,0,0,0,0,0,0,0,0,0,0,0,0,0,0,0,0,0,0,0,0,0,0,0,0,0,4,2,0,0,0,1,1,3,1,0,1,0,1,5,1,1,0,0,1,0,2,0,4,0,0,1,0,1,1,0,0,0,0,0,0,0,0,0,0,0,0,0,0,2,1,1,0,0,0,0,1,0,0,1,0,3,0,0,2,0,1,0,0,0,0,2,0,0,0,0,0,0,1,0,0,0,0,1,0,0,0,0,0,0,0,0,0,0,0,0,0,0,0,0,0,0,1,0,0,2,0,0,0,0,0,0,0,0,0,0,0,2,0,0,0,0,2,0,0,0,1,0,2,1,0,1,0,0,0,0,0,1,0,1,0,0,1,0,2,0,0,3,1,0,0,0,2,0,0,0,0,0,0,3,1,1,0,0,0,0,0,0,0,1,0,0,0,0,0,1,0,3,1,0,1,1,1,0,1,0,1,0,2,1,1,2,0,1,1,0,2,0,3,1,0,2,0,0,1,1,2,1,0,1,2,1,0,0,0,0,0,0,1,1,1,0,1,1,0,2,0,0,0,0,2,3,1,0,1,1,0,0,1,2,0,0,0,1,2,1,0,3,2,0,0,2,2
FOODS_2_004_CA_1_evaluation,FOODS_2_004,FOODS_2,FOODS,CA_1,CA,0,3,3,0,0,0,2,0,2,3,3,0,0,1,2,2,3,1,0,0,0,1,3,1,0,1,2,2,0,1,1,1,1,0,0,1,1,2,5,0,0,0,1,4,3,0,1,5,1,3,1,5,2,1,0,4,1,3,4,2,1,0,0,1,3,3,0,0,0,2,2,4,8,0,0,0,0,0,0,0,0,0,0,0,0,0,0,0,0,0,0,0,0,0,0,0,0,0,0,0,0,0,0,0,0,0,0,0,0,0,0,0,0,0,0,0,0,0,0,0,0,0,0,0,0,0,0,0,0,0,0,0,0,0,0,0,0,0,0,0,0,0,0,0,0,0,0,0,0,0,0,0,0,0,0,0,0,0,2,0,3,4,0,1,3,2,2,4,2,1,3,3,0,0,3,2,0,1,4,0,3,1,3,2,0,2,1,1,0,1,0,4,2,0,1,3,0,4,4,2,2,0,3,4,3,4,0,0,0,0,0,1,0,0,0,0,0,1,1,1,1,0,0,3,5,2,2,2,1,0,1,2,0,0,0,0,0,0,0,2,2,1,1,0,1,3,1,2,0,0,1,2,1,1,0,3,1,1,3,3,0,0,1,0,1,3,2,2,2,2,2,1,0,0,2,2,0,0,0,2,1,3,2,1,2,3,0,2,2,3,3,2,0,0,0,4,0,0,1,1,1,1,0,0,2,0,0,0,3,0,0,0,0,0,0,0,2,0,0,1,3,2,2,2,3,1,0,2,2,0,1,3,3,2,2,0,1,1,2,1,2,0,2,4,1,0,0,0,1,1,0,2,4,1,0,0,2,2,3,1,0,0,4,1,3,0,0,1,3,1,0,3,3,3,0,0,1,0,2,0,0,4,1,3,2,1,2,2,3,3,0,2,0,1,1,0,0,0,2,1,3,2,4,0,0,0,0,0,0,0,0,0,0,0,0,0,0,0,0,0,0,0,0,0,0,0,0,0,0,0,0,0,0,0,0,0,0,0,0,0,0,0,0,0,0,0,0,0,0,0,0,0,0,0,0,0,0,0,0,0,0,0,0,0,0,0,0,0,0,0,0,0,0,0,2,0,4,2,3,1,1,1,2,0,3,3,0,0,2,1,1,0,3,3,0,0,0,3,3,1,2,1,0,2,1,2,1,4,0,2,2,1,3,0,1,2,0,0,0,2,3,1,2,1,1,0,4,0,0,2,2,0,2,4,5,2,1,2,0,2,6,0,1,3,0,0,1,1,2,1,0,1,0,0,0,2,0,3,3,1,1,0,1,0,2,1,1,2,1,0,0,5,0,1,0,1,0,1,0,0,0,1,2,1,2,1,0,0,1,4,1,2,0,1,0,0,1,1,0,0,0,3,0,3,0,2,1,1,1,2,1,3,0,2,0,1,2,1,1,3,0,1,2,1,2,1,4,1,1,1,2,2,1,2,1,0,0,1,5,1,2,1,3,2,0,0,4,0,0,0,2,0,1,3,0,0,1,2,0,7,2,1,0,1,0,1,3,1,2,0,1,2,0,0,0,0,3,1,0,3,6,1,0,0,1,0,5,3,5,0,0,3,0,1,0,1,0,2,1,1,0,0,0,1,0,2,1,1,3,2,1,0,0,0,1,0,4,2,0,0,0,2,3,3,1,0,0,1,0,1
FOODS_2_013_CA_1_evaluation,FOODS_2_013,FOODS_2,FOODS,CA_1,CA,7,5,6,5,2,2,3,7,3,2,5,5,5,4,9,10,3,3,4,3,2,1,4,6,4,3,6,2,2,4,8,5,4,2,4,2,3,1,5,4,3,4,3,2,8,2,3,7,6,1,7,5,1,2,2,7,3,3,3,1,0,2,2,1,0,4,1,1,1,5,5,0,3,3,4,4,3,5,0,3,0,1,3,6,1,8,5,3,1,2,3,3,6,2,1,3,2,3,4,1,5,2,7,2,4,5,1,5,7,4,3,5,6,4,9,1,5,4,2,9,1,4,0,0,2,1,4,4,3,2,6,3,3,3,6,4,3,1,11,13,1,4,4,0,1,1,3,2,4,5,2,1,2,1,4,12,5,3,1,4,1,3,2,3,2,4,6,4,10,7,4,0,2,3,5,6,5,2,2,6,4,4,7,4,3,1,2,0,0,4,2,4,0,9,4,3,5,5,4,5,6,0,2,1,3,2,1,0,4,1,3,3,5,0,2,0,0,5,2,6,1,1,5,0,4,3,6,11,4,2,7,9,13,8,2,3,5,3,6,9,0,0,4,0,6,4,8,3,0,4,1,3,9,5,2,8,2,7,4,6,4,6,4,3,0,4,6,0,4,3,0,1,2,3,3,1,3,1,2,2,6,5,3,6,4,0,2,2,3,2,2,3,3,4,2,6,6,0,4,0,4,0,2,2,2,3,2,1,3,3,1,4,5,3,4,4,0,4,4,3,1,2,4,5,3,5,4,0,3,1,3,2,3,0,3,4,5,3,1,3,2,0,2,6,2,9,3,3,2,2,9,3,0,0,4,5,2,1,8,3,0,2,1,8,7,4,3,2,0,1,2,3,5,4,5,3,9,3,5,9,6,4,7,0,0,5,9,6,3,8,5,1,4,8,3,3,2,3,4,7,7,8,4,0,5,5,5,6,5,5,2,7,3,0,7,4,4,1,3,6,3,4,2,11,1,8,3,1,5,2,1,1,3,5,0,8,4,5,2,6,8,7,7,4,3,6,2,2,11,7,3,3,3,4,1,8,7,5,1,2,2,7,6,5,3,1,2,6,9,11,5,2,3,2,1,1,3,7,4,2,0,4,3,4,3,2,3,0,3,3,2,6,1,3,3,1,2,8,6,5,6,6,6,6,4,2,3,4,0,0,2,3,4,3,5,5,2,3,3,8,2,2,2,3,0,6,5,1,7,2,3,11,6,5,3,2,9,1,2,4,9,4,1,1,1,2,2,5,4,3,1,0,0,0,3,4,3,3,2,0,0,0,0,0,0,0,0,0,6,2,6,0,0,2,4,4,4,4,2,2,0,6,5,2,1,0,2,5,6,4,12,4,2,4,6,7,7,1,2,1,1,1,5,10,1,2,5,3,4,4,6,6,2,3,3,6,8,6,3,4,1,3,6,7,2,3,7,4,2,4,4,1,0,6,5,3,1,3,0,4,4,2,4,1,3,2,4,7,3,5,8,3,11,6,4,2,2,2,8,1,0,2,2,1,2,5,5,5,1,4,2,3,6,2,5,9,3,3,3,2,7,4,4,0,5,2,2,6,8,3,3,4,2,13,9,5,3,1,0,5,7,6,2,4,3,2,4,5,6,3,10,4,2,4,0,7,5,6,1,3,3,6,0,4,5,5,1,2,6,2
FOODS_2_014_CA_1_evaluation,FOODS_2_014,FOODS_2,FOODS,CA_1,CA,1,6,2,3,3,1,2,4,1,2,2,2,2,7,3,4,4,2,8,0,5,3,0,3,0,2,3,7,3,7,2,1,2,2,4,3,1,2,4,3,5,0,3,4,3,0,4,9,6,0,0,0,5,2,0,4,1,0,0,1,4,3,2,2,1,4,1,0,0,4,4,7,1,2,6,3,1,4,1,1,0,1,4,0,0,1,4,1,1,5,4,1,2,3,0,3,3,5,1,6,4,0,2,3,4,3,2,1,1,2,0,5,3,5,2,0,1,1,5,4,7,1,1,1,0,0,4,3,3,2,2,4,6,9,2,4,0,1,2,4,2,4,1,1,1,2,2,4,3,5,2,0,1,2,3,3,2,2,0,2,3,7,3,2,2,0,0,1,4,3,3,0,4,2,2,7,4,3,2,1,4,3,6,7,6,1,4,0,5,1,1,5,4,3,4,7,5,8,4,2,3,1,3,7,2,0,3,1,4,3,6,6,1,12,10,0,1,2,2,4,4,2,1,4,4,7,5,2,0,0,1,1,5,1,1,2,0,3,4,2,2,4,3,2,8,4,1,1,2,1,3,2,3,2,0,2,6,3,1,8,4,0,0,4,1,2,5,1,4,2,0,0,2,3,3,1,0,0,4,1,3,2,5,3,1,1,4,5,2,3,4,6,0,2,2,2,0,2,2,2,1,2,1,2,1,0,2,4,2,3,2,3,1,1,0,20,0,0,0,2,2,5,2,4,3,2,3,0,4,2,3,3,0,0,0,3,5,4,1,0,1,0,2,8,4,5,0,1,5,5,7,3,3,0,0,2,5,3,2,1,3,5,4,1,2,4,3,2,2,1,0,2,5,4,1,0,5,0,6,3,0,0,1,3,1,3,5,1,1,2,2,4,2,0,4,2,3,0,5,2,2,1,2,1,5,1,1,2,2,0,2,0,2,1,8,2,0,2,2,0,2,2,3,1,0,1,3,2,3,1,2,2,1,0,6,6,1,0,2,2,4,5,3,2,2,5,2,0,5,2,0,1,1,3,2,0,1,3,0,3,2,2,3,0,2,1,1,7,3,3,1,2,4,2,1,6,1,4,2,3,1,0,3,5,1,2,0,2,0,1,5,2,3,3,2,2,5,13,1,6,2,1,0,2,2,6,3,0,2,3,0,2,3,2,1,0,2,2,2,1,2,3,1,0,0,5,4,5,3,2,2,7,3,4,1,1,0,3,3,1,4,4,3,2,5,1,1,5,2,3,0,2,4,3,3,2,3,2,1,1,2,4,0,2,2,2,1,6,2,3,3,5,6,9,10,1,4,0,0,11,0,2,2,3,3,2,1,0,0,4,1,1,3,1,0,0,0,0,0,0,0,0,0,0,0,0,0,2,3,4,2,0,1,2,1,3,1,0,2,2,2,3,2,0,4,1,0,2,0,8,6,3,1,5,1,2,1,1,5,4,1,2,1,5,5,6,4,2,3,0,3,3,3,4,0,0,2,1,2,3,3,0,2,1,3,2,0,1,2,3,0,1,14,0,0,0,0,1,2,3,2,1,2,0,0,3,5,1,1,0,1,3,2,4,3,2,0,0,0,0,5,1,0,1,2,8,3,2,1,0,1,1,3,4,2,2,2,1,1,1,3,4,5,0,0,1,1,2,8,1
FOODS_2_016_CA_1_evaluation,FOODS_2_016,FOODS_2,FOODS,CA_1,CA,4,5,4,8,6,2,0,15,4,10,5,0,2,4,4,5,6,0,9,0,3,19,3,3,2,3,2,0,6,6,8,3,1,0,2,9,8,0,0,0,1,0,7,2,3,0,0,1,16,15,0,6,3,2,3,5,9,3,1,2,0,8,6,9,1,9,1,6,5,8,8,2,4,8,4,7,2,14,5,4,0,2,1,8,3,0,1,1,0,12,4,13,6,0,0,0,0,2,5,14,6,0,0,3,4,10,3,0,0,0,2,7,16,1,4,0,5,4,0,13,13,1,0,4,2,11,4,6,3,7,1,2,4,16,5,7,4,1,6,0,22,0,5,0,2,9,7,12,4,4,3,0,2,2,10,6,7,1,0,0,3,8,11,0,5,4,2,6,4,4,5,5,6,9,9,9,0,10,3,0,0,0,3,16,0,0,9,5,9,5,1,8,0,2,2,9,6,9,3,5,4,2,5,3,3,0,8,0,7,3,10,5,0,9,1,0,9,5,5,7,0,6,21,1,15,1,0,0,0,3,12,11,5,13,7,0,1,9,5,9,10,0,0,0,5,15,12,5,0,0,1,2,13,6,0,0,7,7,0,8,10,2,2,5,2,6,8,6,10,3,2,2,13,11,9,7,7,3,4,0,13,20,10,0,16,6,13,16,11,1,0,8,0,5,5,4,0,2,2,0,6,21,7,0,2,4,8,6,4,4,6,3,0,2,4,24,5,3,6,6,5,7,18,0,0,0,0,0,0,0,10,7,3,2,2,8,3,5,2,4,4,5,15,7,5,6,1,2,0,17,3,9,0,2,2,0,9,26,0,0,0,0,4,11,1,4,5,0,2,8,6,9,12,1,2,6,1,9,11,1,6,5,0,3,10,2,4,20,0,0,4,1,25,0,5,1,5,3,7,6,0,0,2,2,1,0,10,1,0,1,0,5,6,9,0,4,0,0,3,3,4,5,5,3,0,0,8,7,4,1,1,2,3,13,4,7,17,0,0,0,9,2,8,8,0,0,2,16,10,0,0,0,2,0,9,13,0,0,2,0,0,2,4,3,7,4,4,2,8,9,4,0,0,0,4,13,4,9,1,0,0,1,10,14,6,1,1,0,0,13,2,8,6,0,2,6,12,19,3,0,11,2,2,14,16,1,0,4,0,0,8,8,7,0,9,3,4,13,4,0,6,0,2,5,6,9,8,5,11,0,5,3,13,10,0,3,2,2,10,7,3,3,4,4,8,11,2,2,21,0,8,0,3,10,3,10,0,0,2,6,19,7,1,6,0,6,9,15,3,2,7,1,0,7,13,10,3,7,8,5,0,10,7,0,6,0,12,9,6,2,4,15,6,0,12,12,2,7,3,1,1,0,39,0,1,0,0,2,4,5,7,2,0,5,0,6,21,3,8,5,0,4,6,5,8,2,3,6,7,6,4,2,1,12,2,5,11,7,6,1,0,1,5,13,5,2,1,4,4,0,10,11,0,6,0,4,5,4,6,6,7,2,0,7,7,4,6,2,9,2,0,6,0,1,2,6,7,5,3,20,7,0,1,6,5,6,9,20,8,0,0,1,12,0,4,0,0,2,2,1,21,4,6,2,4,1,1,20,1,3,5,4,1,2,0,7,1,3,2,11,24,0,0,0,0,0,2,4,2,13
FOODS_2_019_CA_1_evaluation,FOODS_2_019,FOODS_2,FOODS,CA_1,CA,7,17,20,20,12,11,23,16,22,13,26,28,6,10,30,30,12,21,14,21,19,11,25,16,16,16,22,19,20,23,28,9,11,6,10,15,23,11,10,25,12,9,10,13,38,18,0,0,8,0,0,0,0,0,0,29,13,36,14,23,18,14,17,18,18,15,15,17,9,19,22,32,36,17,38,1,17,31,32,8,17,15,8,23,23,25,18,24,23,14,20,13,26,7,16,8,8,19,13,9,11,27,17,24,24,28,30,21,30,24,18,19,22,19,16,21,25,11,17,10,23,27,17,15,10,8,13,29,3,11,24,17,15,44,18,13,31,31,13,12,21,25,19,20,10,20,12,10,13,16,9,16,9,16,25,16,10,13,8,15,9,31,38,17,22,15,13,21,6,29,28,18,12,10,14,17,22,20,4,7,11,12,13,12,17,12,16,9,14,14,23,15,17,18,19,18,26,26,22,20,22,10,15,11,15,12,19,11,10,16,5,12,9,9,5,0,19,17,14,14,7,10,8,19,22,25,22,24,16,25,14,13,24,12,15,20,11,19,9,19,17,12,12,8,12,8,16,13,16,3,4,18,19,21,11,13,5,25,16,20,33,20,15,9,12,5,3,16,15,5,8,14,14,15,27,18,12,7,5,14,8,22,24,11,20,14,15,31,24,14,12,4,11,23,0,12,10,16,12,10,15,11,12,11,14,6,5,7,18,11,8,9,11,24,15,12,18,16,18,14,24,14,9,23,19,9,3,6,18,13,23,19,14,7,18,16,30,18,13,8,16,8,14,32,24,7,21,15,15,23,26,17,23,16,12,9,9,11,22,12,14,10,6,7,10,15,10,14,10,6,8,5,14,19,7,8,18,19,14,7,24,19,12,20,10,18,13,27,6,7,8,14,17,18,13,1,14,9,6,0,0,0,8,21,14,12,13,27,21,18,9,17,19,20,16,18,13,1,14,16,14,16,12,15,12,6,17,14,22,13,13,15,17,16,12,37,21,15,23,24,18,22,27,21,16,14,19,7,4,22,21,24,7,7,12,15,39,17,7,9,15,6,14,33,16,5,15,16,33,11,18,18,10,13,17,13,13,35,13,19,7,7,13,19,29,22,14,17,9,8,32,28,15,19,9,18,21,19,25,24,22,19,12,17,20,30,15,9,17,12,5,22,25,20,28,11,14,12,22,12,15,19,7,10,18,10,26,23,16,28,16,14,25,24,16,15,23,12,14,11,18,18,7,21,7,7,6,18,26,6,7,2,7,8,15,14,17,12,20,21,23,25,13,9,25,13,16,19,18,19,11,9,17,8,17,28,19,15,10,11,0,16,34,15,10,9,3,13,19,21,8,13,25,14,20,16,37,15,14,16,13,16,19,22,17,18,19,7,15,15,22,19,13,7,13,19,14,21,24,13,23,15,18,17,19,15,18,16,14,10,19,12,18,21,11,7,22,11,21,22,17,12,16,14,24,23,12,20,15,19,16,32,35,17,15,12,13,8,10,17,13,11,21,14,9,11,24,20,6,17,13,12,5,16,14,18,8,10,8,19,27,20,10,8,10,11,23,27,13,18,29,9,15,15,30,17,9,17,13,13,26,22,8,13,8,12,4,16,19,20,13,25,11,7,19,16,12,23,9,15,10,12,24,27,12,9,7,13,12,16
FOODS_2_021_CA_1_evaluation,FOODS_2_021,FOODS_2,FOODS,CA_1,CA,8,4,8,16,3,0,2,12,6,10,4,2,1,15,1,9,14,3,13,4,2,17,9,17,0,0,8,6,3,0,0,2,6,6,3,16,0,10,19,10,1,1,0,4,1,11,23,0,4,3,7,5,3,12,0,11,2,6,3,7,5,8,2,8,12,4,2,10,0,0,9,12,10,21,11,6,1,4,3,3,1,1,2,3,4,5,4,6,4,11,4,7,16,3,4,2,10,8,4,7,17,21,6,0,0,0,0,0,0,0,0,0,0,0,0,0,0,0,0,0,0,0,0,0,0,0,0,0,0,0,0,0,0,0,0,0,0,0,0,0,0,0,0,0,0,0,0,0,0,0,0,0,0,0,0,0,0,0,0,0,0,0,0,0,0,0,0,0,0,0,0,0,0,0,0,0,0,0,0,0,0,0,0,0,0,0,0,0,0,0,0,0,0,0,0,0,0,0,0,0,0,0,0,0,0,0,0,0,0,0,0,0,0,0,0,0,0,0,0,0,0,0,0,0,0,0,0,0,0,0,0,0,0,0,0,0,0,0,0,0,0,0,0,0,0,0,0,0,0,0,0,0,0,0,0,0,0,0,0,0,0,0,0,0,0,0,0,0,0,0,0,0,0,0,0,0,0,0,0,0,0,0,0,0,1,2,8,11,10,4,8,12,12,8,8,13,8,4,4,8,4,15,3,4,3,3,1,8,3,4,10,2,16,4,7,2,12,11,5,3,11,10,22,6,6,3,6,0,1,11,5,4,9,12,5,4,13,5,5,5,16,7,3,14,7,11,16,16,18,4,12,5,4,1,4,6,3,1,1,10,4,0,7,2,4,6,4,5,2,4,0,9,1,0,1,8,6,9,6,21,4,6,5,0,3,4,4,11,0,1,0,3,4,6,2,9,9,0,2,7,4,3,3,4,5,5,2,7,6,0,2,0,6,3,2,0,4,7,4,1,4,2,5,5,1,0,4,4,0,4,2,4,5,3,4,8,6,6,1,3,0,3,12,8,1,6,2,3,1,6,8,0,1,7,2,2,3,4,0,0,0,0,1,6,8,1,0,12,5,3,2,0,5,6,7,5,9,5,0,12,2,0,8,5,2,6,6,3,0,4,1,2,8,0,12,5,4,7,12,10,15,9,0,4,4,10,4,4,0,5,4,9,3,3,0,5,4,3,2,2,6,3,4,2,0,0,0,0,0,0,0,0,0,0,0,0,0,0,0,0,0,0,0,0,0,0,0,0,0,0,0,0,0,0,0,0,0,0,0,0,0,0,0,0,0,0,0,0,0,0,0,0,0,0,0,0,0,0,0,0,0,0,0,0,0,0,0,0,0,0,0,0,0,0,0,0,0,0,0,0,0,0,0,0,0,0,0,0,0,0,0,0,0,0,0,0,0,0,0,0,0,0,0,0,0,0,0,0,0,0,0,0,0,0,0,0,0,0,0,0,0,0,0,0,0,0,0,0,0,2,15,19,10,4,6,10,3,0,10,13,11,1,6,8,4,3,2,6,6,1,8,3,1,2,0,2,6,0,8,5,14,10,6,12,0,17,7,3,5,6,0,2,0,1,7,1,0,0,1,7,0,8,5,8,1,6,3,7,15,11,3,4,6,14,0,9,2,0,2,3,1,9,13,2,8,10,4,6,11,17
FOODS_2_024_CA_1_evaluation,FOODS_2_024,FOODS_2,FOODS,CA_1,CA,0,0,0,0,0,0,0,0,0,0,0,0,0,0,0,0,0,0,0,0,0,0,0,0,0,0,0,0,0,0,0,0,0,0,0,0,0,0,0,0,0,0,0,0,0,0,0,0,0,0,0,0,0,0,0,0,0,0,0,0,1,0,4,3,4,4,4,3,2,4,5,5,3,3,0,1,0,2,1,0,4,1,4,5,5,2,3,3,1,5,1,2,10,2,2,1,2,1,2,1,2,0,2,2,4,2,6,2,4,1,2,5,1,4,0,3,2,0,0,4,1,0,0,4,2,1,4,2,3,4,4,1,1,2,7,4,4,0,8,4,2,4,2,4,1,3,3,2,4,1,2,0,2,0,3,1,6,4,4,1,1,5,2,1,1,5,4,1,6,4,2,5,2,1,1,0,7,3,1,2,4,3,12,3,1,1,0,2,1,1,4,2,1,1,4,0,5,7,0,0,2,1,2,5,2,3,5,1,5,3,6,4,1,2,0,0,0,1,2,4,1,2,2,6,4,0,5,3,4,1,2,4,1,3,6,1,4,0,1,3,1,0,3,4,0,3,3,2,1,1,1,0,5,1,0,4,1,1,2,4,1,2,7,2,0,3,4,3,2,2,1,3,2,4,0,1,0,4,0,1,5,2,1,3,2,0,3,5,0,0,0,0,0,0,0,0,4,8,3,1,1,1,6,1,3,2,1,4,1,2,1,5,1,1,5,4,4,0,2,1,6,4,6,0,0,0,0,0,0,0,1,4,0,5,1,2,5,2,0,4,2,1,1,0,1,2,3,2,0,0,0,0,0,0,0,0,0,0,0,0,0,0,0,0,0,0,0,0,0,0,0,0,0,0,0,0,0,0,0,0,0,0,0,0,0,0,0,0,0,0,0,0,0,0,0,0,0,0,0,0,0,0,0,0,0,0,0,0,0,0,0,0,0,0,0,0,0,0,0,0,0,0,0,0,0,0,0,0,0,0,0,0,0,0,0,0,0,0,0,0,0,0,0,0,0,0,0,0,0,0,0,0,0,0,0,0,0,0,0,0,1,0,2,3,5,3,0,0,2,5,4,2,4,0,0,1,2,2,1,1,0,5,1,2,1,6,1,1,0,0,0,1,1,5,2,5,1,0,0,0,0,4,1,1,3,0,0,1,3,2,0,0,4,1,0,1,1,3,3,0,0,0,0,1,2,2,2,0,2,3,0,2,0,0,1,0,3,0,0,0,1,1,0,4,0,0,0,4,0,1,2,0,0,0,0,0,0,0,0,0,4,0,0,2,0,0,0,2,8,0,0,2,1,1,1,5,1,0,4,0,0,0,1,1,3,5,0,0,1,0,1,0,0,2,5,3,1,0,2,0,2,2,0,1,1,2,1,3,0,5,0,1,0,3,0,3,1,3,5,0,2,0,1,3,1,2,1,3,0,3,0,3,3,1,1,1,1,4,2,1,3,1,1,1,0,3,0,1,1,3,0,0,1,2,1,1,3,0,2,2,3,2,1,0,2,0,3,0,0,0,1,6,1,0,3,0,1,0,1,4,4,0,1,0,0,1,1,1,3,4,2,1,0,0,1,2,2,0,4,2,0,3,2,1,0,1,1,4,0,0,0,1,0,2,2,1,1,6,0,1,1,1,3,4,0,2,0,1,2,3
FOODS_2_029_CA_1_evaluation,FOODS_2_029,FOODS_2,FOODS,CA_1,CA,1,8,8,6,2,2,2,2,4,7,3,13,8,5,12,15,11,2,7,4,6,1,5,6,5,10,3,6,4,12,5,8,5,5,2,9,5,6,4,6,6,5,1,14,13,5,8,9,8,0,0,0,0,0,0,0,0,0,0,0,0,0,0,0,0,0,0,0,0,0,0,0,0,0,0,0,0,0,0,0,0,0,0,0,0,0,0,0,0,0,0,0,0,0,0,0,0,0,0,0,0,0,0,0,0,0,0,0,0,0,0,0,0,0,0,0,0,0,0,0,0,0,0,0,0,0,0,0,0,0,0,0,0,0,0,0,0,0,0,0,0,0,0,0,0,0,0,0,0,0,0,0,0,0,0,0,0,0,0,0,0,0,0,0,0,0,0,0,0,0,0,0,0,0,0,0,0,0,0,0,0,0,0,0,0,0,0,0,0,0,0,0,0,0,0,0,0,0,0,0,0,0,0,0,0,0,0,0,0,0,0,0,0,0,0,0,0,0,0,0,0,0,0,0,0,0,0,0,0,0,0,0,0,0,0,0,0,0,0,0,0,0,0,0,0,0,0,0,0,0,0,0,0,0,0,0,0,0,0,0,0,0,0,0,0,0,0,0,0,0,0,0,0,0,0,0,0,0,0,0,0,0,0,0,0,0,0,0,0,0,0,0,0,0,0,0,0,0,0,0,0,0,0,0,0,0,0,0,0,0,0,0,0,0,0,0,0,0,0,0,0,0,0,0,0,0,0,0,0,0,0,0,0,0,0,0,0,0,0,0,0,0,0,0,0,0,0,0,0,0,0,0,0,0,0,0,0,0,0,0,0,0,0,0,0,0,0,0,0,0,0,0,0,0,0,0,0,0,0,0,0,0,0,0,0,0,0,0,0,0,0,0,0,0,0,0,0,0,0,0,0,0,0,0,0,0,0,0,0,0,0,0,0,0,0,0,0,0,0,0,0,0,0,0,0,0,0,0,0,0,0,0,0,0,0,0,0,0,0,0,0,0,0,0,0,0,0,0,0,0,0,0,0,0,0,0,0,0,0,0,0,0,0,0,0,0,0,0,0,0,0,0,0,0,0,0,0,0,0,0,0,0,0,0,0,0,0,0,0,0,0,0,0,0,0,0,0,0,0,0,0,0,0,0,0,0,0,0,0,0,0,0,0,0,0,0,0,0,0,0,0,0,2,3,6,3,8,11,6,6,2,7,8,7,9,0,0,0,5,8,8,2,0,0,1,7,6,5,3,2,0,0,1,3,9,2,4,9,8,4,7,8,8,2,7,9,4,7,9,3,6,1,0,0,0,0,0,0,0,4,0,11,14,10,5,8,3,3,12,16,14,8,7,4,12,12,10,6,3,3,3,7,7,5,2,8,9,4,4,12,3,4,3,1,0,0,8,8,6,6,6,5,8,12,6,4,12,10,6,6,9,4,13,5,2,6,2,6,7,6,5,1,2,5,12,7,2,3,11,4,1,2,10,2,3,5,2,6,1,1,0,3,3,2,3,7,10,3,5,4,3,9,5,0,15,4,3,5,8,2,6,2,6,8,17,13,8,15,4,8,3,4,2,4,5,4,5,2,3,1,4,5,8,4,2,5,7,3,7,11,6,6,5,14,13,9,14,5,4,2,4,4,2,13,6,4,5,1,5,3
FOODS_2_030_CA_1_evaluation,FOODS_2_030,FOODS_2,FOODS,CA_1,CA,6,2,2,0,2,2,1,3,5,5,4,2,0,0,8,5,5,6,5,2,4,1,5,2,3,2,5,5,3,4,4,2,3,4,0,4,6,2,2,5,1,3,3,4,3,3,8,2,1,4,4,1,4,2,6,1,6,1,11,2,2,3,0,1,2,4,2,2,3,4,5,7,3,6,1,3,8,9,2,3,6,3,3,4,5,5,5,4,3,3,0,6,7,1,0,0,3,5,7,2,4,4,0,3,3,9,5,6,7,3,2,4,2,5,3,9,3,2,6,5,1,7,4,3,4,3,4,1,5,5,7,6,9,9,8,3,4,7,5,4,5,3,1,4,0,4,0,6,3,5,5,5,3,1,4,3,2,2,3,4,3,6,5,3,4,7,1,5,11,6,3,4,3,4,4,8,7,4,3,3,1,3,8,11,2,0,2,2,2,3,4,5,4,4,9,2,7,8,6,8,5,3,5,2,3,11,4,1,2,2,9,6,1,6,4,0,1,4,3,3,2,10,7,3,7,6,9,3,0,0,3,4,4,3,7,1,2,3,4,3,0,3,0,5,0,3,4,5,4,4,0,2,6,9,4,2,5,2,7,6,2,4,6,3,3,3,7,4,5,3,4,1,2,4,5,2,3,10,2,7,9,7,3,0,0,0,0,6,8,4,6,4,0,6,4,5,2,2,2,2,3,9,6,3,0,0,1,6,3,3,6,4,2,6,7,5,2,3,2,6,4,8,3,7,5,4,3,0,4,3,5,5,4,3,4,3,9,4,3,5,1,4,2,10,12,3,3,4,5,5,5,5,4,2,3,2,4,5,4,3,4,0,1,4,6,2,2,3,4,1,1,0,11,2,5,4,4,6,5,2,3,3,3,5,3,4,7,1,7,3,2,3,3,3,4,2,5,2,2,5,4,0,1,4,8,2,2,8,3,6,6,5,4,1,5,5,1,1,1,2,4,5,5,3,7,7,2,2,5,1,0,1,3,1,6,3,6,5,3,7,2,9,4,8,5,3,1,2,9,3,5,2,7,4,1,4,6,3,2,5,2,2,4,9,4,5,3,3,10,5,3,4,1,4,2,7,5,6,2,1,2,3,4,5,1,1,2,3,2,4,4,5,2,3,6,0,5,4,5,3,5,2,6,5,5,4,3,2,0,6,5,7,3,4,1,4,3,2,3,3,8,1,1,2,5,3,2,5,4,5,2,5,3,11,2,5,4,3,4,6,7,4,2,3,2,1,7,4,4,3,3,0,1,1,3,2,1,4,5,4,2,4,1,4,1,2,4,10,3,5,3,6,3,3,8,3,3,5,3,2,0,3,5,3,5,4,4,2,5,5,7,5,0,2,1,9,2,8,2,3,2,0,9,5,4,2,4,2,4,2,4,1,5,5,4,3,3,6,4,3,2,1,2,5,1,4,1,5,4,7,6,3,6,4,3,9,4,6,3,3,4,2,3,3,8,2,1,1,3,2,6,5,2,4,5,5,3,3,6,6,2,1,5,0,6,7,4,4,2,3,2,9,5,0,1,1,3,5,6,3,6,2,3,3,3,5,6,4,1,0,1,4,3,5,3,3,6,3,2,3,7,4,1,5,6,0,4,2,3,5,7,2,1,2,5,1,1,7,3,2,3,6,2,2,2,2,0,1,5,4
FOODS_2_036_CA_1_evaluation,FOODS_2_036,FOODS_2,FOODS,CA_1,CA,6,3,4,4,3,4,3,8,6,4,0,5,2,2,0,7,1,1,3,2,10,2,0,8,2,5,7,9,1,3,5,4,2,2,3,1,4,8,10,3,2,2,1,5,5,2,5,9,9,3,8,4,4,0,0,0,3,4,5,7,2,6,9,7,3,3,5,1,6,8,2,10,4,0,4,5,4,1,10,2,4,1,6,4,0,11,10,4,2,2,4,3,5,0,1,0,3,0,4,0,1,1,0,0,0,0,0,0,0,0,0,0,0,0,0,0,0,0,0,0,0,0,0,0,0,0,0,0,0,0,0,0,0,0,0,0,0,0,0,0,0,0,0,0,0,0,0,0,0,0,0,0,0,0,0,0,0,0,0,0,0,0,0,0,3,2,7,4,5,2,1,2,0,5,0,2,3,1,1,6,1,5,3,4,0,10,2,2,3,2,1,5,4,1,1,3,2,4,4,8,2,6,2,0,0,0,0,0,0,0,0,0,0,0,0,0,0,0,0,0,0,0,0,0,0,0,0,0,0,0,0,0,0,0,0,0,0,0,0,0,0,0,0,0,0,0,0,0,0,0,0,0,0,0,0,0,0,0,0,0,0,0,0,0,0,0,0,0,0,0,0,0,0,0,0,0,0,0,0,0,0,0,0,0,1,1,3,7,5,4,0,1,7,2,10,8,0,2,1,4,4,7,5,4,5,10,3,1,4,2,4,3,4,5,10,6,3,5,4,1,5,8,6,6,3,2,4,4,8,6,7,3,5,3,0,5,4,5,5,0,2,0,6,11,4,3,3,4,5,1,3,4,7,4,5,1,6,7,9,5,3,5,4,7,8,11,3,1,1,2,4,7,2,12,7,0,0,0,5,4,2,2,5,1,3,1,7,3,6,2,3,7,3,5,0,2,4,2,1,7,0,2,1,1,0,10,7,3,4,5,3,2,10,4,7,2,6,3,1,1,5,5,3,1,3,0,3,3,5,1,1,2,4,3,6,2,2,2,5,5,5,0,9,2,8,4,3,1,10,6,3,1,4,3,3,1,2,3,4,2,7,3,0,8,0,2,5,1,5,2,3,4,3,0,1,0,2,1,0,2,5,5,3,5,6,1,1,2,0,0,9,3,2,2,1,1,7,2,6,4,3,5,2,1,2,2,4,0,3,1,1,7,5,1,2,1,1,1,1,10,3,0,4,4,4,3,3,7,2,5,3,3,6,5,4,1,2,1,3,3,2,2,2,0,1,3,0,3,0,0,0,1,0,1,4,6,4,0,2,4,9,9,2,3,0,2,5,2,0,0,1,0,3,1,1,3,8,7,1,1,0,3,2,2,1,3,0,1,2,3,1,0,0,2,1,4,5,0,0,0,0,0,2,0,5,2,1,0,5,4,2,0,0,0,1,3,2,8,2,2,0,0,1,6,4,1,0,0,3,3,1,11,2,2,3,2,5,7,1,0,0,1,0,2,4,3,0,2,0,2,2,5,7,4,1,2,5,2,5,2,1,1,0,0,1,2,10,1,0,3,0,1,2,0,0,1,1,2,1,0,3,4,1,1,3,1,3,6,1,3,1,1,1,3,4,3,1,0,0,2,2,4,0,2,2,0,3,2,2,1,1,1,0,3,4,5,1,2,1,2,3,6,8,4,2,1,7,2,1,8
FOODS_2_047_CA_1_evaluation,FOODS_2_047,FOODS_2,FOODS,CA_1,CA,1,1,4,2,2,0,1,2,2,2,5,2,2,1,0,2,4,3,3,0,3,0,4,1,2,0,2,2,2,2,1,0,2,1,1,3,1,0,1,1,2,0,2,3,3,2,1,3,3,5,4,2,3,3,0,1,1,4,2,0,3,3,0,3,0,0,3,1,0,1,1,2,0,1,3,4,5,4,0,1,3,1,0,1,7,3,5,0,0,1,3,0,3,0,0,1,2,0,1,3,3,3,1,2,4,3,4,2,3,2,1,0,3,1,4,2,1,1,3,2,1,0,2,1,0,0,1,3,6,3,1,2,0,4,2,1,1,4,2,2,4,2,4,3,2,5,1,4,10,4,0,2,0,2,2,3,3,2,0,1,2,2,1,2,3,0,2,2,1,3,1,2,0,0,0,4,2,0,2,1,0,1,3,6,2,3,0,0,1,0,2,4,0,1,2,3,4,1,1,2,0,0,2,0,4,0,0,1,1,2,4,2,2,3,1,0,0,0,0,5,1,0,3,1,6,2,5,1,0,1,4,4,3,1,1,1,2,0,2,3,3,0,1,1,4,1,2,0,0,2,2,0,1,3,2,2,0,4,0,0,2,5,1,1,0,5,1,1,1,0,1,0,0,5,1,1,2,0,2,1,4,4,1,3,2,1,3,3,0,1,4,3,0,1,0,1,2,1,0,0,0,0,0,0,1,0,0,2,1,4,1,0,0,1,2,0,0,0,3,2,2,1,0,3,1,1,0,1,1,0,1,0,2,0,0,2,0,2,0,0,1,1,5,1,2,3,2,3,0,1,1,2,3,2,1,0,3,2,4,2,1,1,3,2,2,1,2,0,1,1,0,1,3,3,2,3,0,5,4,1,1,2,3,0,1,1,1,2,0,3,1,0,1,1,1,3,2,2,5,4,2,1,0,3,1,2,2,6,4,4,2,2,1,3,2,1,0,0,0,3,7,4,1,0,0,2,2,2,2,2,1,2,2,6,4,1,1,2,4,0,0,1,4,2,2,0,2,2,4,4,3,3,1,0,0,3,1,3,2,0,0,2,7,2,2,1,1,3,2,2,1,2,1,2,2,0,0,2,1,4,0,3,1,4,2,1,0,0,1,1,5,1,3,0,0,3,7,4,2,3,2,2,1,0,9,1,2,3,1,0,0,5,0,1,0,1,2,1,1,3,3,2,0,3,1,3,5,3,2,1,1,0,5,5,1,3,1,2,2,3,0,2,1,1,3,3,1,0,4,4,2,0,3,5,0,5,3,1,0,0,2,3,8,3,2,0,5,2,0,0,0,2,2,2,2,2,1,5,6,1,0,2,4,3,1,4,3,1,7,4,4,2,3,1,3,2,10,3,1,5,1,1,3,2,5,0,1,0,2,7,8,0,2,4,3,1,6,5,2,5,1,2,4,4,0,3,1,2,2,3,4,0,3,0,2,3,4,2,1,1,0,1,0,4,6,4,2,1,2,4,3,5,2,0,2,3,4,3,5,2,1,1,1,1,4,4,1,3,3,0,1,4,5,3,1,1,3,0,3,2,1,4,0,0,0,0,0,0,0,0,0,0,0,5,2,4,1,0,0,0,0,4,2,2,1,0,0,4,0,5,0,3,2,2,3,2,2,0,0,2,1,2,5,5,2,3,1,3,2,5
FOODS_2_051_CA_1_evaluation,FOODS_2_051,FOODS_2,FOODS,CA_1,CA,0,0,0,0,0,0,0,0,0,0,0,0,0,0,0,0,0,0,0,0,0,0,0,0,0,0,0,0,0,0,0,0,0,0,0,0,0,0,0,0,0,0,0,0,0,0,0,0,0,0,0,0,0,0,0,0,0,0,0,0,1,0,1,0,0,4,3,2,0,1,4,0,2,1,2,2,0,2,0,1,1,4,2,2,0,4,2,3,0,3,2,4,6,0,3,0,3,3,1,1,4,2,0,1,0,2,3,6,4,1,1,0,2,4,1,1,0,0,0,3,1,3,2,3,1,2,2,0,11,2,3,0,2,6,0,1,3,1,2,2,1,3,1,2,1,0,1,1,5,3,0,1,2,0,1,3,1,0,1,1,1,2,1,2,0,1,1,2,1,2,0,0,2,0,2,2,2,1,0,0,0,0,1,0,0,2,0,0,0,4,1,1,0,0,2,1,2,4,2,5,0,0,0,0,2,1,0,1,0,2,0,2,2,2,0,0,1,1,1,3,1,0,0,0,2,0,0,1,2,2,3,2,4,0,1,1,1,2,2,1,0,1,0,2,4,3,1,1,0,0,2,1,4,1,0,0,1,2,1,2,3,2,1,1,0,2,3,2,0,2,0,3,0,1,3,0,0,0,1,1,4,3,1,1,3,0,1,3,0,0,0,0,0,0,0,1,1,0,0,1,0,1,1,0,1,1,0,0,1,2,1,0,0,0,0,2,0,0,0,0,0,0,0,0,0,0,0,0,0,0,0,0,1,3,0,0,4,0,0,0,4,1,0,1,2,0,0,0,0,0,0,0,0,0,0,0,0,0,0,0,0,0,0,0,0,0,0,0,0,0,0,0,0,0,0,0,0,0,0,0,0,0,0,0,0,0,0,0,0,0,0,0,0,0,0,0,0,0,0,0,0,0,0,0,0,0,0,0,0,0,0,0,0,0,0,0,0,0,0,0,0,0,0,0,0,0,0,0,0,0,0,0,0,0,0,0,0,0,0,0,0,0,0,0,0,0,0,0,0,0,0,0,0,0,0,0,0,0,0,0,1,1,1,1,0,4,1,2,2,0,0,1,3,1,1,1,4,4,0,2,4,3,0,4,3,2,1,1,2,1,1,3,1,7,0,7,0,6,4,0,2,1,0,1,5,5,3,0,9,0,3,1,4,0,3,0,2,0,5,3,6,1,0,0,2,9,0,0,2,6,5,2,2,4,3,2,3,2,0,3,7,0,0,2,2,0,0,4,5,0,0,1,0,5,1,0,2,2,2,4,9,0,1,3,0,1,0,2,5,2,2,2,4,0,4,4,0,1,1,1,0,3,0,0,0,1,3,0,3,2,1,0,0,0,2,4,2,1,2,1,0,0,1,5,3,0,0,0,1,4,3,0,0,1,2,0,7,6,0,0,0,0,1,1,6,0,0,0,3,0,1,2,5,0,1,4,0,1,2,0,1,0,0,2,3,5,0,0,2,0,1,3,7,1,0,1,1,1,2,1,0,2,6,0,3,3,1,0,0,2,1,0,4,1,0,0,0,3,2,1,5,2,1,1,0,1,2,4,4,1,3,0,1,0,1,2,3,1,1,0,3,1,1,3,1,0,4,1,4,2,0,4,3,2,0,2,0,2,3,2,2,3,2,0,1,0,0,1,7,4
FOODS_2_052_CA_1_evaluation,FOODS_2_052,FOODS_2,FOODS,CA_1,CA,6,6,3,4,3,1,5,4,7,6,1,6,5,1,2,8,4,4,3,3,5,3,4,4,1,0,2,6,3,2,4,2,3,4,2,1,7,1,1,0,0,0,2,4,6,7,3,3,1,6,7,1,2,7,4,3,4,4,3,5,2,1,1,6,2,1,1,0,0,6,2,5,9,1,2,2,1,5,3,3,2,2,2,0,5,3,2,3,3,6,4,3,5,4,2,0,4,1,3,4,3,5,1,7,4,5,3,6,2,2,4,3,4,8,5,3,0,4,1,2,4,3,3,3,3,2,5,5,4,5,5,5,1,5,3,5,2,2,4,6,5,5,0,3,1,2,2,3,5,2,3,3,0,2,5,7,2,1,3,2,0,8,5,2,4,7,2,4,5,1,6,1,2,3,4,4,2,3,1,3,2,4,4,4,6,3,6,1,1,1,4,6,2,0,0,0,0,0,0,0,0,0,0,0,0,0,0,0,10,5,16,5,2,6,8,0,3,6,4,4,6,6,5,8,8,5,7,7,3,6,3,9,8,10,4,4,3,6,4,5,5,5,4,5,3,3,8,3,3,3,3,3,5,4,4,4,0,0,0,5,6,2,2,2,2,1,1,5,3,4,5,3,0,3,9,3,2,2,1,3,6,8,9,2,3,0,7,4,8,2,6,2,4,2,5,9,0,2,0,0,2,2,7,3,5,3,2,6,0,4,5,4,2,3,2,9,3,5,2,4,3,8,8,1,3,5,0,3,3,1,6,4,3,4,5,4,3,5,4,1,4,2,1,4,7,4,6,4,6,6,6,3,1,5,3,4,5,4,3,1,1,4,3,1,5,7,4,4,2,2,1,3,1,4,6,2,2,2,2,3,2,2,2,1,0,4,0,5,1,1,0,1,5,2,4,4,0,0,3,3,5,0,2,2,3,5,3,4,3,4,2,2,3,2,5,2,2,0,0,2,1,2,3,2,1,2,2,1,5,3,2,4,0,2,3,3,3,4,3,1,2,5,4,5,3,3,2,1,1,2,2,1,4,4,1,1,4,4,2,0,2,2,0,5,4,6,1,3,3,3,5,3,3,1,0,1,6,0,1,3,5,8,1,4,4,0,1,1,1,0,3,1,3,2,1,4,0,2,5,1,3,5,1,3,1,5,3,4,0,2,1,3,2,3,4,0,3,2,6,0,4,2,1,3,0,0,0,0,0,0,0,0,0,0,0,0,0,0,0,0,0,0,0,0,0,0,0,0,0,0,0,0,0,0,0,0,0,0,0,0,0,0,0,0,0,0,0,0,0,0,0,0,0,0,0,0,0,0,0,0,0,0,0,0,0,0,0,0,0,0,0,0,0,0,0,0,0,0,0,0,0,0,0,0,0,0,0,0,0,0,0,0,0,0,0,0,0,0,0,0,0,0,0,0,0,0,0,0,0,1,2,3,0,2,1,0,1,4,2,1,2,3,2,1,4,0,2,2,3,3,2,6,5,5,6,2,1,5,0,6,1,4,1,1,4,3,2,2,3,1,3,6,3,6,3,2,1,4,4,5,5,3,1,5,6,6,3,5,5,2,0,0,3,2,4,3,0,2,2,6,3,1,3,3,1,2,2,6,2,4,2,1,1,7,2,2,2,5,2,1,2,2,4,5,0,0,2,3,1,1
FOODS_2_053_CA_1_evaluation,FOODS_2_053,FOODS_2,FOODS,CA_1,CA,0,0,0,1,0,0,0,0,1,0,0,0,0,1,0,0,1,0,0,0,0,0,0,0,0,1,0,0,0,0,0,0,0,0,0,0,0,0,0,0,0,0,0,2,0,0,0,0,0,1,1,0,1,0,0,0,0,1,0,0,0,0,0,1,0,0,0,0,0,0,0,0,2,0,0,0,0,0,1,0,0,2,0,0,0,1,0,0,0,0,0,0,1,0,0,0,0,0,0,1,0,1,0,1,1,0,2,1,0,1,0,0,0,1,0,0,0,1,1,0,0,0,0,0,1,0,1,1,0,0,1,2,1,0,0,0,1,0,0,1,0,3,1,1,1,0,0,0,1,2,0,0,0,0,1,0,2,0,1,0,0,0,1,1,0,1,0,2,0,0,1,1,0,0,0,3,1,0,0,0,4,0,0,0,2,1,0,0,0,0,1,0,0,0,0,1,0,1,0,1,0,0,0,1,2,0,0,1,0,0,0,0,1,0,0,0,1,2,1,0,0,0,0,1,1,3,1,0,1,1,0,0,0,0,3,2,0,0,0,1,1,0,2,0,0,1,0,1,0,0,0,0,0,1,0,0,0,1,0,0,1,0,1,0,3,0,0,0,1,0,1,0,0,0,0,0,0,1,0,0,1,2,1,0,0,0,0,1,2,0,1,0,0,0,0,1,1,0,0,0,1,0,1,0,0,0,0,1,0,0,0,0,0,0,0,1,0,1,1,1,0,0,0,2,1,0,0,0,0,2,3,1,0,0,0,0,0,0,0,0,0,1,1,2,0,0,0,0,2,0,0,0,0,0,0,0,1,1,0,0,0,0,0,1,0,0,2,0,0,0,0,0,1,0,2,0,0,0,0,1,2,0,0,0,0,0,0,0,0,0,0,0,0,0,0,0,2,0,0,0,2,0,1,0,0,0,0,1,0,0,0,0,0,1,0,0,0,1,0,0,1,0,0,0,1,0,0,1,0,0,1,1,1,0,0,0,1,0,1,0,3,0,0,3,0,0,0,0,0,0,0,0,0,0,0,1,1,1,2,0,0,0,1,2,1,0,1,1,0,0,1,0,0,0,0,0,1,0,0,1,1,0,1,0,1,0,2,1,0,1,1,0,0,0,0,1,1,0,1,0,0,1,0,0,0,1,0,0,1,0,0,0,2,2,0,0,0,1,0,1,1,1,0,0,0,0,1,0,1,0,1,2,1,1,0,0,1,0,0,0,1,0,0,1,1,0,0,0,0,1,0,0,0,1,0,0,1,0,0,1,0,1,1,1,2,0,2,0,4,0,1,1,2,0,0,0,1,0,0,0,0,0,0,0,0,2,2,0,0,0,0,0,0,0,0,2,1,0,1,1,0,0,1,0,0,2,0,1,2,0,0,0,0,0,0,0,0,1,0,2,0,0,1,0,0,0,1,1,0,0,2,0,0,1,0,2,0,0,0,0,0,0,0,0,2,1,1,0,1,0,0,0,3,0,0,0,0,1,1,2,0,1,1,1,0,0,1,1,0,2,0,1,1,1,0,0,0,0,2,1,2,0,0,0,2,1,1,0,0,1,0,1,0,1,0,1,0,0,1,1,1,0,0,0,0,1,1,1,1,1,2,1,2,1,0,0,0,0,1,0,3,0,2,1,1,1,0,0,2,0
FOODS_2_054_CA_1_evaluation,FOODS_2_054,FOODS_2,FOODS,CA_1,CA,3,0,2,1,5,5,0,4,7,4,1,2,4,7,1,7,2,0,2,6,1,4,2,2,2,2,8,3,3,4,5,3,7,1,1,3,5,5,8,5,0,0,1,4,1,1,9,4,0,4,10,2,0,7,3,6,2,3,2,4,1,2,2,0,8,0,9,0,2,1,2,4,2,3,8,4,1,8,2,1,2,4,14,3,0,6,0,2,1,0,1,4,3,1,1,4,2,6,1,0,6,3,5,5,0,3,9,3,10,5,2,5,0,2,0,0,2,8,1,4,1,8,1,1,0,4,4,2,6,2,7,1,5,2,2,9,4,5,3,1,5,1,3,2,3,1,0,4,6,0,0,0,8,0,4,0,2,2,2,6,0,10,2,4,3,4,4,0,6,2,6,6,0,0,4,0,1,1,5,3,1,1,7,3,7,1,1,0,1,0,2,2,1,2,3,5,1,3,8,6,7,0,2,6,0,0,2,4,0,1,8,1,5,4,0,0,3,5,4,3,0,3,5,2,4,1,8,5,5,3,7,10,1,1,4,1,7,0,10,6,1,0,1,0,2,7,2,0,3,0,0,0,2,2,0,6,6,3,4,8,4,8,1,3,0,4,5,6,5,0,0,3,7,1,3,5,0,4,0,0,10,1,3,4,2,2,0,4,8,6,4,2,4,4,3,1,0,0,4,3,1,4,1,1,1,2,2,2,3,6,2,3,3,3,6,0,0,4,3,2,6,11,5,1,4,3,2,0,5,3,11,0,2,0,0,4,2,0,2,0,4,0,0,3,7,3,1,9,3,0,5,0,3,4,4,1,0,4,3,6,1,1,2,2,3,1,2,5,0,3,1,2,0,3,6,1,0,8,2,3,1,2,7,1,6,3,2,4,0,11,0,1,1,0,4,1,0,1,2,6,4,0,1,8,2,8,0,3,6,5,0,0,0,0,2,4,3,4,3,8,0,0,2,6,3,2,1,1,4,6,0,0,3,0,3,1,1,0,0,4,5,13,10,2,2,6,0,1,6,1,7,0,2,0,0,4,1,5,2,0,0,2,8,2,4,4,5,3,2,0,3,4,1,0,8,1,5,2,6,4,4,0,2,1,12,7,0,1,5,1,8,2,2,2,0,2,7,4,7,3,3,2,4,6,0,2,4,0,0,4,0,5,4,2,5,2,4,3,3,0,7,2,6,0,5,0,4,4,3,0,3,2,2,4,3,1,0,0,1,5,1,3,2,2,2,7,4,4,1,1,0,0,0,1,5,3,4,7,2,7,1,4,2,1,11,0,4,0,2,4,1,2,0,3,1,8,2,0,9,0,0,4,7,1,0,2,0,2,2,7,3,1,3,2,8,5,3,5,8,2,2,0,3,10,4,0,0,4,1,2,10,0,0,0,1,2,6,8,5,3,5,3,3,8,2,3,5,4,0,4,2,6,3,0,1,0,3,10,1,0,2,0,0,0,6,1,0,5,1,3,4,6,5,4,3,1,2,3,0,5,3,3,1,1,0,1,4,0,0,0,1,2,3,1,2,2,0,2,1,5,7,2,1,4,1,3,5,2,2,3,2,3,1,1,4,6,3,1,1,1,1,0,2,0,5,2,2,12,0,4,3,4,3,0,0,1,1,4,1,0,8,5,4,2,3,4,6,2,2,2
FOODS_2_056_CA_1_evaluation,FOODS_2_056,FOODS_2,FOODS,CA_1,CA,0,0,0,0,0,0,0,0,0,0,0,0,0,0,0,0,0,0,0,0,0,0,0,0,0,0,0,0,0,0,0,0,0,0,0,0,0,0,0,0,0,0,0,0,0,0,0,0,0,0,0,0,0,0,0,0,0,0,0,0,0,0,0,0,0,0,0,1,0,4,4,2,5,2,7,2,6,7,3,5,3,3,0,0,5,1,1,3,3,2,2,7,6,2,1,1,2,4,1,2,5,1,1,1,2,5,4,1,1,4,3,6,0,3,3,1,0,2,1,4,5,0,5,2,3,1,3,2,2,2,1,1,2,1,5,2,2,9,0,2,2,6,4,0,0,5,1,3,2,0,2,0,3,2,3,2,4,1,4,2,3,1,6,5,4,7,1,2,0,7,1,0,1,1,3,5,3,3,1,0,1,2,1,2,1,0,1,1,1,0,2,2,2,1,3,1,1,4,3,10,3,4,1,1,1,1,4,2,1,2,3,3,2,0,0,0,4,3,3,1,2,2,1,4,1,6,5,3,3,4,1,5,3,5,0,1,2,5,0,0,1,2,1,1,1,2,4,2,0,2,1,1,7,2,5,2,1,4,1,0,6,1,2,1,3,2,2,4,2,0,1,0,0,0,0,0,0,0,0,5,2,0,4,2,3,5,4,1,4,1,2,1,0,8,2,3,2,2,3,4,4,4,5,1,0,1,0,0,13,0,2,1,1,3,3,6,0,6,4,3,4,3,4,0,1,0,1,0,0,4,2,3,4,0,1,0,0,1,0,2,2,2,2,2,2,3,3,3,5,1,0,2,3,0,0,0,1,2,2,1,1,2,5,2,4,1,2,2,2,0,0,3,0,0,0,0,1,0,3,6,1,2,2,1,4,2,1,0,1,0,2,2,2,0,1,3,3,3,1,2,2,2,3,4,3,2,2,3,6,3,4,0,2,1,0,0,2,3,2,0,1,4,1,1,2,1,3,0,2,2,0,0,0,0,1,2,2,1,4,0,1,4,3,4,0,3,3,4,4,2,2,1,1,2,2,2,3,0,0,0,1,1,1,0,1,0,0,3,3,0,1,1,5,4,5,2,2,5,5,2,3,1,4,4,4,1,3,2,1,1,4,1,1,1,0,0,3,2,3,5,4,3,4,4,1,2,3,3,0,1,1,10,4,3,1,0,0,0,3,0,0,1,3,1,1,2,3,2,5,6,1,3,1,1,4,1,2,1,1,0,2,3,0,3,1,1,2,3,0,1,1,1,0,1,0,0,1,0,4,1,1,5,3,4,1,0,2,2,2,1,1,1,5,0,1,2,1,0,1,1,0,4,2,0,2,0,2,1,1,2,2,2,1,3,3,0,2,4,1,2,2,6,4,1,4,0,0,1,3,1,4,3,0,0,1,2,2,5,4,0,3,3,0,2,5,0,0,0,0,0,0,0,0,0,0,0,2,1,2,0,3,4,0,1,1,2,1,1,1,2,2,1,2,1,3,3,1,0,3,6,0,2,1,2,2,3,2,3,0,2,0,3,1,0,0,0,1,3,1,0,0,1,1,1,1,2,3,2,1,1,0,0,0,1,1,0,0,2,1,0,2,2,2,3,1,0,0,2,2,3,3,0,0,1,1,0,1,1,0,4,2,1,4,3,2,0,1,2,5,1
FOODS_2_058_CA_1_evaluation,FOODS_2_058,FOODS_2,FOODS,CA_1,CA,2,0,0,1,0,0,0,3,0,0,0,0,0,0,0,0,0,0,0,0,2,2,1,0,0,0,0,0,0,1,0,0,0,0,0,2,4,0,1,0,0,1,3,0,0,0,0,2,1,2,0,0,0,1,1,1,2,1,0,0,0,0,0,0,3,0,0,0,0,0,0,0,0,1,2,1,1,0,2,0,0,0,2,3,2,0,0,0,1,0,0,0,0,0,0,0,0,0,1,2,0,0,0,0,0,0,0,0,0,0,1,0,0,1,1,0,0,0,2,0,0,0,0,0,0,0,2,0,1,0,1,0,0,2,0,0,0,0,0,0,0,0,0,0,0,0,0,0,0,0,0,0,0,0,0,0,0,0,0,0,0,0,0,0,0,0,0,0,0,1,1,0,0,0,0,4,0,0,0,0,0,1,1,0,0,0,0,0,0,0,0,0,0,0,0,1,0,1,0,0,0,0,0,0,0,0,1,0,0,0,0,0,0,0,1,0,1,0,0,0,0,0,0,1,0,0,0,0,1,0,1,0,0,0,0,0,0,2,1,0,0,0,1,0,1,0,0,1,1,0,1,0,2,1,1,0,0,1,0,0,0,0,0,1,1,0,0,0,0,0,0,0,0,0,0,0,0,1,0,0,1,0,3,0,1,0,1,0,1,0,0,1,0,0,1,0,0,1,0,1,0,0,0,0,0,1,0,1,0,0,1,0,1,1,0,0,0,0,1,0,0,0,1,0,0,0,0,0,0,0,1,0,0,0,1,0,0,0,0,0,0,0,0,1,0,1,0,3,1,0,0,1,2,0,0,0,0,1,1,0,1,0,0,1,2,0,1,0,2,0,0,0,0,0,1,0,1,0,2,0,0,0,0,0,1,0,2,0,0,0,0,0,0,1,0,0,0,0,1,0,0,1,0,0,2,0,0,1,0,0,0,1,3,2,0,0,0,1,1,2,0,0,0,0,0,1,1,0,0,0,1,0,0,0,0,0,0,3,0,1,1,0,0,0,2,0,0,0,0,0,2,0,0,0,0,1,1,0,0,1,0,0,1,0,0,0,1,0,1,2,0,0,0,1,2,1,0,1,0,0,1,0,3,0,0,0,1,0,0,0,0,2,1,1,0,1,0,1,1,0,1,0,0,1,0,0,1,0,0,0,2,0,0,0,0,0,0,0,0,0,0,3,1,0,0,0,1,0,0,1,0,2,0,0,1,0,2,2,2,0,0,0,1,0,0,0,1,0,1,1,0,1,0,0,1,1,2,2,2,2,0,0,0,0,0,0,0,2,1,0,0,1,3,0,2,0,2,0,0,0,0,0,0,0,1,0,0,1,1,0,0,1,0,0,3,0,2,0,0,0,0,1,1,0,1,0,2,0,0,0,0,0,5,1,0,3,0,0,1,0,0,0,4,1,0,0,1,1,1,0,1,1,2,0,1,0,0,3,0,0,0,1,1,0,1,2,0,1,0,0,0,0,0,0,1,0,3,0,1,0,1,0,0,0,3,0,0,0,0,0,0,2,0,0,1,0,0,1,1,2,0,0,1,0,0,0,0,1,0,0,0,0,1,1,1,0,0,0,0,0,0,0,0,0,0,0,0,0,0,0,0,0,0,0,1,0,1,0,0,0,0,0,0,0,1,0,0,0,0,0
FOODS_2_060_CA_1_evaluation,FOODS_2_060,FOODS_2,FOODS,CA_1,CA,3,5,1,3,5,1,0,2,3,4,5,4,2,4,5,1,4,2,5,3,2,1,2,2,1,2,1,0,2,3,0,1,3,1,0,0,0,0,3,3,2,3,3,4,1,2,2,2,2,3,2,2,0,3,3,1,3,4,1,1,1,0,2,1,0,1,4,0,0,4,4,0,1,5,3,3,1,3,2,0,1,3,2,2,1,3,1,0,1,2,1,2,2,2,0,0,2,3,2,1,1,2,2,1,1,3,2,1,1,1,1,2,1,1,2,2,0,2,1,0,1,1,5,0,4,3,1,1,3,2,6,3,1,2,3,3,3,3,3,2,3,0,2,2,3,3,3,2,2,3,0,0,1,0,2,1,1,2,1,1,4,3,3,5,0,1,0,2,2,1,2,2,0,1,1,1,2,2,2,0,3,2,3,0,1,2,1,0,0,0,1,4,3,2,2,2,1,3,4,1,4,1,0,1,2,2,2,0,1,0,1,1,0,0,0,0,0,0,3,1,1,4,1,1,2,5,3,2,2,1,2,2,0,1,1,1,1,3,1,3,3,0,2,3,2,1,2,2,0,2,0,0,1,0,2,3,0,2,2,0,4,2,0,0,2,0,1,3,3,1,2,3,2,2,1,3,6,0,0,2,4,1,1,2,2,2,4,2,1,1,5,2,1,1,2,1,3,0,1,1,0,3,1,2,1,0,0,1,0,1,3,2,3,2,0,3,1,4,1,4,1,2,3,4,6,1,0,0,1,1,2,1,2,2,2,2,2,3,1,3,1,2,0,2,3,0,0,0,2,2,1,1,0,1,2,1,1,1,0,0,0,0,0,0,1,2,1,3,4,0,1,0,4,3,3,2,3,2,3,1,1,3,0,0,0,0,3,3,0,1,1,0,1,1,4,2,0,1,2,1,2,0,2,1,3,2,2,0,3,1,3,1,5,2,3,0,3,0,0,1,3,0,2,2,2,1,3,1,0,0,2,2,2,1,2,2,1,2,3,3,1,1,3,5,2,0,0,0,1,2,0,0,2,2,0,0,1,2,1,4,1,3,2,2,0,1,4,1,2,3,1,2,2,4,2,0,4,2,2,0,1,5,1,0,3,3,3,0,2,0,1,3,2,1,0,3,4,3,0,2,3,3,0,1,2,1,5,0,0,0,4,2,3,2,2,2,3,2,1,3,2,3,1,2,3,1,1,1,0,1,1,4,3,6,1,1,2,2,0,3,2,2,2,1,2,2,3,0,1,1,0,0,2,0,1,4,0,2,3,2,3,3,2,0,1,1,3,0,1,1,0,0,1,1,3,1,4,1,2,0,0,4,1,4,1,2,1,0,0,3,1,4,0,3,1,3,5,3,1,2,5,1,2,1,1,1,2,0,0,3,6,5,2,1,3,2,0,1,1,1,3,2,2,1,1,2,1,2,2,1,1,2,0,0,1,2,2,3,0,2,3,1,0,1,6,3,4,2,0,0,1,2,2,1,1,0,1,3,3,0,2,0,3,0,1,1,4,1,1,2,2,3,1,0,2,2,1,2,1,0,2,3,2,1,1,2,3,1,1,2,2,2,1,0,1,2,2,4,0,2,2,5,2,2,1,0,5,3,2,4,5,4,1,3,1,3,2,0,3,2,2,8,4,3,3,2,2,2,1,5
FOODS_2_061_CA_1_evaluation,FOODS_2_061,FOODS_2,FOODS,CA_1,CA,7,2,0,0,2,3,0,0,3,0,0,4,1,3,3,8,2,1,0,4,6,5,1,5,1,6,7,7,0,2,2,2,0,0,1,1,3,1,2,4,2,0,1,2,3,4,4,3,2,1,1,1,4,1,2,1,0,0,0,2,0,1,2,6,0,0,1,3,1,1,0,2,0,1,3,1,1,5,0,1,2,4,0,2,1,2,2,2,1,2,0,3,4,2,1,2,1,4,2,2,1,1,1,2,2,2,6,4,4,8,4,5,0,2,0,3,4,4,4,0,0,2,3,0,0,4,2,0,2,0,1,0,2,0,3,3,0,4,0,2,0,0,0,3,0,0,7,4,6,0,1,2,2,0,2,0,0,1,1,0,0,5,1,2,0,2,0,0,5,1,2,0,0,2,1,0,1,3,1,2,3,0,1,1,6,0,0,0,0,0,4,4,3,0,3,1,1,5,2,1,0,0,0,1,5,0,2,0,1,3,2,0,0,0,2,0,1,4,1,1,0,3,3,2,2,0,0,0,0,0,4,7,0,2,1,6,1,1,0,1,3,4,0,0,2,3,4,0,0,2,7,0,0,0,0,1,3,2,0,4,2,7,0,1,4,0,0,3,3,2,4,4,3,1,0,0,2,0,2,5,0,4,3,1,4,0,4,1,4,7,5,6,1,1,1,6,4,2,2,3,1,5,2,0,1,1,3,1,4,9,0,0,1,2,10,3,3,2,2,3,1,2,1,6,0,1,0,2,3,1,7,2,3,0,1,0,1,5,2,2,1,0,3,4,4,0,7,0,1,3,2,6,2,0,1,1,0,2,2,1,1,3,1,5,2,3,2,3,1,0,2,2,7,2,3,8,0,1,3,4,4,5,8,1,2,3,2,2,2,1,8,3,3,8,0,3,6,2,3,3,6,1,3,3,2,0,7,6,1,1,0,3,2,2,8,1,0,2,9,0,2,3,2,0,0,0,0,5,3,0,2,2,1,2,2,4,3,0,0,1,0,0,9,6,0,0,2,0,4,3,1,3,0,0,0,1,5,0,1,0,2,1,0,5,0,0,5,3,4,2,5,4,2,2,7,0,1,3,4,1,4,0,1,0,6,1,0,2,2,0,4,2,1,0,0,1,4,1,2,3,1,2,0,1,3,7,3,1,0,0,1,3,6,0,0,3,0,0,2,0,1,1,1,0,0,2,1,0,4,1,1,4,0,0,0,2,9,1,1,3,7,0,0,1,0,0,2,3,0,0,0,0,0,0,0,0,2,0,1,1,0,5,3,0,0,0,1,5,7,0,0,0,0,1,2,1,0,2,0,1,0,0,4,0,1,1,0,2,0,0,10,1,0,2,2,2,1,2,1,0,0,0,0,3,4,0,0,1,4,1,2,1,0,2,0,1,1,2,0,0,1,1,0,4,4,6,0,0,1,0,0,4,0,0,2,1,3,1,0,0,4,3,2,1,4,2,0,0,2,1,0,3,3,0,2,2,0,4,1,1,1,1,0,1,0,1,0,0,1,0,2,0,0,1,0,0,1,0,2,1,3,0,0,0,0,8,5,4,1,0,0,0,0,0,3,1,1,4,0,0,0,1,0,1,1,3,2,3,0,0,0,3,0,2,1,0,1,6,2,2,1,2,7,2,3,0,1,5,4,2
FOODS_2_063_CA_1_evaluation,FOODS_2_063,FOODS_2,FOODS,CA_1,CA,0,0,0,0,0,0,0,0,0,0,0,0,0,0,0,0,0,0,0,0,0,0,0,0,0,0,0,0,0,0,0,0,0,0,0,0,0,0,0,0,0,0,0,0,0,0,0,0,0,0,0,0,0,0,4,2,2,1,2,0,4,0,2,6,3,1,2,0,0,0,0,0,0,0,0,0,0,0,0,0,0,0,0,0,0,0,0,0,0,0,0,1,0,0,0,0,0,0,0,0,0,0,0,0,0,0,8,3,1,0,0,0,0,0,0,0,0,0,0,0,0,0,0,0,0,0,0,0,0,0,0,0,0,0,0,0,0,0,0,0,0,0,0,0,0,0,0,0,0,0,0,0,0,0,0,0,0,0,0,0,2,6,3,0,1,0,0,0,2,4,4,2,0,0,0,0,0,0,0,0,0,0,0,0,0,0,0,0,0,0,0,0,0,0,0,0,0,0,0,0,0,0,0,0,0,0,0,0,0,0,0,0,0,0,0,0,0,0,0,0,0,0,0,0,0,0,0,0,0,0,0,0,0,0,0,0,0,0,0,0,0,0,0,0,0,0,2,1,3,1,2,3,4,1,2,4,4,4,0,1,5,3,0,4,1,5,2,2,1,1,2,3,3,3,1,3,3,2,1,4,1,0,0,0,2,4,1,4,5,1,3,2,2,2,0,5,2,3,2,6,0,6,6,2,2,1,1,3,4,4,3,3,2,2,1,4,4,3,4,3,3,4,3,7,1,2,5,3,5,5,3,4,1,4,4,0,4,3,5,1,3,2,5,7,5,5,2,1,4,2,7,0,5,2,7,1,5,9,4,4,4,3,4,6,3,3,2,0,1,2,1,2,0,1,0,0,0,0,0,0,0,0,0,0,0,2,0,0,0,1,0,0,0,0,0,0,0,0,0,0,0,0,0,0,0,0,0,0,0,0,0,0,0,0,4,6,2,5,3,7,5,5,0,2,1,5,1,3,4,1,3,1,4,1,6,3,3,4,3,1,3,5,7,3,3,1,2,5,3,4,3,5,2,2,1,4,4,0,1,2,3,4,3,1,3,1,2,3,2,2,4,4,2,4,1,2,3,2,3,2,1,2,3,3,4,2,3,1,2,1,3,5,3,2,3,5,6,8,2,4,1,3,3,1,5,5,1,2,0,1,0,4,6,3,4,0,4,2,2,4,0,3,1,1,3,2,2,4,2,3,0,3,7,4,4,1,4,1,4,5,1,1,3,3,1,4,1,2,2,3,2,0,0,2,5,1,2,0,4,3,4,2,5,1,2,2,2,4,1,2,1,0,2,2,1,3,2,3,0,2,0,0,6,0,1,3,4,1,4,3,2,3,6,1,3,5,8,3,1,2,2,1,2,4,2,2,2,0,2,6,4,3,2,4,1,5,4,2,1,3,4,4,0,4,9,0,4,3,2,7,2,4,4,4,2,2,2,4,7,3,3,1,1,0,1,2,2,3,1,1,0,1,1,3,3,0,0,2,1,5,1,3,1,3,2,2,2,0,2,1,4,3,2,1,2,5,0,2,2,2,4,7,0,1,4,5,2,5,4,2,1,0,0,0,0,0,1,5,3,2,2,2,0,2,4,2,0,2,1,1,3,6,2,0,9,0,0,2,0,3,2,0,1,2,3,0,2,3,5,2
FOODS_2_072_CA_1_evaluation,FOODS_2_072,FOODS_2,FOODS,CA_1,CA,1,1,0,0,0,0,0,2,2,3,1,0,2,2,0,1,0,1,0,1,0,1,1,0,0,0,0,1,0,0,0,0,2,0,0,4,0,4,2,0,1,3,1,0,0,0,0,0,0,0,2,3,0,0,0,0,0,1,0,3,0,2,0,0,4,2,0,0,0,0,0,1,1,1,2,2,0,3,0,0,0,0,0,0,3,1,0,0,0,0,1,2,4,7,0,3,0,3,0,0,0,0,0,0,2,1,0,0,1,1,1,0,0,0,4,2,0,1,2,2,0,1,2,0,0,0,3,1,2,0,0,2,0,6,0,1,2,5,0,0,2,0,1,2,0,1,0,0,0,3,0,2,1,2,5,1,2,3,1,0,1,1,1,0,0,0,0,0,1,0,0,0,0,0,1,0,0,0,0,0,0,0,0,1,1,2,0,0,0,0,0,1,5,0,0,0,0,2,2,0,1,0,0,1,1,0,1,2,0,0,0,0,0,0,0,0,0,0,0,0,0,0,0,0,0,0,0,0,0,0,0,0,0,0,0,0,0,0,0,0,0,0,0,0,0,0,0,0,0,0,0,0,0,0,0,0,0,0,0,0,0,0,0,0,1,0,0,0,1,0,0,0,2,0,1,0,0,2,0,1,0,2,2,1,0,0,0,3,3,0,1,0,1,1,4,1,0,0,1,0,0,2,4,0,0,0,1,0,0,2,0,0,1,0,0,2,1,0,0,0,0,1,0,3,0,2,0,0,0,0,0,2,3,0,0,3,0,0,0,0,0,2,0,0,0,0,1,0,0,1,0,0,0,0,2,0,0,3,0,0,0,2,0,0,1,0,0,0,0,1,0,0,2,0,0,2,0,0,0,0,1,0,0,0,0,1,1,1,0,1,1,0,1,0,0,0,1,0,0,0,0,0,0,0,1,0,0,0,0,0,1,0,0,0,0,0,0,1,1,0,0,0,0,0,0,0,1,0,0,1,1,0,0,0,3,2,0,1,0,0,2,0,0,0,0,1,0,1,0,2,1,0,0,0,0,0,0,0,0,0,0,0,2,2,0,0,1,1,0,0,2,1,2,0,0,1,1,1,1,0,0,3,0,0,0,0,0,0,1,0,1,0,0,0,0,0,1,4,0,2,0,2,0,0,0,2,0,0,1,3,1,1,0,0,2,1,7,2,0,0,3,0,0,0,0,1,2,2,1,0,0,0,1,5,0,1,0,0,0,0,4,2,1,0,1,0,1,1,0,0,0,0,0,0,0,2,1,1,0,1,0,2,4,1,0,1,2,0,0,0,0,0,0,0,0,0,0,0,0,0,0,0,0,0,0,0,0,0,0,0,0,0,0,0,0,0,0,0,0,0,0,0,0,0,0,0,0,0,0,0,0,0,0,0,0,0,0,0,0,0,0,0,0,0,0,0,0,0,0,0,0,0,0,0,1,0,0,0,6,1,1,0,0,0,3,0,0,0,3,0,0,1,0,0,1,2,0,2,3,3,0,0,0,1,0,0,0,1,1,1,1,0,3,0,0,0,2,2,0,2,3,2,0,0,3,0,5,0,1,0,0,0,1,4,0,3,0,1,2,0,1,1,0,0,1,0,0,0,1,1,0,2,0,0,0,0,3,1,0,1,0,1,2,0,0,1,1,2,0,1
FOODS_2_074_CA_1_evaluation,FOODS_2_074,FOODS_2,FOODS,CA_1,CA,0,0,5,0,3,3,1,2,0,0,2,1,6,2,6,2,2,7,0,0,0,5,0,1,2,0,13,0,5,1,0,4,0,2,8,0,7,4,2,0,3,4,4,6,2,0,3,4,1,2,4,1,1,4,0,7,8,0,1,0,0,0,0,0,6,1,2,0,1,2,3,5,2,2,2,0,0,9,2,3,2,4,1,2,4,3,3,0,2,0,0,1,8,2,0,1,2,0,2,0,4,2,0,0,0,8,4,6,1,0,3,9,3,7,2,2,1,1,1,2,7,4,1,0,2,2,5,1,4,1,8,4,2,3,1,3,3,2,8,0,6,2,7,0,0,9,1,4,1,0,1,4,2,0,12,9,8,10,0,14,7,12,14,12,21,5,3,7,17,13,18,5,6,8,3,9,11,3,3,13,2,5,11,5,8,4,4,1,4,13,8,5,5,4,11,8,12,8,2,6,5,3,4,11,5,9,3,7,5,5,8,7,3,8,1,0,7,4,3,0,6,7,5,10,12,0,0,0,0,0,0,0,7,5,7,10,8,15,4,0,0,0,0,0,0,0,3,0,0,5,2,0,2,1,0,8,2,0,0,2,5,4,4,6,1,0,6,4,0,5,8,7,7,4,2,1,6,0,6,7,5,1,7,3,5,7,6,3,2,7,6,1,3,2,12,5,9,0,2,4,4,1,3,4,1,4,0,3,5,1,6,9,5,3,5,3,2,7,12,0,2,4,5,1,7,7,2,3,1,5,4,9,4,7,1,9,4,4,6,0,10,6,4,1,8,8,4,4,0,2,5,2,11,4,2,8,1,0,5,1,7,0,6,2,5,1,3,5,4,4,2,1,0,8,0,3,0,1,5,2,12,1,0,3,1,1,5,4,9,2,0,5,4,0,7,6,0,1,4,2,3,2,1,2,1,5,0,4,3,3,0,6,1,4,3,5,9,0,2,1,3,7,5,4,1,1,3,4,3,3,1,1,5,2,4,6,17,1,0,0,3,1,8,0,0,8,3,2,2,1,1,8,0,4,0,4,5,6,6,2,6,3,1,2,3,3,3,4,2,2,1,1,5,11,1,3,1,1,1,0,0,2,1,2,6,3,1,2,1,4,5,1,1,7,4,2,4,8,4,11,7,4,2,1,3,6,5,3,6,4,7,4,1,19,3,4,2,3,2,8,8,0,2,2,1,3,2,2,2,1,1,0,6,9,8,3,2,4,9,5,5,1,7,4,3,4,8,4,0,7,2,0,0,2,0,7,0,1,6,6,5,2,2,2,4,1,2,2,6,2,6,4,1,0,3,4,2,1,4,0,0,3,1,2,0,1,3,2,3,0,11,8,6,1,5,4,3,3,2,4,4,5,2,4,1,1,3,4,3,1,3,3,3,4,2,2,2,4,0,3,9,7,0,5,3,5,1,3,4,4,2,3,3,4,1,4,2,10,5,0,6,0,1,0,2,10,6,3,3,0,2,6,1,10,1,1,3,0,6,5,1,6,2,0,1,2,3,2,3,4,6,0,0,0,4,7,1,6,1,9,3,5,0,8,2,5,1,2,5,1,1,6,3,0,2,1,1,3,1,2,4,1,7,1,5,2,0,3,2,5,6,1,0,3,6,1,1,2,4,0,3,5,3,3,5,7,1,0,0,3
FOODS_2_075_CA_1_evaluation,FOODS_2_075,FOODS_2,FOODS,CA_1,CA,1,3,0,3,2,4,2,3,6,4,1,4,4,4,2,7,7,4,3,0,5,0,2,1,5,3,0,2,6,1,1,2,0,0,0,0,0,0,0,0,0,0,0,0,0,0,0,0,0,0,0,0,0,0,0,0,0,0,0,0,0,0,0,0,0,0,0,0,0,0,0,0,0,0,0,0,0,0,0,0,0,0,0,0,0,0,0,0,0,0,0,0,0,0,0,0,0,0,0,0,0,0,0,0,0,0,0,0,0,0,0,0,0,0,0,0,0,0,0,0,0,0,0,0,1,3,2,0,1,1,1,0,0,0,0,0,0,0,0,0,0,0,0,0,0,0,0,0,0,0,0,0,0,0,0,0,0,0,0,0,0,0,0,0,0,0,0,0,0,0,0,0,0,0,0,0,0,0,0,0,0,0,0,0,0,0,0,0,0,0,0,0,0,0,0,0,0,0,0,0,0,0,1,0,0,0,0,0,0,0,0,0,0,0,0,0,0,0,0,0,0,0,0,0,0,0,0,0,0,0,0,0,0,0,0,0,0,0,0,0,0,0,0,0,0,0,0,0,0,0,0,0,0,0,0,0,0,0,0,0,0,0,0,0,0,0,0,0,0,0,0,0,0,0,0,0,0,0,0,0,0,0,0,0,0,0,0,0,0,0,0,0,0,0,0,0,0,0,0,0,0,0,0,0,0,2,2,2,2,3,2,3,2,0,8,3,5,4,1,2,3,2,1,7,2,5,1,7,0,4,4,4,0,7,4,2,6,3,2,1,0,3,5,5,4,8,2,2,6,1,6,2,8,2,3,2,2,4,5,3,2,3,4,0,6,8,0,4,5,2,2,4,4,3,0,0,7,8,10,4,7,0,6,3,0,2,3,6,3,2,1,4,5,11,5,1,3,3,8,5,1,6,0,5,3,4,1,3,4,0,0,0,0,0,0,0,0,0,0,0,0,0,0,0,0,0,0,0,0,0,0,0,0,0,0,0,0,0,0,0,0,0,0,0,0,0,0,0,0,0,0,0,0,0,0,0,0,0,0,0,0,0,0,0,0,0,0,0,0,0,0,0,0,1,1,1,2,4,2,2,1,0,5,7,6,1,5,0,2,4,1,0,3,0,2,0,3,4,5,3,5,4,2,7,2,5,4,2,4,1,4,1,3,2,0,3,1,1,3,6,2,0,0,1,2,0,6,2,0,3,3,2,5,4,4,6,1,4,3,4,2,5,0,2,2,4,4,3,1,5,2,0,2,2,8,4,1,3,3,5,1,6,5,3,5,4,2,1,9,3,3,2,6,2,2,6,0,2,3,0,0,7,2,1,6,1,0,3,3,9,4,5,2,6,1,4,3,5,4,1,2,2,1,3,2,0,3,1,1,6,1,3,3,1,0,2,3,3,1,1,2,1,2,13,4,3,0,1,2,1,3,2,0,4,4,0,1,5,1,0,1,1,1,1,1,4,5,3,3,0,5,5,5,4,1,1,1,4,8,3,0,3,2,2,2,3,2,1,2,4,0,3,2,2,5,2,2,2,1,2,4,8,2,2,3,5,4,4,0,3,2,3,0,6,5,4,2,1,2,3,2,4,3,2,0,3,1,5,4,2,3,0,1,5,2,2,2,1,5,0,0,1,6,6,1,3,3,2,1,6
FOODS_2_078_CA_1_evaluation,FOODS_2_078,FOODS_2,FOODS,CA_1,CA,0,0,0,3,2,5,0,2,1,0,0,0,0,0,0,0,0,0,0,0,0,0,0,0,0,1,0,3,3,2,2,2,1,2,2,0,3,0,0,0,0,3,1,0,0,3,1,0,0,0,0,1,2,1,3,2,0,0,0,0,1,1,4,0,0,4,2,0,1,2,2,4,1,0,0,0,0,0,0,0,0,0,0,0,0,0,0,0,0,0,0,0,0,0,0,0,0,0,0,0,0,0,0,0,0,0,0,0,0,0,0,0,0,0,0,1,1,0,1,1,1,1,3,0,1,0,0,0,0,0,0,0,0,0,0,0,0,0,0,0,0,0,0,0,0,0,0,0,0,0,0,0,0,0,0,0,0,0,0,0,0,0,0,0,0,0,0,0,1,1,1,0,1,1,0,0,0,0,0,0,0,0,0,0,0,0,0,0,0,0,0,0,0,0,0,0,0,0,0,3,1,1,0,3,2,0,0,1,0,2,1,0,1,1,1,0,1,1,1,1,0,2,0,0,0,1,1,0,1,0,0,1,0,2,0,1,2,2,1,0,1,2,0,0,0,1,1,0,0,2,1,2,1,2,0,3,2,2,1,0,0,2,0,0,5,1,2,1,0,1,0,2,1,0,2,2,0,2,0,0,1,1,2,0,4,1,2,0,3,2,0,0,4,3,2,3,0,2,3,1,1,0,1,2,0,0,3,2,2,1,1,0,3,2,2,0,2,1,0,3,0,2,1,2,1,1,0,0,0,4,1,0,1,1,1,2,0,0,5,1,2,5,7,2,7,3,4,5,1,1,1,2,2,1,1,1,3,1,1,1,1,1,2,2,2,1,2,1,2,1,1,1,4,1,5,0,1,0,6,2,1,0,1,4,3,2,2,0,0,2,2,3,1,3,1,3,0,5,1,2,4,2,3,2,2,5,5,3,3,2,0,0,4,2,3,1,3,2,2,3,1,0,2,2,0,1,2,1,5,2,0,0,4,3,2,3,4,2,3,3,3,4,5,2,1,4,1,1,1,3,1,2,4,1,2,3,3,2,1,5,3,4,2,0,1,2,2,2,4,6,0,0,0,3,5,1,2,3,1,1,2,1,2,2,1,3,1,2,2,2,1,4,3,2,0,2,2,0,2,3,1,2,2,1,0,3,0,0,0,1,0,3,1,0,1,1,1,1,1,0,0,0,0,0,0,1,1,0,0,0,0,2,2,0,0,0,0,0,0,0,0,1,0,0,0,0,0,0,2,0,0,0,0,0,0,0,1,0,0,0,0,0,0,0,0,0,0,0,1,0,0,1,0,1,1,0,0,0,0,0,0,0,0,0,0,0,0,0,0,0,0,0,0,0,0,0,0,0,0,0,0,0,0,0,0,0,0,0,0,0,0,0,0,0,0,0,0,1,0,0,0,1,0,0,1,2,0,0,1,1,0,0,1,1,0,0,1,0,0,0,2,1,0,2,0,0,2,0,1,1,0,0,3,1,1,2,2,1,0,3,1,0,0,3,1,0,0,1,1,1,1,1,2,1,2,0,0,1,1,4,2,2,1,1,1,0,1,3,1,0,1,3,0,2,1,2,2,1,2,2,1,5,1,2,0,3,1,0,2,2,3,0,1,1,1,3,0,0,0,0,0,0,0,0,0,0,0,0,0,0
FOODS_2_081_CA_1_evaluation,FOODS_2_081,FOODS_2,FOODS,CA_1,CA,0,0,0,0,0,0,0,0,0,0,0,0,0,0,0,0,0,0,0,0,0,0,0,0,0,0,0,0,0,0,0,0,0,0,0,0,0,0,0,0,0,0,0,0,0,0,0,0,0,0,0,0,0,0,0,0,0,0,0,0,0,0,0,0,0,0,0,0,0,0,0,0,0,0,0,0,0,0,0,0,0,0,0,0,0,0,0,0,0,1,3,4,1,5,2,0,1,2,1,1,1,1,1,1,3,0,1,4,3,1,0,1,0,8,3,3,0,0,3,0,5,0,0,2,3,2,0,3,4,1,3,0,0,4,5,2,5,1,1,1,4,0,5,1,4,0,2,4,5,2,1,1,4,1,2,3,4,0,3,0,2,4,4,7,0,1,6,1,7,1,4,1,0,6,1,2,1,0,1,5,0,2,3,3,0,1,1,0,2,2,5,0,1,2,1,2,3,4,1,0,3,3,3,2,4,0,0,6,2,0,0,0,0,4,0,0,3,0,3,0,3,3,3,4,0,4,5,0,0,3,3,0,6,0,1,2,0,0,3,4,4,3,0,2,0,0,0,0,0,0,0,0,2,1,3,1,3,1,1,3,2,2,2,2,0,0,1,0,0,0,0,0,0,0,5,3,0,1,2,2,5,4,5,1,2,1,2,0,3,2,1,1,0,3,1,3,1,0,3,1,1,2,3,1,0,1,1,0,3,0,3,0,3,3,2,2,2,0,2,2,2,0,0,0,0,0,0,0,0,0,0,3,0,1,2,1,1,2,1,0,0,0,0,0,0,0,0,0,0,0,0,0,0,0,0,0,0,0,0,0,0,0,0,0,0,0,0,0,0,0,0,0,0,0,0,0,0,0,0,0,0,0,0,0,0,0,0,0,0,0,0,0,0,2,0,0,0,4,2,1,2,0,0,0,0,2,1,3,0,0,0,0,1,6,3,0,0,0,0,4,0,0,1,3,0,0,0,0,0,0,0,0,0,0,0,8,0,0,0,7,1,0,0,7,1,0,0,0,2,3,3,0,0,0,0,2,8,0,0,0,2,0,2,2,2,3,1,1,1,1,3,4,0,6,0,2,1,6,0,2,5,2,1,1,3,3,3,1,0,0,1,3,4,0,2,1,4,3,5,3,0,1,4,0,2,5,4,1,0,1,6,3,8,5,0,2,1,1,0,5,3,1,1,5,0,1,1,2,8,6,3,2,1,4,2,3,3,4,3,2,4,1,1,1,1,1,1,3,4,2,0,0,2,3,7,2,2,1,6,4,1,7,4,2,3,2,1,3,4,1,3,1,1,1,3,0,3,1,2,1,0,0,5,2,0,1,0,0,7,7,3,3,2,4,2,3,7,5,2,2,2,2,10,5,4,1,0,1,5,0,6,3,0,2,2,6,2,9,4,4,2,3,1,7,6,1,0,4,1,2,1,2,7,3,2,4,2,2,6,2,0,7,1,3,1,6,2,1,1,2,5,3,8,6,1,0,1,2,1,4,1,3,4,3,3,2,3,1,3,3,3,0,0,1,6,1,1,3,4,0,7,2,1,2,0,2,4,10,6,1,2,1,7,4,5,2,1,2,3,1,1,6,3,2,3,1,2,5,2,3,4,3,0,1,2,6,1,1,1,2,2,2,7,1,1,2,1,5,7,8
FOODS_2_082_CA_1_evaluation,FOODS_2_082,FOODS_2,FOODS,CA_1,CA,3,1,4,4,2,2,4,4,3,0,0,0,3,0,4,5,6,0,0,0,0,1,2,3,0,2,3,1,0,3,6,0,0,2,3,0,2,3,0,0,0,4,1,7,4,2,0,0,0,5,1,0,0,2,2,0,1,4,2,1,3,2,1,4,5,2,1,1,1,1,4,0,0,0,0,0,0,0,4,5,1,2,2,5,3,7,1,1,0,3,1,1,5,3,2,1,0,1,3,1,3,1,3,2,2,4,7,4,1,0,0,0,0,1,4,3,1,3,0,1,7,4,4,0,2,1,2,4,2,0,2,3,3,4,2,0,0,3,3,2,5,5,0,0,0,4,0,0,0,6,1,0,2,0,2,4,0,0,2,2,0,4,4,1,3,1,3,5,3,7,1,4,3,3,2,5,5,4,0,2,3,2,4,5,2,0,6,1,0,1,2,0,1,3,2,1,3,9,2,4,5,3,3,4,5,1,3,0,0,0,0,0,0,0,0,0,2,0,1,6,2,5,1,10,9,9,6,4,6,8,5,10,11,5,1,2,3,9,4,0,0,0,2,1,2,2,1,0,3,0,1,4,7,2,1,4,4,4,2,3,4,4,1,2,0,1,0,7,3,2,0,0,5,5,2,0,0,2,2,3,4,1,1,0,3,1,0,4,3,3,0,0,2,3,3,5,4,1,1,5,0,3,1,0,2,1,0,1,1,6,3,1,0,0,6,4,5,3,0,0,0,0,0,5,2,3,0,1,3,3,3,2,1,0,1,0,0,0,4,2,2,3,9,8,3,7,3,3,2,0,0,0,6,0,0,0,3,3,0,0,0,1,2,2,5,2,6,5,3,0,0,0,0,4,0,1,2,0,2,5,4,0,3,2,0,4,2,1,0,2,4,1,3,2,6,2,0,3,2,2,5,3,1,0,2,1,0,1,5,4,5,3,4,0,3,6,0,2,3,0,0,1,0,5,2,2,0,5,2,0,4,0,4,6,2,3,6,0,3,1,4,6,1,8,4,4,1,1,5,6,4,0,0,1,3,5,5,1,0,2,0,4,5,3,2,3,3,3,3,1,1,4,2,2,5,1,8,3,1,1,2,0,3,3,4,2,2,0,1,6,2,1,0,6,0,0,7,6,5,3,4,4,5,4,4,2,7,4,1,6,0,3,4,7,2,2,2,3,1,4,3,2,2,2,3,10,4,6,5,1,3,7,7,2,7,5,1,0,2,8,2,3,1,1,5,1,3,8,4,10,1,0,0,0,0,2,2,2,0,0,3,4,2,2,3,1,1,4,8,3,1,8,3,2,3,3,1,3,0,6,0,0,2,0,3,4,5,3,3,3,3,3,3,2,1,5,3,4,2,2,2,4,5,3,3,4,2,4,1,1,6,6,7,3,0,5,4,9,4,3,1,1,1,7,1,0,3,6,2,1,8,1,4,0,2,4,0,2,3,3,3,2,3,0,4,3,1,0,1,0,4,4,6,0,0,3,5,3,1,6,1,7,0,1,1,2,4,2,1,2,2,1,0,0,3,1,1,2,0,5,2,4,4,6,1,2,3,6,3,2,2,4,3,5,2,0,2,4,4,1,5,6,3,2,1,0,0,4,5,0,3,0,2,0,3,1,6,1,2,1,6,1,1,0,2,4,0,0,0,3
FOODS_2_092_CA_1_evaluation,FOODS_2_092,FOODS_2,FOODS,CA_1,CA,3,0,1,1,1,0,1,0,4,0,0,2,0,2,2,4,2,1,2,0,1,0,0,2,2,1,0,0,0,0,0,0,0,4,2,1,0,3,0,2,1,1,2,1,4,0,7,0,1,0,7,2,1,0,0,0,1,1,4,0,5,0,3,0,1,0,1,0,2,3,0,2,2,0,1,0,2,0,0,0,2,1,2,1,0,1,2,0,0,1,1,0,1,0,0,4,0,1,1,2,3,0,0,0,0,0,0,0,0,0,0,0,0,0,0,0,0,0,0,0,0,0,0,0,0,0,0,0,0,0,0,0,0,0,0,0,0,0,0,0,0,0,0,0,0,0,0,0,0,0,0,0,0,0,0,0,0,0,0,0,0,0,0,0,0,1,1,3,3,2,4,2,2,0,0,6,1,2,2,0,0,3,1,5,0,0,1,1,3,2,0,5,4,1,1,3,2,1,4,2,3,1,2,0,0,0,0,0,0,0,0,0,0,0,0,0,0,0,0,0,0,0,0,0,0,0,0,0,0,0,0,0,0,0,0,0,0,0,0,0,0,0,0,0,0,0,0,0,0,0,0,0,0,0,0,0,0,0,0,0,0,0,0,0,0,0,0,0,0,0,0,0,0,0,0,0,0,0,0,0,0,0,0,0,0,1,3,0,2,0,0,1,0,0,1,1,0,1,3,0,2,0,0,0,0,0,1,1,2,3,1,0,0,0,4,4,1,2,1,1,1,4,3,1,0,0,0,2,4,0,0,1,3,1,2,0,1,1,0,0,0,0,1,0,0,1,3,2,1,0,3,3,0,1,0,1,1,2,1,2,2,1,1,0,1,1,0,0,0,0,0,0,0,0,0,0,4,1,0,0,0,0,0,1,0,0,0,2,1,1,0,2,0,0,0,0,1,0,0,0,1,0,0,0,0,0,0,1,4,0,0,1,0,2,1,0,1,1,0,2,2,1,1,2,0,2,1,3,1,1,1,2,2,3,1,3,3,0,0,1,1,2,2,0,3,0,1,1,0,1,0,0,0,3,2,0,1,0,0,0,1,5,0,0,0,6,1,3,3,4,0,0,0,0,0,2,1,0,1,1,1,2,3,1,3,0,0,0,0,0,0,2,1,0,0,0,1,2,0,0,1,0,0,1,1,0,0,1,0,1,1,2,0,0,2,2,0,0,2,4,0,0,1,0,0,0,0,0,0,0,0,2,1,0,2,0,0,1,1,1,0,1,0,0,0,0,0,1,0,0,0,0,0,0,1,1,0,0,1,0,0,0,0,0,1,0,1,0,1,0,0,1,1,0,0,0,0,0,1,0,0,0,0,0,1,0,0,1,0,1,0,0,1,0,0,0,0,1,0,0,0,0,0,0,0,0,0,0,0,0,1,0,0,1,0,0,1,0,0,0,0,1,0,3,0,0,2,0,0,0,0,1,0,1,0,0,0,2,1,1,0,0,0,2,0,1,0,0,0,0,3,1,1,1,1,0,0,0,1,2,0,0,0,0,1,0,1,2,0,0,1,0,0,2,0,0,0,0,0,0,0,0,0,0,0,0,0,0,0,0,0,0,0,0,1,0,0,1,0,0,0,1,0,0,0,0,0,0,0,1,0,0,0,1,3,0,0,0,0,0,1,0,1,0,0,1,0,1,0,1
FOODS_2_101_CA_1_evaluation,FOODS_2_101,FOODS_2,FOODS,CA_1,CA,3,1,5,4,2,1,0,0,3,2,1,0,4,1,2,1,6,3,3,0,0,3,1,1,3,0,0,2,3,0,3,1,0,0,2,1,1,2,1,2,2,0,1,2,5,2,0,0,0,3,0,4,2,1,1,2,2,0,2,2,1,0,4,2,2,2,1,3,0,3,1,0,0,0,0,0,0,0,0,0,1,0,0,1,4,0,0,2,3,0,1,1,2,1,0,1,2,2,3,2,2,0,2,2,2,3,4,4,3,2,0,1,2,3,4,5,1,3,2,4,3,1,0,1,0,4,0,5,5,1,1,2,2,2,6,3,1,5,3,1,2,3,2,2,1,1,3,3,4,3,0,0,2,2,1,4,1,2,0,2,1,1,3,4,6,2,3,3,5,2,3,4,1,9,3,3,5,1,3,3,0,3,7,9,4,0,9,2,4,6,1,2,0,3,7,4,2,6,5,3,4,1,1,3,1,4,3,0,0,0,0,0,0,0,6,0,2,3,5,4,2,1,0,6,5,9,3,5,3,2,2,5,8,5,3,0,4,0,2,5,14,3,1,2,1,1,4,3,2,0,1,1,3,5,1,2,2,3,1,1,5,6,2,2,1,0,5,5,1,0,2,6,1,0,0,1,2,1,3,0,2,6,0,0,2,0,0,4,1,3,0,4,3,3,3,3,5,0,1,1,0,8,4,4,3,2,0,0,1,1,5,5,4,3,4,2,5,4,1,1,1,1,1,2,3,2,2,2,2,1,3,1,3,1,1,5,3,4,0,1,2,4,1,5,6,4,1,1,1,1,3,2,3,0,0,2,4,0,2,4,2,0,2,0,5,2,3,2,2,5,1,2,3,4,1,2,0,0,1,10,1,0,0,2,0,2,0,0,0,4,2,0,1,0,3,0,1,3,2,0,4,1,1,5,1,7,2,3,5,2,4,0,5,0,2,6,0,3,0,3,2,3,0,2,2,2,3,2,2,2,6,1,4,1,0,2,4,0,2,1,3,3,5,4,2,0,1,1,2,1,2,2,2,1,2,4,1,3,2,1,0,4,1,2,0,3,0,1,3,2,4,3,4,2,2,0,0,2,3,1,1,5,1,0,4,0,2,1,2,4,1,2,1,4,4,0,1,2,3,3,3,3,2,1,1,4,3,5,1,0,2,4,4,4,2,2,1,5,5,4,1,1,0,2,3,2,4,1,4,0,3,3,6,1,1,0,4,1,2,6,7,3,1,7,1,3,3,8,11,10,4,3,0,7,2,2,5,2,2,4,2,3,3,5,3,1,1,5,1,2,1,0,3,3,2,0,0,5,3,0,0,3,0,4,2,4,3,3,1,4,2,4,2,2,2,4,2,3,4,2,1,2,3,1,3,5,5,1,3,7,3,1,6,2,3,0,0,0,0,1,0,1,0,0,0,0,5,0,1,0,3,2,1,0,3,1,2,0,0,2,4,1,2,3,0,0,0,4,1,3,2,2,0,4,2,4,1,0,3,4,4,2,0,0,0,0,0,0,0,2,1,3,0,6,0,6,0,0,0,7,5,0,0,4,2,0,4,3,4,1,3,3,0,0,3,2,5,2,0,0,4,2,1,5,1,3,1,2,2,2,3,0,3,2,5,3,1,3,1,2,4,3,0,8,5,0,1,2,2,5
FOODS_2_107_CA_1_evaluation,FOODS_2_107,FOODS_2,FOODS,CA_1,CA,0,1,1,2,1,0,0,0,0,0,1,1,0,0,0,2,0,3,1,1,2,0,0,1,0,1,2,1,2,2,0,0,0,0,0,2,0,0,0,0,3,0,0,0,0,0,0,3,3,0,3,3,0,2,3,0,0,0,2,1,0,0,1,1,0,0,3,2,3,0,2,0,0,1,0,0,0,3,1,1,2,0,2,1,1,0,1,1,4,0,0,0,0,1,1,0,0,0,0,2,2,2,0,1,0,0,0,2,3,0,2,0,0,1,0,0,0,0,0,0,0,0,0,0,2,1,1,0,2,0,0,1,1,3,0,1,0,1,1,0,2,1,0,0,1,1,0,0,1,0,2,0,0,0,0,1,2,2,0,1,0,0,0,3,1,0,0,0,1,0,0,0,0,0,0,1,0,0,1,0,0,0,2,3,0,1,0,0,0,0,0,0,3,0,0,0,0,1,0,1,0,0,0,1,0,2,0,0,4,0,0,4,0,2,0,0,1,2,2,0,0,4,1,2,0,2,3,0,2,2,0,0,3,3,0,0,0,1,0,3,1,1,1,0,1,6,1,0,4,0,0,0,0,0,0,0,0,0,0,0,0,0,3,2,2,2,2,0,2,1,0,1,1,1,2,2,0,0,5,2,2,0,3,2,2,1,0,1,1,2,1,6,1,0,2,6,0,0,0,0,2,4,4,1,7,2,1,2,2,3,2,1,2,0,0,0,3,0,0,0,1,0,0,4,0,3,1,6,0,4,3,0,0,1,4,1,2,4,0,1,3,0,1,3,1,0,0,0,2,1,2,2,1,0,0,0,0,1,0,0,0,0,0,0,0,0,2,3,0,0,2,1,3,1,2,3,0,0,0,3,0,0,4,1,2,1,0,2,2,0,0,0,2,0,0,1,0,1,0,0,1,1,0,0,1,3,0,1,2,1,0,0,0,0,2,1,0,0,1,1,0,1,0,2,0,0,0,0,2,0,1,0,0,3,0,1,2,0,0,0,0,2,0,0,1,2,0,2,0,3,1,5,0,0,0,1,1,3,0,2,1,1,0,0,0,3,2,0,1,1,3,2,0,3,0,0,2,0,3,1,0,3,2,0,2,0,0,0,0,0,1,0,1,4,1,1,0,1,0,1,0,0,3,3,1,3,2,1,1,1,1,0,0,0,0,2,1,2,1,1,3,1,2,0,1,0,2,1,6,2,0,0,1,1,3,2,1,0,0,1,5,3,2,0,2,1,0,0,2,0,3,0,1,0,0,1,0,0,0,0,3,4,3,4,0,0,1,1,0,1,1,0,0,1,1,1,2,1,1,0,0,0,0,0,0,2,0,0,0,10,2,0,0,3,1,0,0,3,0,1,0,0,4,2,4,0,4,0,0,0,0,0,2,0,0,2,0,2,3,2,0,0,2,2,3,0,1,0,3,1,1,0,1,1,1,1,0,3,1,0,1,0,0,0,1,0,2,0,1,7,5,2,0,0,1,0,1,2,1,0,0,1,0,1,0,0,1,0,0,1,1,1,2,1,1,0,0,0,3,1,2,0,2,1,2,2,1,0,3,0,0,0,3,1,1,1,1,2,1,1,2,1,2,2,1,0,8,3,1,3,0,0,0,0,6,0,2,1,3,0,2,0,1,2,1,0,0,0,0,0
FOODS_2_108_CA_1_evaluation,FOODS_2_108,FOODS_2,FOODS,CA_1,CA,0,3,1,1,0,1,2,1,2,0,0,0,0,0,0,3,0,1,0,0,0,1,1,0,0,1,2,0,0,0,0,0,1,0,0,0,0,2,3,0,0,2,1,0,0,3,1,2,2,0,2,0,1,1,0,1,0,1,0,2,0,0,1,0,0,0,2,1,0,1,0,2,0,1,1,0,0,0,0,0,0,0,0,0,0,0,0,0,1,0,1,0,1,0,0,1,0,0,1,2,0,1,0,0,0,0,1,1,3,1,0,0,0,2,0,3,0,0,1,2,0,0,1,0,0,1,0,3,2,0,2,2,1,3,3,3,1,0,1,0,1,2,4,0,0,0,1,2,0,4,1,0,1,0,2,2,2,1,0,0,0,1,3,3,1,0,0,0,3,1,2,1,1,1,0,1,0,2,0,1,0,0,2,0,0,1,0,0,0,1,0,1,1,1,1,1,1,0,0,0,0,0,2,2,1,0,1,1,0,1,0,0,1,1,2,0,1,1,0,0,0,0,0,0,5,2,1,0,0,1,1,0,4,2,1,1,1,0,0,1,2,0,0,1,0,0,1,1,0,0,0,0,0,0,1,1,0,0,1,1,2,1,0,0,0,0,1,0,0,0,1,1,1,3,3,1,1,0,0,1,2,2,0,1,0,1,2,0,0,0,0,2,0,1,0,1,6,0,2,0,1,0,0,1,1,0,0,2,0,0,0,0,0,1,1,0,1,2,1,0,0,0,1,0,2,0,1,1,0,0,3,1,0,1,0,0,0,0,1,0,1,0,0,1,1,0,1,1,1,1,1,1,0,0,1,0,0,0,0,0,0,1,2,0,1,0,0,2,0,0,0,0,2,1,0,0,2,1,2,1,1,0,2,0,1,1,1,1,0,1,0,0,1,4,0,0,0,1,1,3,0,0,1,0,2,1,0,1,2,2,2,0,1,1,0,1,0,0,0,0,2,0,0,0,1,2,0,1,1,1,2,1,1,0,0,0,1,1,1,1,1,0,2,0,1,1,0,1,1,2,2,0,0,0,0,2,0,6,0,0,0,0,3,2,1,3,1,1,0,1,0,1,1,1,1,3,1,0,0,1,0,0,0,2,2,0,5,0,0,0,0,1,1,0,0,0,2,1,0,1,0,0,1,0,0,0,5,0,0,1,1,2,0,1,0,0,0,3,1,2,1,0,0,0,3,1,1,0,1,0,1,0,1,0,1,3,1,0,2,0,2,0,0,1,0,0,0,3,0,0,1,2,0,1,0,2,2,0,2,1,0,0,0,0,0,0,0,0,4,0,1,0,0,0,0,0,0,0,0,1,0,0,0,0,0,0,0,0,0,1,0,0,0,0,1,0,0,0,0,0,0,0,0,0,0,0,0,0,0,0,0,0,0,0,0,0,0,0,0,0,0,0,0,0,0,0,0,0,0,0,0,0,0,0,0,0,0,0,0,0,0,0,0,0,0,0,0,0,1,0,0,0,0,0,0,0,0,0,0,0,0,0,0,0,0,0,0,0,0,0,0,0,0,0,0,0,0,0,0,0,0,0,0,0,0,0,0,0,0,0,0,0,0,0,0,0,1,4,0,0,0,0,0,0,0,0,0,0,0,1,0,0,0,1,1,0,2,0,1,1,3,1,2,3,0,0,1,0,0,1
FOODS_2_109_CA_1_evaluation,FOODS_2_109,FOODS_2,FOODS,CA_1,CA,0,0,1,3,5,0,2,1,0,1,3,1,2,2,1,1,3,3,5,1,3,2,2,2,2,2,2,1,0,2,3,0,9,1,2,1,1,2,2,5,1,1,3,2,3,0,4,1,1,0,3,0,1,2,0,3,2,1,0,1,1,0,0,0,3,0,0,2,1,1,2,1,0,3,3,0,0,2,5,3,2,1,0,0,4,2,1,2,3,0,1,2,9,2,2,2,0,3,1,0,5,5,1,0,0,1,0,2,1,2,3,1,1,4,3,2,3,2,0,0,5,7,2,3,3,3,4,2,1,0,2,3,0,0,1,2,3,2,0,1,3,3,2,3,4,0,2,1,3,1,0,2,3,2,1,3,1,0,1,0,1,4,2,4,3,1,1,2,3,0,3,3,3,0,8,1,0,2,4,2,1,1,0,4,1,2,0,0,0,0,1,2,3,2,0,1,7,1,3,1,2,0,2,2,3,1,0,4,0,2,2,1,3,0,1,0,1,4,0,0,4,0,0,4,6,2,2,6,3,0,3,2,5,1,1,1,1,3,3,5,0,1,6,0,0,1,2,2,1,0,2,2,0,2,7,2,0,0,2,1,5,4,1,1,0,1,1,3,1,0,2,0,3,0,2,3,1,1,0,2,0,2,1,0,1,0,4,4,2,0,0,2,1,2,2,3,3,0,1,2,2,2,3,0,0,2,1,0,3,2,0,1,2,2,0,3,1,1,2,1,0,0,1,2,1,0,2,3,2,0,0,1,0,1,0,0,3,2,0,0,2,0,1,3,1,1,1,1,1,1,3,0,2,0,1,0,5,0,1,1,1,2,1,1,0,2,2,0,2,0,5,0,0,2,1,0,2,4,5,1,1,2,4,0,1,3,1,2,1,4,2,2,0,2,3,0,4,0,1,0,2,1,2,4,1,0,0,1,1,0,3,1,1,0,3,1,4,0,2,1,1,3,3,3,0,1,1,1,1,0,1,1,0,8,0,3,0,1,3,3,2,1,1,1,2,1,0,2,0,4,4,1,3,0,2,4,2,0,1,4,0,2,3,0,3,2,2,3,3,0,2,1,2,1,1,0,1,2,1,0,2,0,1,2,1,0,0,0,1,2,1,3,0,2,2,0,2,2,4,0,4,0,2,3,3,4,3,0,0,0,2,0,3,1,0,3,0,2,2,3,0,0,2,0,0,0,3,0,0,0,2,3,0,1,0,4,0,2,0,0,2,2,0,0,0,0,4,0,0,0,1,0,0,0,0,0,0,2,0,1,0,0,0,0,0,2,0,1,0,0,2,4,0,2,1,0,0,0,1,0,0,1,2,5,2,4,1,0,1,2,0,0,1,3,3,3,4,1,3,0,2,1,3,1,1,1,0,0,0,0,0,1,0,2,1,2,5,2,1,3,2,1,0,0,1,0,0,5,1,2,2,1,0,1,3,0,0,2,3,2,1,3,2,0,2,1,2,2,2,1,2,1,1,1,2,0,2,1,1,2,4,2,3,0,4,0,1,1,2,2,0,1,3,3,2,1,0,1,0,0,5,0,0,0,2,0,3,0,1,2,4,4,0,1,1,4,0,0,0,2,1,5,1,3,2,1,1,2,0,2,2,4,0,1,0,3,3,2,3,2,0,1,0,0,0,2,3,3,2,3
FOODS_2_112_CA_1_evaluation,FOODS_2_112,FOODS_2,FOODS,CA_1,CA,5,5,0,1,2,5,0,1,7,4,5,6,9,1,4,7,4,2,3,2,9,6,3,1,5,3,5,8,0,5,3,5,3,3,7,3,8,1,2,4,3,1,3,11,0,5,8,6,10,11,1,0,0,0,0,5,6,13,0,7,3,6,1,7,10,4,2,8,2,2,2,14,5,7,10,4,5,3,17,2,3,4,0,2,5,10,13,2,2,3,1,10,7,4,4,2,1,10,4,12,4,6,7,10,6,14,15,4,5,5,6,4,4,4,6,3,4,7,1,7,6,5,2,0,4,1,7,5,7,0,1,3,2,6,9,8,4,0,2,5,5,6,2,3,2,1,7,3,10,4,1,3,2,3,2,5,3,2,4,0,1,9,9,2,11,2,6,4,8,4,7,2,0,2,3,3,5,2,4,1,1,1,8,4,7,2,0,1,8,3,7,1,2,6,0,7,5,7,3,2,2,5,1,10,6,3,1,1,0,1,8,4,0,3,0,0,4,5,2,2,3,0,1,2,5,7,8,3,1,4,3,8,4,2,1,2,0,4,4,2,5,4,4,1,4,3,5,0,0,1,3,0,5,3,4,5,4,6,5,6,13,0,1,5,3,1,3,3,1,0,2,3,3,5,1,1,3,1,4,3,5,5,3,3,0,4,1,5,1,0,0,2,2,9,0,0,2,7,1,2,5,6,2,0,3,1,2,4,5,2,3,4,2,3,2,2,7,3,4,6,2,1,4,7,4,1,1,1,3,12,8,3,2,2,3,6,5,7,3,1,1,1,7,3,7,10,3,3,1,7,5,5,2,7,6,2,8,5,2,1,3,1,3,6,0,3,2,1,2,7,2,1,3,4,1,4,0,8,6,6,1,4,3,0,6,5,1,7,4,1,2,3,1,5,3,2,1,1,2,7,8,0,0,0,0,0,3,5,1,7,3,1,6,8,5,1,4,0,1,5,5,2,2,4,2,0,5,4,4,6,5,2,2,2,1,4,4,1,2,2,4,3,3,8,6,1,0,0,0,3,5,5,2,0,6,2,8,1,1,1,0,4,0,4,1,3,0,4,1,2,1,5,0,0,5,1,0,4,3,3,0,0,1,0,5,2,0,0,3,0,0,2,4,0,2,0,3,4,4,0,3,1,0,2,0,7,0,0,2,0,2,0,3,2,0,0,1,7,0,0,0,4,0,0,1,4,0,0,1,2,2,1,1,5,0,0,1,3,3,0,1,0,0,1,1,0,1,0,1,3,0,0,0,1,5,1,0,3,0,0,0,0,1,0,0,0,1,0,0,0,1,0,0,0,0,0,0,0,3,1,0,1,4,4,2,0,0,0,1,1,7,2,0,0,9,2,5,1,1,2,0,2,1,1,1,0,0,0,0,4,0,4,1,2,0,1,5,2,0,3,0,0,0,7,3,0,0,4,0,1,1,0,3,0,2,0,1,4,1,1,1,1,1,1,2,0,1,0,0,0,2,0,4,2,0,1,1,0,2,2,0,0,0,0,0,2,3,2,0,0,2,0,3,1,0,0,1,2,2,5,2,0,2,0,1,4,4,4,0,1,4,1,0,4,2,6,2,0,1,3,2,2,3,1,0,0,0,2,2,1,4,2,0,0,4,0,3,2,0,0,3,6,6,0,1,2,2,0,2,2
FOODS_2_116_CA_1_evaluation,FOODS_2_116,FOODS_2,FOODS,CA_1,CA,4,0,2,2,3,0,4,7,2,2,0,0,0,11,3,14,2,0,3,3,7,2,6,3,4,1,1,7,1,1,0,2,4,4,4,2,1,5,1,0,4,2,1,6,3,2,1,5,0,0,1,3,0,1,2,3,1,4,3,0,0,1,8,1,0,6,0,2,1,3,4,2,0,3,6,0,5,2,4,3,4,2,1,3,3,2,4,3,0,0,0,6,4,1,3,4,1,1,0,1,0,2,3,3,1,4,10,5,0,4,1,0,5,7,1,1,1,0,2,1,1,0,1,1,4,2,0,4,4,2,2,1,0,2,3,5,4,2,1,1,0,4,7,0,4,4,0,1,2,1,0,1,2,5,3,0,3,2,3,0,8,1,5,2,2,0,0,3,8,1,2,5,5,9,1,0,5,6,1,1,0,0,24,0,0,0,2,1,7,2,1,2,4,0,4,3,6,4,2,0,5,0,0,3,0,2,0,3,2,3,1,2,0,0,0,0,3,6,0,4,6,8,3,3,2,5,1,6,1,0,1,2,4,9,3,0,2,2,4,2,0,2,1,1,2,0,2,1,0,8,1,0,0,0,3,2,0,1,0,4,3,3,0,2,3,1,2,0,4,2,1,3,0,4,0,9,2,6,0,0,2,4,1,5,0,2,2,0,0,0,4,0,3,5,3,1,1,0,2,1,1,3,0,0,1,1,0,7,3,0,0,0,0,1,0,0,0,0,0,2,4,2,1,0,3,4,1,2,4,4,2,2,4,1,2,0,2,1,0,5,0,0,2,3,1,0,2,1,2,0,2,4,0,2,1,2,0,1,0,3,2,4,1,1,3,0,0,2,0,2,1,0,0,3,1,1,1,2,3,1,0,0,0,0,0,1,5,1,2,3,0,3,0,1,3,2,2,0,1,0,0,0,0,0,2,1,1,1,4,0,5,1,2,0,1,1,1,5,0,4,2,0,0,2,3,2,2,0,2,3,0,0,1,1,1,2,0,1,4,0,2,0,1,3,1,2,1,2,0,3,2,1,1,4,4,0,1,0,3,2,1,3,2,8,8,0,0,5,1,3,1,1,0,4,2,0,5,1,0,0,4,0,5,3,1,8,1,1,1,0,4,7,0,1,4,2,1,2,2,1,0,0,0,0,0,0,2,2,4,0,0,4,4,0,0,0,2,0,0,4,2,5,1,1,3,1,0,3,2,0,1,1,1,2,2,3,1,0,0,1,4,3,3,0,0,0,0,0,1,1,0,0,0,0,0,0,3,0,1,3,0,2,3,1,1,1,3,2,1,1,2,0,0,0,0,0,1,0,0,0,0,2,0,0,0,2,0,4,1,1,1,1,3,0,2,3,3,0,3,0,1,1,0,2,1,5,0,3,0,0,4,0,0,2,3,1,1,2,0,0,0,1,0,0,0,3,1,2,0,1,0,0,7,0,3,0,2,0,2,1,1,0,0,0,3,2,1,1,0,0,0,0,0,0,1,2,0,0,2,0,0,1,1,0,1,0,0,5,0,0,1,0,0,0,3,1,2,0,1,1,1,2,1,2,0,0,3,1,0,4,1,1,5,0,0,0,0,2,0,2,1,0,2,0,2,0,0,1,1,4,0,0,0,2,0,0,0,0,0,1,4,0,2,0,1,2,2,0,3,1
FOODS_2_119_CA_1_evaluation,FOODS_2_119,FOODS_2,FOODS,CA_1,CA,2,0,1,1,5,1,4,1,4,6,0,1,3,0,2,5,4,2,4,3,8,6,2,8,0,0,0,0,7,0,3,1,3,4,3,0,7,0,3,2,5,3,6,4,5,1,2,0,7,6,2,1,3,1,3,2,4,5,0,2,1,6,3,4,1,0,0,1,1,1,5,0,5,0,3,3,4,7,0,0,0,1,0,3,1,2,6,7,1,3,1,2,2,0,0,1,2,3,3,0,3,1,1,2,3,4,3,2,1,2,0,3,0,0,5,2,2,0,1,2,0,1,2,3,0,2,5,4,2,2,0,0,0,4,2,2,2,1,0,1,2,1,2,0,0,0,5,6,1,0,0,0,0,0,2,1,1,2,3,3,2,4,5,0,7,0,0,0,3,2,1,1,2,3,4,4,6,2,2,2,1,1,5,4,4,1,0,0,1,0,4,0,0,1,2,1,2,0,1,0,2,0,0,4,3,3,4,0,0,0,3,2,0,0,0,0,0,4,2,4,1,0,2,2,7,1,4,1,0,0,5,3,1,2,1,1,3,2,2,4,2,1,2,0,4,2,1,0,2,0,1,3,2,0,0,3,1,0,1,1,0,1,0,3,1,3,2,5,1,1,4,0,1,3,1,0,0,2,0,0,3,0,1,2,1,1,3,3,2,1,3,1,0,2,1,2,2,0,2,1,4,2,1,0,1,0,2,1,1,0,0,4,1,0,1,1,0,1,3,0,0,6,2,0,0,3,4,1,0,0,1,1,2,0,2,1,1,0,8,0,2,1,4,2,0,0,0,2,1,1,4,2,2,0,1,0,2,0,4,6,3,0,1,1,7,4,0,1,0,4,0,2,1,1,2,2,1,2,1,4,4,2,5,1,2,4,2,2,0,3,1,3,1,1,6,0,1,2,1,2,2,1,0,2,3,2,2,0,0,0,2,1,0,5,2,2,1,1,4,1,1,2,1,3,2,0,4,1,4,2,1,0,1,1,1,5,7,2,1,5,6,3,1,1,2,0,0,4,1,3,3,3,0,1,0,4,1,0,3,0,1,4,0,0,0,8,6,0,4,3,2,5,0,2,9,3,1,0,2,4,6,0,0,1,2,0,0,1,3,7,2,3,0,1,2,1,5,0,1,1,6,0,3,2,1,0,1,1,4,2,5,1,3,0,1,6,0,3,0,1,2,5,2,1,3,0,0,1,1,3,1,2,7,1,2,4,0,0,0,0,1,7,2,4,0,2,6,0,1,5,2,0,0,0,6,1,2,0,0,3,4,0,0,0,1,3,0,4,1,0,2,2,0,6,4,1,0,0,2,2,0,1,2,4,0,2,2,0,1,0,0,0,1,3,4,4,6,4,0,0,4,2,3,0,0,0,0,2,2,2,0,2,1,0,1,0,0,5,4,1,2,1,6,1,0,5,1,4,2,3,4,1,0,0,2,2,3,0,0,0,8,3,0,0,2,2,2,3,0,3,1,2,1,4,1,6,1,3,0,6,2,3,0,0,0,3,2,1,2,0,2,3,0,0,3,1,1,3,4,3,2,1,2,0,6,4,2,0,2,4,2,2,3,5,6,0,0,2,1,3,1,2,0,2,4,2,5,3,4,1,4,2,0,1,0,0,0,1,4,3,3,2,5,2,9,3,0,3,9,1
FOODS_2_125_CA_1_evaluation,FOODS_2_125,FOODS_2,FOODS,CA_1,CA,1,0,2,0,1,0,0,1,3,0,0,0,0,3,1,1,0,0,0,1,0,2,3,2,1,1,1,0,0,1,0,0,2,0,2,1,0,1,0,0,0,3,0,3,2,3,0,0,0,1,3,0,0,1,1,0,0,0,0,0,0,0,0,2,0,0,2,1,0,0,5,0,1,0,3,1,2,1,0,2,2,3,0,1,1,1,1,0,1,1,1,4,0,0,0,0,0,0,1,0,0,2,1,0,2,2,2,2,0,0,0,0,3,1,0,0,1,0,1,1,2,2,1,1,0,0,3,2,1,2,2,0,0,3,1,0,1,0,0,0,1,0,0,0,1,1,0,1,2,1,3,0,0,0,2,0,0,0,0,1,1,0,4,1,2,1,3,2,1,1,0,1,0,0,0,0,2,0,0,0,0,0,0,0,0,0,0,0,1,0,2,0,0,1,0,1,2,2,4,1,3,0,1,0,3,1,0,0,0,0,1,3,0,0,2,0,0,0,1,0,2,0,0,0,1,6,0,3,0,2,2,0,1,2,1,0,1,1,1,3,0,1,1,1,0,0,1,0,0,1,0,0,2,0,0,1,2,3,0,0,0,0,0,0,0,0,0,2,0,0,0,1,0,1,1,0,0,1,1,2,0,3,0,1,1,1,2,2,3,1,1,0,0,1,1,1,0,1,1,0,0,3,4,0,0,0,3,3,0,1,2,3,2,0,0,1,1,2,3,0,1,1,1,5,0,2,1,1,0,0,2,0,2,0,0,1,1,1,0,0,0,1,0,1,1,0,1,0,0,1,0,4,1,0,1,0,2,0,0,2,0,0,2,0,2,2,0,0,0,0,0,0,0,1,0,0,0,1,0,0,0,2,3,1,1,2,0,0,0,0,0,0,0,0,0,1,0,2,0,0,1,0,0,0,0,0,0,2,2,0,1,0,0,1,2,1,1,0,0,1,0,0,0,2,0,0,0,0,4,3,0,0,1,0,0,3,0,0,3,1,0,0,0,0,0,1,0,0,0,2,0,1,0,0,0,0,0,0,1,0,0,4,1,0,0,0,0,1,2,0,2,1,0,2,0,4,0,0,2,0,0,0,1,1,0,0,1,0,0,0,0,0,1,0,0,0,0,1,1,1,2,1,0,2,0,1,1,0,1,1,3,0,2,0,0,0,0,0,0,0,0,2,0,0,0,1,1,0,2,0,1,2,0,1,0,3,0,0,0,3,6,0,2,4,1,0,0,1,0,3,0,1,0,2,1,0,0,0,0,0,0,0,2,0,0,0,1,2,0,0,0,2,1,0,1,3,0,1,0,0,0,3,0,4,1,0,0,1,0,3,2,1,0,0,0,0,2,0,0,0,1,0,1,1,0,2,4,0,4,0,0,0,0,2,1,0,0,1,0,0,0,5,1,0,0,0,1,1,2,2,2,0,1,0,0,0,1,2,4,1,0,2,0,1,1,0,0,0,0,0,3,0,0,0,0,1,1,4,2,0,0,0,0,0,2,0,0,2,0,1,1,1,0,1,0,0,0,0,1,0,1,3,4,0,0,0,1,0,0,2,2,2,0,1,0,1,1,1,1,0,1,2,2,0,1,3,0,0,0,1,0,1,3,1,0,0,2,2,0,0,0,0,6,1,0,0,0,0,0,0
FOODS_2_126_CA_1_evaluation,FOODS_2_126,FOODS_2,FOODS,CA_1,CA,0,0,0,0,0,0,0,0,0,0,0,0,0,0,0,0,0,0,0,0,0,0,0,0,0,0,0,0,0,0,0,0,0,0,3,7,4,4,4,1,3,2,1,1,4,1,0,5,2,5,2,2,0,2,1,3,1,1,4,2,4,2,1,2,1,2,1,3,1,2,4,5,2,5,1,2,3,1,3,4,1,2,3,0,3,1,4,3,0,2,2,1,3,1,2,6,4,1,2,3,2,3,4,2,1,4,3,5,1,4,2,2,1,0,2,0,1,0,1,2,4,3,1,3,0,1,0,1,2,3,6,1,0,2,6,6,2,1,2,1,2,1,1,1,0,0,2,1,2,2,2,0,0,0,2,5,0,1,0,3,0,1,1,3,0,4,0,0,0,3,1,0,0,1,0,3,1,2,2,1,0,0,1,1,2,3,2,0,0,1,0,3,0,0,0,0,3,0,6,0,3,0,2,1,1,1,1,2,0,1,0,0,0,0,0,0,0,1,2,1,0,1,0,0,1,0,1,1,3,2,3,1,3,2,2,1,0,1,2,2,0,2,0,0,2,4,0,1,0,2,0,2,1,3,3,1,2,0,4,4,3,4,2,1,0,0,1,0,0,2,1,3,2,1,2,2,0,2,1,2,2,0,1,2,2,0,0,2,3,3,0,5,1,1,4,3,1,3,1,0,1,4,1,2,0,1,2,3,1,3,1,0,1,3,0,0,0,0,0,0,0,0,0,0,0,0,0,0,0,0,0,0,0,0,0,0,0,0,0,0,0,0,0,0,0,0,0,0,0,0,0,0,0,0,0,0,0,0,0,0,0,0,0,0,0,0,0,0,0,0,0,0,0,0,0,0,0,0,0,0,0,0,0,0,0,0,0,0,0,0,0,0,0,0,0,0,0,0,0,0,0,0,0,0,0,0,0,0,0,0,0,0,0,0,0,0,0,0,0,0,0,0,0,0,0,0,0,0,0,0,0,0,0,0,0,0,0,0,0,0,0,0,0,0,0,0,0,0,0,0,0,0,0,0,0,0,0,0,0,0,0,0,0,0,0,0,0,0,0,0,0,0,0,0,0,0,0,0,0,0,0,0,0,1,1,0,1,1,0,2,1,3,0,0,2,1,1,0,2,0,1,0,0,0,4,2,0,1,0,0,1,0,2,1,1,2,0,0,1,1,2,0,1,0,0,0,0,0,0,2,1,1,1,1,2,1,0,0,0,0,1,2,2,0,0,0,0,5,1,1,0,1,1,0,0,0,0,1,1,1,0,0,1,0,0,0,1,2,0,1,2,0,0,0,0,2,0,0,1,0,0,0,0,1,0,2,0,0,2,0,0,0,3,0,0,1,0,0,1,0,0,0,0,2,0,1,0,0,1,0,3,0,1,2,1,1,2,0,1,1,0,1,1,1,2,1,2,0,2,2,0,0,1,1,1,1,2,1,0,2,0,1,0,1,1,3,1,1,2,0,1,1,3,0,1,1,2,0,2,2,2,2,0,1,1,1,2,2,2,0,2,1,2,0,0,0,0,0,1,2,1,2,3,3,1,1,2,1,1,0,0,2,0,3,3,2,3,2,2,0,3,1,1,1,0,0,0,0,0,0,0,0,0,0,0,0,0,0,0,0,0,0,0,1,2,2,0,2,2,1
FOODS_2_128_CA_1_evaluation,FOODS_2_128,FOODS_2,FOODS,CA_1,CA,2,5,17,2,0,0,0,0,0,0,0,5,1,7,19,19,1,17,22,9,11,26,7,8,0,3,5,7,5,5,14,0,6,6,1,5,0,18,2,2,5,6,5,6,7,0,1,1,9,22,15,1,6,0,2,6,0,3,0,0,2,1,9,4,15,6,5,5,0,0,3,15,16,13,1,14,9,13,5,14,9,4,9,4,3,8,14,11,3,11,2,13,17,3,20,4,9,2,1,2,22,12,0,0,0,0,0,0,0,0,0,0,0,0,0,0,0,0,0,0,0,0,0,0,0,0,0,0,0,0,0,0,0,0,0,0,0,0,0,0,0,0,0,0,0,0,0,0,0,0,0,0,0,0,0,0,0,0,0,0,0,0,0,0,0,0,0,0,0,0,0,0,0,0,0,0,0,0,0,0,0,0,0,0,0,0,0,0,0,0,0,0,0,0,0,0,0,0,0,0,0,0,0,0,0,0,0,0,0,0,0,0,0,0,0,0,0,0,0,0,0,0,0,0,0,0,0,0,0,0,0,0,0,0,0,0,0,0,0,0,0,0,0,0,0,0,0,0,0,0,0,0,0,0,0,0,0,0,0,0,0,0,0,0,0,0,0,0,0,0,0,0,0,0,0,0,0,0,0,0,0,0,0,0,5,11,23,4,24,6,10,3,9,8,14,1,20,6,11,9,6,2,20,5,4,9,4,10,10,7,11,21,23,12,1,24,4,5,14,8,27,5,9,22,4,4,6,9,7,13,2,6,19,1,18,0,11,10,7,7,5,1,5,6,9,28,10,20,4,12,1,6,19,5,6,2,14,13,1,10,12,7,11,12,3,12,3,6,4,8,0,9,1,6,9,9,8,3,2,19,9,13,17,8,2,6,23,11,6,1,0,2,0,12,12,10,10,2,6,7,7,9,2,19,15,14,2,4,11,16,10,2,0,8,15,2,5,7,13,7,8,12,7,7,6,6,10,2,7,9,12,16,2,7,3,36,21,4,11,12,10,10,12,6,26,7,10,8,4,16,10,6,4,14,3,2,21,21,3,5,0,8,0,6,25,7,4,6,9,0,4,8,7,23,11,0,12,19,17,6,12,9,15,4,7,8,1,14,4,1,0,8,11,13,14,7,12,12,5,17,32,21,3,3,23,4,11,1,2,13,2,8,8,8,6,9,2,17,11,6,18,5,8,2,0,0,0,0,0,0,0,0,0,0,0,0,0,0,0,0,0,0,0,0,0,0,0,0,0,0,0,0,0,0,0,0,0,0,0,0,0,0,0,0,0,0,0,0,0,0,0,0,0,0,0,0,0,0,0,0,0,0,0,0,0,0,0,0,0,0,0,0,0,0,0,0,0,0,0,0,0,0,0,0,0,0,0,0,0,0,0,0,0,0,0,0,0,0,0,0,0,0,0,0,0,0,0,0,0,0,0,0,0,0,0,0,0,0,0,0,0,0,0,0,0,0,0,0,2,8,18,13,17,9,2,10,10,0,8,5,1,3,10,0,2,14,3,21,9,0,1,8,3,2,5,9,2,8,16,8,10,21,21,3,0,19,17,6,4,2,2,9,7,7,8,0,5,0,4,6,2,4,7,7,5,12,6,5,10,17,2,15,10,9,3,20,19,25,9,1,2,7,9,4,6,15,14,10,13,8
FOODS_2_131_CA_1_evaluation,FOODS_2_131,FOODS_2,FOODS,CA_1,CA,0,2,0,0,1,2,3,0,0,5,5,3,7,4,6,0,6,5,4,2,1,2,4,4,1,3,1,1,6,2,2,3,3,3,0,4,2,2,4,6,0,0,3,7,1,0,4,4,7,0,5,2,6,6,2,0,5,0,0,0,0,0,0,0,4,2,4,4,2,7,1,3,0,5,5,3,6,6,0,0,0,0,0,0,0,17,18,11,11,6,4,6,0,0,0,0,0,4,3,5,8,4,0,0,0,0,0,0,0,3,5,3,6,11,5,2,2,3,4,8,8,4,7,3,3,5,6,3,3,5,5,6,3,10,0,0,3,5,4,1,9,8,7,2,7,1,1,10,6,5,2,0,6,4,6,8,0,1,5,5,3,8,9,7,3,7,4,4,7,5,5,6,6,5,2,3,8,5,2,3,2,6,6,4,1,0,2,4,1,3,4,2,5,2,5,3,6,5,4,3,1,5,1,8,9,1,0,3,6,0,2,4,1,4,1,0,6,5,12,4,6,5,7,16,11,18,11,4,4,6,3,7,7,6,0,10,1,1,8,7,2,1,6,2,4,5,5,3,3,4,0,5,5,9,0,1,4,4,4,12,8,4,4,9,5,3,6,4,5,2,5,4,3,2,9,1,3,2,3,5,4,6,2,4,8,5,7,5,8,6,4,6,3,2,0,7,1,4,4,7,1,4,10,5,2,2,2,7,0,4,3,4,3,4,1,7,1,4,1,0,2,3,4,8,6,3,4,2,6,6,1,2,3,1,3,2,4,2,3,1,0,1,3,4,9,1,3,5,4,5,4,4,2,5,4,5,5,5,0,5,5,3,2,6,4,2,5,3,6,0,0,2,6,4,5,3,3,4,3,5,4,7,2,5,3,4,9,3,3,4,5,5,4,1,4,5,2,3,3,7,1,0,1,3,4,4,3,2,1,6,4,2,0,5,6,5,1,1,6,3,3,0,2,3,3,1,3,8,3,1,0,6,5,0,0,0,0,0,0,0,0,0,0,0,0,0,0,0,0,16,16,13,6,6,8,3,11,5,2,3,4,3,2,7,2,9,4,7,6,0,2,11,21,15,13,15,17,25,14,0,0,3,5,4,7,5,5,5,3,2,5,5,3,3,6,4,4,10,6,8,5,6,8,4,12,8,6,6,2,6,2,5,15,8,4,3,3,5,2,12,6,1,2,5,1,2,4,4,5,0,2,6,4,0,0,6,8,9,1,4,11,7,2,3,2,5,4,10,9,3,0,1,1,3,13,7,4,3,4,7,1,10,11,3,6,2,8,5,7,8,3,4,4,4,3,4,5,3,2,2,0,5,2,6,8,2,5,5,6,6,7,4,4,6,4,8,10,6,5,6,6,1,9,7,6,2,6,1,3,2,9,5,3,6,3,1,8,5,4,5,5,6,3,8,9,2,7,8,7,3,5,5,8,2,1,5,5,7,10,4,4,6,5,9,5,6,5,0,8,5,9,8,2,11,6,12,9,4,11,4,8,2,3,5,1,5,4,8,3,7,4,7,8,5,5,5,1,3,8,10,4,7,8,10,4,7,0,12,6,1,4,5,7,0,0,0,0,3,3,3,7,6,0,4,0,7,2,5,0,0,0,0,0,0,0,0,0,7,8,3,6,0,0,0,0,0,5,5,2,19
FOODS_2_132_CA_1_evaluation,FOODS_2_132,FOODS_2,FOODS,CA_1,CA,0,0,1,1,0,0,3,0,2,0,0,0,0,1,0,0,0,0,0,0,2,2,1,0,2,1,0,0,0,1,1,0,0,0,0,0,0,1,0,0,0,0,2,0,0,1,0,0,0,0,0,2,0,1,4,0,0,0,0,0,0,0,1,0,0,0,0,0,0,0,0,3,1,0,0,0,3,2,0,2,0,4,0,0,1,0,0,0,0,0,1,1,0,0,0,0,0,2,1,0,1,1,1,0,1,0,1,0,0,0,0,0,3,1,0,0,0,4,0,0,0,0,0,2,1,0,2,1,2,2,0,1,0,0,0,1,0,1,0,0,2,5,1,0,0,0,1,0,0,0,0,0,0,0,0,1,1,0,0,0,0,0,0,0,2,0,1,0,1,0,3,0,0,1,0,0,2,1,0,0,0,1,1,1,2,1,1,0,1,0,0,0,0,0,1,2,0,0,0,1,0,0,2,1,2,0,0,0,0,0,0,0,0,0,0,0,0,0,0,0,0,0,0,0,0,0,0,0,0,0,0,0,0,0,0,0,0,0,0,0,0,0,0,0,0,0,0,0,0,0,0,0,0,0,0,0,0,0,0,0,0,0,0,0,1,0,4,0,1,0,0,0,0,0,0,0,0,2,0,1,0,0,1,0,1,0,1,1,2,1,0,0,0,0,0,0,0,0,0,0,1,1,4,0,0,0,2,0,2,2,0,0,0,2,1,0,0,0,1,0,0,1,0,3,0,0,2,1,0,3,0,1,0,0,2,0,1,0,0,1,0,0,0,2,2,0,0,0,0,2,1,1,1,0,1,0,0,0,1,0,0,0,0,0,0,0,0,1,0,0,1,1,1,0,0,0,0,0,0,0,1,1,0,1,0,0,0,1,0,0,0,1,0,0,0,1,0,4,0,2,0,0,2,0,0,0,0,0,1,0,0,0,0,4,1,0,0,2,0,2,1,1,0,0,1,0,0,0,1,1,1,0,0,0,1,0,0,1,1,0,0,1,0,1,0,0,2,1,2,1,0,1,0,0,3,1,0,0,1,0,0,1,1,1,0,0,3,0,2,1,0,1,1,0,0,0,2,2,0,0,0,1,1,1,1,0,0,1,2,0,0,1,0,0,0,2,1,2,3,3,2,0,2,5,4,2,2,0,1,2,0,2,0,0,0,1,2,0,1,0,2,2,4,1,1,2,0,0,0,0,1,1,1,1,2,1,1,1,1,1,1,0,0,0,0,1,2,3,0,2,1,0,0,0,1,4,0,2,0,0,3,0,1,1,0,0,2,2,0,3,2,1,0,0,0,0,0,0,0,0,0,0,0,0,0,0,0,0,0,0,0,0,0,0,0,0,0,0,0,0,0,0,0,0,0,0,0,0,0,0,0,0,0,0,0,0,0,0,0,0,0,0,0,0,0,0,0,0,0,0,1,0,0,3,1,0,0,2,1,2,0,1,0,0,0,2,0,0,0,0,1,0,1,3,0,0,0,0,0,0,0,0,0,0,0,0,0,0,0,0,0,0,0,0,0,0,0,0,0,0,0,0,0,0,0,0,0,0,0,2,0,1,3,0,1,1,0,1,0,0,3,4,0,0,0,0,0,3,0,0,1,0,2,2,2,0,0,0,1,1,0,0,2,1,0,0,2,0,0,0
FOODS_2_138_CA_1_evaluation,FOODS_2_138,FOODS_2,FOODS,CA_1,CA,1,5,0,0,7,0,0,1,4,5,2,0,0,1,4,2,3,0,0,0,1,1,1,5,1,0,1,1,3,0,10,0,0,0,2,0,0,0,0,0,0,0,0,3,0,7,2,0,0,0,3,0,0,2,0,0,0,1,3,0,0,3,0,0,0,3,0,1,0,3,1,2,0,0,0,0,0,1,0,0,0,0,0,0,0,1,4,1,0,2,1,0,0,3,0,2,4,0,0,0,0,0,2,3,0,1,2,0,6,1,0,2,1,1,2,2,1,6,0,0,4,0,0,0,0,0,4,2,1,0,1,0,1,0,4,5,0,2,0,3,2,1,0,4,1,1,2,5,1,1,0,4,0,0,0,2,4,1,2,2,2,1,3,0,2,1,0,0,1,1,5,2,1,0,2,2,2,4,1,2,0,3,0,2,5,1,0,0,0,6,0,0,0,0,2,1,3,1,2,0,2,0,0,0,0,1,1,0,1,0,9,0,0,0,0,0,0,1,2,3,2,5,0,0,2,0,0,0,0,0,0,0,6,3,0,0,3,5,1,1,0,5,0,0,2,4,2,1,0,3,0,0,2,8,0,5,1,0,1,0,2,1,2,0,0,2,0,5,1,1,0,0,2,5,4,2,0,1,0,4,2,1,1,1,2,0,3,4,3,0,0,0,2,1,2,2,0,1,1,0,0,6,4,1,3,0,0,0,2,3,1,2,0,1,1,0,1,2,0,0,1,0,1,3,0,3,3,3,0,1,4,1,4,1,0,1,0,5,0,1,0,1,2,3,2,0,1,0,4,3,2,3,2,3,1,1,1,7,7,4,2,0,0,0,1,4,2,3,1,1,1,2,1,0,0,0,0,0,0,0,0,0,0,0,0,0,0,0,0,0,0,0,0,0,0,0,0,0,0,0,0,0,0,0,0,0,0,0,0,0,0,0,0,0,0,0,0,0,0,0,0,0,0,0,0,0,0,0,0,0,0,0,0,0,0,0,0,0,0,0,0,0,0,0,0,0,0,0,0,0,0,0,0,0,0,0,0,0,0,2,3,3,5,4,0,0,2,8,1,4,1,2,1,0,0,0,1,6,3,0,3,6,0,0,4,4,3,2,0,0,1,6,1,1,0,2,2,2,3,4,0,0,0,2,3,8,1,0,0,3,2,0,3,6,0,2,1,4,1,4,3,5,3,0,4,7,3,1,2,1,2,1,1,3,9,0,4,1,6,4,3,0,3,3,1,3,0,2,1,4,3,6,2,1,2,7,4,3,3,3,1,1,5,4,0,0,2,1,4,2,1,3,1,0,2,0,2,5,0,0,0,2,6,2,0,5,4,2,3,5,1,1,1,5,1,2,7,1,2,1,1,3,2,1,10,1,2,0,3,6,5,0,0,1,1,1,9,0,0,3,2,1,2,7,0,1,0,6,0,2,0,8,4,0,0,0,0,0,0,0,0,5,1,1,4,6,3,2,2,1,4,5,1,0,1,0,1,5,5,4,3,3,0,0,0,4,2,2,3,3,2,4,4,5,3,2,2,1,0,4,4,0,2,1,2,0,3,2,5,4,3,0,0,2,0,0,0,0,0,0,0,0,0,3,4,0,0,4,3,3,4,1,1,4,2,2,0,1,0,7,1,3,4,1,0,1,5,0,6,0
FOODS_2_139_CA_1_evaluation,FOODS_2_139,FOODS_2,FOODS,CA_1,CA,2,3,1,3,1,2,3,4,6,0,0,0,4,1,0,6,1,0,0,3,3,2,2,2,0,0,0,0,0,0,0,0,0,3,0,0,3,1,2,2,2,0,3,3,2,2,0,0,0,0,0,0,0,0,0,1,3,3,1,2,2,4,2,2,1,3,0,0,0,2,2,1,5,2,0,0,0,2,1,2,4,0,0,3,1,0,0,0,0,0,0,0,5,0,3,0,0,2,2,2,3,3,0,0,0,0,0,0,0,0,0,4,5,2,1,0,0,0,0,4,1,3,3,0,1,1,4,4,2,1,0,2,0,0,3,5,2,0,4,1,1,0,3,1,0,2,3,12,0,0,0,0,0,0,0,6,2,0,1,0,0,4,5,0,1,1,1,2,4,4,2,0,0,2,3,2,3,2,0,0,0,2,1,0,4,3,1,0,0,2,9,1,0,0,1,5,3,2,0,0,0,12,0,0,0,0,0,0,1,8,2,0,0,1,0,0,1,2,4,3,0,1,1,3,5,3,1,0,0,0,0,11,1,0,0,0,0,1,5,5,1,0,0,0,1,7,4,0,1,0,0,0,4,7,1,0,0,0,2,1,4,5,0,0,0,0,0,0,0,0,0,0,0,3,2,4,0,0,0,3,2,3,2,0,0,1,4,4,1,4,1,1,1,0,0,5,2,2,1,0,5,0,2,4,2,1,2,1,0,6,3,0,0,0,1,3,0,5,0,1,2,5,0,1,1,2,1,0,3,0,3,3,1,0,0,3,4,0,3,0,3,0,7,1,4,0,0,0,0,2,11,2,4,3,2,0,3,1,3,2,2,1,6,0,0,1,2,2,0,0,1,2,3,1,7,2,5,5,1,2,5,4,1,3,6,5,4,5,2,4,11,5,2,0,5,2,2,1,1,1,9,1,4,3,3,2,2,3,10,1,4,4,5,0,3,7,5,2,4,1,2,1,2,5,1,2,2,3,5,1,0,5,0,3,4,4,6,7,5,6,3,4,3,3,7,5,7,1,1,1,1,0,3,0,3,4,0,4,0,2,5,0,0,2,1,1,1,4,0,7,6,8,5,4,0,1,3,3,2,1,1,0,0,1,3,3,2,2,1,5,2,0,0,5,0,1,0,2,1,3,3,1,0,5,0,1,0,0,1,1,7,4,7,6,3,3,0,2,3,4,0,2,3,1,4,9,1,6,0,4,3,2,8,4,4,1,6,1,1,0,1,5,1,2,1,0,2,3,4,1,3,1,1,1,10,3,6,0,5,4,3,5,5,3,0,7,1,7,5,3,2,8,2,0,4,4,3,8,4,6,0,1,5,5,3,4,2,1,3,6,6,3,4,7,2,6,9,5,5,2,4,2,0,10,0,3,9,2,2,4,3,1,0,3,3,5,5,4,7,2,1,6,4,2,4,4,5,2,3,1,6,1,3,4,2,1,1,3,3,1,4,4,2,1,1,7,1,3,2,3,4,2,9,5,0,2,4,2,4,8,7,5,4,2,3,5,12,2,5,0,4,1,4,3,2,0,4,3,1,3,4,4,2,3,1,1,3,5,2,1,8,2,3,5,2,1,1,1,0,0,3,3,1,0,3,0,0,4,4,2,1,5,6,4,4,0,4,1,1,1,3,0,0,1,2,3,1,2,0,0
FOODS_2_145_CA_1_evaluation,FOODS_2_145,FOODS_2,FOODS,CA_1,CA,0,0,0,0,0,0,0,0,0,0,0,0,0,0,0,0,0,0,0,0,0,0,0,0,0,0,0,0,0,0,0,0,0,0,0,0,0,0,0,0,0,0,0,0,0,0,0,0,0,0,0,0,0,0,0,0,0,0,0,2,4,0,9,8,2,9,4,7,5,1,5,0,0,0,0,0,0,0,10,8,4,7,0,0,0,0,0,0,0,0,0,0,0,0,0,0,0,0,0,0,0,0,0,0,0,0,0,0,0,0,0,0,0,0,0,0,0,0,0,0,0,0,0,0,3,6,5,5,3,3,2,1,1,5,8,0,4,4,0,0,11,4,0,0,3,1,5,5,1,0,1,4,2,5,2,4,6,2,1,2,4,6,7,4,2,3,2,2,5,4,6,2,4,2,2,7,5,8,1,3,2,2,3,5,5,4,0,0,2,2,3,3,4,2,4,5,5,4,3,4,2,2,8,5,0,4,2,2,4,2,4,3,7,2,0,0,0,0,0,0,0,0,0,0,0,0,0,0,0,0,0,0,0,0,0,0,0,0,0,0,0,0,0,0,0,0,0,0,0,0,0,0,0,0,0,0,0,0,0,0,0,0,0,0,0,0,0,0,0,0,0,0,0,0,0,0,0,0,0,0,0,0,0,0,0,0,0,0,0,0,0,0,0,0,0,0,0,0,0,0,0,0,0,0,0,4,4,5,4,5,10,2,2,0,7,3,6,1,0,3,2,4,2,4,1,3,2,1,0,5,4,3,4,2,5,0,1,5,2,1,0,4,1,3,6,3,0,0,3,1,2,2,4,2,3,2,3,4,4,3,0,2,0,5,3,1,3,4,0,1,1,2,3,1,4,2,0,1,3,0,2,1,1,3,2,0,1,2,4,2,1,2,1,2,2,2,0,0,0,3,2,3,0,0,1,1,0,2,3,1,0,0,0,0,0,0,0,0,0,0,0,0,0,0,0,0,0,0,0,0,0,0,0,0,0,0,0,0,0,0,0,0,0,0,0,0,0,0,0,0,0,0,0,0,0,0,0,0,0,0,0,0,0,0,0,0,0,0,0,0,0,0,0,3,0,1,3,2,3,2,2,0,2,4,2,0,1,1,2,6,3,1,0,9,1,5,1,7,6,4,1,3,2,4,2,3,4,0,2,2,3,5,4,1,1,2,4,1,4,3,1,3,1,0,2,2,2,3,2,1,3,2,4,4,4,2,0,1,0,2,5,4,2,4,0,0,1,3,1,2,1,0,0,1,5,3,3,0,0,5,2,2,3,3,3,1,1,1,2,3,0,0,2,6,1,1,0,0,1,0,0,3,1,0,8,2,1,1,5,2,0,0,0,0,0,4,3,4,3,1,3,1,2,4,0,1,3,1,1,6,5,3,4,2,2,2,4,3,2,3,1,1,4,6,3,0,1,3,2,3,3,5,2,3,1,2,0,1,2,7,2,2,1,2,1,5,0,3,0,2,3,1,8,2,0,2,0,1,3,3,3,0,2,1,0,3,0,0,0,1,1,0,2,1,3,1,1,1,3,1,5,4,2,2,0,2,2,4,5,4,1,1,0,4,2,6,1,1,2,4,1,4,0,0,3,0,1,3,2,5,0,1,1,2,5,4,1,1,1,1,2,0,0,1,0,2,2,4,0,3
FOODS_2_146_CA_1_evaluation,FOODS_2_146,FOODS_2,FOODS,CA_1,CA,0,0,0,6,0,3,0,3,5,1,1,0,1,0,1,3,0,3,0,1,0,2,5,3,2,2,2,2,0,0,2,0,0,1,4,4,1,2,2,0,3,1,0,0,0,1,0,2,0,3,2,0,2,0,3,1,1,3,1,0,0,0,0,3,0,3,0,0,0,2,5,1,0,2,1,0,2,0,2,1,1,1,0,0,3,3,5,0,1,0,0,3,5,0,1,2,10,0,1,1,0,1,2,1,4,5,5,0,0,2,7,0,0,5,0,1,0,2,2,0,1,0,0,2,0,1,3,5,0,0,5,4,0,1,2,0,3,2,3,2,1,2,0,1,0,1,2,4,8,2,0,0,0,0,4,0,2,1,1,2,1,5,3,2,1,0,0,1,1,0,0,5,0,0,4,5,1,8,0,3,0,7,2,3,0,0,3,0,0,0,3,3,2,0,8,2,2,2,2,2,0,0,3,2,1,0,2,3,1,0,0,2,2,2,0,0,0,0,0,4,2,1,1,3,2,5,0,6,1,2,0,0,1,2,4,0,2,8,5,5,3,0,0,0,1,1,2,0,0,0,3,2,0,0,0,0,2,10,1,0,3,3,0,0,2,1,1,2,2,1,0,1,0,5,5,4,2,0,3,1,1,5,3,2,3,0,0,0,0,1,10,1,0,0,0,0,1,4,1,6,0,0,0,3,3,1,3,0,0,4,2,4,0,0,0,0,0,0,1,1,2,0,0,0,5,6,0,2,1,2,2,0,1,3,0,0,3,1,5,5,0,0,4,1,0,1,0,0,5,0,3,0,2,2,0,0,0,2,3,0,0,0,0,0,0,0,0,0,0,1,0,0,0,0,0,0,0,0,0,3,1,1,0,0,0,1,2,1,0,0,0,2,2,1,2,0,1,0,0,1,0,0,0,0,0,1,0,1,3,0,0,2,0,0,1,3,2,0,3,1,1,2,1,1,5,0,1,2,0,0,0,0,1,2,1,5,3,2,2,0,0,0,2,1,4,4,0,0,0,2,0,2,1,0,0,0,2,2,2,0,1,0,1,3,1,3,0,2,1,2,3,1,2,1,0,0,1,2,0,1,2,0,6,1,5,0,1,0,2,0,0,0,0,1,0,0,2,0,4,0,0,1,0,4,0,4,4,3,1,0,2,4,7,1,1,2,1,0,0,1,4,2,3,0,1,0,4,2,4,2,0,1,0,2,2,1,0,3,2,2,3,0,0,0,1,1,0,0,0,0,0,0,1,0,0,2,1,1,0,1,1,2,3,3,0,3,1,0,0,1,0,0,0,4,0,1,0,0,0,1,0,2,0,0,0,4,3,0,0,1,3,4,1,0,0,4,1,0,2,0,0,2,1,0,6,0,0,3,0,2,2,0,5,0,3,0,0,1,1,5,0,0,0,0,0,4,0,0,0,2,1,1,1,1,0,0,0,3,3,2,0,0,2,3,2,3,0,4,2,0,3,1,1,1,0,0,0,0,2,0,4,1,0,3,0,2,1,5,4,2,0,1,1,0,0,0,0,0,0,4,2,0,0,0,3,0,0,3,2,2,2,0,3,0,1,0,0,1,3,0,0,4,0,5,1,2,0,1,5,3,0,2,0,1,1,2,1,2,1,0,2,2,3,1,0,0,1,2,0,3
FOODS_2_150_CA_1_evaluation,FOODS_2_150,FOODS_2,FOODS,CA_1,CA,7,2,2,0,1,0,8,4,0,1,4,3,4,0,6,3,2,1,3,7,1,1,1,6,4,1,0,6,6,0,0,1,2,2,7,0,5,7,0,0,0,14,6,3,1,3,1,13,2,2,1,2,3,9,0,0,5,2,2,3,0,0,0,4,4,3,1,10,0,1,1,6,4,2,0,0,4,3,5,0,1,3,7,0,0,5,1,3,2,1,0,7,1,1,1,3,4,2,3,2,0,4,5,0,6,5,9,1,5,8,5,0,5,4,4,2,0,3,5,5,9,2,2,2,5,7,5,5,2,6,4,3,1,12,5,4,0,2,4,4,4,2,4,0,3,6,5,7,8,2,2,5,1,4,5,3,4,2,2,1,10,7,0,0,11,2,3,3,4,7,3,3,1,2,6,3,0,4,2,0,4,8,5,4,5,5,3,3,3,2,1,3,5,3,0,0,9,3,0,0,4,2,6,0,4,2,4,0,7,3,8,13,5,8,5,0,4,4,4,5,8,7,5,2,5,3,5,5,2,2,5,7,10,0,1,6,2,2,1,2,0,0,0,0,0,3,9,6,0,3,3,9,2,1,3,2,1,4,6,8,5,4,5,3,2,1,3,3,3,1,5,5,1,5,5,3,1,4,0,4,5,2,6,2,8,2,4,8,9,3,1,0,0,7,4,6,2,5,3,1,3,4,4,1,0,1,4,1,3,7,3,5,7,3,7,1,4,5,8,0,1,2,3,3,5,0,1,1,3,2,4,3,1,1,2,9,4,2,5,2,2,2,5,3,0,9,2,1,0,7,5,0,0,3,4,1,1,5,5,4,1,0,4,4,6,2,3,4,5,6,6,7,10,1,4,3,0,4,10,2,3,2,3,3,7,3,3,3,0,1,5,5,9,7,0,1,1,6,5,8,6,2,1,6,3,3,3,3,4,2,7,6,1,0,4,2,1,5,1,3,6,1,1,4,2,3,2,2,3,4,3,0,4,3,3,2,8,1,3,2,7,5,6,7,4,2,0,2,5,4,1,3,2,1,6,4,5,1,0,3,6,4,2,2,7,2,4,10,0,12,0,11,4,6,3,0,8,8,0,5,1,2,3,2,3,4,4,0,0,5,8,7,4,2,6,3,4,4,1,5,2,1,10,3,2,2,5,5,2,1,2,8,7,0,0,2,3,3,8,0,0,1,2,2,3,4,6,5,7,5,3,5,8,8,5,3,0,7,10,5,6,0,7,4,1,7,5,3,5,7,5,1,3,5,2,2,3,2,6,8,8,0,0,0,6,0,0,1,5,4,1,3,1,3,4,5,0,0,14,1,0,4,1,2,0,0,0,1,1,0,0,0,0,0,0,0,0,0,0,0,0,0,0,0,0,0,0,0,0,0,0,0,0,0,0,0,0,0,0,0,0,0,0,0,0,0,0,0,0,0,0,0,0,0,0,0,0,0,0,0,0,0,0,0,0,0,0,0,0,0,0,0,0,0,0,0,0,0,0,0,0,0,0,0,0,2,1,3,4,6,2,4,2,7,4,3,3,1,7,0,3,1,4,4,0,7,5,1,3,3,1,4,6,5,0,0,3,0,2,1,3,1,3,3,2,3,4,2,3,2,2,1,2,3,5,4,4,4,0,2,3,2,4,4,2,1,0,3,1,4
FOODS_2_152_CA_1_evaluation,FOODS_2_152,FOODS_2,FOODS,CA_1,CA,0,0,0,0,0,0,0,5,5,6,3,4,3,6,5,7,14,2,8,2,7,1,3,1,4,1,5,4,3,3,5,0,3,2,4,3,3,2,2,14,1,0,2,4,8,2,2,4,1,0,4,2,3,4,2,4,2,3,0,1,2,1,1,2,3,3,2,2,0,3,1,0,0,0,0,0,0,0,5,2,3,1,0,4,1,3,1,1,1,0,0,2,1,0,2,1,3,1,0,1,1,2,3,1,1,0,1,0,0,2,8,7,3,4,0,3,3,0,7,1,3,2,1,1,1,0,1,1,1,1,3,2,1,1,0,0,0,0,0,0,0,3,0,1,3,2,0,0,5,1,3,6,3,0,3,0,1,1,1,3,0,2,4,2,3,3,3,2,2,5,5,3,2,7,0,1,6,3,2,1,1,1,3,1,1,5,0,4,0,0,1,3,0,4,3,5,2,5,3,2,3,0,1,2,1,2,2,0,5,2,2,4,1,5,2,0,0,0,1,4,3,7,2,2,2,9,2,0,3,3,0,2,5,1,1,0,2,4,2,1,3,3,0,3,0,2,1,3,0,2,0,0,0,0,0,0,0,6,1,4,3,4,0,1,1,1,2,5,2,2,3,0,2,2,1,3,5,3,1,1,6,1,1,1,5,2,4,2,5,7,6,1,0,0,2,5,3,1,0,0,2,2,1,6,1,0,0,3,1,3,0,2,1,1,6,2,0,0,1,4,0,2,2,0,0,0,0,0,0,0,9,2,4,7,5,4,10,9,5,1,0,2,1,1,5,2,1,3,2,3,3,1,3,1,5,4,0,0,5,4,2,3,0,5,1,2,2,0,1,1,0,1,3,0,2,1,2,2,7,4,2,1,6,1,3,1,0,2,4,5,3,0,3,0,0,1,0,0,0,0,1,1,0,3,2,0,0,3,0,2,1,1,2,0,4,1,1,2,2,3,4,0,3,2,0,0,1,2,2,2,3,0,3,3,0,0,1,4,3,2,3,2,3,4,3,0,2,4,2,1,3,4,3,1,1,2,2,9,0,2,3,1,1,2,0,2,1,1,3,2,4,2,2,2,1,4,0,1,1,1,0,1,1,5,0,3,4,5,0,2,3,2,0,1,1,3,4,1,1,0,3,2,2,2,1,1,3,2,3,1,3,2,5,2,3,0,0,3,2,6,1,0,0,0,1,2,7,3,2,3,2,0,1,4,0,4,1,2,0,1,7,2,3,3,3,3,3,3,1,1,2,2,0,2,0,2,0,1,2,1,2,3,2,3,0,3,2,3,1,2,2,4,2,0,3,3,0,2,0,1,0,8,0,3,2,1,2,1,1,3,3,2,4,2,2,3,7,4,2,2,4,3,0,1,4,2,0,3,3,3,1,3,3,2,0,0,4,2,0,0,2,1,1,0,3,3,0,2,8,1,4,2,2,1,3,3,3,2,2,5,0,0,2,1,0,1,1,0,4,2,2,5,5,0,1,4,0,3,3,8,3,2,0,0,2,1,2,3,0,0,0,4,2,1,3,1,0,3,8,2,4,2,2,3,3,4,1,2,0,5,0,0,0,1,6,1,1,1,3,0,1,3,2,1,0,3,3,2,1,3,0,1,2,2,2,0,6,1,0,0,4,2,0,2,2,1,0,2,1,1
FOODS_2_153_CA_1_evaluation,FOODS_2_153,FOODS_2,FOODS,CA_1,CA,0,1,2,1,0,0,0,0,0,0,0,0,0,0,0,0,0,0,0,0,0,0,0,0,0,0,0,0,0,4,2,0,1,3,3,5,2,1,3,4,3,1,1,3,1,2,4,2,0,4,6,0,2,1,0,4,3,3,2,4,0,1,1,2,1,3,1,3,1,2,0,3,2,1,2,4,2,4,2,2,0,0,3,2,3,2,1,3,3,1,8,3,5,2,1,2,0,1,1,2,3,4,0,1,1,1,2,0,0,4,1,6,1,0,0,3,1,1,3,2,2,0,1,3,0,3,4,1,0,0,0,0,1,5,3,3,5,3,1,0,2,3,1,0,0,1,8,2,1,1,1,0,1,1,6,3,2,1,0,2,1,6,3,5,3,1,1,4,2,4,2,3,2,1,4,5,1,4,0,1,2,2,6,3,0,0,1,0,2,0,0,0,0,0,0,0,0,2,4,5,0,0,1,0,0,0,0,0,0,0,3,0,0,0,0,0,0,0,0,0,0,0,0,0,0,0,0,0,0,0,0,0,0,0,0,0,0,0,0,0,0,0,0,0,0,0,0,0,0,0,0,0,0,0,0,0,0,0,0,0,0,0,0,0,0,3,1,4,1,1,2,0,2,0,3,3,0,3,1,6,1,1,4,1,2,1,2,4,4,3,1,4,4,2,1,0,2,1,3,1,1,1,4,1,3,1,0,4,7,3,1,4,4,2,1,0,4,2,2,3,1,0,0,0,0,0,2,4,3,3,0,0,0,0,0,0,0,0,0,0,2,1,3,4,2,0,1,0,7,4,0,0,1,0,4,2,3,2,1,3,0,2,2,1,6,1,1,0,4,1,0,0,3,3,3,1,1,2,3,3,2,0,1,5,2,1,6,0,3,1,2,4,3,0,0,1,0,1,4,2,3,6,3,1,3,5,4,3,0,0,3,2,1,4,0,3,0,2,2,5,0,4,2,1,3,1,6,1,2,2,1,3,2,3,4,4,3,3,1,3,6,1,3,0,4,1,1,4,8,3,4,0,1,4,8,3,1,0,0,3,1,2,3,5,4,1,2,6,3,3,4,4,1,1,0,6,5,2,3,6,1,1,3,6,5,0,2,1,2,2,3,3,2,3,2,5,3,3,4,0,3,4,0,2,5,1,1,1,0,0,0,0,3,1,1,3,0,3,1,0,0,1,0,4,2,3,2,0,0,0,4,3,4,1,0,0,2,1,4,3,6,1,2,1,4,2,6,9,3,1,2,0,0,0,4,1,1,2,0,3,3,1,4,3,6,2,5,5,5,3,1,0,3,0,5,1,11,12,1,0,0,2,4,3,3,4,8,9,3,0,0,0,0,0,0,0,0,0,0,0,0,0,0,0,0,0,0,0,0,0,0,0,0,0,0,0,0,0,0,0,0,0,0,0,0,0,0,0,0,0,0,0,0,1,5,2,4,0,0,0,2,1,1,1,1,3,1,2,1,2,5,3,4,4,1,2,1,7,6,3,0,5,3,5,7,11,4,5,8,12,5,4,12,0,0,1,1,0,5,3,1,3,3,2,1,0,4,5,2,3,0,8,3,6,1,6,3,2,3,6,8,7,4,5,2,7,2,4,3,4,2,2,4,10,6,0,5,5,0,4,8,4,7,0,1,1,1,7,2,5
FOODS_2_156_CA_1_evaluation,FOODS_2_156,FOODS_2,FOODS,CA_1,CA,0,1,0,1,0,0,6,5,3,0,2,2,1,1,1,0,0,0,0,1,1,0,0,0,0,0,0,0,0,0,0,0,2,4,0,1,0,0,0,0,0,0,0,1,0,0,0,0,3,0,2,1,1,1,0,2,0,2,1,0,1,2,0,0,0,0,0,0,0,5,0,0,1,1,0,0,0,0,0,0,0,0,0,0,0,0,0,0,0,0,0,0,0,0,0,0,0,0,0,0,0,0,0,0,0,0,0,0,0,0,0,0,0,0,0,0,0,0,0,0,0,0,0,0,0,0,0,0,0,0,0,0,0,0,0,0,0,0,0,0,0,0,0,1,1,0,2,2,1,1,1,0,0,0,1,0,2,0,0,2,0,0,2,0,1,2,7,1,3,0,1,0,1,1,0,1,2,0,2,0,1,0,3,4,3,0,2,0,0,0,1,3,0,2,0,0,2,0,0,1,4,0,4,0,0,0,2,2,0,0,1,9,0,2,3,0,3,1,0,3,0,4,0,0,0,0,1,2,2,2,1,2,1,3,4,3,1,6,1,6,3,1,0,0,2,0,0,0,0,3,0,4,1,1,0,3,1,1,2,4,1,0,2,0,1,1,1,2,2,0,1,2,1,0,2,2,3,0,2,3,1,2,2,2,3,0,0,1,0,0,2,0,2,1,0,3,0,2,1,2,2,0,0,1,0,3,4,1,0,0,0,1,2,1,0,3,1,0,0,1,1,1,1,0,0,0,0,0,0,0,0,0,2,7,0,3,2,0,0,1,0,3,1,0,0,0,2,0,0,0,1,0,1,0,0,0,2,4,0,2,0,1,5,0,0,0,1,0,0,0,1,3,1,0,0,2,0,0,0,0,0,1,0,1,1,0,0,5,0,3,3,3,0,0,0,1,0,1,0,0,2,0,4,1,0,0,3,0,0,0,2,1,3,1,1,1,0,2,0,4,0,0,0,1,8,0,1,0,0,0,1,0,0,0,1,2,1,4,0,0,2,3,0,0,0,3,0,2,3,0,0,1,0,0,0,0,0,2,2,1,1,3,2,0,6,0,0,0,0,0,2,0,3,0,1,0,1,0,0,0,1,6,0,4,0,1,0,0,0,0,1,0,0,1,1,2,0,1,0,2,2,0,1,1,1,0,0,0,0,0,2,4,0,0,1,1,0,2,1,2,1,2,2,1,0,9,0,2,3,3,0,4,0,0,1,1,0,1,0,0,0,0,0,0,0,0,0,0,0,0,0,0,0,0,0,0,0,0,0,0,0,0,0,0,0,0,0,0,0,0,0,0,0,0,0,0,0,0,0,0,0,0,0,0,0,0,0,2,0,8,2,1,0,0,0,3,2,1,1,0,3,0,4,0,1,0,0,4,0,4,2,0,0,2,0,2,0,0,3,3,1,2,1,3,0,3,0,0,3,0,1,1,1,0,1,3,0,2,5,5,3,1,0,0,0,0,2,3,1,3,0,1,4,0,1,1,0,3,1,5,2,0,0,0,0,2,0,0,2,0,0,0,0,1,0,2,0,0,0,0,2,2,1,0,2,1,2,3,0,0,0,2,2,2,0,6,0,3,0,0,0,2,1,0,0,3,1,1,0,0,6,1,0,1,1,1,0,0,0,0,1,2,0,0,1,2,1,0,0,0
FOODS_2_164_CA_1_evaluation,FOODS_2_164,FOODS_2,FOODS,CA_1,CA,0,1,3,2,1,3,1,4,0,4,2,0,3,0,0,9,8,2,2,1,2,5,2,0,2,5,3,5,6,2,1,1,1,1,3,3,4,1,4,0,5,4,3,2,1,1,0,3,5,2,4,0,0,0,0,0,0,0,0,0,0,0,0,1,3,1,0,6,4,8,0,0,0,2,4,2,5,1,4,0,0,3,1,1,2,0,1,0,0,6,2,0,2,1,2,2,3,2,2,3,1,1,2,7,8,5,4,2,1,1,0,3,0,4,7,3,0,1,3,2,1,1,0,1,3,3,2,1,6,2,4,1,0,4,3,2,5,8,1,2,1,0,0,2,1,4,5,2,3,0,0,1,2,5,4,4,6,0,2,1,2,3,5,2,3,3,3,6,3,4,1,1,0,0,8,2,3,2,2,1,1,1,2,5,3,0,2,0,1,2,1,0,1,0,3,4,4,7,4,2,2,0,6,0,0,0,0,2,4,3,2,3,2,1,0,0,0,1,0,2,4,5,3,2,3,5,3,2,0,3,2,3,6,3,1,0,0,3,4,5,3,3,6,2,1,0,2,1,4,4,1,2,6,5,0,3,6,0,1,1,5,2,4,1,3,0,2,4,2,0,1,7,0,1,7,0,0,3,0,3,2,2,0,5,4,3,2,1,1,1,0,0,1,4,1,4,7,1,3,1,3,4,4,1,2,1,2,1,2,1,1,3,1,1,0,3,7,5,2,0,2,4,2,6,5,0,8,4,3,8,3,5,5,3,1,2,3,3,1,3,2,1,7,1,4,6,3,0,7,3,4,4,0,6,4,1,7,2,3,4,2,1,2,2,3,3,2,2,1,0,2,5,3,2,2,0,1,7,4,3,1,0,5,1,2,5,2,2,0,3,4,3,2,4,0,1,1,3,1,2,1,6,2,0,1,3,4,3,4,1,2,0,3,9,3,3,1,3,1,4,4,4,2,1,3,1,4,1,0,3,2,1,11,0,2,2,2,3,2,3,7,2,1,0,1,1,3,4,0,5,3,3,1,1,0,4,0,3,4,2,0,1,1,4,1,1,4,1,3,5,1,7,2,4,0,1,3,0,2,2,1,1,2,1,2,3,4,2,1,7,3,2,1,4,3,5,3,2,6,3,2,1,2,5,6,4,3,3,3,4,0,1,7,0,4,2,1,3,1,3,1,1,2,1,6,4,3,4,0,7,1,4,4,4,0,1,7,0,2,5,3,2,2,0,1,1,3,10,1,1,0,0,0,1,2,0,6,4,1,4,4,1,3,1,8,2,1,3,0,1,2,4,0,2,3,3,2,1,0,3,0,1,3,3,5,0,3,0,6,3,3,1,2,0,2,0,5,2,4,0,1,3,4,2,0,4,2,4,0,0,0,1,0,0,1,3,1,1,3,1,2,2,7,2,0,0,0,0,1,0,0,0,1,1,0,1,1,1,0,0,3,0,1,2,0,0,0,0,2,6,0,3,2,1,2,3,2,0,0,0,3,1,1,0,4,3,1,1,2,1,1,3,0,1,0,0,0,2,2,2,2,2,1,4,4,1,2,1,0,0,0,0,0,0,0,3,1,0,1,1,1,3,1,2,0,1,1,5,2,6,3,4,4,2,0,0,2,2,0,1,2,1,9,0,4,3,0,0,2,1
FOODS_2_170_CA_1_evaluation,FOODS_2_170,FOODS_2,FOODS,CA_1,CA,1,0,0,0,2,1,1,4,3,3,2,1,0,2,3,3,2,2,1,1,2,1,4,1,0,1,6,1,1,8,0,3,0,0,0,4,0,4,1,1,2,2,4,4,0,0,2,2,2,2,1,2,0,2,2,1,1,4,5,0,2,0,1,3,1,4,1,2,0,4,2,2,0,2,4,3,0,6,0,1,0,1,1,0,5,0,2,1,0,0,0,4,4,0,0,1,3,0,1,0,0,4,0,0,2,5,1,0,0,0,2,0,0,0,4,1,5,0,4,7,2,2,4,5,1,1,5,2,0,0,0,0,0,0,0,0,0,0,0,0,0,0,0,0,0,0,0,0,0,0,0,0,0,0,0,0,0,0,0,0,0,0,0,0,0,0,0,0,0,0,0,0,0,0,0,0,0,0,0,0,0,0,0,0,0,0,0,0,0,0,0,0,0,0,0,0,0,0,0,0,4,0,2,2,5,2,0,1,4,0,4,2,2,0,0,0,1,3,2,2,0,5,0,1,3,9,0,4,3,1,2,1,2,4,4,1,6,1,2,1,0,0,3,5,1,6,2,1,0,3,0,5,2,6,3,4,2,0,3,4,6,1,9,4,4,0,0,0,0,0,0,0,0,0,0,0,0,0,0,0,0,0,0,0,0,0,0,0,0,0,0,0,0,0,0,0,0,0,0,0,0,0,0,0,0,0,0,0,0,0,0,0,0,0,0,0,0,0,0,0,0,0,0,0,0,0,0,0,0,0,0,0,0,0,0,3,3,1,2,2,2,2,0,3,2,0,3,4,2,1,1,0,0,0,0,0,0,0,0,2,0,2,0,0,5,2,2,0,0,4,0,3,1,2,2,0,1,1,6,0,0,0,1,0,1,3,0,0,2,1,1,0,1,2,2,0,0,0,3,0,5,1,1,2,1,0,1,0,0,0,2,0,2,2,3,2,1,2,0,1,0,0,4,2,4,1,0,2,1,2,3,1,0,0,2,2,2,0,3,2,0,2,2,2,4,2,3,0,0,2,1,0,4,1,0,0,0,5,1,0,0,4,2,3,1,0,0,0,0,1,3,0,4,0,0,0,0,0,0,0,1,1,1,0,2,0,1,0,0,0,4,0,4,2,0,3,0,3,0,2,3,1,0,5,1,0,0,0,0,0,0,0,0,2,4,0,3,0,0,0,1,0,0,1,4,2,2,5,1,4,1,0,0,0,0,0,0,0,0,0,0,0,0,0,0,0,0,0,0,0,0,0,0,0,0,0,0,0,0,0,0,0,0,0,0,0,0,0,0,0,0,0,0,0,0,0,0,0,0,0,0,0,0,0,0,0,0,0,0,0,0,0,0,0,0,0,0,0,0,0,0,0,0,0,0,0,0,0,0,0,0,0,0,0,0,0,0,0,0,0,0,0,1,1,2,0,2,0,0,2,2,0,1,0,2,3,4,4,2,0,5,5,0,0,3,5,2,1,0,4,2,2,3,1,3,0,1,3,4,1,2,0,2,2,2,4,2,4,3,0,1,0,4,1,3,1,0,7,5,0,6,2,1,2,3,4,0,3,2,1,2,0,0,2,1,0,1,2,0,1,6,4,0,2,3,1,1,0,4,4,0,1,0,0,1,0,1,4,2,0,1,2,0,7,2,1,4,0,2,1
FOODS_2_173_CA_1_evaluation,FOODS_2_173,FOODS_2,FOODS,CA_1,CA,0,2,0,0,1,0,0,0,3,3,0,0,0,0,0,3,1,1,1,1,0,3,0,2,1,0,0,1,0,1,1,0,0,1,0,1,0,0,0,2,2,2,1,1,0,1,1,3,0,2,0,0,0,0,0,0,0,0,0,0,0,0,0,0,2,2,2,1,0,2,2,1,3,0,0,2,1,2,0,0,0,0,0,0,0,0,0,1,2,0,2,0,4,1,3,1,0,2,1,1,3,3,0,0,0,0,0,0,0,3,2,2,2,3,0,0,0,2,2,1,2,0,1,1,1,3,3,2,2,1,2,1,3,4,3,4,1,2,3,2,2,6,4,4,2,0,2,1,2,1,0,0,1,1,1,3,3,1,0,0,0,0,3,0,0,4,1,1,0,2,0,0,2,0,1,0,2,1,3,0,0,1,2,0,1,1,0,0,1,1,1,0,1,0,1,1,3,1,1,1,1,1,2,0,2,0,1,1,1,3,0,0,3,1,0,0,0,0,0,0,0,1,1,1,0,1,2,3,4,1,2,2,0,2,3,3,3,1,2,1,1,0,1,2,1,0,2,1,0,1,1,0,1,3,2,1,1,5,0,2,1,0,1,1,0,0,1,0,0,1,0,0,1,1,0,0,0,0,0,0,0,0,0,0,0,0,0,0,0,0,1,1,0,0,1,0,0,2,0,2,5,0,1,0,0,0,0,2,0,1,2,0,0,0,1,1,1,0,2,0,3,0,2,0,0,0,0,0,0,0,0,1,2,0,0,1,2,1,1,1,0,2,1,1,0,2,1,1,1,0,3,1,1,2,0,1,1,1,1,3,1,1,1,1,1,0,0,0,1,0,1,1,5,1,2,1,3,3,2,1,4,2,0,1,0,1,1,5,0,1,2,1,1,1,0,3,2,0,3,0,0,2,0,0,0,0,0,3,2,0,1,2,2,1,2,3,1,0,0,2,2,1,0,2,0,2,3,0,0,0,1,1,2,1,4,3,3,4,1,4,1,5,1,1,2,4,0,1,2,2,3,1,3,6,4,2,0,2,1,0,0,0,1,0,2,1,1,3,1,1,1,0,3,0,2,2,5,2,2,1,2,1,3,0,3,0,5,0,3,2,0,2,2,1,1,1,3,1,1,5,4,4,1,1,2,2,2,1,0,0,0,1,4,0,5,0,0,0,1,1,3,0,0,0,0,0,0,0,0,0,0,2,4,2,1,1,1,0,2,0,5,1,0,0,0,0,1,2,0,1,0,1,0,2,1,0,0,1,0,1,3,1,2,0,0,2,1,1,0,0,2,1,2,0,1,2,3,0,0,0,0,1,0,4,1,0,2,2,1,4,2,5,2,0,1,1,1,2,1,2,0,0,1,1,0,0,1,1,0,3,0,2,0,0,4,0,1,3,0,3,3,1,0,1,0,1,4,3,2,0,4,4,2,4,0,5,0,0,3,1,1,0,1,1,0,4,2,0,2,1,2,3,7,0,1,2,1,4,3,1,3,2,1,2,0,1,2,3,2,1,2,2,1,0,1,2,0,3,1,1,2,2,1,0,2,0,0,2,1,1,2,0,0,0,2,3,1,2,0,1,0,1,1,0,3,0,0,1,4,1,2,1,1,0,3,1,2,1,0,3,2,1,0,0,3,4,1,0,0,1
FOODS_2_174_CA_1_evaluation,FOODS_2_174,FOODS_2,FOODS,CA_1,CA,0,3,2,10,0,1,0,4,0,0,3,4,0,2,0,8,1,2,2,2,0,1,4,4,2,4,0,3,1,0,3,4,0,3,2,0,3,2,2,0,1,1,1,6,11,2,0,2,1,2,0,1,3,0,0,0,1,3,2,1,2,1,0,0,1,2,0,0,0,1,4,1,1,0,3,0,0,1,0,0,2,0,1,2,2,3,1,0,0,1,1,2,6,0,1,2,3,1,0,1,3,2,0,2,2,2,5,0,3,0,0,0,6,1,0,0,0,3,1,2,1,3,2,0,0,2,1,3,9,0,0,0,0,3,0,2,1,3,0,1,0,5,3,2,2,0,2,0,0,1,0,1,0,0,4,3,1,0,0,3,0,1,0,0,0,3,3,2,2,3,2,1,0,0,0,0,2,3,2,3,1,0,0,0,1,0,0,0,0,0,0,0,0,0,1,0,3,1,4,3,0,0,0,0,0,0,0,0,0,0,1,0,0,0,0,0,0,0,0,2,2,0,0,0,0,0,0,0,0,0,0,0,0,0,0,0,0,0,0,0,0,0,0,0,0,0,0,0,0,0,0,0,0,0,0,0,0,0,0,0,0,0,0,0,0,0,0,0,0,0,0,0,0,0,0,0,0,0,0,0,1,1,0,3,2,0,0,1,2,0,0,0,1,0,1,1,0,0,6,2,0,1,5,1,0,0,0,2,1,2,0,0,2,2,0,0,1,0,0,0,0,0,0,0,0,0,0,0,5,1,0,5,0,0,2,3,3,1,3,1,0,0,0,2,4,1,5,0,0,1,2,0,0,1,0,0,2,1,0,2,1,0,0,0,0,3,1,7,1,1,2,2,1,0,1,0,2,0,0,1,0,0,0,1,2,2,0,0,2,0,1,0,2,1,0,0,0,0,2,0,0,1,0,2,1,1,0,0,5,3,1,0,0,1,2,1,9,0,0,0,0,0,2,1,2,2,1,1,0,1,3,0,0,2,0,4,0,2,0,0,1,2,2,0,1,0,1,1,1,2,0,0,0,0,4,2,1,1,1,2,0,2,0,0,0,1,0,0,0,0,1,0,4,0,2,0,0,5,0,0,2,0,3,3,0,0,0,0,1,0,3,0,0,0,2,0,1,2,1,1,0,0,0,0,0,0,0,0,0,0,0,0,0,0,0,0,0,0,4,0,0,1,0,0,0,0,0,0,0,0,0,0,0,0,0,0,0,0,0,0,0,0,0,0,0,0,0,0,0,0,0,0,0,0,0,0,0,0,0,0,0,0,0,0,0,0,0,0,0,0,0,0,0,0,0,0,0,0,0,0,0,0,0,2,2,0,0,0,1,3,4,2,0,0,0,5,0,0,0,0,1,2,0,3,3,0,2,0,0,4,1,1,0,0,0,0,0,2,4,0,0,1,4,4,0,1,1,0,0,1,5,0,0,0,0,0,0,1,0,0,1,0,0,0,0,1,1,2,2,0,2,0,1,1,1,0,2,0,0,0,2,3,0,0,0,0,1,3,0,0,1,0,0,0,2,1,1,0,0,0,4,1,0,2,0,5,0,2,0,0,0,0,4,0,0,0,2,0,2,0,0,3,1,0,0,5,0,0,2,0,1,1,1,1,1,0,3,6,0,1,0,0,0,0,0,0,0,1,5,6
FOODS_2_175_CA_1_evaluation,FOODS_2_175,FOODS_2,FOODS,CA_1,CA,0,2,4,2,7,5,8,5,0,0,3,3,3,1,3,3,0,2,2,0,2,1,7,4,4,0,0,3,2,5,0,0,0,1,6,0,1,0,7,0,4,5,7,2,1,0,6,0,7,2,2,4,1,8,1,5,2,2,3,0,4,0,0,0,0,2,1,2,3,8,0,1,2,2,2,2,0,3,1,2,0,0,2,5,3,2,1,0,5,0,2,1,4,4,2,3,0,1,2,1,4,1,0,0,0,0,0,0,0,0,2,4,5,2,1,0,3,2,4,4,8,2,2,2,3,3,0,0,5,3,0,6,0,6,3,1,2,2,7,2,7,3,4,0,1,7,2,2,2,1,3,3,0,1,3,1,2,0,0,1,1,0,0,0,2,3,1,2,4,3,1,0,0,0,0,0,0,1,4,2,1,3,1,3,3,0,0,0,1,3,11,10,5,2,1,1,3,4,0,11,2,1,2,13,3,2,3,0,7,10,4,2,2,3,0,0,1,3,3,0,0,3,5,3,5,6,7,7,0,4,2,2,4,3,6,2,6,0,3,1,1,7,0,2,2,9,4,3,2,1,1,0,7,1,3,6,5,4,1,0,4,2,0,0,0,7,6,0,0,0,1,3,4,0,0,0,0,0,0,0,0,1,0,5,6,5,2,7,5,2,0,1,0,0,2,4,0,4,2,3,0,0,8,2,1,3,0,3,2,8,0,0,2,0,2,4,3,3,5,3,0,1,1,0,3,1,0,1,3,5,7,0,0,6,2,2,3,4,1,2,0,0,5,3,6,3,0,4,0,0,0,0,0,2,5,1,0,0,0,8,0,0,0,0,3,2,3,0,0,0,0,4,2,2,0,0,0,3,3,1,1,0,0,0,6,2,0,0,0,0,0,0,0,0,1,0,0,0,1,4,3,2,1,0,3,2,0,2,2,8,2,1,0,6,2,0,0,0,0,0,2,0,0,4,3,1,3,0,2,4,0,0,2,1,0,5,0,0,4,0,2,0,3,3,4,4,4,7,1,5,7,2,2,2,1,4,11,0,1,2,1,1,5,0,0,0,0,7,2,2,0,2,1,2,3,1,6,3,1,4,1,0,6,2,2,0,0,0,6,0,3,8,1,0,1,0,2,2,10,1,0,0,1,5,4,0,0,3,1,3,1,2,8,3,0,3,1,4,4,0,0,0,1,0,1,5,1,2,0,5,2,6,1,9,0,1,6,5,2,0,4,4,1,6,1,0,0,4,7,0,0,0,2,0,5,3,4,0,3,0,1,10,6,0,0,2,1,6,2,1,1,1,1,2,0,0,1,3,0,2,0,1,7,0,2,0,0,0,1,1,3,4,5,0,11,0,0,3,3,4,2,0,1,3,0,4,3,1,4,2,10,0,2,1,0,0,2,3,3,3,4,1,0,2,5,2,1,2,1,0,4,9,2,0,1,0,7,1,2,3,5,0,1,3,0,1,2,0,6,4,7,1,3,0,2,7,0,0,5,3,2,5,3,2,4,2,7,7,1,2,2,4,3,9,2,3,3,3,3,6,1,4,1,1,0,7,8,6,4,3,2,2,1,3,2,2,3,3,2,1,6,4,0,9,4,0,3,6,6,4,2,2,4,7,0,2,1,0,0,0,0,0,0,0,0,0,3,5,0,7
FOODS_2_177_CA_1_evaluation,FOODS_2_177,FOODS_2,FOODS,CA_1,CA,0,0,0,0,0,2,2,4,1,1,2,0,0,0,3,0,0,0,0,0,1,1,0,0,0,0,0,0,0,0,0,3,0,0,0,0,0,1,1,0,0,0,0,1,1,0,0,3,0,0,0,0,0,1,0,0,2,0,0,0,0,0,0,0,2,0,0,1,0,0,2,2,0,0,0,0,2,1,1,0,0,0,1,0,2,0,4,0,0,0,1,0,4,0,1,1,0,2,0,4,2,0,0,0,0,0,2,0,1,0,0,0,0,1,0,0,1,0,1,0,3,0,0,0,0,0,1,1,1,0,1,0,0,0,0,3,1,4,0,1,1,2,2,3,0,0,0,0,2,1,0,0,0,0,1,0,0,0,0,0,0,0,2,1,0,0,0,2,1,2,0,1,0,1,1,0,0,1,0,0,0,2,2,0,0,0,0,0,0,0,0,2,0,1,2,0,0,2,0,2,1,0,0,0,3,0,3,0,0,0,0,2,0,0,0,0,0,0,0,0,0,7,0,0,2,0,2,0,0,0,1,0,1,1,1,0,0,0,0,2,1,1,1,0,0,0,3,0,0,3,0,1,1,0,1,2,0,1,0,5,0,0,0,0,1,1,0,0,1,0,0,1,0,0,0,5,0,0,0,0,1,2,0,0,0,0,2,0,1,1,1,0,0,1,3,4,0,0,0,0,0,4,0,0,0,0,0,0,1,1,0,3,0,1,0,0,0,2,0,0,0,1,1,0,0,3,0,0,0,1,0,0,1,0,0,0,2,0,1,1,1,0,3,0,0,0,0,0,0,0,0,5,1,0,0,0,0,0,0,1,1,0,0,0,0,0,0,1,0,1,0,3,0,0,0,0,2,2,1,0,0,0,0,0,0,0,0,0,0,0,0,12,0,0,0,0,0,0,0,0,0,0,0,0,1,0,2,0,0,0,0,0,0,3,0,0,0,0,0,0,0,0,0,1,0,1,2,2,1,0,1,1,1,2,5,0,0,0,0,0,0,0,0,0,0,0,0,1,0,1,0,0,0,0,0,1,0,5,0,0,0,0,0,1,0,0,0,1,3,0,0,0,0,0,0,0,0,0,0,0,0,0,0,0,0,0,0,0,0,0,0,0,0,0,0,0,0,0,2,3,0,0,0,1,0,4,2,0,0,12,0,0,0,3,0,3,0,0,0,0,0,0,0,0,0,1,2,0,0,0,1,1,0,0,1,0,0,0,0,1,3,0,0,1,1,4,1,0,0,0,12,0,0,0,0,0,0,2,0,1,0,3,2,0,0,0,0,0,0,0,1,0,0,1,2,2,2,0,1,0,0,1,1,2,0,2,2,1,3,14,1,2,12,0,0,1,0,0,0,0,1,0,1,0,0,0,0,0,0,2,2,0,1,0,0,1,0,6,3,4,1,0,3,0,0,0,4,3,0,0,0,2,0,0,0,0,0,0,0,0,0,1,0,1,0,2,1,0,2,0,1,0,0,1,1,1,1,0,1,1,1,2,0,0,2,2,0,1,1,0,0,0,0,1,2,0,0,2,0,0,1,0,0,0,2,1,0,0,0,1,0,1,2,0,0,0,1,1,1,1,6,1,0,1,0,0,1,1,4,0,0,0,2,0,4,0,0,4,0,0,0,0,0,3,0,0,0,0,4,1
FOODS_2_181_CA_1_evaluation,FOODS_2_181,FOODS_2,FOODS,CA_1,CA,9,4,11,7,8,5,5,18,11,13,10,7,9,9,13,16,11,14,8,5,4,12,7,6,5,7,6,5,11,6,9,5,2,8,8,3,4,1,7,11,11,5,10,7,5,3,11,5,9,8,7,14,5,11,11,8,12,7,11,6,7,5,6,7,5,3,3,3,8,15,9,10,5,11,7,8,6,14,12,8,4,10,6,10,5,8,4,8,7,6,5,12,11,13,5,8,3,15,14,10,5,5,6,5,11,12,11,7,13,9,5,8,10,3,0,1,5,7,7,4,0,12,6,5,0,1,9,10,6,6,4,1,7,13,7,4,9,10,10,10,11,9,7,5,5,5,9,10,11,2,6,3,2,4,15,6,6,0,5,5,2,7,7,12,7,6,4,6,17,9,4,9,2,7,10,6,6,7,7,8,8,7,5,7,8,8,4,2,3,13,5,3,5,11,13,7,10,8,3,9,12,7,7,5,10,10,8,5,16,1,5,16,4,11,4,0,6,11,5,8,3,4,9,12,17,15,11,5,10,5,6,20,11,11,7,7,7,4,9,13,8,8,4,4,7,10,5,0,6,3,3,5,12,7,4,8,6,5,9,15,20,17,9,9,4,9,9,11,11,2,3,4,10,12,12,10,6,9,8,11,13,11,6,11,7,5,1,14,7,8,9,13,7,4,7,15,8,6,5,12,6,4,14,12,1,3,7,3,10,17,11,7,5,8,10,18,0,6,4,9,12,11,11,4,9,4,12,4,11,5,11,9,4,5,8,4,22,2,8,6,3,5,10,17,7,10,9,11,4,8,5,6,14,5,6,2,3,14,3,12,5,5,6,10,7,1,6,6,3,6,5,14,4,11,10,9,6,11,8,6,14,13,7,4,8,5,6,13,9,8,6,4,8,6,4,7,5,5,10,12,5,7,3,6,7,9,4,9,7,6,8,10,4,8,12,12,0,5,8,5,9,3,4,8,3,6,3,6,6,7,7,4,2,2,9,9,8,10,9,4,6,7,10,4,12,6,5,8,6,3,2,5,7,6,6,5,5,8,2,6,6,4,6,6,5,10,8,11,10,4,5,9,2,4,4,4,12,4,9,7,4,3,6,1,8,4,7,3,6,2,7,10,2,3,8,6,4,4,5,5,3,8,3,7,8,6,8,6,1,5,9,12,5,6,0,5,3,7,1,5,3,5,5,4,4,4,2,6,7,6,2,9,1,9,8,9,11,6,6,4,7,2,4,3,5,3,5,6,1,2,7,0,0,2,12,3,1,3,4,0,0,0,0,0,0,0,0,0,4,7,3,4,0,1,2,5,6,6,9,3,0,3,3,3,7,3,10,5,6,14,5,5,7,9,5,11,6,5,2,2,2,7,4,10,2,5,3,1,10,8,7,5,5,1,4,7,6,11,7,2,2,6,2,7,7,3,4,2,2,2,6,5,2,4,3,3,10,5,10,3,5,3,3,2,8,4,4,1,0,4,7,8,11,1,2,6,4,0,0,2,2,3,4,0,6,10,5,1,4,5,4,4,7,2,4,2,3,5,7,6,9,8,7,4,10,7,10,3,11,0,2,4,5,1,4,2,4,5,1,11,6,11,8,6,2,4,6,6,2,11,3,5,2,3,10,6,3,7,8,4,2,5,5,2,3,3,5,2,6,7
FOODS_2_183_CA_1_evaluation,FOODS_2_183,FOODS_2,FOODS,CA_1,CA,1,2,1,2,1,0,1,4,2,1,0,2,1,1,1,5,6,1,2,0,1,4,2,1,1,1,3,0,4,2,1,2,3,0,1,2,2,2,1,1,4,3,3,1,3,2,2,2,2,2,0,0,0,0,0,0,0,0,0,0,0,0,0,0,2,4,1,0,3,1,4,0,0,0,0,0,0,0,0,0,0,0,0,0,0,5,5,1,0,2,0,5,4,4,2,3,1,0,3,4,7,1,0,0,0,0,0,0,0,6,2,1,4,2,3,0,3,6,1,5,9,5,6,2,7,2,4,10,3,2,2,4,3,2,10,5,9,4,5,2,7,10,1,4,5,1,3,3,3,4,1,0,2,0,2,5,0,1,1,0,2,4,8,1,0,1,1,1,2,6,4,3,2,1,1,2,5,2,0,3,1,1,4,2,4,2,1,1,1,3,5,3,4,1,3,2,6,4,3,1,3,0,2,1,2,2,4,4,2,3,2,4,2,2,1,0,1,3,2,0,1,0,2,2,4,2,1,3,5,3,7,9,11,2,1,5,2,1,3,3,1,0,1,1,2,1,5,3,2,3,0,2,4,8,3,4,2,1,3,7,2,0,4,1,0,0,1,3,4,4,0,2,1,5,0,0,0,0,0,0,0,0,0,0,0,0,0,0,0,0,1,4,1,3,2,7,0,0,1,1,2,5,3,0,0,1,2,3,4,2,2,3,2,1,2,5,4,2,2,1,4,2,4,0,0,0,0,0,0,0,2,2,1,2,1,1,5,4,0,2,0,1,1,4,5,2,2,4,0,1,7,6,4,2,2,2,1,5,9,1,1,2,2,2,2,3,0,2,1,2,2,3,6,3,2,1,2,2,2,7,2,3,3,2,4,6,5,3,3,3,3,3,3,1,2,5,0,1,1,3,3,0,1,0,3,3,0,1,4,6,4,4,6,2,5,2,5,6,2,4,4,10,3,3,0,5,1,4,2,2,6,4,2,6,6,6,3,4,1,3,4,2,2,4,1,0,3,4,3,5,4,7,2,0,2,4,3,2,3,1,2,1,4,5,1,3,3,5,2,4,3,3,3,1,3,4,1,6,2,3,3,2,1,7,5,1,2,1,4,1,1,3,1,2,5,1,5,3,5,4,2,1,3,5,7,5,8,4,3,0,4,3,11,6,3,1,2,2,5,5,3,2,2,0,1,0,1,1,1,1,0,3,3,0,0,0,3,0,2,0,0,0,0,0,0,0,0,2,3,3,0,1,1,0,0,2,4,2,1,0,0,8,0,0,3,0,0,0,3,2,5,1,1,0,0,0,1,1,0,2,0,1,1,2,1,2,5,7,3,5,4,4,7,6,7,3,5,6,5,3,2,2,7,4,0,5,4,2,3,2,7,3,1,6,5,2,2,6,1,7,6,0,5,7,6,2,0,3,5,1,6,0,0,3,2,1,1,3,3,2,4,5,6,3,3,10,5,3,3,2,3,6,9,2,1,3,6,5,6,9,2,2,6,2,3,4,5,6,2,3,2,2,1,2,1,2,1,0,5,5,2,0,3,2,1,1,8,0,3,0,0,0,3,0,0,1,0,1,4,0,0,0,2,3,1,1,2,4,4,0,0,0,2,4,4,1,3,4,7,4,3,5,4,6,3,1,1,1,8,2
FOODS_2_184_CA_1_evaluation,FOODS_2_184,FOODS_2,FOODS,CA_1,CA,2,1,2,1,2,1,5,2,1,4,1,3,0,0,3,6,0,2,1,3,0,0,0,0,0,1,2,1,2,1,2,1,3,3,0,0,3,2,2,1,0,2,2,6,4,1,2,4,4,1,2,1,2,4,1,5,3,3,4,4,2,0,2,1,2,3,2,3,1,5,3,7,1,2,2,2,4,8,9,1,1,3,3,2,2,2,3,2,3,3,3,2,3,3,3,4,3,2,2,3,0,6,3,3,7,2,7,1,9,2,1,2,3,1,2,3,2,2,5,2,1,3,1,6,1,0,1,0,1,1,1,3,4,3,1,4,3,2,3,5,4,4,4,2,2,5,2,3,2,3,3,0,1,2,4,3,2,2,1,2,2,4,2,2,0,4,3,4,2,2,3,2,3,1,3,1,1,1,2,3,2,2,1,5,3,2,2,0,0,1,2,6,4,3,1,6,4,6,4,3,1,1,1,2,9,5,2,3,2,4,2,3,2,1,0,0,3,2,2,1,3,2,1,4,3,3,0,1,7,2,2,0,0,6,0,2,0,0,0,6,0,1,2,2,2,5,1,2,1,2,0,1,2,3,1,1,1,11,3,3,3,9,0,3,4,0,2,3,0,1,5,2,2,1,2,1,1,2,1,2,4,3,1,1,6,1,4,0,1,6,1,5,0,3,0,7,4,2,2,3,2,2,3,1,2,2,0,4,4,3,0,0,3,2,5,0,7,2,3,1,0,0,5,1,0,0,0,1,1,1,1,1,2,0,1,0,1,2,4,2,3,1,3,4,3,5,2,3,4,4,3,5,0,2,2,1,1,2,5,1,3,0,1,2,3,3,3,3,4,1,1,2,1,1,3,1,1,2,4,3,2,3,2,1,4,3,3,4,2,2,1,3,2,5,4,0,0,4,4,2,3,6,2,3,2,3,2,4,4,4,1,5,1,2,0,3,1,4,0,0,0,4,3,3,0,4,2,3,5,2,4,0,0,4,6,6,4,3,2,4,4,5,3,7,1,5,1,1,2,5,3,1,2,3,0,2,1,1,3,1,2,4,5,5,2,4,2,5,3,2,8,8,2,1,6,1,1,4,1,0,1,1,1,1,5,2,2,1,0,2,1,4,1,4,1,4,5,3,4,3,3,3,3,7,5,0,2,0,0,0,1,3,3,4,0,0,0,0,2,2,1,3,1,0,1,2,6,5,2,0,1,0,2,5,1,0,0,0,1,4,4,2,0,1,1,1,0,1,1,1,0,2,0,1,2,3,1,1,3,2,3,4,2,3,1,1,3,4,1,1,0,2,1,1,1,4,1,0,2,2,0,1,4,3,1,2,4,3,1,5,0,5,2,4,5,0,7,1,1,1,2,0,4,8,3,2,0,0,1,5,3,1,1,3,1,0,2,1,4,4,1,3,4,5,1,2,7,2,1,5,3,3,3,2,2,6,2,0,0,4,1,1,1,1,1,2,0,5,1,2,3,3,4,0,2,2,2,2,2,3,0,0,0,0,0,0,1,4,0,0,2,2,0,0,0,0,1,2,1,1,1,1,4,3,1,1,1,1,0,1,1,2,0,0,1,0,0,0,1,2,0,1,1,1,0,0,1,3,0,3,0,3,1,1,0,0,1,1,1,1,1,1,2,0,2,3,1,1,1,0
FOODS_2_188_CA_1_evaluation,FOODS_2_188,FOODS_2,FOODS,CA_1,CA,3,0,1,1,0,0,1,2,0,1,0,0,0,2,1,1,0,2,0,0,1,1,1,1,0,1,0,1,0,0,0,0,0,2,1,1,0,1,2,0,0,0,1,1,1,3,0,0,0,0,0,6,2,1,3,0,0,1,0,0,0,0,0,0,0,0,0,2,0,0,0,3,3,0,0,2,1,2,0,0,4,0,0,0,1,0,0,0,1,1,0,1,6,0,0,1,0,2,0,0,3,0,0,2,0,0,0,0,0,0,0,0,1,0,0,2,1,0,0,3,1,0,0,0,0,3,0,1,0,1,0,0,0,0,2,0,1,3,0,1,1,0,0,0,0,0,0,0,0,1,0,0,0,0,0,0,1,0,0,3,0,0,0,0,0,1,0,0,0,0,1,0,0,0,0,0,1,0,1,1,0,0,1,1,0,0,0,0,0,4,1,0,0,1,2,0,0,0,1,1,1,0,0,1,0,0,0,2,0,0,0,0,0,0,0,0,0,0,0,0,0,0,0,0,0,0,0,0,0,0,0,0,0,0,0,0,0,0,0,0,0,0,0,0,0,0,0,0,0,0,0,0,0,0,0,0,0,0,0,0,0,0,0,0,2,0,0,0,0,0,0,0,0,2,0,0,0,1,0,0,0,3,0,0,0,0,0,0,0,2,0,0,0,0,0,1,2,1,0,0,0,0,2,1,3,0,1,0,0,2,1,0,0,0,0,0,0,0,0,1,0,1,1,0,0,0,0,0,0,2,0,2,2,1,0,0,1,1,0,0,0,0,0,0,2,0,2,0,0,0,0,0,1,0,2,0,0,2,2,0,0,0,3,0,0,2,0,1,0,0,0,0,2,1,2,0,0,0,0,0,0,0,0,0,0,0,0,0,0,0,1,0,2,0,1,1,0,0,0,1,0,0,2,0,0,0,0,2,2,0,0,0,0,1,0,4,1,1,0,0,1,1,0,0,0,0,0,2,2,0,0,1,0,2,0,1,2,0,0,0,0,0,0,1,0,0,0,1,0,2,0,0,1,0,0,0,0,1,0,0,0,1,0,0,0,1,1,0,2,1,0,1,1,0,0,2,0,1,0,0,3,1,0,0,0,0,0,0,0,1,0,1,1,0,1,1,0,2,1,0,2,0,0,2,1,0,0,1,0,0,1,3,0,2,1,0,0,2,3,2,0,0,0,0,0,0,1,3,1,0,1,0,1,3,0,0,4,1,0,0,3,0,0,0,0,2,0,1,1,6,0,0,0,0,0,0,1,1,1,4,3,1,1,4,0,0,1,1,1,2,3,0,0,0,0,0,0,0,0,0,0,0,0,0,0,0,0,0,0,0,0,0,0,0,0,0,0,0,0,0,0,0,0,0,0,0,0,0,0,0,0,0,0,0,0,0,0,0,0,0,0,0,0,0,0,0,0,0,0,1,0,1,0,0,1,0,0,0,1,0,1,0,2,0,1,1,0,0,0,0,0,0,2,0,0,1,1,1,0,1,1,1,2,0,1,1,0,0,1,0,1,7,1,0,0,0,0,0,0,0,1,0,2,0,1,1,1,2,0,0,0,0,2,2,1,0,1,0,1,0,0,0,0,1,3,2,0,0,0,1,0,1,0,1,1,0,1,0,1,0,1,0,1,1,0,0,0,0,0,0
FOODS_2_189_CA_1_evaluation,FOODS_2_189,FOODS_2,FOODS,CA_1,CA,0,0,0,0,0,0,0,0,0,0,0,0,0,0,0,0,0,0,0,0,0,0,0,0,0,0,0,0,0,0,0,0,0,0,0,0,0,0,0,0,0,0,0,0,0,0,0,0,0,0,0,0,0,0,0,0,0,0,0,0,0,0,0,0,0,3,0,1,0,1,1,0,6,0,2,2,1,1,5,0,3,0,0,0,0,0,0,0,2,0,0,2,1,3,0,0,0,0,0,0,1,1,3,0,2,2,0,3,1,3,1,0,0,6,1,1,1,5,0,2,0,4,0,1,2,1,0,8,0,1,5,2,0,2,4,0,0,2,2,0,2,3,0,0,0,1,0,4,1,0,3,0,1,0,2,5,0,0,0,0,0,0,0,0,3,1,4,1,6,0,6,3,3,0,2,2,1,2,1,1,7,4,0,1,0,0,0,4,0,0,0,3,0,7,1,1,0,0,4,0,9,0,2,7,1,2,1,0,0,6,6,0,0,0,5,0,1,2,1,5,1,2,1,7,7,2,2,0,2,2,2,6,2,0,2,4,0,0,3,0,0,4,0,0,0,3,1,0,1,2,1,0,0,3,0,1,1,0,2,1,4,3,2,4,0,0,2,3,0,1,1,2,0,3,1,2,1,2,0,1,0,2,3,3,2,1,0,0,0,0,0,0,0,0,0,1,2,3,1,0,0,1,1,0,5,1,1,0,2,4,1,0,2,1,2,1,0,1,1,0,1,1,3,0,0,0,0,0,0,0,3,1,0,2,2,1,3,0,1,2,3,0,1,0,3,0,0,1,0,0,0,0,0,0,0,0,0,0,0,0,0,0,0,0,0,0,0,0,0,0,0,0,0,0,0,0,0,0,0,0,0,0,0,0,0,0,0,0,0,0,0,0,0,0,0,0,0,0,0,0,0,0,0,0,0,0,0,0,0,0,0,0,0,0,0,0,0,0,0,0,0,0,0,0,0,0,0,0,0,0,0,0,0,0,0,0,0,0,0,0,0,0,0,0,0,0,0,0,0,0,0,0,0,0,0,0,0,0,0,0,2,0,0,1,0,4,0,2,1,2,0,3,1,0,2,5,0,1,3,1,1,1,0,2,1,0,1,2,1,1,4,2,0,2,2,3,0,3,0,3,4,0,2,0,2,0,5,5,2,1,2,1,0,1,0,2,2,6,2,1,2,2,1,2,3,1,1,1,2,2,0,0,0,3,3,0,0,1,1,0,1,1,0,5,0,0,1,3,3,0,2,5,0,5,1,2,3,0,2,1,3,5,4,2,1,1,1,1,1,0,0,2,2,0,2,4,0,5,0,0,0,0,1,2,1,0,2,2,0,0,5,0,3,0,1,5,1,1,3,3,6,4,3,1,3,0,1,1,2,0,0,0,0,0,0,0,0,0,2,0,0,2,2,3,1,2,1,5,3,0,0,2,0,0,1,3,1,4,0,1,2,1,2,1,0,3,3,0,3,4,4,0,8,0,0,1,1,3,3,3,4,0,3,0,1,3,3,0,0,2,5,3,2,0,0,3,3,0,1,6,2,0,0,1,4,0,5,3,0,2,3,1,0,1,1,4,1,0,1,5,1,0,4,2,1,4,0,0,1,2,2,0,0,0,1,1,2,6,1,7,0,2,3,1,0,1,0,0,4,0
FOODS_2_192_CA_1_evaluation,FOODS_2_192,FOODS_2,FOODS,CA_1,CA,0,0,0,0,0,0,0,0,0,0,0,0,0,0,0,4,3,1,2,2,0,4,3,2,0,1,0,0,1,15,2,1,1,0,0,3,5,2,1,2,2,0,2,3,2,7,3,2,0,2,4,1,2,1,2,0,0,2,2,2,0,3,0,1,3,2,0,3,0,2,0,4,1,1,4,4,1,0,5,2,0,1,3,1,3,3,2,1,1,6,1,0,4,2,1,0,1,0,0,8,2,1,2,1,2,2,7,0,0,6,0,1,1,6,2,0,1,0,2,2,3,2,2,4,0,2,4,6,4,0,3,2,0,2,3,4,3,2,4,0,7,7,0,0,2,0,3,4,9,1,2,2,1,1,5,2,3,0,0,4,1,5,3,3,3,2,0,1,1,4,4,3,4,1,1,3,3,5,0,0,0,2,5,0,2,1,2,0,0,3,0,2,2,0,1,2,1,4,2,2,0,2,1,3,4,3,0,1,0,0,7,2,4,0,3,0,1,1,5,0,2,1,1,1,6,0,0,0,0,0,0,0,1,3,1,4,3,0,6,5,2,5,3,3,0,5,3,3,1,4,2,2,5,8,6,1,2,4,3,2,5,1,4,0,2,5,0,7,3,3,0,4,1,4,6,7,0,3,1,0,3,2,3,5,0,2,1,5,5,1,0,0,3,1,6,2,2,4,1,2,3,1,4,4,0,0,3,4,2,5,2,0,0,1,2,1,1,1,0,1,0,1,2,1,3,2,0,3,3,2,3,3,2,0,1,4,5,2,0,0,3,0,3,3,7,0,5,2,2,1,1,3,3,1,1,1,2,1,3,0,1,1,1,1,5,1,2,3,3,0,1,1,2,2,3,0,0,0,0,0,0,0,0,0,0,0,0,0,0,0,0,0,0,0,0,0,0,0,0,0,0,0,0,0,0,0,0,0,0,0,0,0,0,0,0,0,0,0,0,0,0,0,0,0,0,0,0,0,0,0,0,0,0,0,0,0,0,0,0,0,0,0,0,0,0,0,0,0,0,0,0,0,0,0,0,0,0,0,0,0,2,0,2,1,0,2,1,0,2,2,0,0,0,0,0,0,0,5,3,0,0,0,1,0,3,0,0,1,0,1,1,3,0,2,0,1,2,1,2,1,0,0,0,0,3,2,3,0,1,0,2,3,0,2,1,0,0,0,0,1,0,0,0,0,0,0,0,1,0,0,2,0,0,0,2,2,1,4,3,3,4,1,0,2,2,0,2,0,0,6,5,0,0,1,2,3,1,0,3,0,5,1,3,0,0,0,1,1,3,1,5,4,4,2,6,2,4,5,2,2,0,2,3,2,1,4,3,1,8,4,3,4,2,4,1,6,4,3,2,3,2,2,3,4,4,2,0,0,2,9,6,3,3,1,1,2,7,5,8,4,2,1,0,3,1,3,6,7,2,4,0,5,1,2,3,2,3,5,1,4,1,1,2,0,1,7,0,3,1,2,1,7,3,6,1,0,0,1,7,1,5,2,2,2,2,7,6,2,2,0,0,5,2,0,3,1,1,2,1,2,6,2,0,2,0,4,3,4,2,3,4,4,2,2,4,0,1,8,0,0,2,10,2,2,0,1,6,4,0,0,7,1,2,0,1,7,4,2,0,2,0,7,2,0,1,2,0,3,5,2
FOODS_2_194_CA_1_evaluation,FOODS_2_194,FOODS_2,FOODS,CA_1,CA,2,0,2,3,1,1,0,3,0,0,0,0,0,0,0,0,0,0,0,0,0,0,0,0,0,0,0,0,0,0,0,0,0,0,0,0,0,0,0,0,0,0,0,0,0,0,0,0,0,0,0,0,0,0,0,0,0,0,0,0,0,0,0,0,0,0,0,0,0,0,0,0,0,0,0,0,0,0,0,0,0,0,0,0,0,0,0,0,0,0,0,0,0,0,0,0,0,0,0,0,0,0,0,0,0,0,0,0,0,0,0,0,0,0,0,0,0,0,0,0,0,0,0,0,0,0,0,0,0,0,0,0,0,0,0,0,0,0,0,0,0,0,0,0,0,0,0,0,0,0,0,0,0,0,0,0,0,0,0,0,0,0,0,0,0,0,0,0,0,0,0,0,0,0,0,0,0,0,0,0,0,0,0,0,3,5,0,0,3,0,2,4,2,1,4,0,0,0,6,0,0,0,5,3,3,5,1,6,0,0,4,1,2,4,2,0,0,1,1,2,0,0,0,1,0,0,0,0,3,1,1,0,1,1,4,0,0,0,2,2,3,3,1,5,5,2,4,1,0,3,1,2,4,3,2,1,3,1,3,5,3,7,3,3,2,2,3,6,4,0,2,2,2,1,1,3,1,0,0,0,3,8,0,1,3,3,2,3,4,3,4,2,5,3,0,5,0,0,3,0,0,0,2,7,3,2,0,2,3,8,4,3,6,3,3,5,5,2,5,3,7,5,3,3,12,4,5,6,4,11,6,8,1,6,3,1,2,3,1,0,3,4,5,6,8,2,0,0,6,0,0,0,3,1,1,0,0,5,1,4,1,3,1,1,4,1,1,1,2,0,1,7,5,3,4,0,0,0,0,0,0,0,0,0,0,0,0,0,0,0,0,0,0,0,0,0,0,0,0,0,0,0,0,3,6,4,5,6,4,2,8,6,5,5,8,4,2,5,6,2,2,3,2,3,0,4,3,3,6,4,4,3,1,4,7,6,5,3,5,2,0,0,0,2,8,10,6,4,6,3,5,8,4,1,5,7,11,4,2,2,1,2,2,10,1,4,5,5,3,0,0,6,1,2,3,3,5,2,0,5,2,0,1,4,6,2,2,1,1,3,2,0,1,2,2,1,1,6,0,0,0,5,0,0,1,0,5,0,1,0,0,1,0,0,0,0,0,0,0,0,0,0,0,0,0,2,4,0,3,3,0,4,10,3,1,6,5,0,0,4,2,4,0,3,0,2,5,6,3,0,0,0,1,2,3,2,2,3,0,0,0,9,6,6,3,7,3,2,5,3,2,5,6,0,7,7,2,3,2,0,0,3,6,6,6,10,3,4,5,7,1,4,1,3,3,6,2,4,1,0,1,1,0,0,0,0,1,1,3,1,0,0,0,0,0,0,0,0,0,0,0,0,0,0,0,0,0,0,0,0,0,0,0,0,0,0,0,0,0,0,0,0,0,0,0,0,0,0,0,0,0,0,4,2,0,4,1,0,1,0,0,0,0,0,0,0,0,0,6,1,4,4,2,0,4,1,1,0,0,1,3,2,2,3,3,3,2,13,7,5,1,3,3,2,5,7,2,3,0,3,3,9,2,3,1,6,1,4,6,5,8,9,3,7,2,0,6,6,4,3,3,5,7,3,3,4,3,5,1,5
FOODS_2_196_CA_1_evaluation,FOODS_2_196,FOODS_2,FOODS,CA_1,CA,0,0,0,0,0,0,0,0,0,0,0,0,0,0,0,0,0,0,0,0,0,0,0,0,0,0,0,0,0,2,0,2,0,0,0,0,0,1,0,0,0,0,0,0,0,0,1,0,0,0,0,0,0,0,0,0,0,0,0,0,0,0,0,0,1,0,0,2,0,2,1,3,1,1,0,0,0,1,1,4,0,1,0,1,0,2,0,0,0,1,1,0,1,0,0,0,0,0,1,1,0,1,1,1,1,0,1,0,0,0,0,0,2,2,0,1,1,0,1,0,0,1,0,1,0,0,0,3,1,0,1,0,0,0,0,0,0,0,1,1,0,1,1,0,0,1,0,1,0,1,1,0,0,1,0,2,0,0,0,1,0,4,2,0,0,0,0,0,1,1,1,2,1,0,0,1,0,0,1,0,1,2,1,1,1,0,0,0,0,0,1,0,0,0,0,2,1,1,0,1,1,0,1,0,0,0,0,0,1,0,0,3,0,0,2,0,0,1,1,0,0,0,2,0,1,1,1,1,0,0,1,2,0,0,1,0,0,1,1,0,0,1,0,0,0,1,0,0,0,2,0,0,0,0,1,1,1,0,1,1,1,0,0,1,0,2,0,0,2,0,0,1,0,0,1,1,0,0,0,2,3,0,2,0,2,2,2,0,1,0,0,1,1,0,3,1,0,0,2,1,1,1,1,0,0,0,1,1,0,0,0,1,0,1,1,1,2,0,2,2,1,0,1,2,1,0,1,1,1,2,1,0,1,0,2,0,1,2,2,0,0,0,0,1,0,1,0,0,0,0,1,1,1,1,1,0,0,0,0,2,2,1,0,1,0,1,1,2,0,0,0,1,1,0,1,0,0,0,0,0,0,1,0,0,0,0,0,0,0,0,0,0,0,0,0,1,0,0,1,0,0,0,0,0,1,0,0,1,0,0,2,0,1,0,0,1,0,1,0,0,0,0,0,0,0,0,0,1,0,2,1,0,0,1,0,1,1,1,0,0,1,1,1,0,0,0,0,0,0,0,0,0,0,0,0,0,0,0,0,0,0,0,0,0,0,0,1,0,0,0,0,0,0,0,0,0,0,0,0,0,0,0,0,0,0,0,0,0,0,0,0,0,0,0,0,0,0,0,0,0,0,0,0,0,0,0,0,0,0,0,0,0,0,0,0,0,0,0,0,0,0,0,0,0,0,0,0,0,0,0,1,1,0,0,0,0,0,0,0,0,0,0,0,0,1,0,0,0,0,0,0,0,0,0,0,0,0,0,0,0,0,0,0,0,0,0,0,0,0,0,0,0,0,0,0,0,0,0,0,0,0,0,0,0,0,0,0,0,0,0,0,0,0,0,0,0,0,0,0,0,0,0,0,0,0,0,0,0,0,0,0,0,0,0,0,0,0,0,0,0,0,0,0,0,0,0,0,0,0,0,0,0,0,0,0,0,0,0,0,0,0,0,0,0,0,0,0,0,0,0,0,0,0,1,0,0,2,0,0,0,0,0,0,0,0,0,0,0,1,0,0,0,0,0,0,0,2,1,1,0,1,0,0,1,1,1,0,0,1,2,1,1,0,0,1,1,1,0,0,0,0,0,2,0,1,0,0,2,0,1,0,0,0,0,0,0,0,0,0,0,1,0,1,0,0,0,0,0,0,0
FOODS_2_197_CA_1_evaluation,FOODS_2_197,FOODS_2,FOODS,CA_1,CA,9,14,26,25,14,15,13,20,40,37,32,20,12,23,35,23,47,12,23,20,21,23,30,27,24,12,31,19,14,20,15,25,19,9,11,16,45,27,7,13,37,19,21,32,20,31,3,0,0,0,51,24,34,25,16,10,27,34,17,23,0,0,17,23,33,36,11,15,17,15,25,33,37,15,32,25,23,21,42,17,36,34,20,21,49,39,25,28,16,16,16,33,38,21,12,24,11,13,17,24,20,23,28,29,25,43,45,34,33,24,18,16,20,30,11,12,20,19,11,26,33,18,19,24,15,24,31,28,17,15,26,16,28,25,37,5,8,0,1,9,22,8,0,0,7,0,0,24,48,22,8,17,19,17,38,28,23,10,19,15,13,23,28,32,33,18,19,14,36,51,28,32,17,16,23,22,43,24,10,10,8,15,17,18,11,20,8,3,12,15,22,16,30,17,31,20,41,41,31,22,29,12,13,13,31,17,16,19,10,9,15,29,14,5,6,0,22,20,18,22,19,4,10,30,27,45,33,18,15,20,32,20,37,31,12,8,20,11,22,34,16,22,13,10,15,16,24,16,11,13,8,15,17,32,17,35,18,26,25,20,44,26,18,17,20,20,16,37,21,18,22,16,22,15,33,13,6,15,15,12,14,27,17,22,31,22,16,15,36,25,20,16,6,10,0,23,20,11,11,4,17,18,18,18,14,8,9,11,23,24,7,7,20,13,42,13,12,18,28,25,23,13,28,24,19,15,18,15,11,22,15,9,10,14,13,9,30,20,14,19,7,9,9,29,39,23,20,11,11,10,19,29,23,10,13,15,9,12,15,12,14,8,7,6,14,22,19,12,10,11,10,17,26,17,7,24,24,19,23,30,16,27,10,11,7,12,27,21,17,11,21,17,8,30,24,10,3,12,9,22,25,22,5,0,0,0,2,17,18,17,10,17,17,21,23,4,16,10,16,12,15,32,14,23,22,6,16,17,18,29,28,9,9,12,12,27,9,28,28,24,14,26,27,20,12,16,10,13,19,22,21,16,20,14,6,20,31,17,23,4,11,9,14,26,10,24,16,20,28,14,18,16,35,8,23,13,19,41,8,18,17,13,12,29,33,15,23,22,10,17,25,18,30,18,12,17,30,38,34,30,22,12,14,13,24,32,12,14,20,8,14,30,17,9,13,14,5,16,27,27,18,16,8,11,9,17,40,19,29,16,12,8,26,27,16,33,11,9,7,35,25,0,6,5,11,15,11,26,12,16,9,7,6,9,30,12,12,18,22,17,28,34,23,12,11,11,18,17,28,3,13,9,6,17,12,6,17,8,17,6,0,17,17,16,8,7,11,13,16,7,21,24,19,1,21,37,15,18,18,13,15,11,25,28,15,16,20,9,17,16,28,16,21,14,4,10,23,25,16,15,11,12,8,27,19,19,16,14,10,16,13,10,24,12,20,16,10,13,28,25,17,6,10,12,21,26,15,14,22,10,23,28,26,21,14,20,13,11,13,19,20,10,11,11,14,16,24,19,9,4,9,16,11,12,26,12,12,9,9,23,25,28,12,23,12,35,37,23,20,40,7,9,9,22,24,21,22,25,11,11,19,33,17,24,18,7,21,19,48,36,21,18,13,20,33,10,25,31,12,17,15,27,32,18,28,12,21,16,29,26
FOODS_2_199_CA_1_evaluation,FOODS_2_199,FOODS_2,FOODS,CA_1,CA,6,3,2,9,1,1,2,1,1,5,0,4,9,2,3,3,1,1,3,10,0,2,3,2,5,3,0,1,2,3,1,0,3,8,0,2,6,3,1,3,1,3,1,5,3,2,3,2,0,3,6,0,0,4,0,2,5,0,2,1,1,4,2,1,0,4,2,7,0,0,3,5,1,2,4,6,0,0,2,6,7,1,2,1,3,3,3,3,2,0,1,0,7,2,4,2,0,3,0,3,6,1,4,0,0,3,6,3,3,0,0,0,0,2,8,3,2,0,0,2,4,1,4,8,1,4,2,4,1,5,3,4,2,2,8,4,6,2,0,6,6,0,8,4,0,0,1,1,9,2,0,0,0,0,2,2,3,4,3,4,1,2,1,1,1,8,8,0,8,4,2,2,0,2,2,0,5,1,0,1,4,1,4,1,0,1,0,0,1,1,1,0,3,4,2,4,3,2,2,6,3,1,1,1,5,0,1,2,5,0,0,4,1,0,0,0,2,1,2,1,0,0,0,2,0,1,4,0,3,3,1,5,0,1,3,1,5,0,2,0,4,4,0,2,1,2,2,0,0,4,1,0,3,3,1,3,2,3,0,0,6,1,3,7,5,0,2,3,2,2,1,0,0,0,3,6,0,2,0,1,2,0,6,2,3,1,8,3,3,4,5,0,0,0,4,8,0,0,0,1,2,5,3,0,1,2,1,5,0,1,3,1,8,2,4,0,2,4,1,3,6,1,2,5,1,0,4,0,2,2,1,2,1,1,1,0,0,2,0,1,0,1,0,4,1,5,4,4,2,0,0,1,3,1,2,0,5,0,0,3,1,0,0,2,2,0,0,0,10,0,0,3,2,0,1,0,2,3,2,0,2,0,1,1,2,0,0,4,2,3,0,2,2,0,0,0,0,0,0,0,0,0,0,0,1,1,0,2,1,6,2,0,2,4,4,0,1,0,0,0,6,2,1,0,0,0,1,1,2,0,0,1,2,0,1,0,2,0,3,0,0,2,2,6,0,2,1,0,3,0,0,0,0,4,1,1,0,3,0,0,0,2,2,1,2,0,0,1,0,3,0,2,6,1,0,0,0,0,2,1,6,0,0,1,2,0,1,1,1,0,0,3,2,1,1,0,0,6,1,3,0,1,0,6,2,4,2,1,0,1,1,5,3,0,2,0,0,7,0,2,0,1,0,0,1,0,3,3,2,0,0,0,3,2,5,2,0,3,0,1,1,6,0,0,3,0,1,2,2,0,0,1,0,0,3,0,0,0,0,1,5,0,6,0,0,0,1,3,0,0,4,1,1,0,0,4,1,0,0,0,0,0,0,0,3,0,1,1,3,2,2,1,0,9,0,3,5,0,2,0,4,0,1,1,2,0,2,7,1,3,0,0,2,4,0,0,5,1,3,8,0,4,0,1,0,2,4,0,0,0,1,2,2,3,1,0,0,0,2,0,4,0,0,5,4,1,1,3,0,0,0,3,2,2,0,0,0,6,5,3,0,2,0,6,0,1,1,4,3,0,0,0,1,0,0,0,0,0,0,0,5,0,0,0,0,3,3,1,1,0,2,0,0,6,5,1,0,2,1,0,3,1,1,0,0,0,2,1,0,0,0,0,0,1,5,0,2,0,0,7,1,4,3,0,0,2,0,0,1,6
FOODS_2_204_CA_1_evaluation,FOODS_2_204,FOODS_2,FOODS,CA_1,CA,8,4,0,0,1,10,2,0,11,9,9,6,0,4,8,4,2,7,22,0,0,1,4,6,8,1,4,6,1,15,2,1,9,6,6,11,9,2,6,3,5,5,5,5,8,3,3,4,0,3,19,17,1,15,2,6,7,3,4,7,13,6,9,3,5,5,4,9,7,4,13,9,8,4,8,11,8,3,6,13,10,6,7,7,13,7,1,0,16,0,1,5,21,0,4,2,9,5,1,2,6,8,23,4,7,3,5,12,3,22,12,13,0,5,4,6,8,2,8,6,8,1,1,16,2,1,1,3,5,14,0,4,12,13,5,2,11,7,6,10,7,10,3,15,8,4,0,6,16,23,0,2,0,0,14,6,6,4,7,2,6,18,9,1,0,1,0,0,0,0,6,3,3,0,0,0,0,8,22,2,14,2,8,3,1,0,0,0,0,0,0,0,0,0,0,0,0,0,0,9,3,0,0,0,0,0,7,2,3,5,4,3,0,0,0,0,2,6,14,1,1,2,4,11,5,4,2,5,7,6,1,4,2,21,5,1,3,7,2,0,11,9,2,4,15,1,7,6,15,0,6,3,10,8,8,6,4,4,4,7,7,11,10,20,9,9,6,8,7,7,6,1,1,0,8,3,7,6,3,5,2,10,5,6,0,0,7,8,7,15,10,6,3,5,5,14,11,7,7,5,9,14,12,4,9,5,3,12,3,5,8,8,4,15,16,6,11,7,3,16,3,6,8,17,2,10,5,2,5,6,2,10,11,6,2,5,4,8,9,3,2,1,5,18,7,4,5,6,11,0,9,8,5,6,2,10,4,6,4,3,9,2,0,0,1,3,7,1,4,2,0,3,2,17,8,0,0,5,6,5,3,1,10,1,12,5,5,8,0,12,2,3,3,4,2,8,6,6,4,6,3,1,6,9,0,4,0,14,9,5,0,0,0,2,9,2,8,9,7,0,2,9,3,8,1,3,6,6,9,0,5,1,3,0,5,7,10,3,3,0,0,5,11,10,4,6,0,10,9,4,13,2,1,3,5,7,5,7,4,2,0,6,4,7,4,0,4,0,2,12,4,9,7,7,5,0,7,6,3,5,2,0,3,3,8,0,0,3,10,0,3,4,6,2,2,1,3,11,5,10,5,3,0,0,12,0,8,2,4,4,11,6,9,1,8,4,1,3,4,4,2,9,2,3,5,9,8,11,5,1,7,6,19,5,9,13,3,5,2,4,9,1,6,2,1,8,1,5,6,2,2,0,2,0,10,7,3,4,10,10,8,4,9,3,6,3,10,2,6,4,27,0,0,6,18,1,0,4,0,0,0,7,3,12,8,2,2,10,10,4,9,2,5,6,0,0,0,0,7,1,15,0,0,2,7,2,20,4,0,0,3,16,2,3,3,4,5,4,8,2,1,9,6,9,2,9,7,11,1,5,5,1,1,2,3,0,3,3,4,4,5,0,0,0,0,0,0,2,11,3,5,11,6,12,27,12,3,6,7,11,24,3,2,0,10,4,4,10,9,3,0,1,2,0,1,0,0,4,3,0,0,3,22,0,0,0,0,5,7,0,0,2,4,0,4,0,0,3,15,1,2,3,6,5,3,2,0,10,10,0,2,10,2,2,6,2,8,3,4,3,4,8,9,3,0,10,0,0,1,9
FOODS_2_212_CA_1_evaluation,FOODS_2_212,FOODS_2,FOODS,CA_1,CA,0,0,0,0,0,0,0,0,0,0,0,0,0,0,0,0,0,0,0,0,0,0,0,0,0,0,0,0,0,0,0,0,0,1,0,4,1,0,0,0,8,2,2,0,0,0,0,0,0,0,0,0,1,1,3,3,4,6,0,0,0,0,0,1,2,3,1,0,0,0,0,0,0,0,0,1,3,3,2,1,2,3,3,0,0,0,0,0,0,0,0,0,0,0,0,0,0,0,0,0,0,0,0,0,0,1,0,5,0,0,1,0,4,1,0,1,3,1,0,0,0,0,0,0,0,0,0,0,0,0,0,0,0,0,0,0,3,4,0,0,0,2,3,0,0,0,0,4,3,0,0,2,0,1,1,0,0,2,0,2,1,1,1,2,0,2,0,3,0,1,2,0,0,1,1,0,3,0,0,0,1,1,3,3,1,1,0,0,1,0,1,0,1,0,1,0,0,1,2,0,0,0,0,2,0,0,2,1,1,1,0,1,0,0,1,0,1,1,1,2,0,2,0,0,1,0,1,0,2,2,1,0,0,2,0,0,0,2,1,1,3,0,2,0,1,0,2,2,2,0,0,2,4,0,0,0,4,2,0,0,0,0,5,1,1,2,1,4,2,1,1,0,0,3,1,2,4,2,0,2,2,3,1,1,3,0,1,4,2,2,1,2,0,5,3,2,1,0,0,3,3,4,3,2,1,3,5,1,2,2,2,4,5,0,0,0,0,0,0,0,0,0,0,0,0,0,0,0,0,0,0,0,0,0,0,0,0,0,0,0,0,0,0,0,0,0,0,0,0,0,0,0,0,0,0,0,0,0,0,0,0,0,0,0,0,0,0,0,0,0,0,0,0,0,0,0,0,0,0,0,0,0,0,0,0,0,0,0,0,0,0,0,0,0,0,0,0,0,0,0,0,0,0,0,0,0,0,0,0,0,0,0,0,0,0,0,0,0,0,0,0,0,0,0,0,0,0,0,0,0,0,0,0,0,0,0,0,0,0,0,0,0,0,0,0,0,0,0,0,0,0,0,0,0,0,0,0,0,0,0,0,0,0,0,0,0,0,0,0,0,0,0,0,0,0,0,0,0,0,0,0,2,2,1,3,4,5,0,2,2,5,2,0,2,2,3,3,1,3,7,2,2,1,6,3,3,3,5,2,1,0,4,4,3,3,0,1,3,4,5,2,2,2,2,4,1,1,4,2,0,0,1,2,2,1,2,4,0,0,6,2,2,1,2,0,1,0,3,3,1,2,2,1,0,0,0,1,2,0,3,1,2,2,1,2,2,3,3,2,1,2,0,2,1,3,2,1,0,1,1,0,0,2,1,2,1,1,3,0,1,0,2,1,2,1,2,0,3,1,0,1,0,2,2,5,1,1,1,1,4,3,3,3,1,4,0,1,1,1,3,2,2,1,5,6,3,2,4,2,7,1,3,4,4,4,0,4,1,1,6,0,0,1,2,2,4,2,3,3,1,1,2,4,2,2,2,4,1,6,5,1,1,2,1,5,2,2,5,4,3,2,3,1,2,2,1,3,1,4,3,5,2,0,0,0,2,5,3,3,2,3,3,1,3,7,1,0,0,0,4,3,0,2,4,0,2,0,0,0,0,0,0,0,0,0,0,0,0,0,0,0,0,5,2,3,2,4,5,1,3
FOODS_2_218_CA_1_evaluation,FOODS_2_218,FOODS_2,FOODS,CA_1,CA,1,1,0,1,1,0,0,2,0,0,0,2,0,0,0,1,1,1,1,2,3,1,3,0,0,0,2,1,0,2,1,0,1,0,0,2,0,1,0,0,0,0,0,2,1,0,0,0,1,0,1,5,0,0,1,2,2,0,3,0,0,0,0,2,2,1,0,4,0,0,0,3,0,0,0,0,0,0,0,0,0,0,3,0,5,1,0,0,1,1,0,0,1,0,1,0,0,1,0,0,4,0,0,1,0,0,1,0,1,1,1,0,1,2,0,1,0,0,1,3,0,2,1,0,1,0,0,1,1,2,0,1,0,2,2,0,0,1,0,0,0,2,0,1,1,0,0,0,3,0,1,0,1,1,3,0,0,1,0,0,0,1,1,1,0,0,2,1,1,2,0,0,1,0,0,1,2,4,1,0,0,1,0,2,2,1,0,0,0,1,3,2,0,1,0,2,0,2,0,1,0,2,0,2,0,3,0,1,1,1,2,1,0,1,0,0,0,2,2,0,0,1,0,0,3,0,0,1,2,1,2,0,0,0,1,0,1,1,2,1,1,0,0,1,0,3,0,0,1,0,1,1,1,1,0,3,0,0,2,3,2,0,0,0,1,0,1,2,0,1,1,0,0,1,0,0,0,0,1,1,2,1,0,0,0,3,0,2,1,1,0,0,1,0,0,2,0,0,1,0,0,0,1,1,0,0,0,1,0,0,0,0,1,1,1,0,1,2,0,0,0,0,0,1,0,0,1,0,2,1,0,1,1,1,2,1,5,0,0,0,0,2,0,4,0,0,0,0,0,0,2,2,0,1,0,0,2,1,0,1,0,0,1,2,0,1,0,0,0,0,1,2,2,0,0,0,0,1,1,1,0,0,1,1,0,1,0,0,0,1,0,2,0,0,2,0,0,1,0,0,0,1,0,0,0,0,0,0,0,0,0,2,1,0,0,0,0,0,0,1,1,1,1,0,1,2,0,1,3,1,0,1,1,0,0,0,0,1,0,0,2,1,0,0,0,0,0,0,0,1,0,1,0,0,1,0,0,3,0,1,0,1,1,0,1,0,0,1,0,1,1,1,0,1,2,0,2,0,0,0,0,0,0,0,0,0,0,0,0,0,0,1,0,2,0,1,1,0,0,0,0,0,0,0,0,0,0,0,1,0,0,2,2,0,0,0,0,0,1,0,1,0,0,0,1,0,0,0,0,0,0,0,0,0,1,0,0,0,0,0,4,0,0,0,0,0,0,1,0,0,0,0,0,0,0,3,0,0,0,0,0,0,1,0,1,0,0,0,0,3,0,1,0,1,0,0,1,0,0,0,0,1,0,0,1,0,1,1,2,1,0,0,0,0,0,0,0,0,0,0,0,0,0,1,3,1,0,0,0,2,1,0,3,0,8,0,2,0,0,0,0,0,0,0,0,0,1,0,1,3,0,0,0,0,0,0,1,0,2,1,1,0,0,0,0,1,1,0,0,2,1,0,1,1,0,0,0,1,0,1,0,0,0,0,0,0,1,0,2,1,1,0,0,1,2,3,0,1,1,0,2,1,0,0,0,1,1,1,0,0,2,0,0,0,0,3,0,1,1,0,0,2,1,0,1,0,0,2,0,0,1,0,4,1,0,2,1,1,0,0,2,0,2,2,2,1,0,0,1,1
FOODS_2_220_CA_1_evaluation,FOODS_2_220,FOODS_2,FOODS,CA_1,CA,0,2,1,4,3,1,2,7,1,0,0,3,1,3,5,4,7,1,0,4,7,2,9,0,0,7,2,4,3,2,2,0,0,0,0,2,0,3,4,0,4,0,0,0,0,0,1,4,7,0,2,1,0,0,1,0,6,1,5,0,2,0,0,0,2,1,0,5,2,0,4,3,1,6,2,2,3,3,3,2,0,1,1,0,0,1,2,1,2,0,0,1,1,1,0,0,0,6,3,1,1,0,3,1,0,1,0,0,1,3,1,0,2,2,1,0,0,2,0,3,0,4,0,3,2,5,2,2,3,0,0,2,7,2,0,1,0,0,2,3,5,4,0,0,2,0,2,2,0,2,1,2,3,1,1,4,1,2,0,0,0,6,2,3,2,1,0,4,1,3,1,1,1,1,1,1,0,4,0,0,2,4,0,0,0,2,0,0,0,1,1,9,1,0,0,0,2,12,1,1,0,1,0,1,0,4,0,1,0,0,0,1,1,0,0,0,0,8,0,3,2,2,0,1,0,0,0,1,1,0,8,3,4,0,1,0,2,0,1,2,2,1,0,5,0,1,5,0,0,0,0,0,0,1,3,2,2,3,9,1,0,2,1,2,1,0,1,4,0,3,0,1,0,0,0,0,2,1,2,6,5,0,1,1,0,4,0,1,2,3,0,1,0,0,1,0,1,1,1,2,2,3,1,2,0,3,3,1,5,0,1,1,1,2,1,2,0,0,5,0,0,0,0,0,1,2,0,3,0,1,2,2,1,1,1,0,2,1,1,3,5,0,2,3,1,0,0,0,1,1,1,0,3,0,2,0,1,0,0,0,0,0,0,0,0,0,2,2,0,1,1,2,0,1,0,0,0,0,2,0,1,1,3,0,0,1,0,0,2,0,0,0,0,0,1,0,0,0,0,0,0,0,0,0,0,0,0,0,0,0,0,0,0,1,0,0,0,0,0,0,0,0,0,1,0,0,0,8,0,0,0,0,0,1,3,1,2,0,1,1,1,0,1,5,0,0,0,0,0,0,0,0,0,0,2,0,0,4,3,0,0,1,1,0,1,1,0,0,0,0,0,4,0,0,3,1,1,0,0,0,0,2,0,2,1,4,0,0,2,7,0,0,0,0,4,1,0,0,5,0,1,0,1,0,0,0,2,0,0,0,0,0,4,0,0,3,0,0,2,6,2,1,0,0,2,1,3,0,9,0,2,1,3,0,4,1,3,0,0,0,6,1,3,0,3,1,0,3,1,0,0,0,0,1,0,1,10,0,1,1,3,5,5,0,1,0,0,0,1,0,0,0,0,0,0,0,0,4,0,0,0,0,1,2,0,0,3,1,0,4,0,1,2,3,1,7,2,8,1,2,0,1,1,2,1,0,0,0,2,0,3,1,1,6,0,0,1,2,9,1,0,0,0,0,2,1,1,4,1,2,3,2,2,1,2,2,0,0,4,0,0,0,2,4,3,5,2,6,1,0,0,0,0,1,1,0,1,5,5,1,2,1,1,0,7,2,3,3,0,2,0,2,7,1,0,1,0,1,4,4,1,3,6,3,2,0,4,0,4,3,4,0,0,0,1,2,0,2,0,4,4,0,1,1,2,1,1,3,1,5,0,1,0,0,1,3,2,0,1,4,3,4,0,3,0,2,4,5,1,2
FOODS_2_222_CA_1_evaluation,FOODS_2_222,FOODS_2,FOODS,CA_1,CA,3,4,5,6,6,5,2,3,7,9,6,5,7,1,14,10,13,2,0,7,3,1,6,10,5,6,0,9,4,3,8,7,2,7,1,7,2,7,3,6,6,0,3,3,7,5,9,13,2,6,7,3,12,2,3,5,16,6,8,0,0,0,0,1,4,6,6,0,1,11,7,2,6,0,3,3,1,10,7,3,5,7,1,9,3,12,13,7,2,2,9,6,11,5,0,5,3,10,11,5,7,7,7,0,0,7,8,6,12,7,10,6,9,8,9,4,2,5,3,13,14,19,6,7,2,2,2,10,11,3,4,6,3,13,4,15,2,6,6,4,9,15,6,6,13,8,6,10,10,10,10,5,13,5,25,26,11,11,8,15,12,31,29,26,44,20,13,17,8,26,13,26,15,17,21,25,16,4,12,24,13,12,21,14,17,10,5,5,4,16,8,16,14,20,16,17,11,20,16,18,35,12,9,25,27,35,12,10,14,14,15,29,15,8,8,0,7,12,14,15,23,16,17,25,10,0,0,0,0,0,0,0,0,0,0,0,0,0,0,0,0,0,0,0,0,0,1,16,10,5,3,0,3,3,0,5,7,6,0,10,12,15,7,5,0,3,2,2,7,8,9,7,14,4,6,5,3,5,1,2,2,4,11,8,7,5,7,11,3,3,11,2,11,11,0,1,10,5,3,4,7,12,4,0,9,5,2,5,7,2,11,7,4,2,5,8,4,1,6,13,5,5,4,7,8,2,5,1,5,9,4,10,4,0,5,2,6,12,0,0,0,2,9,1,0,7,5,0,0,6,6,0,0,8,5,0,0,6,4,3,4,4,3,9,1,2,4,4,11,10,4,4,5,8,6,6,4,3,0,8,5,4,5,1,2,3,10,2,9,8,5,5,3,10,5,3,5,11,5,4,5,4,2,8,4,5,2,6,19,9,2,2,1,3,9,4,8,5,2,6,5,8,5,3,6,2,1,0,8,2,4,0,0,2,8,10,9,3,2,6,5,3,6,7,5,11,1,13,3,7,3,4,16,11,8,4,12,6,9,0,9,8,6,9,11,13,7,3,13,2,6,7,8,6,7,2,6,15,6,6,7,10,10,9,14,3,8,8,12,4,13,6,7,8,9,16,2,9,16,20,15,3,10,8,7,6,3,3,7,6,5,8,13,9,1,6,11,1,8,8,13,8,2,15,5,5,8,10,11,7,7,9,9,2,0,4,1,5,11,7,7,10,9,6,3,6,0,2,5,6,12,3,2,7,8,9,9,19,6,5,17,15,8,8,10,17,11,2,16,12,6,7,6,14,12,4,5,4,5,2,0,12,7,7,13,20,10,5,6,9,19,2,8,1,5,4,20,6,6,12,11,4,8,8,9,5,6,7,3,18,11,7,1,1,6,3,15,9,10,8,13,2,18,9,11,5,12,9,7,5,8,8,11,5,8,4,11,8,16,7,7,6,1,8,10,17,9,9,5,9,8,2,8,11,8,13,4,19,6,13,7,7,10,6,7,2,11,0,10,10,7,5,3,7,4,6,9,5,12,7,14,6,3,3,3,12,13,14,8,4,5,4,6,0,2,4,5,15,7,2,6,6,13,4,16,6,3,10,11,1,0,9,3,0,0,0,8,3,0,0,0,5,7,0,0,0,8,3,9,6
FOODS_2_225_CA_1_evaluation,FOODS_2_225,FOODS_2,FOODS,CA_1,CA,0,0,0,0,0,0,0,0,0,0,0,0,0,0,0,0,0,0,0,0,0,0,0,0,0,0,0,0,0,0,0,0,0,0,0,0,0,0,0,0,0,0,0,0,0,0,0,0,0,0,0,0,0,0,0,0,0,0,0,0,0,1,2,1,1,1,0,1,2,2,3,6,2,3,1,2,0,3,3,1,0,0,2,0,2,3,1,1,3,0,2,1,2,1,0,0,1,1,0,1,4,3,1,0,0,2,1,2,1,2,2,1,2,0,1,1,1,1,1,2,1,1,0,0,0,0,0,1,3,2,1,0,1,2,1,1,2,0,1,3,2,2,0,0,0,0,0,2,1,0,1,0,0,5,2,0,3,0,0,0,0,0,0,0,0,0,0,0,0,0,0,1,0,1,0,5,1,1,0,0,2,1,0,2,0,2,0,0,1,0,1,2,1,2,0,2,2,1,2,3,1,3,0,2,1,0,3,1,1,1,5,3,1,0,2,0,2,0,1,1,2,0,0,3,4,0,1,1,0,2,0,3,0,1,1,0,2,0,0,0,1,1,1,0,0,2,2,2,0,2,1,1,3,1,2,0,0,1,0,2,1,1,1,1,2,2,2,3,0,3,1,1,0,2,1,0,2,0,0,6,2,0,2,2,0,0,0,0,0,0,0,0,0,0,0,1,4,0,1,1,0,0,0,0,1,0,0,3,1,2,0,0,1,1,5,1,0,1,3,1,0,1,2,0,0,0,0,0,0,0,0,1,0,1,1,1,0,1,0,0,3,0,1,0,0,0,0,0,0,0,0,0,0,0,0,0,0,0,0,0,0,0,0,0,0,0,0,0,0,0,0,0,0,0,0,0,0,0,0,0,0,0,0,0,0,0,0,0,0,0,0,0,0,0,0,0,0,0,0,0,0,0,0,0,0,0,0,0,0,0,0,0,0,0,0,0,0,0,0,0,0,0,0,0,0,0,0,0,0,0,0,0,0,0,0,0,0,0,0,0,0,0,0,0,0,0,0,0,0,0,0,0,0,0,0,0,0,0,0,0,0,0,4,0,0,0,1,2,1,2,1,1,0,0,0,2,2,2,1,2,2,1,1,0,1,2,1,1,1,1,4,5,0,0,3,3,3,0,2,4,1,1,0,0,2,5,2,1,3,5,0,3,4,0,1,2,4,6,1,2,0,3,2,2,2,1,6,0,1,4,1,1,0,3,1,2,0,0,1,1,0,0,0,0,0,0,1,3,0,2,0,0,0,1,1,0,0,0,1,1,2,3,1,0,0,0,0,0,0,0,0,5,0,2,6,2,0,0,3,0,0,0,1,4,0,0,3,2,5,0,0,0,2,2,0,1,3,2,1,0,0,3,2,2,0,0,0,3,0,2,1,0,0,0,0,4,3,3,2,0,3,0,0,2,3,0,0,1,3,0,2,0,1,0,1,1,0,2,0,1,0,0,3,0,0,4,0,5,1,0,0,4,4,0,1,1,2,1,2,5,1,1,0,0,3,2,4,2,3,3,1,2,0,0,0,0,0,3,3,0,0,5,1,4,2,1,0,2,2,3,3,0,0,0,0,0,2,0,1,1,0,1,4,0,2,4,3,3,0,0,3,1,3,2,0,0,4,6,2,3,2,1,2,0,1,1,3,1,5,0
FOODS_2_232_CA_1_evaluation,FOODS_2_232,FOODS_2,FOODS,CA_1,CA,1,1,2,0,0,1,0,0,1,2,0,0,0,1,1,0,0,0,2,0,0,0,0,1,0,1,0,0,3,3,0,1,0,1,2,4,0,0,1,0,2,0,2,5,0,0,0,0,0,0,1,1,0,1,1,1,3,2,0,0,1,1,0,0,0,0,0,0,2,0,1,1,0,4,0,0,0,0,0,0,0,0,0,0,0,3,0,0,1,0,1,0,1,0,2,1,1,1,0,2,2,1,0,0,3,2,1,1,0,1,0,2,0,4,1,1,0,1,1,0,2,0,3,1,1,1,1,3,0,0,0,9,1,1,0,0,0,2,3,4,2,0,2,1,0,2,1,0,1,1,1,0,2,0,2,0,0,1,1,2,1,2,6,1,3,0,2,4,8,1,0,1,3,3,2,2,1,0,0,1,2,2,2,2,2,0,2,0,1,2,0,0,0,3,2,0,3,1,0,0,2,0,0,1,0,0,0,1,4,0,0,1,4,1,1,0,3,2,2,1,0,3,1,3,1,1,0,0,0,2,1,1,0,1,0,3,1,0,2,2,0,1,2,0,1,5,0,0,1,0,6,9,4,11,5,8,4,5,0,7,7,3,3,5,7,3,4,9,7,5,7,7,7,4,5,4,4,3,1,6,9,10,7,7,6,4,8,3,8,1,2,0,7,6,7,7,2,4,2,7,7,7,11,1,0,4,1,0,2,1,0,3,1,2,1,6,2,0,0,1,2,0,2,2,3,0,0,3,3,1,4,0,2,1,3,4,2,3,2,4,0,1,3,3,2,0,0,4,2,0,0,1,0,2,3,0,0,0,2,2,0,1,7,0,1,2,3,0,0,2,2,4,2,1,2,1,2,0,2,1,3,1,3,2,1,2,3,2,1,0,2,1,1,0,0,3,0,1,2,3,6,1,1,1,2,0,1,4,0,0,1,1,4,3,4,2,1,2,1,6,1,1,1,2,3,0,1,3,9,1,0,0,1,0,3,4,0,1,1,6,6,2,2,1,4,0,1,0,3,1,4,2,2,3,6,8,6,6,5,2,5,4,7,5,10,2,3,4,3,6,10,7,4,6,3,3,17,12,5,5,5,8,6,5,4,5,6,4,6,1,8,13,6,2,1,1,0,3,1,0,1,1,1,0,1,1,0,0,0,4,0,0,0,0,0,0,0,2,0,0,2,0,0,0,1,3,0,0,0,0,1,3,2,0,0,1,0,0,0,0,2,0,0,0,0,1,2,1,0,0,0,0,0,0,0,0,0,0,2,0,0,1,1,1,1,0,0,0,0,0,0,0,0,0,0,0,1,0,0,0,0,1,0,1,3,0,0,0,0,0,0,0,0,0,0,0,0,0,0,0,0,0,0,0,0,0,0,0,0,0,0,0,0,0,0,0,0,0,0,0,0,0,0,0,0,0,0,0,0,0,0,0,0,0,0,0,0,0,0,0,1,1,0,3,4,7,1,0,2,2,0,0,7,1,0,0,0,4,0,1,1,1,1,2,3,1,0,1,0,0,1,2,2,2,1,0,0,1,1,1,1,3,1,1,1,2,0,6,1,0,3,2,1,2,0,1,2,1,0,1,1,3,1,3,0,2,3,2,2,3,0,5,2,1,1,1,1,2,3,2,0,0,2,1,3,0,1,0,2,1
FOODS_2_233_CA_1_evaluation,FOODS_2_233,FOODS_2,FOODS,CA_1,CA,5,2,2,1,3,5,3,6,4,4,2,4,2,3,3,10,3,3,0,1,1,4,2,2,1,0,2,4,9,2,4,1,2,1,5,1,3,10,0,5,7,6,4,4,5,3,5,1,3,4,5,6,3,2,2,1,4,1,3,1,3,5,3,2,1,3,1,1,1,3,6,3,7,1,4,1,3,5,7,2,1,4,1,1,2,3,3,2,1,2,0,3,3,3,2,2,0,0,6,3,4,1,1,4,5,4,6,2,1,3,2,0,1,0,0,0,0,0,4,2,5,3,3,2,1,0,3,1,2,2,0,5,2,7,4,2,2,3,2,2,2,2,1,0,2,4,2,4,2,2,1,0,1,1,5,4,5,1,0,5,3,2,5,4,8,6,3,1,3,3,2,2,3,3,1,3,6,4,0,2,3,4,3,5,3,2,3,1,2,0,3,3,2,7,5,6,6,3,3,3,0,1,3,3,10,5,2,2,1,1,6,1,3,1,2,0,1,3,1,3,3,2,5,3,1,3,3,0,9,1,1,6,5,1,0,1,2,0,0,5,4,3,0,1,0,2,2,2,3,4,4,3,1,3,3,4,1,7,3,1,7,3,1,5,1,6,1,5,5,2,1,1,4,6,5,2,0,3,0,2,5,6,2,4,5,3,1,4,5,4,5,2,4,6,3,2,5,2,0,0,5,3,4,6,3,2,2,1,4,2,4,2,3,1,2,1,1,8,4,1,3,2,2,2,0,2,3,2,3,4,4,0,2,2,2,3,1,3,1,0,4,3,2,5,3,8,2,3,5,7,6,2,0,1,3,0,3,2,3,4,3,3,0,2,4,1,9,1,2,0,0,1,5,4,2,8,1,1,6,3,4,2,4,1,4,4,3,3,1,0,4,8,2,1,3,1,3,2,4,3,2,2,3,3,5,2,2,8,2,0,5,6,4,5,2,4,3,1,5,1,1,2,0,0,0,1,2,3,2,2,2,1,1,6,2,5,8,3,2,2,6,2,3,3,2,5,0,3,3,1,4,1,1,2,1,1,3,3,1,0,3,2,4,1,2,0,2,1,4,3,3,10,2,1,2,2,4,3,1,4,5,0,3,2,1,1,2,0,3,1,4,0,2,3,3,0,5,4,1,3,4,1,7,0,4,2,3,1,1,4,0,5,2,1,1,1,0,2,6,1,2,2,0,0,3,1,1,2,1,2,0,2,2,5,0,1,3,1,0,1,2,1,0,1,0,3,3,3,1,2,1,2,0,1,0,0,4,1,2,1,4,0,2,1,0,0,1,2,2,1,0,4,1,4,2,4,2,3,2,3,0,1,4,5,2,1,0,2,9,5,3,4,4,2,2,6,4,2,3,0,1,2,7,2,1,2,1,2,2,4,2,1,0,1,0,2,0,3,4,3,1,0,2,7,2,3,0,3,2,1,0,3,0,3,2,0,2,1,1,1,0,0,0,1,1,2,1,1,3,3,1,3,3,4,2,3,0,2,2,1,1,0,0,0,1,0,2,0,2,5,2,0,0,0,0,0,1,1,3,3,3,2,3,4,2,0,3,6,0,0,0,2,2,1,0,0,0,5,1,1,3,2,2,0,1,0,1,3,2,1,0,5,1,2,6,0,0,1,2,1,5,2,2,4,2,0,1,1,6,2
FOODS_2_237_CA_1_evaluation,FOODS_2_237,FOODS_2,FOODS,CA_1,CA,0,0,0,2,0,0,0,1,0,0,0,0,0,0,1,4,1,0,0,0,1,2,0,1,1,0,0,0,1,2,0,0,2,0,0,2,1,0,1,1,1,0,0,0,1,2,0,1,0,1,1,0,1,0,0,0,1,1,3,2,0,0,3,2,1,2,0,3,0,0,0,1,0,0,0,0,0,1,0,0,1,0,0,0,0,1,3,2,0,0,0,2,0,0,0,2,0,0,5,2,0,0,2,1,3,2,2,0,1,0,0,0,2,3,2,1,0,3,2,1,1,2,0,1,0,2,0,5,1,1,2,1,0,1,4,0,0,0,2,0,3,0,0,1,0,1,0,0,2,0,0,0,1,1,1,0,1,2,0,0,0,0,3,1,2,0,1,2,0,3,1,0,2,1,0,1,1,0,0,1,2,1,6,3,0,0,1,0,0,0,0,3,1,3,2,3,1,4,3,2,1,0,2,2,1,0,2,0,3,3,3,2,0,1,0,0,0,1,1,2,4,0,0,1,0,3,0,4,1,1,0,0,1,0,2,0,3,3,5,2,3,0,0,0,3,0,2,0,0,1,0,2,1,0,0,2,0,0,0,0,0,0,0,0,0,0,0,0,0,0,0,0,0,0,0,0,0,0,0,0,0,0,0,0,0,0,0,0,0,0,0,0,0,0,0,0,0,0,0,0,0,0,0,0,0,0,0,0,0,0,0,0,0,0,0,0,0,0,0,0,0,0,0,0,0,0,0,0,0,0,0,0,0,0,0,2,1,0,0,0,1,0,1,0,0,0,0,6,0,0,1,0,3,1,1,1,3,0,1,0,1,2,0,3,0,0,2,0,1,1,2,0,0,0,5,0,0,0,2,0,0,5,0,0,0,4,5,2,1,0,0,1,3,1,1,0,0,1,2,1,0,1,0,0,2,1,1,1,2,0,2,3,1,0,1,0,1,2,1,1,2,1,0,2,0,0,0,0,0,0,1,1,2,1,2,0,2,2,0,0,2,1,5,2,0,0,0,0,1,1,0,0,1,0,1,2,1,2,1,2,1,1,2,1,0,1,2,3,0,1,1,2,0,3,1,1,4,0,1,1,3,1,2,0,0,0,2,0,0,1,2,1,0,0,0,0,0,2,0,2,1,3,2,2,3,1,0,2,0,0,1,1,2,1,6,0,0,2,0,1,2,1,0,0,0,1,0,0,2,1,2,1,1,0,4,3,1,2,0,3,0,0,1,0,2,0,0,1,3,0,3,1,0,1,0,0,0,0,1,1,3,2,0,1,0,0,2,0,2,4,1,0,0,0,3,0,0,6,1,1,0,1,0,1,1,0,0,0,1,1,1,4,0,0,1,4,4,0,0,0,0,1,1,3,0,0,0,0,0,3,0,1,2,1,0,1,0,2,1,0,0,0,2,1,2,0,0,0,3,3,1,0,3,1,1,2,0,2,2,0,2,1,0,2,2,0,0,2,1,0,1,2,3,0,2,1,0,0,0,3,0,0,1,0,0,0,0,3,0,0,0,2,1,0,0,4,4,0,2,0,2,3,3,2,0,0,1,1,0,0,0,1,2,1,3,3,0,2,2,1,1,3,1,2,2,1,2,1,0,1,2,2,1,2,0,1,3,4,0,2,1,0,0,9,2,0,1,0,0,1
FOODS_2_240_CA_1_evaluation,FOODS_2_240,FOODS_2,FOODS,CA_1,CA,0,0,0,0,0,0,0,0,0,0,0,0,0,0,0,0,0,0,0,0,0,0,0,0,0,0,0,0,0,0,0,0,0,0,0,0,0,0,0,0,0,0,0,0,0,0,0,0,0,0,0,0,0,0,0,0,0,0,0,0,0,0,0,0,0,0,0,0,0,0,0,0,0,0,0,0,0,0,0,0,0,0,0,0,0,0,0,0,0,0,0,0,0,0,0,0,0,0,0,0,0,0,0,0,0,0,0,0,0,0,0,0,0,0,0,0,0,0,0,0,0,0,0,0,0,0,0,0,0,0,0,0,0,0,0,0,0,0,0,0,0,0,0,0,0,0,0,0,0,0,0,0,0,0,0,0,0,1,3,0,3,3,3,2,5,2,1,0,7,4,3,0,2,7,0,4,4,3,2,1,3,0,9,1,1,1,1,0,1,1,0,1,6,3,5,1,7,1,5,2,0,0,2,3,7,1,1,1,1,2,0,2,3,4,1,0,2,5,1,3,3,2,2,5,2,2,0,2,0,5,0,0,1,3,3,3,1,0,2,1,7,2,7,1,0,8,0,0,0,1,2,0,4,5,4,3,0,0,0,0,0,0,0,0,0,0,0,0,0,0,0,0,0,0,0,0,0,0,0,0,0,0,0,0,0,0,0,0,0,0,0,0,0,0,0,0,0,0,0,0,0,0,0,0,0,0,0,0,0,0,0,0,0,0,0,0,0,0,0,0,0,0,0,0,0,0,0,0,0,0,0,0,0,0,0,0,1,3,1,0,1,0,5,0,1,2,2,5,1,5,4,0,1,4,2,2,1,4,1,2,4,2,0,0,0,1,0,0,3,2,2,3,4,4,1,0,0,2,1,2,1,2,2,1,4,0,3,0,1,1,1,2,1,0,1,3,0,1,1,0,1,0,2,6,0,0,0,0,4,4,0,0,1,2,5,0,3,0,0,1,2,3,0,1,0,0,0,1,2,0,0,0,2,0,4,1,0,1,0,0,1,4,0,2,0,0,0,0,0,0,0,0,0,0,0,0,0,0,0,0,0,0,0,0,0,0,0,0,0,0,0,0,0,0,0,0,0,0,0,0,0,0,0,0,0,0,0,0,0,0,0,0,0,0,0,0,0,0,0,0,0,0,0,0,0,0,0,0,0,0,0,0,0,0,0,0,0,0,0,0,0,0,0,0,0,0,0,0,0,0,0,0,0,0,0,0,0,0,1,4,0,0,0,0,1,1,2,1,1,3,0,0,0,0,0,0,0,0,1,1,3,2,0,3,0,0,4,0,1,0,1,0,2,0,0,0,0,2,0,0,0,0,0,0,0,0,1,3,3,0,0,0,1,0,0,1,2,0,0,1,1,2,0,0,3,3,2,0,1,0,0,0,4,0,1,0,2,1,1,0,0,0,0,0,0,0,0,0,0,0,0,0,0,0,0,0,0,0,0,0,0,0,0,0,0,0,0,0,0,0,0,0,0,0,0,0,0,0,0,0,0,0,0,0,0,0,0,0,0,0,0,0,0,0,0,0,0,0,0,0,0,0,0,0,0,0,0,0,0,0,0,0,0,0,0,0,0,0,0,0,0,0,0,0,0,0,0,0,0,0,0,0,4,0,3,2,0,0,1,3,1,2,5,0,3,0,0,0,0,0
FOODS_2_241_CA_1_evaluation,FOODS_2_241,FOODS_2,FOODS,CA_1,CA,8,9,8,9,2,3,3,5,10,6,11,8,7,4,8,14,13,5,10,11,6,12,6,10,12,9,11,8,15,13,12,9,8,2,11,1,0,0,0,0,0,0,0,0,0,0,0,0,0,0,0,0,0,0,0,0,0,0,0,0,0,0,0,0,0,0,0,0,0,0,0,0,0,0,0,0,0,0,0,0,0,0,0,0,0,0,0,0,0,0,0,0,0,0,0,0,0,0,0,0,0,0,0,0,0,0,0,0,0,0,0,0,0,0,0,0,0,0,0,0,0,0,0,0,7,8,8,22,5,9,7,6,7,10,17,21,2,5,12,6,13,18,11,13,8,10,10,7,21,10,5,4,5,12,8,12,11,4,7,6,8,15,29,26,11,13,8,9,10,17,17,8,9,6,8,10,15,10,4,9,7,9,17,7,12,13,2,2,5,4,11,14,6,5,9,11,18,12,15,14,18,5,3,10,12,14,11,6,10,9,2,18,9,6,1,0,0,0,0,0,0,0,0,0,0,0,0,0,0,0,0,0,0,0,0,0,0,0,0,0,0,0,0,0,0,0,0,0,0,0,0,0,0,0,0,0,0,0,0,0,0,0,0,0,0,0,0,0,0,0,0,0,0,0,0,0,0,0,0,0,0,0,0,0,0,0,0,0,0,0,0,0,0,0,0,0,0,0,0,0,0,0,0,0,0,13,9,13,14,10,11,9,17,10,18,17,13,15,14,11,8,17,16,21,18,10,10,9,10,13,19,19,11,9,11,4,12,10,13,8,8,7,10,7,18,14,8,8,12,6,8,15,8,15,9,5,7,7,17,11,8,5,7,13,12,12,14,12,7,6,12,6,17,11,9,11,12,5,10,12,2,9,10,6,11,14,17,10,6,11,3,9,12,8,6,5,10,8,9,8,25,7,7,12,8,8,6,12,15,15,0,0,0,0,0,0,0,0,0,0,0,0,0,0,0,0,0,0,0,0,0,0,0,0,0,0,0,0,0,0,0,0,0,0,0,0,0,0,0,0,0,0,0,0,0,0,0,0,0,0,0,0,0,0,0,0,0,0,0,0,0,0,0,2,4,6,10,6,4,7,1,6,2,0,0,2,9,0,1,0,0,0,7,2,1,0,0,7,5,11,3,4,3,4,0,0,0,1,0,0,0,0,0,0,1,4,2,2,3,10,13,1,0,0,8,6,7,6,15,3,1,1,10,11,8,3,2,4,4,9,6,1,10,2,0,0,6,8,9,1,0,0,8,4,0,0,5,4,2,0,3,4,2,7,7,1,0,0,1,0,0,0,0,0,0,0,0,7,5,0,0,0,11,1,0,0,6,4,1,1,0,0,6,2,1,0,0,7,6,2,4,2,3,0,0,0,1,6,0,2,0,3,0,0,0,0,0,0,0,0,0,0,0,0,0,0,0,0,0,0,0,0,0,0,2,1,0,0,0,9,3,4,6,2,8,4,5,7,10,2,0,0,0,5,9,7,0,6,6,0,0,2,5,1,5,2,7,2,6,4,7,8,7,4,3,4,1,3,6,14,10,5,5,7,3,9,7,10,8,8,5,5,1,5,10,7,6,4,4,5,9,12,7,6,4,3,3,6,15,5,6,7,9,6,5,11,14,2,8,4,8,9,13,8,4,4,7,8,3,20
FOODS_2_244_CA_1_evaluation,FOODS_2_244,FOODS_2,FOODS,CA_1,CA,7,4,15,8,3,5,7,7,9,13,0,0,0,0,0,0,0,0,0,0,0,0,0,0,0,0,0,0,0,0,0,0,0,0,0,0,0,0,0,0,0,0,0,0,0,0,0,0,0,0,0,0,0,0,0,0,0,0,0,0,0,0,0,0,0,0,0,0,0,0,0,0,0,0,0,0,0,0,0,0,0,0,0,0,0,0,0,0,0,0,0,0,0,0,1,3,8,2,7,7,12,5,12,4,10,12,15,11,14,10,10,6,3,18,5,9,8,7,11,10,7,10,7,4,1,5,7,8,5,7,9,6,6,12,7,8,7,8,15,10,7,19,10,4,4,8,13,19,28,13,12,12,6,12,20,8,8,1,4,4,3,8,20,10,7,7,3,11,11,10,12,6,2,5,5,12,11,5,3,5,7,3,9,4,8,9,5,2,3,9,13,7,5,8,13,5,7,9,12,9,12,3,8,3,6,2,4,6,2,4,7,11,5,3,1,0,7,5,8,6,8,2,7,7,8,9,12,7,0,5,13,14,0,6,1,6,4,9,8,6,5,2,3,4,2,3,4,3,7,3,4,2,7,12,6,0,0,0,9,8,6,0,0,0,2,8,2,14,5,4,0,0,4,8,5,9,3,4,5,6,12,15,1,0,10,8,6,7,11,11,7,8,7,8,0,0,6,4,7,3,2,0,0,4,1,9,4,4,4,13,3,4,7,9,6,12,3,11,3,11,7,6,8,14,5,9,6,7,4,7,12,8,7,7,9,3,7,4,7,4,5,3,8,5,15,25,10,13,13,21,20,14,13,16,17,3,7,7,10,6,6,2,2,2,3,6,10,5,5,5,8,4,7,10,7,18,13,23,16,26,17,20,9,2,13,9,9,11,6,11,10,10,7,5,8,8,7,7,3,9,10,9,4,3,8,8,6,16,11,11,8,10,6,10,24,1,10,3,4,13,5,2,8,5,6,6,7,4,4,9,6,4,3,8,7,5,13,16,10,8,8,2,15,10,11,7,5,4,7,6,4,5,2,5,9,4,11,5,4,6,6,5,4,11,5,5,6,9,13,6,4,15,17,2,2,8,11,7,10,6,4,2,3,11,5,2,10,5,5,9,15,9,7,14,8,9,13,12,15,9,8,12,7,8,16,24,7,4,2,4,7,5,5,9,2,3,7,3,3,9,5,9,3,6,5,6,8,7,6,7,5,15,9,4,11,7,4,2,7,9,6,5,2,4,1,5,5,8,5,2,5,0,1,10,3,8,6,6,6,8,11,9,10,6,16,4,3,6,7,7,2,5,5,7,14,8,2,5,6,2,0,6,2,0,8,1,4,4,6,21,6,8,8,5,11,12,10,3,0,1,5,6,1,0,4,3,8,6,4,5,0,10,9,4,6,7,8,12,2,1,5,4,4,0,8,7,8,1,7,5,10,2,7,8,4,3,5,6,8,2,6,7,0,1,3,7,6,3,6,2,0,10,8,11,7,5,1,8,11,10,9,7,5,5,11,1,3,1,4,3,1,10,5,7,4,5,4,5,5,7,11,4,12,5,5,5,11,4,11,4,8,0,0,5,6,6,7,4,4,4,0,12,7,4,4,5,3,5,6,10,4,6,5,6,5,2,11,9,9,4,6,7,1,6,8,7,6,4,9,10
FOODS_2_245_CA_1_evaluation,FOODS_2_245,FOODS_2,FOODS,CA_1,CA,1,0,1,0,0,2,0,1,1,0,0,2,0,0,0,0,0,0,0,1,0,3,4,2,1,1,0,0,1,1,1,1,1,0,3,0,3,2,3,0,0,0,2,1,1,2,6,1,0,2,3,1,0,1,3,0,0,1,1,0,1,0,0,2,1,0,1,1,3,1,1,2,0,5,0,0,1,1,3,2,0,0,0,2,2,0,0,0,0,0,0,0,3,0,0,1,1,0,0,0,0,0,0,0,0,0,0,0,0,0,1,1,1,0,1,0,1,0,4,0,2,0,1,1,2,0,0,2,0,2,1,1,4,2,0,2,1,0,0,2,4,5,1,3,0,1,0,2,0,0,0,0,0,0,0,1,0,0,0,1,2,3,4,0,1,4,0,2,4,4,0,0,0,0,1,2,0,1,6,0,1,0,0,3,0,1,0,0,1,0,0,1,0,1,1,0,4,5,1,0,1,2,1,0,4,2,0,2,0,0,4,1,2,0,0,0,0,1,2,0,0,1,0,0,3,3,0,4,3,2,1,1,0,0,0,0,0,1,1,0,1,0,0,1,1,1,5,1,0,1,0,1,0,0,0,1,1,3,0,4,4,4,0,0,1,1,1,0,0,0,1,0,2,0,0,0,3,1,0,1,2,0,0,1,0,1,0,1,0,3,2,1,1,0,2,1,0,1,1,0,1,1,2,1,1,0,0,0,0,0,1,1,0,0,0,3,0,3,1,0,3,1,4,1,0,0,0,0,0,3,1,0,5,1,1,0,2,0,0,1,2,2,0,0,2,3,1,0,3,2,1,0,0,0,0,2,0,1,0,2,0,0,0,0,1,0,1,0,0,1,0,0,0,0,0,0,1,0,0,0,2,0,5,1,0,3,1,2,1,1,0,0,0,0,2,0,0,3,0,0,4,0,0,1,0,0,1,0,1,0,2,1,3,0,0,0,1,0,0,0,0,0,1,0,0,0,0,3,0,0,0,1,0,0,4,1,5,1,0,0,0,0,0,0,1,0,0,0,0,0,0,3,0,0,0,1,1,0,0,0,0,0,0,2,0,0,1,0,1,4,2,2,1,0,0,3,0,0,0,0,0,0,0,0,0,0,1,1,0,0,1,0,1,1,2,0,0,0,1,0,0,0,0,0,0,0,0,1,2,1,4,0,2,1,2,3,2,0,1,0,0,0,0,0,0,1,0,0,0,1,0,0,1,1,0,2,1,1,0,0,1,3,0,0,0,1,1,1,1,0,3,0,0,1,3,0,0,1,1,0,0,1,0,2,2,0,1,1,1,0,1,4,0,1,1,2,0,0,0,0,0,0,1,2,0,0,1,1,1,1,0,0,0,0,1,0,1,0,0,0,0,0,0,0,2,0,0,0,0,0,0,2,1,1,0,0,1,2,0,1,1,1,0,1,0,0,2,3,0,0,0,1,1,0,0,0,0,0,1,0,0,0,1,0,3,0,0,2,0,2,0,0,2,1,1,0,1,1,0,0,0,1,0,0,0,3,3,0,4,0,0,1,0,0,0,1,1,1,1,1,0,2,1,0,0,0,1,1,0,0,0,6,0,0,0,0,1,1,0,0,0,2,0,0,0,0,0,3,1,0,0,0,1,0,0,0,0,0,0,0,1,0,1,1,0,2,0,0,3,2
FOODS_2_247_CA_1_evaluation,FOODS_2_247,FOODS_2,FOODS,CA_1,CA,0,0,0,0,0,0,0,0,0,0,0,0,0,3,7,2,0,0,0,0,0,0,0,0,2,3,0,1,0,2,4,0,0,0,0,0,0,0,2,2,2,1,1,4,0,0,0,0,0,0,0,0,0,0,1,1,2,3,0,1,8,0,1,3,3,0,1,4,0,0,0,7,0,7,1,0,0,1,5,2,1,6,6,1,1,7,1,5,4,0,0,1,5,1,4,1,0,0,0,2,4,2,10,2,1,0,1,1,1,5,8,0,2,7,0,0,3,0,0,4,5,1,2,5,3,0,5,5,3,0,4,2,0,1,1,0,1,0,0,0,0,3,0,2,5,1,1,2,7,2,3,3,0,6,2,3,3,6,4,0,2,4,5,2,4,1,0,5,0,2,1,3,3,0,7,3,3,3,3,5,2,0,1,3,3,0,0,0,0,1,1,4,0,3,5,0,2,3,3,3,3,0,2,1,4,5,0,0,0,0,0,2,4,2,0,0,0,1,5,1,3,6,3,0,3,1,3,4,4,0,1,0,1,1,0,5,4,0,5,0,7,0,3,0,2,4,3,0,0,1,2,0,0,2,1,0,5,0,2,7,2,3,5,4,2,0,4,4,2,3,1,4,8,4,1,2,4,4,0,0,9,4,2,0,1,3,0,7,6,0,4,2,2,0,3,5,3,1,0,2,1,1,4,0,3,3,0,1,2,0,0,0,0,2,0,0,4,4,1,0,2,7,5,0,2,1,0,1,0,0,3,1,1,2,4,0,0,2,1,0,5,3,1,1,5,5,0,2,3,1,7,3,5,0,2,0,1,5,4,3,2,3,3,0,0,3,8,0,0,0,0,0,4,2,0,2,0,5,0,3,2,1,1,1,1,1,6,1,0,3,0,0,0,6,3,7,2,0,0,5,3,0,0,4,6,0,0,1,5,0,1,1,3,3,1,5,2,1,0,0,0,2,0,7,7,4,2,4,2,1,0,1,0,0,2,3,2,5,1,4,0,3,3,0,0,1,1,0,1,1,2,4,2,3,1,1,1,3,0,0,2,5,2,3,1,1,7,2,4,0,5,1,3,4,7,1,1,0,0,0,1,4,6,3,4,1,5,0,3,2,0,7,0,4,1,2,0,1,6,2,3,3,2,0,2,8,3,0,0,0,3,7,6,2,0,4,2,1,2,5,1,0,3,1,1,7,3,1,3,2,2,0,4,6,8,4,5,0,0,2,5,4,4,0,4,0,7,2,2,0,0,1,0,2,0,6,4,1,1,4,0,4,0,13,0,2,0,3,3,0,4,3,7,0,3,9,2,2,0,2,0,4,3,9,0,1,3,1,2,3,2,0,0,1,0,2,4,2,0,0,1,3,6,2,6,1,0,0,0,1,7,5,2,3,0,1,0,5,1,0,8,0,0,6,3,3,0,0,0,2,7,5,4,1,9,3,2,5,4,1,0,4,2,3,2,9,1,1,4,4,1,1,6,10,5,3,0,0,0,4,5,0,0,3,0,0,8,9,0,1,0,0,2,1,1,0,0,0,1,2,4,6,3,1,0,2,4,4,10,4,1,0,2,2,4,3,0,0,0,1,5,1,0,3,2,1,0,4,1,2,11,2,3,0,6,9,0,0,1,0,0,2,3,4,2,1,2,0,2,3
FOODS_2_255_CA_1_evaluation,FOODS_2_255,FOODS_2,FOODS,CA_1,CA,1,1,3,0,0,0,0,7,0,0,1,2,0,1,0,0,0,0,0,0,2,4,0,1,3,0,1,2,0,0,1,1,2,0,0,0,0,0,1,1,1,1,1,0,0,0,0,1,0,1,1,4,1,0,0,0,2,1,0,0,1,0,0,1,0,3,0,1,0,1,0,2,1,3,2,0,2,2,2,3,1,0,4,2,0,0,1,2,0,3,1,3,1,3,1,0,1,1,0,0,0,0,0,1,1,2,2,1,1,0,2,5,1,0,0,1,0,1,0,4,0,1,1,1,3,6,1,2,0,0,2,2,2,1,1,0,0,0,3,2,3,0,0,2,4,2,3,1,2,1,1,0,1,0,0,0,2,2,0,0,3,4,2,3,0,2,4,0,2,2,1,3,2,6,11,22,10,8,15,8,20,28,44,47,64,34,70,16,8,4,9,8,4,0,3,3,0,10,4,3,2,3,2,0,3,3,1,1,2,5,5,1,0,20,5,0,1,1,0,0,0,0,0,1,1,1,1,3,0,0,0,0,0,0,0,1,0,0,1,1,0,0,0,0,0,3,1,1,1,0,1,1,0,0,0,0,0,0,0,0,0,0,0,1,1,0,3,2,2,2,0,0,2,1,0,2,6,1,0,2,1,1,2,2,0,1,0,6,1,1,0,0,1,1,4,4,2,1,0,0,1,1,1,1,2,2,0,1,1,0,0,2,0,0,2,6,0,2,2,0,2,3,2,0,1,0,1,1,1,2,2,2,0,0,1,0,0,0,1,2,0,1,0,1,0,1,0,4,2,0,3,2,0,1,1,1,0,0,0,0,0,0,1,0,2,1,1,1,1,0,0,1,0,0,1,0,1,0,2,1,0,0,0,0,0,2,1,0,1,8,0,3,2,0,3,0,1,0,0,2,1,0,0,0,0,4,5,0,1,0,0,0,0,1,0,0,0,0,0,0,0,1,0,0,0,0,0,0,0,0,0,0,0,0,0,0,0,0,1,0,0,0,0,0,0,0,0,0,0,0,0,0,0,0,0,0,0,0,0,0,0,1,0,0,0,1,0,3,1,1,0,0,0,0,0,1,0,1,5,2,1,2,3,1,4,0,1,0,1,2,0,0,2,1,2,0,0,0,0,1,2,2,0,0,0,1,2,2,1,0,0,3,1,1,0,3,0,0,0,1,1,0,0,1,0,0,0,0,0,0,0,0,0,4,5,21,5,14,0,17,6,19,3,12,26,24,43,54,55,34,30,2,2,4,4,5,3,4,0,0,2,2,1,0,7,2,1,2,1,1,2,2,7,14,6,3,9,7,21,15,0,2,4,3,4,2,4,3,1,1,2,1,2,1,0,0,0,0,0,2,0,0,1,2,0,0,0,0,1,1,0,0,2,0,1,2,1,1,2,1,1,1,2,4,0,1,0,2,2,0,2,1,0,0,3,0,3,0,0,0,0,0,0,2,0,0,1,0,1,0,2,1,0,1,2,3,2,0,2,1,5,3,0,0,0,1,2,1,2,1,2,4,1,4,0,0,0,1,1,0,0,0,0,0,0,1,1,1,0,1,0,1,0,0,1,0,0,1,1,1,4,0,1,0,0,0,3,2,0,0,0,1,1,0,1,1,3,2,0,1,1,0,1,2,1,0,0,1,0,2
FOODS_2_257_CA_1_evaluation,FOODS_2_257,FOODS_2,FOODS,CA_1,CA,5,1,0,0,0,2,2,0,0,0,9,1,2,1,5,4,0,0,0,0,6,3,1,3,0,3,2,6,1,0,8,0,1,4,7,1,4,2,1,4,3,1,6,3,0,5,2,0,0,8,4,1,3,0,3,0,4,0,3,0,2,0,2,1,1,1,4,1,2,6,3,3,1,4,0,1,7,2,3,2,4,0,4,1,2,2,1,0,1,2,2,10,2,0,0,2,0,0,6,0,0,3,0,7,0,6,5,0,1,1,0,16,2,3,1,1,2,4,2,5,3,0,0,4,0,0,7,8,2,2,3,4,4,5,4,1,0,0,0,0,3,2,3,7,1,1,8,3,1,1,0,2,0,0,4,0,0,1,0,3,0,2,4,3,3,0,2,0,6,0,11,2,1,1,1,2,0,4,4,2,0,0,3,3,3,1,4,3,2,6,0,2,4,0,0,1,2,3,4,0,2,2,13,1,10,0,6,1,1,6,4,4,2,5,3,0,0,8,0,0,0,3,0,0,7,8,0,4,0,4,5,4,0,2,5,1,0,2,7,3,7,0,1,0,0,4,3,0,4,3,1,5,1,4,3,2,0,1,5,2,1,3,2,0,0,2,4,2,2,2,0,0,4,3,4,4,1,0,6,0,3,1,6,4,2,6,0,6,0,8,3,0,0,2,0,0,14,0,3,0,2,12,0,3,0,3,5,4,1,4,7,0,6,2,1,4,4,4,2,4,2,3,2,3,0,0,1,4,1,0,0,8,0,0,0,0,2,1,1,3,0,5,4,0,2,10,0,5,2,0,2,3,8,0,1,0,0,4,2,9,0,0,0,8,5,0,0,0,12,4,0,0,3,1,0,2,1,1,2,4,9,4,3,1,0,0,4,2,0,0,0,2,1,0,10,0,0,11,0,1,0,9,0,3,2,2,0,0,0,0,0,6,2,1,2,8,5,2,1,2,0,1,0,5,2,3,10,2,3,0,0,0,1,3,0,1,10,0,0,1,12,0,2,1,0,0,2,3,2,2,0,2,0,1,0,2,3,0,0,1,0,3,3,0,2,0,1,0,1,2,0,2,0,8,1,10,0,0,6,0,0,4,4,0,0,3,10,0,0,0,3,2,1,10,0,0,2,0,4,0,6,0,1,4,0,0,1,6,4,0,2,5,0,2,1,0,4,0,5,0,3,8,0,0,0,0,0,1,4,0,5,2,3,2,0,6,0,0,0,0,4,6,6,0,0,0,0,1,2,6,0,0,0,0,0,1,8,5,1,2,2,3,4,10,3,0,0,0,0,2,4,0,0,2,3,1,2,4,1,2,0,3,1,2,5,0,0,0,3,2,0,6,0,0,2,1,0,0,5,3,2,0,0,3,0,3,1,0,1,2,0,0,6,0,0,4,0,1,0,7,2,0,0,1,1,0,7,1,0,0,2,1,1,1,3,0,6,0,1,0,6,0,0,0,1,0,1,6,0,9,2,3,0,2,1,2,0,0,0,2,2,6,1,0,0,0,0,2,6,0,0,3,0,2,0,8,0,0,1,3,0,0,1,4,0,0,2,0,2,7,4,0,0,0,0,0,4,2,2,1,0,2,1,13,3,0,2,2,0,0,0,0,1,0,0,0,0,6,0,0,1,0,2,1,10,0,0,0,0,0
FOODS_2_260_CA_1_evaluation,FOODS_2_260,FOODS_2,FOODS,CA_1,CA,0,0,0,0,0,0,0,0,0,0,0,0,0,0,0,0,0,0,0,0,0,0,0,0,0,0,0,0,0,0,1,0,0,0,0,0,0,0,0,1,2,2,1,0,1,0,0,0,0,0,1,1,1,2,0,0,3,0,0,0,0,0,0,0,5,1,0,0,0,0,0,0,0,0,0,0,1,1,0,0,0,0,0,0,1,0,1,0,0,0,1,0,1,0,1,3,0,2,0,0,0,0,0,0,0,1,1,0,2,0,1,0,1,2,1,0,2,2,0,1,4,0,1,1,2,1,1,0,2,0,0,0,0,1,1,0,0,0,0,1,0,1,4,1,0,0,1,2,1,0,1,0,2,1,0,0,0,0,0,1,1,1,1,1,0,0,0,0,0,2,1,0,1,0,0,0,4,0,0,0,0,0,1,1,0,2,0,0,1,0,0,0,0,0,0,0,0,1,0,0,0,0,1,1,0,2,2,1,0,0,0,0,0,0,0,0,0,0,0,0,0,0,0,0,0,0,0,0,0,0,0,0,0,0,0,0,0,0,0,0,0,0,0,0,0,0,0,0,0,0,0,0,0,0,0,0,0,0,0,0,0,0,0,0,0,0,1,0,0,0,1,0,0,0,2,0,0,0,0,0,0,0,2,0,0,0,0,2,0,2,1,1,0,0,1,1,0,2,0,0,0,2,0,0,0,0,0,1,1,5,0,0,2,0,0,0,0,0,2,0,1,0,0,3,0,0,1,0,0,0,0,1,0,0,0,2,2,1,0,0,1,0,0,1,0,0,0,0,0,0,0,1,1,0,0,0,0,3,0,1,0,0,1,0,1,1,0,0,0,1,0,1,0,1,0,0,0,2,0,1,0,0,0,0,0,2,1,0,1,0,0,2,0,0,0,1,0,0,0,1,0,0,0,0,0,0,0,0,0,1,0,0,4,0,0,0,0,1,0,0,1,0,3,0,0,0,0,0,0,2,1,0,0,0,1,0,0,2,1,2,0,2,0,4,0,0,2,0,1,3,0,3,0,2,0,0,3,2,0,0,0,2,2,0,0,2,0,0,3,0,0,1,1,2,0,1,0,0,4,1,0,0,1,2,2,0,0,2,1,3,1,2,0,0,1,2,2,2,1,2,0,0,2,2,0,0,1,0,3,3,0,5,0,0,0,2,1,1,1,2,2,1,0,0,1,0,2,0,1,0,1,0,1,1,1,1,0,3,0,0,0,1,0,0,0,0,0,0,2,0,0,0,0,0,0,0,2,2,0,2,0,0,0,2,0,0,1,0,0,0,0,0,0,0,0,0,0,0,0,0,0,0,0,0,0,0,0,0,0,0,0,0,0,0,0,0,0,0,0,0,0,0,0,0,0,0,0,0,0,0,0,0,0,0,0,0,0,0,0,0,0,0,0,0,0,0,0,0,0,0,0,0,0,0,0,0,0,0,1,0,0,0,0,0,0,4,0,1,1,1,0,0,4,1,1,0,3,3,1,0,0,0,0,0,0,1,1,0,1,1,0,0,1,2,0,0,0,0,1,1,1,2,0,0,1,0,1,1,2,1,0,0,0,0,1,1,0,0,0,1,2,2,0,0,0,0,0,1,1,0,0,0,1,0,0,3,0,0,1,0,0,1,0,1,2,1,0,1,2,0
FOODS_2_267_CA_1_evaluation,FOODS_2_267,FOODS_2,FOODS,CA_1,CA,2,1,4,2,2,0,2,1,5,1,6,0,0,0,3,3,0,3,2,1,1,3,4,2,0,0,1,2,0,5,4,1,1,0,1,1,1,1,4,0,0,0,5,2,3,1,1,4,3,0,4,0,1,5,0,0,0,2,2,0,1,2,0,2,3,2,4,0,1,0,0,3,0,2,0,7,1,3,2,0,0,0,0,8,1,3,0,1,2,3,1,0,6,0,0,3,0,3,1,2,3,1,5,0,3,0,4,4,3,0,0,0,4,2,2,2,0,0,0,1,6,1,2,4,0,0,5,6,1,0,2,0,0,3,6,0,8,3,1,1,0,8,2,1,0,1,2,1,5,1,5,1,0,5,5,4,2,0,1,7,0,1,5,0,0,0,1,0,0,4,4,2,3,0,3,2,4,3,2,1,0,0,1,6,0,0,4,0,8,1,1,10,2,1,2,6,3,9,0,1,1,1,2,5,4,0,0,1,0,2,2,5,2,5,2,0,2,0,1,1,6,0,1,10,7,0,0,0,0,0,0,0,2,1,1,2,3,10,7,0,0,1,2,3,2,1,8,4,0,0,1,2,4,6,3,7,1,3,2,5,3,2,2,3,0,0,8,0,6,1,2,6,0,0,8,5,1,1,1,2,8,9,2,3,4,0,0,0,0,6,4,0,1,5,3,2,2,0,0,1,0,0,4,2,1,1,0,1,6,10,1,3,1,0,0,3,2,3,2,0,2,4,4,1,6,1,1,4,1,2,3,4,4,2,0,4,7,6,0,4,1,0,0,4,8,3,1,1,0,2,2,0,2,1,2,3,0,9,1,1,1,4,3,1,3,3,2,2,2,0,0,0,3,3,3,0,0,0,0,0,0,0,0,0,0,0,0,0,0,0,0,0,0,0,0,0,0,0,0,0,0,0,0,0,0,0,0,0,0,0,0,0,0,0,0,0,0,0,0,0,0,0,0,0,0,0,0,0,0,0,0,0,0,0,0,0,0,0,0,0,0,0,0,0,0,0,0,0,0,0,0,0,0,0,0,0,0,0,0,0,0,0,2,0,0,7,0,0,0,3,0,0,0,0,0,0,0,0,0,0,0,2,0,0,2,0,0,0,0,4,2,1,1,1,0,2,4,2,1,1,1,0,0,0,0,0,0,0,0,0,0,1,2,1,0,1,0,1,4,0,0,0,0,0,1,0,0,0,0,0,0,0,0,0,0,0,0,5,7,0,0,0,2,4,1,1,0,0,3,3,2,0,2,2,1,6,2,1,0,3,3,9,0,0,0,0,4,4,3,1,6,2,0,0,4,1,0,3,3,0,0,2,0,5,1,2,7,1,7,5,8,1,1,5,5,8,7,3,2,0,4,2,5,4,11,7,3,0,6,3,10,3,1,1,2,2,9,3,6,4,0,0,0,9,5,1,3,2,0,2,4,0,4,0,2,3,3,4,3,1,0,0,5,5,4,5,1,0,3,5,1,5,7,3,2,3,2,2,2,3,1,6,2,1,0,4,6,6,0,2,3,2,3,2,3,0,4,2,2,5,4,2,0,4,7,0,1,0,5,0,0,0,3,1,3,0,0,2,2,0,3,7,3,2,2,1,3,1,8,4,3,8,1,4,0,4,0,2,2,2,1,2,0,3,1,3,3,0,6,0
FOODS_2_273_CA_1_evaluation,FOODS_2_273,FOODS_2,FOODS,CA_1,CA,0,0,0,2,0,0,0,0,0,0,2,0,2,0,1,3,0,0,0,1,0,1,0,0,0,0,0,0,0,4,0,0,3,0,0,2,0,0,4,0,0,0,0,0,0,2,0,0,0,0,0,2,0,0,4,0,0,3,0,1,0,0,2,0,0,0,1,1,0,0,0,0,0,2,0,1,0,0,0,2,0,1,1,3,0,2,0,0,0,0,1,0,0,3,0,0,0,3,0,0,1,0,0,0,1,1,0,0,0,0,1,5,0,0,0,0,0,1,0,0,0,0,0,0,2,1,0,1,0,0,0,0,1,1,2,0,1,1,0,1,0,1,0,0,0,1,0,0,1,0,3,1,0,0,2,2,0,0,0,0,0,0,0,0,0,0,0,0,0,0,0,4,0,0,0,1,3,0,0,0,0,0,0,0,2,0,0,0,0,0,0,0,0,0,0,2,0,0,0,1,0,0,0,1,0,1,0,0,0,0,0,2,0,0,0,0,0,0,0,0,0,0,1,0,0,2,0,0,0,0,4,1,0,0,0,0,0,0,1,0,4,0,0,2,0,0,0,0,0,1,0,0,0,0,0,0,0,0,0,2,0,0,0,0,0,0,0,0,0,0,4,0,1,0,0,0,0,0,0,0,0,0,0,0,0,0,0,0,1,0,0,3,0,0,1,0,0,0,0,0,3,0,0,0,0,0,0,0,0,0,0,0,0,0,1,0,0,0,0,0,0,3,1,0,0,0,0,0,0,0,1,0,0,0,0,0,1,3,2,0,0,0,0,0,0,0,0,0,0,1,2,1,0,0,0,0,0,0,1,1,0,0,0,4,0,2,1,0,1,0,0,0,0,0,1,0,0,0,1,0,0,0,0,0,0,0,0,4,0,0,0,0,1,1,0,0,0,0,2,0,0,0,0,0,1,0,0,0,0,0,1,0,1,0,0,1,0,0,1,0,5,0,0,0,1,1,0,0,2,3,0,0,1,1,1,1,0,2,1,0,10,0,1,0,0,0,0,1,2,0,0,1,0,0,1,0,2,0,0,0,0,0,0,2,5,1,0,1,1,1,0,1,0,1,0,0,2,0,0,0,0,1,2,0,2,1,1,0,0,0,0,8,0,2,2,1,1,0,2,0,0,0,0,0,0,8,1,4,0,2,1,0,1,0,4,4,0,8,3,0,0,0,1,1,6,0,2,2,2,1,1,0,1,0,2,0,3,0,0,1,0,0,0,1,0,3,1,2,1,0,0,0,4,0,0,0,0,1,2,0,1,2,0,0,6,0,0,0,1,0,1,0,0,0,0,0,0,0,0,0,0,0,0,0,0,0,0,0,0,0,0,0,0,0,0,0,0,0,0,0,0,0,0,0,0,0,0,0,0,0,0,0,0,0,0,0,0,0,0,0,0,0,0,0,0,0,0,0,0,1,0,0,1,0,0,1,2,2,1,0,0,0,2,0,1,1,0,0,0,0,1,1,0,0,2,0,0,1,1,0,2,1,0,2,0,0,1,7,0,0,0,1,2,0,1,0,0,0,0,1,3,1,0,1,1,0,3,1,2,0,0,0,0,3,1,1,0,0,0,0,1,3,0,0,0,0,5,0,2,0,0,0,2,0,4,2,1,1,0,0,0,0,2,1,0,3,0,0,0,0
FOODS_2_274_CA_1_evaluation,FOODS_2_274,FOODS_2,FOODS,CA_1,CA,0,0,0,0,0,0,0,0,0,0,0,0,0,0,0,0,0,0,0,0,0,0,0,0,0,0,0,0,0,0,0,0,0,0,0,0,0,0,0,0,0,0,0,0,0,0,0,0,0,0,0,0,0,0,0,0,0,0,0,0,0,0,0,0,0,0,0,1,1,2,3,1,1,2,2,0,0,4,1,0,0,1,0,0,3,3,1,2,5,1,0,0,4,1,1,0,0,3,1,1,3,2,5,3,2,1,4,2,2,1,0,0,1,2,1,0,1,0,2,1,4,1,2,0,0,0,5,0,3,1,1,1,3,2,5,5,1,1,1,3,1,4,0,0,0,1,4,1,1,3,1,1,1,0,1,5,6,1,0,1,0,0,1,2,4,1,1,2,2,2,3,4,2,4,3,1,4,1,1,1,1,4,1,1,3,1,2,0,1,0,4,2,1,1,3,3,0,1,2,4,1,2,0,1,0,2,1,4,0,0,3,1,1,0,0,0,1,2,3,3,0,2,2,1,5,2,2,4,3,1,3,2,0,2,1,2,0,2,2,0,0,0,0,0,3,0,1,1,0,1,0,1,3,2,0,0,5,0,1,2,7,3,1,0,2,0,2,2,1,0,0,4,2,0,1,0,0,2,1,2,0,2,4,1,0,2,1,0,2,2,0,0,0,0,0,0,0,0,0,0,0,0,0,0,0,0,0,0,1,0,4,0,1,0,2,3,0,3,0,0,1,0,1,3,1,2,1,1,2,0,5,0,2,3,2,3,2,4,1,0,3,0,0,3,5,1,2,3,1,0,1,2,0,4,2,3,1,5,3,1,0,1,3,0,1,4,4,1,2,0,0,2,1,0,4,1,0,1,2,3,0,3,0,2,0,2,1,0,0,0,2,2,4,0,1,1,0,5,1,5,0,2,4,0,1,0,5,0,1,2,0,1,3,1,2,1,3,0,1,5,0,2,1,3,1,1,2,0,3,0,0,0,6,1,0,4,5,1,0,0,1,1,2,2,1,4,3,2,0,3,2,7,1,0,0,2,2,0,3,0,3,2,6,1,1,2,2,1,1,0,1,2,0,0,5,4,1,2,5,0,0,5,1,2,2,2,0,2,0,1,0,1,2,0,0,3,1,4,3,3,2,0,1,0,1,2,2,2,1,0,0,0,0,2,0,2,1,1,1,0,2,1,2,0,1,4,1,2,0,0,4,2,1,0,4,1,1,1,1,5,0,0,3,0,1,4,2,3,0,0,0,0,2,1,1,1,2,0,0,0,0,1,0,1,0,0,1,1,1,0,2,0,0,0,1,0,2,0,0,0,0,2,0,3,0,0,0,1,1,1,0,0,2,3,0,0,1,2,1,2,2,0,2,0,2,2,0,1,3,0,2,0,0,0,0,3,1,1,0,1,4,1,0,1,1,1,1,0,0,2,2,0,1,1,0,1,2,3,2,0,1,0,5,0,0,1,3,2,1,0,2,3,0,3,0,0,0,0,3,0,1,1,2,1,1,1,0,2,3,1,0,0,2,2,0,0,0,0,1,1,5,4,0,0,0,0,1,3,2,1,2,1,1,1,1,1,0,1,0,0,2,3,2,0,2,0,1,2,6,1,4,0,2,4,0,2,1,2,1,2,2,2,2,1,2,3,1,0,1,1
FOODS_2_276_CA_1_evaluation,FOODS_2_276,FOODS_2,FOODS,CA_1,CA,11,18,14,11,5,6,3,6,21,14,2,15,2,9,9,12,13,14,15,6,6,10,12,8,10,9,5,3,9,10,13,6,9,9,3,7,13,7,27,11,12,12,12,14,14,20,19,16,9,10,9,7,15,6,17,8,11,13,6,7,8,7,7,4,12,12,0,7,7,2,8,15,12,10,10,13,12,6,12,9,2,4,6,7,14,24,16,12,16,13,21,14,36,8,6,13,16,6,3,4,19,13,10,13,7,9,17,9,11,5,3,6,7,12,4,5,3,5,2,9,8,0,5,10,8,14,17,15,14,10,16,14,17,18,24,19,23,31,25,17,19,33,15,5,8,3,8,8,16,4,7,18,7,9,13,19,7,5,3,5,10,14,23,15,15,12,11,8,16,15,14,18,9,13,12,9,26,10,12,12,1,6,9,9,12,7,5,2,4,18,22,27,13,32,28,21,20,25,16,20,3,1,0,0,1,0,0,13,4,6,5,7,2,11,0,0,12,12,12,9,5,8,9,9,11,18,12,19,17,10,7,10,21,10,4,3,12,7,6,11,9,3,2,4,7,11,12,3,2,6,3,10,5,2,1,0,0,6,4,7,17,19,15,7,12,9,8,11,7,4,11,15,5,7,13,8,18,5,2,5,10,24,9,9,21,5,7,9,13,12,11,7,3,7,0,17,7,10,11,2,8,10,6,3,10,6,7,3,9,8,11,6,7,6,6,13,12,13,12,7,7,9,10,15,12,3,7,3,6,21,20,11,9,10,8,5,5,9,5,4,6,7,3,8,10,7,4,10,10,7,14,9,8,5,12,8,2,10,8,7,6,8,6,8,3,16,10,7,5,5,5,1,12,15,15,10,7,5,20,14,9,15,6,9,8,8,11,14,11,16,1,9,9,10,5,12,9,6,9,0,0,0,6,4,11,25,5,12,21,11,8,9,5,11,15,14,7,17,9,16,12,28,22,5,12,7,5,6,20,14,13,7,8,5,14,31,28,16,7,3,8,8,26,14,16,4,11,8,25,28,15,9,12,7,12,8,21,15,11,8,9,13,6,20,14,16,17,15,5,22,13,9,16,6,8,7,10,13,11,9,7,10,6,16,18,12,13,18,5,8,13,25,5,3,5,9,14,16,31,22,20,9,7,5,14,22,22,7,8,10,8,21,19,14,8,13,15,10,9,10,12,10,8,9,8,10,19,20,17,10,14,7,11,23,17,8,2,9,8,15,13,13,11,9,9,6,16,15,8,12,2,3,2,12,17,7,7,17,13,9,11,20,20,18,11,7,5,24,22,14,9,5,13,4,7,22,18,12,14,7,0,11,10,11,13,13,13,13,20,37,9,19,20,12,6,23,25,19,9,12,5,8,13,14,14,12,4,8,9,4,11,3,8,8,8,8,14,8,10,12,11,6,18,18,11,20,14,6,15,11,13,8,18,12,10,9,10,17,21,14,13,17,8,10,23,15,8,8,13,11,9,22,35,12,10,10,4,7,11,12,9,8,4,10,3,16,8,13,11,4,10,6,5,14,13,9,9,6,9,20,15,18,6,11,9,13,23,29,10,10,4,8,4,9,14,14,13,4,13,14,5,12,12,8,4,3,4,18,9,10,11,4,1,7,8,5,13,11,7,6,12,4,16,15,4,3,7,5,5,19
FOODS_2_283_CA_1_evaluation,FOODS_2_283,FOODS_2,FOODS,CA_1,CA,0,0,0,0,0,0,2,3,1,1,2,3,0,0,0,0,0,0,0,0,0,0,0,0,0,0,0,0,0,0,0,0,0,0,0,0,0,0,0,0,0,0,0,0,0,0,0,4,10,1,1,3,0,1,2,4,2,0,1,1,1,1,1,5,2,0,0,2,0,2,1,5,0,1,0,0,0,0,0,0,0,0,0,0,0,0,0,0,0,0,0,0,0,0,0,0,0,0,0,0,0,0,0,0,0,0,0,0,0,0,0,0,0,0,0,0,0,0,0,0,0,0,0,0,0,0,0,0,0,0,0,0,0,0,0,0,0,0,0,0,0,0,0,0,5,0,4,3,0,2,4,5,5,4,4,3,4,0,2,7,2,4,2,1,1,4,5,8,5,0,2,0,1,0,1,7,3,8,4,6,6,14,9,2,12,24,30,2,0,0,0,3,1,1,4,3,7,5,0,15,5,2,12,4,8,17,13,1,2,0,14,20,16,12,18,0,4,5,1,9,12,19,3,8,9,7,7,7,3,3,2,3,2,0,3,1,3,4,9,9,1,1,1,5,0,4,8,3,5,0,0,0,1,0,0,0,1,0,1,1,3,1,1,0,1,2,5,2,3,3,0,1,0,2,0,1,3,0,1,1,0,3,3,3,0,2,2,1,5,0,2,2,0,5,1,3,2,0,2,0,2,4,0,2,0,1,2,4,4,3,1,2,8,8,6,8,1,2,0,1,4,2,3,0,0,0,0,0,0,0,1,0,3,0,0,3,1,1,0,1,0,2,1,5,3,2,1,1,1,3,9,1,0,0,0,4,2,1,0,1,0,4,6,2,4,0,3,2,0,1,0,5,1,0,1,2,1,2,1,1,4,1,2,6,1,1,0,4,0,5,2,1,0,2,3,2,0,2,5,3,2,1,3,8,8,17,2,10,0,1,3,3,4,4,2,6,2,0,0,4,3,3,3,5,4,2,1,1,3,2,1,1,1,2,5,2,0,2,1,0,3,4,2,3,4,0,2,1,3,0,2,0,1,1,2,2,0,4,4,2,2,4,1,4,0,1,3,0,4,4,1,1,0,1,0,4,4,4,2,2,0,0,3,6,2,4,4,3,0,2,1,2,4,2,0,1,4,2,1,0,2,0,0,1,1,8,4,2,1,2,1,3,2,1,0,1,3,4,3,0,5,1,2,5,7,2,3,0,2,1,0,4,3,7,1,2,8,6,0,0,0,0,0,0,0,0,0,0,0,0,0,0,0,0,0,0,0,0,0,0,0,0,0,0,0,0,0,0,0,0,0,0,0,0,0,0,0,0,0,0,0,0,0,0,0,3,7,1,3,1,2,3,3,9,2,5,2,2,0,0,3,0,1,0,0,5,3,0,1,3,0,0,0,0,0,0,0,0,0,1,0,0,0,0,0,0,0,0,0,0,0,0,0,0,0,0,0,0,0,0,0,4,0,6,0,2,0,1,0,0,0,8,2,2,0,0,4,2,1,3,1,0,1,2,2,1,2,0,6,0,13,7,5,0,3,0,0,3,2,8,1,0,0,3,0,0,6,0,0,0,5,1,4,0,0,5,3,0,2,0,5,2,2,1,2,0,1,1,0,5,2,0,1,0,5,0,4,2,1,2,0,2,0,0,0,1,3,1,1,0
FOODS_2_285_CA_1_evaluation,FOODS_2_285,FOODS_2,FOODS,CA_1,CA,5,9,7,0,4,2,2,1,1,0,0,0,0,0,1,3,0,1,1,0,1,4,3,2,1,2,0,2,0,3,4,0,2,0,1,1,4,0,1,2,1,4,1,2,1,0,0,0,1,3,2,0,0,0,3,0,4,0,1,0,0,1,1,1,1,1,0,0,1,0,1,0,0,0,0,0,0,0,1,1,0,0,5,0,2,1,2,0,1,0,1,1,3,1,0,0,0,0,0,0,3,3,0,0,0,0,0,0,0,0,0,0,1,1,4,0,0,0,2,4,1,1,0,2,1,1,1,5,1,2,1,0,0,0,0,0,0,0,0,0,0,6,5,1,2,2,0,2,0,0,0,2,0,2,1,1,2,0,0,1,0,2,1,2,2,0,1,3,6,9,0,1,3,1,3,2,0,3,1,3,0,4,8,0,1,3,4,4,1,1,0,2,0,1,0,3,4,3,1,3,1,2,1,3,5,0,0,0,1,1,3,0,0,1,3,0,1,0,0,0,1,7,3,1,0,2,1,4,1,2,1,1,3,0,0,1,0,2,1,1,2,1,0,1,1,4,0,0,0,0,0,0,4,1,0,0,0,0,7,2,1,0,1,1,2,2,1,1,2,2,0,1,1,1,1,3,0,1,0,2,2,2,0,0,1,3,4,0,0,0,0,2,0,0,0,1,2,3,0,0,1,2,3,2,0,0,1,0,1,2,1,0,2,1,0,2,1,0,0,1,6,2,1,3,0,0,1,0,0,1,2,2,0,0,0,1,3,1,1,0,0,0,0,0,1,4,0,0,4,1,1,2,1,0,0,1,4,0,2,1,1,2,1,3,1,1,7,2,3,2,4,11,3,8,3,4,5,1,0,1,0,1,1,0,0,2,2,2,1,0,0,3,1,0,0,0,0,0,1,0,0,3,0,2,1,5,0,1,2,0,2,0,2,2,3,2,0,1,2,0,1,1,0,0,0,0,0,0,0,0,0,1,0,0,1,0,0,1,1,2,1,1,1,0,0,0,0,0,0,0,0,0,0,0,0,0,0,2,0,0,0,3,0,0,2,0,0,3,0,1,0,3,1,2,3,0,1,1,1,1,0,0,0,0,3,1,2,2,0,0,0,2,1,1,0,0,0,3,0,5,0,1,3,0,2,1,0,1,0,1,0,3,2,0,2,0,0,0,0,0,0,0,0,0,0,0,0,4,1,0,0,0,0,1,0,0,0,0,0,1,0,0,0,0,0,0,0,0,0,0,0,0,0,0,0,0,0,0,0,0,0,0,0,0,0,0,0,0,0,0,0,0,0,0,0,0,0,2,3,2,0,1,0,0,3,1,2,3,2,4,1,3,1,2,0,3,1,2,0,1,1,3,1,1,2,3,2,2,1,1,4,2,3,2,0,0,0,4,1,1,0,0,2,3,3,1,3,1,1,3,2,1,4,5,1,0,2,5,3,2,0,0,1,2,1,3,2,2,2,0,3,3,3,2,0,3,3,1,4,4,3,0,0,0,3,1,1,0,0,0,2,2,0,1,0,1,0,0,0,0,0,0,0,0,0,0,4,1,0,0,0,0,1,0,0,6,0,0,0,1,3,8,0,0,0,2,1,1,2,3,0,1,2,1,7,2,1,1,4,1,5,0,1,2,1,2,2,1,5,5
FOODS_2_289_CA_1_evaluation,FOODS_2_289,FOODS_2,FOODS,CA_1,CA,0,0,0,0,0,0,0,0,0,0,0,0,0,0,0,0,0,0,0,0,0,0,0,0,0,0,0,0,0,0,0,0,0,0,0,0,0,0,0,0,0,0,0,0,0,0,0,0,0,0,0,0,0,0,0,0,0,0,0,0,1,3,2,1,3,3,3,1,2,1,1,0,1,0,2,3,3,3,1,2,2,1,1,3,2,5,0,2,0,0,5,3,3,2,0,0,5,2,0,2,5,1,1,0,1,0,0,0,5,0,2,0,3,1,2,0,0,1,2,2,2,5,0,1,0,0,6,1,0,0,2,1,0,4,0,2,0,2,2,2,3,1,4,3,0,0,2,0,2,0,3,1,0,0,6,0,6,1,1,0,0,2,4,3,2,3,1,2,1,1,3,0,1,4,3,3,3,1,0,1,3,1,0,4,1,0,4,1,0,0,3,0,0,1,4,1,4,4,2,3,2,0,0,1,4,0,3,3,1,0,5,2,1,2,0,0,0,0,1,2,4,0,3,2,1,3,2,2,5,2,0,2,4,3,2,1,0,2,1,7,0,1,2,2,3,4,1,1,0,2,2,2,4,1,1,0,0,3,0,4,4,2,0,1,1,2,1,2,5,1,3,0,0,1,3,0,0,4,0,2,4,5,3,2,1,0,1,2,0,0,0,0,0,0,0,0,0,1,1,0,3,5,8,0,4,1,0,0,1,3,0,3,4,0,0,0,4,0,5,0,4,0,2,0,0,0,0,0,0,0,0,3,3,2,2,2,1,2,1,2,2,1,3,0,1,1,6,0,0,0,0,0,0,0,0,0,0,0,0,0,0,0,0,0,0,0,0,0,0,0,0,0,0,0,0,0,0,0,0,0,0,0,0,0,0,0,0,0,0,0,0,0,0,0,0,0,0,0,0,0,0,0,0,0,0,0,0,0,0,0,0,0,0,0,0,0,0,0,0,0,0,0,0,0,0,0,0,0,0,0,0,0,0,0,0,0,0,0,0,0,0,0,0,0,0,0,0,0,0,0,0,0,0,0,0,0,0,0,0,0,0,0,0,0,0,0,0,0,0,0,0,0,0,0,0,0,0,0,0,0,0,0,0,0,0,0,0,0,0,0,0,0,0,0,0,0,0,0,0,0,0,0,0,0,0,0,0,0,0,0,0,0,0,0,0,0,0,0,0,0,0,0,0,0,0,0,0,0,0,0,0,0,0,0,0,0,0,0,0,0,0,0,0,0,0,0,0,0,0,0,0,0,0,0,0,0,0,0,0,0,0,0,0,0,0,0,0,0,0,0,0,3,0,1,2,1,0,0,1,0,0,4,5,3,3,2,0,3,1,3,0,2,1,0,0,4,3,0,2,6,0,1,0,3,5,0,1,1,1,2,3,1,2,2,1,0,1,1,0,2,2,2,4,2,4,1,0,0,0,4,1,3,2,0,0,3,0,1,0,0,1,0,0,0,4,1,1,1,0,0,2,1,1,3,0,1,0,0,0,2,2,1,0,0,4,0,6,3,1,0,3,0,1,0,1,0,0,1,1,0,0,1,0,1,0,2,0,5,4,0,5,0,0,0,0,0,0,0,0,2,2,2,2,1,0,1,1,3,0,0,0,3,1,3,3,3,0,2,1,1,0,3,2,4,1,2,1,0,2,0
FOODS_2_293_CA_1_evaluation,FOODS_2_293,FOODS_2,FOODS,CA_1,CA,3,3,4,3,2,0,4,8,9,11,4,14,7,5,2,12,7,8,4,6,4,2,0,6,2,3,3,8,6,1,5,3,7,6,3,4,4,4,2,3,9,4,0,7,6,3,1,4,4,8,8,6,0,1,0,3,1,4,5,5,2,2,5,3,5,4,1,2,8,5,3,3,6,9,6,3,1,12,15,5,0,4,4,6,3,4,2,1,2,2,5,7,9,1,2,2,3,4,5,5,6,4,7,4,3,4,9,4,8,7,5,4,6,8,6,3,3,3,2,7,8,3,0,2,3,3,7,5,1,2,8,5,7,5,1,7,4,7,6,7,5,8,1,5,9,5,0,4,4,2,2,3,4,1,3,3,1,5,1,2,2,2,13,6,6,0,4,9,12,3,7,1,5,2,3,9,6,0,3,4,4,2,3,4,7,5,4,0,2,5,5,5,3,5,7,2,5,4,3,0,5,4,6,6,2,6,2,3,2,2,5,4,3,8,0,0,1,6,12,2,3,4,5,6,6,6,9,5,1,0,3,11,2,4,4,2,5,6,3,4,5,6,3,7,2,4,3,2,2,1,1,3,2,3,6,20,15,11,20,20,29,23,26,15,13,22,17,21,15,8,12,10,10,14,14,6,7,6,9,13,23,12,14,15,14,5,5,10,9,4,6,0,5,2,5,8,9,4,6,3,4,4,5,2,5,1,0,0,3,7,7,4,9,9,15,22,14,11,7,11,7,12,10,19,8,6,8,5,10,7,12,13,4,14,7,7,6,14,4,3,2,3,17,14,10,19,8,16,7,4,9,11,11,6,8,6,3,15,12,8,10,6,7,13,10,8,11,1,2,1,4,2,4,5,3,2,5,0,6,2,3,3,4,2,3,3,4,1,1,0,2,1,5,1,1,1,2,1,3,3,2,0,0,3,5,2,8,3,3,0,3,3,5,0,0,2,4,7,3,3,2,2,3,3,4,2,2,0,5,6,3,3,1,2,1,12,7,0,1,4,7,8,4,6,2,5,1,2,4,4,1,1,3,3,1,1,4,1,1,1,2,2,2,3,5,4,1,2,4,1,0,0,0,1,5,3,2,1,1,7,7,2,4,5,4,2,4,2,1,5,4,3,9,1,3,3,3,4,2,5,5,2,9,3,8,2,7,0,3,2,3,0,2,3,2,2,0,4,3,3,5,5,2,6,4,4,7,4,6,3,5,8,4,7,6,3,4,8,1,3,2,2,5,2,1,3,8,3,6,4,3,1,3,5,6,2,5,2,5,4,5,3,7,3,2,0,10,2,0,3,7,2,3,5,5,13,3,4,4,7,0,2,6,5,2,3,3,4,6,4,4,0,5,5,7,4,1,6,2,3,4,5,1,0,3,1,3,1,4,3,0,5,1,3,1,0,5,5,5,2,9,3,0,7,11,4,2,0,9,3,0,0,4,4,3,3,1,4,7,3,3,3,5,1,3,4,4,4,2,5,2,4,4,5,5,5,2,0,2,2,9,7,6,10,11,21,13,15,10,12,7,9,9,9,11,7,5,13,8,18,13,10,13,9,9,18,8,11,5,1,1,1,7,3,3,2,3,3,3,4,5,0,2,1,2,1,4,2,2,2,2,1,0,3,3,0,0,2,1,4,2,2,0,0,0,0,0,1,5,3
FOODS_2_294_CA_1_evaluation,FOODS_2_294,FOODS_2,FOODS,CA_1,CA,0,0,0,0,0,0,0,0,0,0,0,0,0,0,0,0,0,0,0,0,0,0,0,0,0,0,0,0,0,0,0,0,0,0,0,0,0,0,0,0,0,0,0,0,0,0,0,0,0,0,0,0,0,0,0,0,0,0,0,0,0,0,0,0,0,0,0,0,0,0,0,0,0,0,0,0,0,0,0,0,0,0,0,0,0,0,0,0,0,0,0,0,0,0,0,0,0,0,0,0,0,0,0,0,0,0,0,0,0,0,0,0,0,0,0,0,0,0,0,0,0,0,0,0,0,0,0,0,0,0,0,0,0,0,0,0,6,3,1,0,9,9,3,1,0,0,1,5,14,7,2,2,1,4,4,5,2,4,0,2,3,2,0,0,0,0,0,0,0,10,4,1,3,8,6,5,12,10,1,0,0,0,0,0,0,0,0,0,0,2,0,5,0,0,3,1,4,0,0,0,0,0,0,0,3,1,0,5,2,2,0,0,0,0,0,0,0,0,9,0,5,2,6,6,9,8,10,6,6,1,6,11,12,7,0,4,2,6,6,7,6,3,4,4,3,9,6,3,3,4,3,4,7,1,10,3,10,9,4,4,0,0,0,0,0,0,0,1,3,1,1,5,6,11,11,1,0,8,2,1,10,18,1,6,0,4,8,9,19,10,7,1,6,9,11,3,2,12,7,0,5,3,5,4,3,5,2,8,3,0,0,0,0,0,0,0,2,3,3,6,0,2,3,0,0,0,0,0,0,0,6,4,0,5,3,6,4,4,3,2,2,0,4,1,1,8,5,3,6,17,22,11,6,4,5,4,7,16,9,5,3,2,4,5,11,4,0,1,3,5,0,7,7,2,0,0,0,0,0,0,0,0,0,0,0,0,0,0,0,1,5,5,0,0,0,1,0,1,2,4,4,0,0,1,9,0,0,9,3,9,5,0,0,3,7,5,1,6,1,0,0,4,7,2,0,0,2,10,1,6,0,3,5,5,6,1,5,2,0,0,0,0,12,1,4,1,2,0,1,3,1,0,0,5,5,2,8,3,4,1,5,5,5,6,0,1,5,6,3,6,3,11,8,2,5,2,14,10,6,0,0,5,7,9,9,12,1,4,3,1,3,8,6,2,9,3,3,7,8,7,4,8,7,0,12,8,8,7,0,2,6,3,14,6,3,5,2,4,4,6,4,4,4,3,1,3,11,13,13,17,10,4,5,3,11,13,8,3,0,0,0,0,0,0,0,0,0,0,0,0,0,0,0,0,0,0,0,0,0,0,0,0,0,0,0,2,2,0,4,3,3,6,3,4,2,2,2,3,0,0,0,0,0,6,3,3,2,0,7,8,0,2,0,7,3,1,3,2,3,9,0,0,1,7,5,1,18,3,10,5,10,7,1,0,1,0,5,16,1,2,5,0,0,1,1,4,3,0,2,1,3,5,2,0,3,2,0,3,2,0,2,2,3,1,1,6,2,2,3,4,0,4,9,3,0,0,4,0,5,6,0,0,0,2,3,3,4,4,0,0,0,4,2,8,0,3,1,6,0,3,11,3,3,3,1,3,6,2,1,3,2,2,0,1,5,1,4,4,3,0,1,6,2,1,0,2,0,3,10,9,3,3,0,1,0,0,4,4,0,2,4,10,4,0,1,0,3,3,6,6
FOODS_2_297_CA_1_evaluation,FOODS_2_297,FOODS_2,FOODS,CA_1,CA,1,1,0,1,0,0,3,1,2,0,1,2,1,3,2,0,1,1,0,2,0,0,2,0,0,0,1,3,4,0,4,0,3,2,1,1,0,3,1,2,2,3,5,0,1,0,0,1,0,5,4,2,0,0,0,0,2,0,1,1,2,0,0,3,0,0,0,1,1,1,0,0,2,0,0,0,3,1,1,2,3,5,0,2,0,1,3,0,1,1,1,0,3,1,0,0,0,2,0,1,2,1,0,0,0,0,0,0,0,0,0,0,0,0,0,0,0,0,0,0,0,0,0,0,0,0,0,0,0,0,0,0,0,0,0,0,0,0,0,0,0,0,0,0,0,0,0,0,0,0,0,0,0,0,0,0,0,0,0,0,0,0,0,0,5,1,1,0,0,0,0,2,2,0,0,1,0,0,1,0,0,4,0,8,1,0,3,1,0,1,1,2,0,2,2,0,4,1,0,1,3,0,0,0,0,0,0,0,0,0,0,0,0,0,0,0,0,0,0,0,0,0,0,0,0,0,0,0,0,0,0,0,0,0,0,0,0,0,0,0,0,0,0,0,0,0,0,0,0,0,0,0,0,0,0,0,0,0,0,0,0,0,0,0,0,0,0,0,0,0,0,0,0,0,0,0,0,0,0,0,0,0,0,0,0,0,0,3,6,3,0,1,0,0,2,3,1,2,0,2,4,2,0,1,0,0,3,0,1,1,0,0,2,1,1,2,0,1,2,0,1,0,2,4,0,1,0,1,1,1,1,0,4,0,1,1,0,0,0,1,0,0,0,3,1,1,0,4,0,3,0,1,0,0,0,4,1,5,1,0,3,0,0,1,1,0,0,0,0,0,1,0,1,1,0,0,0,0,1,0,3,0,2,1,0,3,3,0,2,1,0,0,0,1,1,0,2,1,2,2,0,1,1,0,0,2,2,0,0,0,0,0,4,2,0,0,0,2,1,1,0,3,3,0,3,1,0,0,1,4,0,0,2,1,1,1,1,0,1,1,2,2,1,0,2,0,1,1,1,1,0,0,2,1,0,3,4,0,0,0,0,1,0,3,0,0,0,0,1,2,0,0,3,0,0,0,1,1,0,0,1,0,0,0,0,3,1,0,1,1,4,1,0,0,0,0,1,0,2,4,1,0,2,0,1,2,1,1,1,0,0,0,3,0,1,0,0,0,0,1,0,3,1,0,0,0,1,0,0,1,0,3,0,1,0,0,0,1,0,0,1,1,1,3,0,2,0,0,0,1,0,0,1,0,0,1,0,0,0,3,0,4,0,0,0,0,1,2,1,0,0,0,0,0,0,0,3,0,1,0,0,1,1,0,1,0,0,3,1,0,0,0,0,1,1,0,2,2,0,0,0,1,2,0,0,0,1,0,0,2,1,0,0,0,2,0,3,2,0,1,0,0,1,3,0,1,0,0,0,0,0,0,0,0,0,1,0,0,1,0,0,0,0,1,0,1,0,0,0,1,0,1,1,0,0,0,0,1,2,0,0,0,1,1,1,0,0,1,1,0,0,0,0,1,0,0,0,1,1,0,0,0,0,2,0,1,0,0,0,0,0,4,0,0,0,0,0,0,0,2,1,3,0,0,0,0,0,0,0,1,0,2,0,0,2,2,0,0,0,0,0,3,2,1,2,0,1,0,1,1
FOODS_2_299_CA_1_evaluation,FOODS_2_299,FOODS_2,FOODS,CA_1,CA,13,0,3,3,8,6,10,14,8,4,5,8,5,4,11,10,3,4,2,4,4,13,8,4,5,3,5,6,11,8,11,5,3,0,7,4,7,4,3,6,13,8,3,10,10,6,6,3,8,7,4,0,4,4,4,9,5,3,3,4,2,6,6,12,3,2,0,0,6,10,4,5,9,4,3,6,4,4,4,4,7,2,8,3,5,4,8,0,6,5,4,3,2,0,0,1,5,4,4,7,12,5,1,2,6,12,10,2,7,6,4,6,11,4,5,3,2,2,14,0,4,5,4,5,3,4,7,8,2,7,6,12,5,4,5,6,1,8,8,14,11,2,2,1,0,4,9,10,6,8,7,6,4,9,8,6,1,4,1,3,10,7,7,12,2,4,9,11,9,0,0,0,0,0,0,0,10,3,2,2,5,9,12,10,6,6,11,1,3,5,7,11,7,3,5,5,17,7,3,8,14,7,7,10,8,5,4,11,6,7,14,23,17,17,11,0,17,6,4,8,6,9,14,13,11,13,1,11,10,3,3,13,17,3,0,11,1,9,7,6,7,4,5,4,5,12,6,6,5,2,11,3,14,2,1,5,7,3,15,8,9,4,3,5,2,9,8,6,3,4,7,5,3,10,3,4,1,6,5,10,7,9,1,6,2,2,16,8,4,1,10,3,8,5,2,13,4,3,1,4,11,4,6,8,3,6,4,5,7,3,4,7,7,5,0,0,10,4,3,5,1,6,10,3,1,7,3,7,7,5,6,1,3,2,10,4,14,4,2,7,5,7,10,12,7,5,3,4,5,9,13,8,7,8,3,7,9,2,10,11,4,8,10,8,10,9,2,1,6,4,4,6,8,6,7,2,13,8,10,9,3,1,7,0,8,12,3,8,5,2,4,3,2,9,9,1,8,2,3,5,6,4,2,6,9,15,4,3,7,2,8,7,9,3,5,3,3,7,5,11,2,2,4,7,3,5,5,3,1,3,3,4,9,13,2,8,5,4,12,3,5,10,7,6,8,4,6,8,7,7,3,6,4,8,6,13,5,4,4,5,7,8,4,6,3,7,4,13,15,4,12,3,2,4,4,5,9,5,6,3,5,4,8,10,2,2,4,3,2,8,5,6,3,6,10,7,7,16,12,11,2,5,5,8,14,9,6,3,9,8,8,5,12,5,7,7,3,2,5,5,3,4,7,1,8,7,10,2,7,8,2,2,10,8,1,5,10,5,3,9,11,9,6,6,5,13,13,8,8,2,7,0,7,9,9,5,8,7,16,0,0,0,0,0,0,0,0,0,0,0,0,3,3,9,10,8,6,0,0,0,0,6,5,3,0,0,2,0,1,11,0,3,2,8,4,1,0,0,0,0,0,0,0,0,0,0,0,6,3,2,0,0,0,0,1,1,0,0,3,2,5,1,1,0,7,2,10,3,0,2,7,2,8,3,8,4,1,3,8,2,7,4,2,1,5,5,1,3,1,6,2,7,5,0,0,2,3,1,5,5,5,1,10,0,1,1,10,2,0,0,0,0,0,0,0,0,2,7,3,2,6,6,2,4,1,1,2,0,0,0,0,0,0,0,8,9,2,3,0,0,0,0,0,2,2,4,5,7,2,2,5,4,2,0,6,5,2,0,3,4,5,0,5,5,2,4,1,7,8,4
FOODS_2_304_CA_1_evaluation,FOODS_2_304,FOODS_2,FOODS,CA_1,CA,0,0,0,0,0,0,0,0,0,0,0,0,0,0,0,0,0,0,0,0,0,0,0,0,0,0,0,0,0,0,0,0,0,0,0,0,0,0,0,0,0,0,0,0,0,0,0,0,0,0,0,0,0,0,0,0,0,0,0,0,0,0,0,0,0,0,0,0,0,0,0,0,0,0,0,0,0,0,0,0,0,0,0,0,0,0,0,0,0,0,0,0,0,0,0,0,0,0,0,0,0,0,0,0,0,0,0,0,0,0,0,0,0,0,0,0,0,0,0,0,0,0,1,0,0,0,0,2,1,3,1,1,3,2,1,1,1,1,4,2,1,4,2,2,1,2,1,7,6,0,0,2,0,1,3,4,2,0,2,7,2,0,5,7,2,1,1,2,2,5,2,1,0,4,0,3,3,1,1,3,1,2,4,4,4,1,2,0,0,3,0,1,0,1,2,2,4,3,0,0,0,1,0,4,1,0,0,1,1,0,2,0,3,0,3,0,2,0,1,0,1,1,0,0,0,4,2,2,3,0,0,3,2,1,0,0,0,0,2,3,1,3,0,1,1,0,0,0,0,2,1,2,2,6,2,0,1,1,2,6,1,5,0,1,2,2,1,3,1,1,2,2,2,1,4,0,4,1,1,1,1,3,1,1,2,4,2,2,2,3,3,2,0,0,2,5,4,5,2,1,2,3,4,1,0,2,2,3,2,3,1,3,3,1,2,2,1,1,0,0,1,4,3,2,0,0,3,1,1,1,1,1,0,0,3,1,1,3,3,0,0,1,3,4,4,5,1,4,3,2,5,7,0,1,4,0,7,4,1,7,2,4,0,2,1,5,4,1,0,4,1,5,4,6,0,1,0,9,1,5,5,4,2,3,5,0,6,2,5,3,4,4,1,4,2,7,0,2,3,4,7,2,3,5,4,1,3,5,5,2,3,3,3,3,6,5,2,5,3,1,2,6,6,2,3,6,2,4,4,1,2,5,4,4,3,8,5,4,2,2,6,5,10,2,2,2,0,3,4,3,5,1,4,2,1,3,5,4,6,4,1,2,3,2,3,3,1,2,3,2,2,3,1,2,1,2,2,4,1,4,0,2,1,0,2,1,2,1,1,0,0,1,1,1,1,1,2,2,1,7,1,1,1,0,6,0,1,3,0,2,1,2,0,0,1,2,1,2,0,1,4,0,0,0,1,1,2,2,4,0,0,2,3,2,5,7,2,2,2,4,4,4,1,3,0,5,7,6,0,2,0,0,4,3,7,2,1,3,1,1,2,3,4,2,2,1,2,2,4,2,3,2,3,3,3,1,5,5,2,2,0,1,4,3,3,4,2,0,2,4,5,6,4,3,1,2,6,4,3,3,1,2,3,2,2,1,5,3,1,2,2,0,3,1,2,2,4,4,2,3,3,2,3,7,5,1,3,3,4,3,4,2,3,3,5,5,2,3,2,2,1,2,2,3,4,3,4,0,0,0,1,4,4,4,1,3,2,3,1,2,5,4,1,2,2,2,3,0,0,0,0,3,2,2,3,1,1,4,3,2,5,1,4,3,2,3,3,2,3,1,0,1,3,3,5,8,2,1,2,3,5,6,3,1,1,0,0,4,4,2,1,3,0,5,2,0,3,1,3,2,2,5,5,1,4,3,2,1,2,4
FOODS_2_307_CA_1_evaluation,FOODS_2_307,FOODS_2,FOODS,CA_1,CA,1,4,5,0,7,4,0,1,4,2,0,0,5,1,4,4,8,1,0,3,0,3,2,1,3,3,4,7,4,0,0,0,1,3,2,0,1,0,1,0,3,1,2,0,1,3,6,5,1,2,2,1,0,0,1,4,3,3,1,0,0,0,0,0,3,0,0,0,0,2,4,2,3,3,1,0,1,0,2,4,2,4,6,1,0,0,2,0,1,2,1,3,1,2,3,3,9,0,3,2,7,3,1,0,0,2,0,0,4,3,8,1,6,4,3,2,3,1,2,6,2,3,3,1,2,2,4,2,4,3,1,5,1,1,4,8,1,0,2,1,1,3,6,5,0,6,8,3,5,5,0,3,5,4,9,9,10,5,5,9,10,8,10,9,10,3,4,6,7,9,6,2,4,7,13,10,3,7,7,14,11,7,9,8,8,1,3,1,4,0,5,6,3,5,8,6,13,6,6,11,11,8,17,17,14,7,2,8,8,14,11,6,7,4,1,0,0,7,6,6,4,6,3,7,8,0,0,0,0,0,0,0,5,10,2,0,9,10,5,0,0,0,0,0,0,0,14,11,9,7,5,0,4,5,0,2,3,2,4,4,7,3,3,1,1,1,3,3,4,1,3,2,3,4,4,4,0,0,0,0,5,2,1,3,4,5,4,0,0,0,3,0,1,3,5,0,0,0,1,5,0,6,0,0,0,4,2,3,0,2,1,0,0,4,2,3,1,0,0,0,3,3,0,3,5,5,0,0,3,5,5,7,3,1,5,1,2,7,1,3,2,3,1,3,3,1,5,3,3,2,9,7,2,6,2,2,1,3,6,2,3,1,3,5,6,0,0,2,1,1,3,1,2,5,1,2,0,2,0,3,3,0,0,2,0,0,5,8,1,1,3,0,2,1,3,0,1,6,3,4,4,0,1,1,4,4,2,0,1,1,0,3,0,0,7,2,1,0,3,2,1,2,1,0,2,2,0,0,1,0,0,0,0,3,0,6,4,7,1,5,4,1,2,7,4,0,4,4,2,2,2,0,4,2,3,3,4,2,6,1,5,3,6,3,1,1,2,2,2,5,0,5,2,1,3,0,2,2,2,0,0,4,1,0,1,0,2,4,2,0,2,6,1,8,1,2,3,2,1,9,0,0,0,3,2,3,0,3,1,2,5,3,9,0,1,3,0,1,3,3,1,4,1,1,2,0,2,1,1,3,5,1,5,4,0,1,3,3,2,0,4,7,3,1,3,3,0,0,1,2,0,1,2,7,4,1,0,2,5,5,6,7,6,4,0,8,7,7,7,11,0,3,1,1,0,2,1,0,0,0,0,2,1,0,2,5,1,2,5,7,6,2,4,3,2,0,4,0,1,2,1,3,2,2,0,0,1,5,0,5,3,2,1,1,2,0,5,6,1,1,6,4,0,7,4,1,0,8,1,1,0,3,1,2,3,0,0,3,1,0,2,1,0,2,4,9,4,3,0,0,2,2,4,7,2,1,1,2,10,3,0,2,3,2,0,1,4,1,0,1,2,0,5,0,1,1,1,4,0,9,4,0,2,0,3,2,6,2,0,0,1,0,3,0,2,1,1,5,3,0,4,3,2,3,3,5,4,0,3,3,4,6,0,2,2,1,2,5,4,2,3,7,1,3,2,3,4,0,4,4
FOODS_2_309_CA_1_evaluation,FOODS_2_309,FOODS_2,FOODS,CA_1,CA,3,0,2,0,0,0,2,0,1,2,0,0,2,0,2,3,1,0,1,1,2,1,1,4,2,0,0,0,2,0,0,0,0,0,1,0,0,0,1,1,5,0,2,0,2,3,1,0,1,3,1,0,2,0,0,0,0,4,1,0,1,0,1,0,0,0,4,2,0,0,3,1,2,0,2,0,1,1,2,1,3,3,0,0,1,3,0,2,1,0,1,0,2,1,3,0,0,1,4,3,1,0,0,0,0,0,0,0,0,1,5,0,3,2,2,0,1,2,2,2,0,0,2,1,1,0,2,1,0,4,4,1,2,2,1,1,1,2,2,1,0,1,2,2,1,0,1,2,2,2,0,0,0,2,6,2,1,1,0,0,0,0,1,1,0,2,0,1,3,5,0,3,0,1,0,1,3,0,1,1,1,0,0,2,0,2,0,0,0,1,1,2,3,0,1,0,0,6,0,1,3,0,0,1,1,1,1,2,7,0,0,0,1,1,1,0,2,0,1,2,1,1,0,0,2,2,3,3,4,0,0,0,1,2,2,0,0,3,1,0,0,0,0,1,0,2,3,2,0,1,0,1,2,1,0,0,1,1,0,1,1,3,1,0,1,1,1,3,1,1,2,2,2,0,2,1,2,0,0,3,4,2,1,0,0,1,5,6,0,0,0,1,4,1,2,2,2,0,0,1,2,1,1,3,2,0,0,3,4,0,0,1,2,3,0,3,3,1,2,2,1,2,1,2,0,0,0,1,4,1,2,0,2,2,0,2,3,2,3,3,1,0,0,1,4,0,3,0,1,0,5,1,0,2,2,0,2,4,3,0,0,0,6,5,2,1,3,1,1,0,0,1,1,1,1,0,4,1,4,0,4,0,0,1,5,1,4,1,1,0,2,3,1,1,2,0,1,1,4,0,4,3,1,2,1,1,5,1,0,1,0,1,0,5,4,2,1,2,1,3,3,2,1,1,0,2,1,1,0,0,5,0,3,5,0,0,0,0,0,0,0,0,3,6,3,7,0,0,0,2,2,2,1,4,3,3,7,1,3,0,1,1,7,2,0,1,3,2,4,9,0,1,3,3,3,1,3,1,0,1,0,4,4,3,4,1,2,0,0,1,1,3,7,3,2,3,1,4,4,3,1,1,10,3,5,2,3,4,2,2,2,7,2,4,1,2,1,9,2,1,2,2,1,3,5,3,3,6,4,1,2,1,8,5,3,1,4,0,1,2,3,1,0,5,2,3,1,2,0,1,2,0,1,1,4,1,7,1,5,6,4,4,4,1,2,3,2,6,1,3,6,3,0,1,2,5,1,5,3,3,0,1,0,2,7,0,2,3,8,4,3,3,2,2,3,0,0,0,0,0,0,4,1,0,1,1,1,2,1,5,1,0,1,0,0,0,0,0,7,6,1,6,1,5,1,2,4,1,4,3,1,5,2,1,2,3,0,5,3,1,1,2,2,1,3,2,2,1,3,1,0,6,7,6,1,0,1,0,6,4,0,2,1,2,0,3,2,2,0,2,1,3,3,2,2,3,0,1,1,1,3,2,2,2,2,4,3,0,3,0,0,1,2,1,1,0,5,0,1,3,2,8,1,2,0,2,3,1,4,3,2,1,0,5,3,5,3,2,2,0,3,6,3,2,1,1,1,4,4,0
FOODS_2_311_CA_1_evaluation,FOODS_2_311,FOODS_2,FOODS,CA_1,CA,0,0,0,0,0,0,0,0,0,0,0,0,0,0,0,0,1,0,0,0,0,0,0,0,0,0,0,0,0,0,0,0,0,0,0,0,0,0,0,0,0,0,0,0,0,0,0,0,0,0,0,0,0,0,0,0,3,2,1,1,1,0,1,3,2,2,1,0,0,0,0,0,0,0,0,0,0,0,0,0,0,0,0,0,0,0,0,0,0,0,0,0,0,0,0,0,0,0,0,0,0,0,0,0,0,6,1,3,2,0,0,0,2,7,2,0,2,3,1,0,3,1,2,0,0,0,0,0,0,0,0,0,0,0,0,1,0,0,0,0,0,0,0,0,0,0,0,0,0,0,0,0,0,0,0,0,0,0,0,0,0,0,0,0,0,0,0,0,0,0,0,0,0,0,0,0,0,0,0,0,0,0,0,0,0,0,0,0,0,0,0,0,0,0,0,0,0,0,0,0,0,0,0,0,0,0,0,0,0,0,0,0,0,0,0,0,0,0,0,0,0,0,0,0,0,0,0,0,0,0,0,0,0,0,0,0,0,0,0,0,3,1,3,3,7,7,8,3,1,1,0,3,8,4,3,1,2,3,4,6,11,4,4,0,1,5,0,4,0,4,2,4,7,4,6,3,0,2,7,2,9,5,5,2,2,2,0,3,6,2,3,6,2,3,3,7,4,3,1,4,0,6,4,3,1,0,0,1,1,3,2,4,2,4,6,3,3,5,1,4,2,1,2,2,2,0,6,3,1,5,7,3,1,2,0,3,1,5,3,3,0,5,3,3,3,1,3,0,1,3,3,0,4,1,0,1,3,3,3,4,0,0,1,1,4,4,3,1,1,2,2,0,0,0,0,0,0,0,0,0,0,0,0,0,0,0,0,0,0,0,0,0,0,0,0,0,0,0,0,0,0,0,0,0,0,0,0,0,0,0,0,0,0,0,0,0,0,0,0,0,4,1,1,1,2,1,1,2,3,2,4,2,2,0,2,1,6,1,1,1,1,2,4,4,3,1,5,5,3,0,6,3,2,0,1,8,4,2,1,4,1,2,4,3,0,1,3,1,4,2,0,5,2,3,2,2,2,4,3,2,1,2,4,3,5,3,1,1,3,0,5,3,3,3,3,2,1,5,2,4,4,2,0,1,4,3,0,2,1,2,1,9,2,0,1,1,3,1,2,6,1,1,2,1,0,0,1,3,3,3,3,1,3,2,3,3,1,3,4,2,6,7,0,3,1,2,0,3,3,2,2,0,2,1,1,2,3,2,1,4,4,0,4,1,2,3,4,5,6,6,2,1,5,1,3,2,1,0,0,6,0,0,8,3,1,5,2,3,5,5,5,0,6,3,9,5,6,1,4,3,2,3,5,1,5,0,1,4,2,1,1,2,4,3,2,0,5,6,2,1,2,4,5,5,2,3,2,1,2,3,4,3,4,2,0,4,5,3,2,3,4,3,4,0,6,7,7,5,0,3,1,6,2,3,1,1,2,2,3,2,0,3,2,2,5,2,6,2,2,4,1,2,4,1,1,3,1,1,3,5,11,2,0,5,1,3,5,5,4,2,1,4,1,2,3,2,1,2,0,2,4,0,0,1,2,1,5,4,1,3,2,2,1,2,0,0,0,0,0,0,0,0,0,0,0,0,0,0,2,5
FOODS_2_315_CA_1_evaluation,FOODS_2_315,FOODS_2,FOODS,CA_1,CA,0,0,0,0,0,0,0,0,0,0,0,0,0,0,0,0,0,0,0,0,0,0,0,0,0,0,0,0,0,0,0,0,0,0,0,0,0,0,0,0,0,0,0,0,0,0,0,0,0,0,0,0,0,0,0,0,0,0,0,0,3,2,6,4,5,10,7,5,2,8,8,12,4,12,5,5,6,5,12,7,4,0,5,4,3,2,1,3,5,3,10,12,10,7,3,3,0,2,2,2,6,2,6,2,3,10,6,9,4,2,2,0,1,9,2,0,1,4,0,7,2,6,6,8,9,4,2,7,4,6,2,2,8,11,1,11,4,1,0,2,4,5,3,2,6,1,8,2,6,2,3,4,4,2,11,5,5,10,4,5,2,10,7,11,13,4,6,3,7,10,5,5,2,2,5,7,5,5,2,1,6,7,4,4,2,3,8,0,0,4,4,1,4,8,9,6,5,7,4,3,5,6,3,7,5,1,1,6,7,12,3,4,1,4,3,0,0,1,6,3,4,4,2,1,6,2,5,6,4,3,3,4,11,5,3,1,4,6,2,9,4,7,1,5,8,2,6,5,4,4,0,6,4,2,2,1,3,0,3,2,12,15,7,8,5,1,7,2,4,1,7,2,2,6,6,2,4,3,2,4,0,6,8,5,3,4,3,6,0,0,0,0,0,0,0,0,5,9,5,0,1,3,11,2,2,5,1,7,4,8,3,3,6,1,11,8,6,2,4,4,11,12,7,0,0,0,0,0,0,0,6,2,5,4,0,0,7,8,7,0,1,0,3,6,2,4,6,0,0,0,0,0,0,0,0,0,0,0,0,0,0,0,0,0,0,0,0,0,0,0,0,0,0,0,0,0,0,0,0,0,0,0,0,0,0,0,0,0,0,0,0,0,0,0,0,0,0,0,0,0,0,0,0,0,0,0,0,0,0,0,0,0,0,0,0,0,0,0,0,0,0,0,0,0,0,0,0,0,0,0,0,0,0,0,0,0,0,0,0,0,0,0,0,0,0,0,0,0,0,0,0,0,0,0,0,0,0,0,0,0,6,3,11,4,5,1,6,5,2,3,6,4,8,4,0,7,2,3,3,5,0,0,13,7,6,5,1,6,0,6,3,1,7,4,4,2,1,10,5,2,3,2,8,5,0,5,5,3,1,0,4,5,9,3,4,9,4,8,6,6,7,3,7,4,3,2,5,0,7,0,0,4,0,7,0,4,0,4,2,1,0,0,0,0,0,0,0,0,0,1,0,1,5,4,13,2,6,8,1,19,18,3,11,7,1,6,1,3,1,0,0,3,2,3,5,0,0,0,2,0,0,6,1,8,0,3,4,2,2,4,2,1,4,6,2,6,6,9,0,4,2,4,6,3,1,3,4,2,0,0,0,0,0,0,0,0,0,0,5,5,4,4,6,9,4,2,2,1,0,11,6,2,6,0,1,2,0,1,0,0,0,0,0,0,0,0,0,0,0,0,0,0,0,0,0,0,0,0,0,0,0,0,0,0,0,0,0,0,0,0,0,0,0,0,0,0,0,0,0,0,0,0,0,0,0,0,0,0,0,1,4,0,4,5,9,1,1,1,3,7,2,6,3,2,5,3,2,3,6,1,7,3,1,0,2,4,1,2,2,1,2,0,5,12,3,4,1,2,1,2
FOODS_2_319_CA_1_evaluation,FOODS_2_319,FOODS_2,FOODS,CA_1,CA,0,0,0,0,0,0,0,0,2,0,0,0,0,0,1,0,1,0,2,0,0,1,0,0,0,0,0,0,0,2,0,2,0,2,1,0,1,0,1,1,2,2,1,1,0,1,0,5,0,0,0,1,1,2,0,1,0,2,4,4,0,0,0,0,1,1,0,0,0,0,1,2,6,0,2,1,0,0,0,0,0,0,2,0,1,3,0,1,0,0,1,1,1,0,0,2,1,0,0,0,3,0,0,2,4,2,0,0,0,0,0,1,2,1,2,0,0,3,0,0,0,0,2,1,0,0,0,1,2,0,0,0,0,0,1,2,2,0,0,0,0,2,4,0,0,0,0,2,2,4,1,0,0,0,1,0,0,0,0,0,0,0,1,2,0,0,0,1,3,0,0,2,0,0,1,2,5,3,1,1,0,0,1,1,0,0,0,0,0,1,1,1,0,0,0,0,0,0,3,0,0,0,0,1,0,0,0,0,0,2,3,0,0,0,0,0,0,0,0,1,0,0,0,0,0,0,0,0,0,0,0,0,0,0,0,0,0,0,0,0,0,0,0,0,0,0,0,0,0,0,0,0,0,0,0,0,0,0,0,0,0,0,0,0,0,0,0,0,0,0,0,0,0,0,0,0,0,1,1,1,2,1,1,5,0,0,2,0,3,1,2,1,1,3,1,2,0,0,1,3,1,1,4,3,2,0,0,0,1,0,0,0,3,0,0,0,0,0,0,1,0,0,1,1,0,1,0,1,1,0,0,0,4,1,1,1,0,3,2,0,2,0,1,0,1,1,6,1,0,0,1,1,1,2,0,0,1,1,1,0,0,0,0,2,1,1,1,2,2,0,0,3,1,0,1,0,2,0,0,0,0,0,0,2,0,2,1,0,0,0,0,0,0,0,2,2,0,0,0,0,0,1,0,0,0,1,0,0,0,0,1,0,0,0,0,2,0,1,0,0,0,0,0,0,1,0,1,0,0,0,0,0,0,0,0,0,0,0,1,0,0,0,0,0,0,0,0,1,0,2,2,3,0,0,1,0,0,1,0,0,0,0,0,1,0,0,0,0,0,0,0,0,3,1,0,1,0,0,0,0,2,0,1,0,0,1,0,0,0,0,1,1,0,0,0,0,0,0,5,2,0,0,0,0,0,0,0,0,0,1,0,2,1,0,0,2,0,0,0,4,0,0,0,0,0,0,1,0,0,0,0,0,0,0,0,3,0,0,0,1,4,0,1,0,0,2,0,0,2,0,1,0,0,0,0,4,0,1,0,0,3,0,2,3,0,0,0,2,0,1,0,0,1,0,0,0,0,1,0,2,0,0,1,2,0,0,0,0,2,1,1,0,2,1,0,0,0,0,1,0,0,0,1,1,2,0,0,0,0,1,1,1,0,2,0,0,0,0,0,1,0,0,5,0,0,2,0,2,0,0,0,2,0,0,0,0,0,0,0,1,0,0,0,4,0,0,2,3,1,0,0,0,2,2,1,1,0,0,0,0,0,3,0,0,0,0,0,0,1,0,0,1,0,0,0,1,0,0,1,0,2,0,0,0,0,0,0,0,1,0,0,0,0,3,0,4,0,1,0,3,0,2,0,0,0,0,0,0,0,0,0,3,1,0,0,2,0,6,0,0,0,0,0,0,0,0,0,0,2,0
FOODS_2_325_CA_1_evaluation,FOODS_2_325,FOODS_2,FOODS,CA_1,CA,0,8,8,7,2,0,5,7,0,1,7,2,3,2,10,8,8,12,4,2,10,14,0,12,1,6,4,1,4,4,7,3,9,8,8,6,8,6,7,8,3,4,8,15,6,3,1,0,1,6,5,8,6,7,6,6,2,7,1,1,3,2,4,6,2,10,4,9,0,7,1,13,10,0,7,6,4,6,7,6,2,2,10,3,2,15,7,7,2,3,10,1,2,1,7,6,1,4,10,7,10,8,2,8,7,10,4,2,2,4,11,0,4,10,10,3,7,2,5,18,2,0,5,3,0,8,4,3,2,8,7,3,8,9,9,6,13,6,5,4,6,11,11,3,1,3,2,3,5,3,2,1,0,0,6,13,1,1,0,4,5,8,14,4,8,0,8,5,5,4,7,4,3,4,2,8,14,0,3,5,2,0,10,3,6,3,10,0,5,6,5,5,6,6,4,2,9,6,5,7,4,3,13,5,6,4,10,2,4,12,9,4,4,15,10,0,4,7,4,7,5,5,11,10,13,17,7,0,8,3,4,7,5,10,2,8,6,3,12,9,6,3,5,3,7,1,3,2,0,2,11,5,14,1,4,0,3,2,14,21,10,9,3,7,17,8,10,6,2,3,0,3,7,1,10,3,1,3,7,3,7,10,14,3,0,17,13,11,2,5,0,5,4,11,2,12,5,1,5,1,3,8,4,8,7,8,2,3,7,2,12,6,10,0,14,12,7,5,0,0,1,6,7,0,0,0,0,0,0,0,12,3,4,3,0,0,1,3,5,3,11,4,16,10,4,16,7,4,7,4,11,6,2,6,2,12,1,3,7,5,0,11,8,4,6,12,4,4,3,1,15,5,3,3,2,4,5,0,0,0,0,1,2,7,10,3,1,7,2,5,0,3,1,4,12,5,5,14,7,16,0,3,12,10,9,2,1,9,8,7,12,11,6,7,2,5,6,3,3,4,2,7,13,9,1,5,3,2,5,1,1,3,7,0,10,15,7,4,7,9,1,10,4,5,4,4,4,2,6,5,3,4,7,2,11,11,1,2,4,2,1,3,0,10,8,9,4,8,5,6,14,11,5,4,1,10,6,3,4,14,5,2,7,8,7,1,6,4,4,5,3,2,4,5,4,2,16,6,12,4,8,4,2,10,6,10,5,11,4,0,4,9,9,6,13,10,3,0,4,5,2,4,0,1,7,6,4,10,9,2,6,5,4,15,8,6,3,0,3,10,5,3,0,1,5,4,8,6,13,9,12,0,0,2,7,3,5,20,7,7,5,16,13,1,7,17,8,4,4,17,7,2,2,7,5,7,5,4,6,5,0,4,7,1,3,13,3,2,12,10,5,4,3,5,9,3,3,6,7,6,3,4,2,9,14,2,5,2,7,6,5,5,2,3,8,2,12,11,7,9,17,9,7,3,2,1,4,16,2,6,3,8,2,2,4,9,3,7,0,4,3,0,2,4,3,10,6,7,3,13,0,3,8,5,3,8,1,2,3,5,3,3,2,2,4,9,7,2,2,1,11,8,7,9,6,2,3,3,4,6,5,7,1,8,8,5,8,4,6,6,4,2,2,12,3,4,1,5,1,3,12,1,7,6,1,1,8,1,9,1,5,7,4,4,3,6,7,3,0,4,8,20,4,3,8,2,2,10,5,3
FOODS_2_326_CA_1_evaluation,FOODS_2_326,FOODS_2,FOODS,CA_1,CA,9,3,5,2,0,0,3,2,1,6,0,0,0,0,0,0,0,0,0,0,1,9,0,1,0,0,1,0,0,0,6,0,0,2,0,1,3,0,3,0,4,5,0,2,7,3,0,0,0,1,6,1,5,4,4,0,1,5,2,8,5,1,0,2,2,0,0,1,5,0,1,4,6,4,0,1,4,1,2,8,6,2,0,3,5,2,3,4,3,1,3,4,8,0,3,2,4,2,1,2,4,3,4,3,1,5,6,5,6,6,1,8,0,3,4,1,2,2,0,1,7,3,2,0,1,0,6,7,1,6,5,2,4,2,7,2,4,6,6,1,2,10,7,2,0,0,2,1,7,3,0,2,6,10,6,4,1,5,2,3,0,4,6,6,7,4,13,0,1,0,8,4,0,0,0,2,8,3,0,8,2,1,12,9,1,2,0,1,0,3,6,3,5,6,0,0,1,12,11,0,0,0,5,10,5,4,0,2,2,4,8,6,1,1,0,0,6,4,6,3,0,7,0,9,7,1,10,2,3,1,2,0,6,5,6,1,0,1,2,9,5,1,2,2,2,1,2,8,5,2,2,5,3,2,0,18,5,4,1,2,10,14,0,9,1,2,0,0,0,0,0,0,0,0,0,0,0,1,2,1,7,3,3,2,1,1,2,2,1,2,3,2,6,0,1,5,4,0,1,0,0,3,14,3,2,1,7,5,2,4,4,3,0,0,8,3,10,7,5,2,3,8,4,4,4,2,0,1,4,0,1,3,2,3,4,1,2,4,4,2,2,2,3,4,5,3,0,0,0,0,0,12,0,0,0,3,2,7,0,4,4,4,0,10,2,0,0,4,4,0,0,4,8,3,0,3,5,4,0,6,6,5,7,0,0,9,3,0,0,5,5,2,0,3,1,8,0,0,3,4,4,6,4,3,4,0,4,7,4,9,6,0,0,12,14,0,11,1,0,4,8,6,6,10,4,3,1,8,3,7,6,5,2,2,5,7,7,4,6,1,14,15,3,2,5,11,9,8,0,4,12,5,6,3,7,7,9,7,1,3,7,4,5,5,8,7,3,4,2,12,4,19,4,0,5,6,16,0,2,9,2,3,7,6,7,0,4,6,14,1,0,20,6,9,11,7,4,19,9,16,0,13,5,0,12,1,13,0,11,6,3,4,14,2,7,1,7,5,13,0,10,16,1,10,20,9,17,5,14,16,6,3,15,1,8,1,8,0,0,0,6,6,9,3,1,0,2,10,3,0,2,6,0,0,7,4,12,2,9,0,12,3,6,17,4,1,0,1,7,3,17,4,11,2,4,14,5,8,7,0,0,0,6,2,0,0,0,0,0,7,6,3,0,13,5,11,3,0,0,0,0,0,0,15,3,6,0,0,0,0,0,0,0,0,0,0,0,6,11,4,5,4,2,7,3,2,12,5,1,2,3,8,2,11,6,1,5,2,3,8,2,10,3,2,4,4,3,3,4,3,3,18,20,12,21,17,6,19,9,14,14,5,7,12,13,17,18,17,16,5,4,6,4,12,7,1,5,5,12,3,12,8,13,14,20,15,14,14,2,3,2,2,6,7,2,5,4,4,6,4,6,15,8,7,9,6,4,7,12,5,7,2,2,0,12,2,19,21,2,12,3,3,10,2,1,10,6,0,5,8
FOODS_2_327_CA_1_evaluation,FOODS_2_327,FOODS_2,FOODS,CA_1,CA,0,0,0,0,4,2,3,0,4,4,0,4,1,2,1,4,3,5,5,1,4,3,1,7,2,0,0,1,5,2,1,1,2,1,0,4,2,0,4,1,4,0,0,1,0,0,16,1,0,0,0,2,6,0,2,5,0,3,4,0,0,0,0,5,3,2,2,0,3,0,1,0,5,0,4,5,3,2,11,0,1,0,4,1,0,0,2,0,2,3,1,2,3,9,4,1,2,6,2,2,5,5,3,1,2,1,9,2,7,0,0,3,0,3,3,2,3,3,3,7,1,0,0,1,2,4,0,1,4,0,0,0,1,4,4,2,5,4,2,5,2,1,1,2,0,2,0,6,1,0,1,0,2,0,0,2,0,0,1,3,0,0,6,6,0,0,3,0,2,3,3,5,4,1,0,3,4,2,0,0,3,0,0,4,2,2,9,0,0,1,3,0,8,0,8,0,1,7,1,0,0,0,0,2,1,2,3,0,0,0,2,0,2,0,0,0,0,0,3,8,0,0,0,2,4,0,0,4,0,2,3,0,2,2,3,4,0,3,0,2,4,1,0,2,1,6,0,0,2,1,6,1,0,2,1,2,1,2,0,3,8,1,0,3,5,1,6,0,1,0,0,0,0,2,0,2,0,0,0,2,0,2,0,2,0,3,0,2,3,0,4,2,0,0,1,18,2,2,5,0,6,1,4,0,1,0,1,0,0,0,2,3,0,0,1,1,0,0,2,4,0,5,4,2,1,1,0,0,0,4,0,0,1,2,2,0,2,3,1,2,1,0,3,1,5,1,3,1,5,0,1,0,0,4,4,3,1,4,2,1,0,4,0,1,0,3,1,4,0,0,1,1,0,1,0,0,2,2,0,0,0,0,1,0,2,0,2,0,6,0,0,0,0,0,1,1,0,1,0,4,1,4,0,0,1,0,0,0,3,0,0,0,2,0,1,0,0,3,3,0,0,2,2,0,0,1,0,0,0,1,2,0,0,1,1,0,0,1,0,3,3,3,3,1,0,1,4,0,0,0,4,2,3,2,0,0,2,1,0,2,1,0,1,2,0,0,0,1,0,7,1,0,0,2,1,0,0,2,0,3,0,1,0,0,0,0,1,6,0,0,4,5,0,1,1,1,1,0,8,5,1,2,0,0,3,2,0,0,0,1,0,2,1,0,0,3,0,2,0,0,3,8,1,2,1,6,0,3,7,2,0,0,9,10,0,0,3,4,1,0,1,3,2,1,1,0,1,9,0,2,0,2,2,3,6,1,4,0,1,3,5,1,1,5,0,0,2,2,4,2,4,1,5,2,0,1,0,1,1,0,0,1,0,0,1,2,2,2,2,1,0,1,2,5,6,1,5,0,2,1,1,2,1,4,0,0,0,1,2,0,4,1,6,6,0,1,1,0,3,2,1,1,0,6,1,0,1,1,3,4,0,10,1,0,0,4,3,3,2,4,1,0,1,0,1,2,3,1,3,0,2,3,1,5,1,1,2,2,0,3,2,2,0,0,0,4,5,3,0,1,1,0,10,0,0,0,1,2,5,4,4,3,4,0,1,3,4,4,0,2,2,2,1,4,3,0,1,1,1,9,0,4,2,1,0,1,0,5,1,9,5,0,5,5,4,0,3,0,4,0,7,1,1,1,6,4,1,4,0,2
FOODS_2_330_CA_1_evaluation,FOODS_2_330,FOODS_2,FOODS,CA_1,CA,2,0,1,0,3,0,0,0,0,0,0,0,0,0,0,0,0,0,0,0,0,0,0,0,0,0,0,0,0,0,0,0,0,0,0,0,0,0,0,0,0,0,0,0,0,0,0,0,0,0,0,0,0,0,0,0,0,0,0,0,0,0,0,0,0,0,0,0,0,0,0,0,0,0,0,0,0,0,0,0,0,0,0,0,0,0,0,0,0,0,0,0,2,1,1,1,0,0,0,1,0,5,0,1,1,0,2,0,1,1,0,0,0,0,1,1,0,0,1,1,2,3,1,1,1,0,1,1,1,1,0,0,0,2,0,0,0,0,0,0,0,2,2,0,0,2,0,2,0,0,0,0,1,0,0,2,2,0,1,0,0,1,5,1,1,0,2,1,1,0,2,0,2,1,0,0,2,0,0,0,0,0,0,0,0,1,0,0,0,0,1,0,0,2,3,0,0,1,1,1,1,1,2,0,0,0,1,0,4,0,0,0,2,0,0,0,1,3,0,1,1,1,0,3,0,2,0,0,0,0,0,1,2,1,0,0,2,3,2,0,0,0,0,0,0,0,2,1,0,0,0,0,0,1,3,2,0,0,0,1,0,2,1,1,0,0,0,0,0,1,3,0,0,0,2,0,0,0,2,0,2,1,2,0,0,0,0,0,1,0,0,0,0,0,1,1,0,0,0,0,1,2,0,0,0,1,0,1,1,2,0,0,0,3,0,1,0,1,0,1,0,0,0,1,0,1,0,0,0,1,0,0,1,1,0,0,1,0,2,1,0,0,0,0,3,2,0,0,1,0,0,0,0,0,0,2,0,0,0,3,0,2,0,2,0,1,0,0,1,0,0,1,2,0,0,0,0,1,2,2,0,1,1,1,0,0,1,0,1,1,0,0,0,0,0,0,1,0,1,0,0,0,1,0,0,0,0,1,2,0,1,0,0,0,0,2,0,1,0,0,0,0,1,0,0,0,0,0,0,0,0,0,2,0,0,0,2,0,2,0,0,1,0,0,0,1,0,0,0,0,1,1,0,0,1,0,0,0,1,2,1,0,0,0,0,0,0,1,0,0,1,1,0,0,0,0,0,0,0,0,0,0,0,0,0,0,0,0,0,0,0,0,0,0,0,0,0,0,0,0,0,0,0,0,0,0,0,0,0,0,0,0,0,0,0,0,0,0,0,0,0,0,0,0,0,0,0,0,0,0,0,0,0,0,0,0,0,0,0,0,0,0,0,0,0,0,0,0,0,0,0,0,0,0,0,0,0,0,0,0,0,0,0,0,0,0,0,0,0,0,0,3,2,1,2,1,0,0,0,0,0,0,1,0,1,1,2,1,0,0,1,1,0,0,2,1,1,0,3,2,0,1,1,0,1,1,0,0,0,1,2,1,0,1,0,1,0,1,1,2,0,0,0,0,1,0,2,1,0,0,0,2,1,0,0,1,1,0,0,2,0,0,0,0,0,3,0,1,1,0,0,1,0,1,0,0,2,2,0,0,0,0,2,0,0,1,0,1,2,1,0,1,2,0,3,0,1,1,1,0,0,3,3,1,0,0,2,2,1,0,1,0,1,0,0,0,0,2,1,2,0,1,0,1,0,1,0,0,1,0,0,0,0,1,0,2,0,0,1,0,1,1,0,1,0,1,1,0,0,0
FOODS_2_340_CA_1_evaluation,FOODS_2_340,FOODS_2,FOODS,CA_1,CA,0,0,1,0,0,0,1,3,6,0,0,0,0,1,2,4,0,0,1,1,3,3,1,0,2,2,0,2,0,1,0,3,0,0,0,1,6,1,3,2,2,0,0,5,0,0,0,0,0,3,2,3,0,2,0,0,2,1,0,1,0,0,0,1,1,0,0,0,0,0,0,1,0,2,2,0,1,0,1,2,2,0,0,0,1,0,0,0,0,0,0,0,4,0,0,0,0,0,1,0,2,3,0,0,0,0,0,0,0,0,0,1,0,4,0,1,2,5,0,1,0,0,0,0,0,0,0,1,0,0,0,0,6,2,0,2,0,0,0,0,1,1,0,0,0,3,0,0,0,0,0,0,0,0,0,2,0,1,0,0,0,0,3,1,3,0,0,0,0,9,2,0,0,1,0,0,3,0,0,0,0,0,0,1,0,2,0,0,0,0,0,1,1,1,0,0,3,2,0,0,0,0,0,0,4,1,2,1,0,5,2,1,0,0,0,0,2,0,0,0,0,0,2,0,2,1,3,0,0,0,0,0,0,0,5,0,0,0,0,0,2,0,0,0,0,2,0,0,0,0,1,0,0,2,0,0,1,0,0,3,2,0,0,1,0,0,0,0,0,0,2,0,4,0,1,3,0,1,0,0,1,0,0,0,0,0,2,0,0,0,0,0,0,0,0,2,0,3,3,1,1,3,0,0,0,1,0,0,0,1,1,0,0,0,1,0,0,0,0,0,3,0,3,2,4,0,0,1,2,3,3,0,2,2,0,4,2,1,0,0,0,2,0,0,0,0,0,0,0,1,3,1,0,0,0,2,1,3,0,1,0,0,1,0,0,0,0,0,0,0,0,1,6,4,0,1,0,0,1,0,3,0,0,4,0,1,3,0,0,0,4,1,1,1,1,1,3,0,0,6,0,0,0,0,1,4,0,0,4,0,0,1,0,3,2,1,0,0,1,3,0,0,3,0,0,0,1,1,1,0,1,0,5,3,1,0,0,0,0,1,0,0,0,1,0,1,3,0,3,1,0,1,0,5,0,2,2,1,1,0,0,3,3,0,1,0,0,0,1,3,0,1,0,0,0,1,1,2,1,0,3,0,1,2,4,0,0,2,0,0,2,0,0,0,0,0,3,0,3,0,1,2,0,0,0,1,0,0,1,1,1,0,3,1,2,1,1,0,2,0,0,0,1,2,1,3,2,1,0,1,1,0,1,4,0,1,1,1,0,0,1,2,0,2,0,2,4,1,1,0,1,0,0,2,1,0,0,2,3,1,0,0,1,4,2,1,3,0,2,0,0,4,0,4,1,0,0,0,0,0,0,5,0,1,0,1,0,3,0,3,0,0,0,2,0,1,0,1,3,4,0,2,0,2,0,0,0,2,0,5,2,3,0,0,0,2,2,4,0,1,2,2,1,4,1,0,0,0,0,1,0,0,1,0,1,2,0,0,2,2,4,0,0,0,0,1,1,0,1,1,1,5,1,2,0,3,2,0,0,0,0,2,0,2,0,4,2,0,0,0,0,1,1,0,0,0,1,0,0,0,1,3,0,0,4,0,1,2,0,0,0,0,1,0,3,0,5,0,0,0,0,0,0,1,0,1,1,0,4,0,5,0,0,0,0,0,1,0,0,0,2,0,0,0,0,0,0,0,0,1
FOODS_2_342_CA_1_evaluation,FOODS_2_342,FOODS_2,FOODS,CA_1,CA,2,0,2,0,0,0,0,0,0,0,2,1,1,0,4,3,2,3,0,0,1,2,0,3,1,5,0,0,0,4,1,0,1,0,0,0,0,3,3,1,4,0,0,0,0,0,1,1,1,2,1,0,0,0,0,0,1,2,0,2,1,3,0,1,2,4,0,0,1,2,4,0,0,0,0,0,0,0,0,2,1,0,1,1,0,2,5,0,0,0,0,0,2,4,0,0,1,1,2,2,3,2,1,2,2,0,3,2,1,2,4,0,0,0,5,1,0,0,0,1,3,2,0,0,0,2,2,3,2,1,4,1,2,4,4,2,3,2,2,2,2,2,7,0,1,2,2,1,4,4,3,1,1,6,4,4,2,2,0,0,1,1,9,0,2,2,4,7,1,6,2,2,1,0,3,0,4,1,2,0,1,2,2,5,3,2,4,1,1,2,2,2,3,1,4,3,4,2,6,2,2,2,0,2,2,1,3,0,0,0,0,0,0,0,2,0,2,0,2,3,1,1,4,4,4,8,3,4,6,4,2,5,12,2,2,0,0,4,1,5,2,0,1,1,1,3,4,0,0,3,1,1,3,2,5,0,1,2,1,6,1,7,2,1,2,3,0,0,6,0,5,1,0,0,0,0,0,0,2,2,0,4,0,7,2,0,2,2,7,2,0,2,1,3,1,0,6,2,1,1,1,4,3,3,0,5,2,2,2,3,3,2,2,3,4,3,2,2,6,6,1,1,5,5,4,0,3,3,3,3,4,4,6,2,3,2,3,3,2,1,1,0,3,4,1,6,1,0,0,4,1,2,1,2,2,0,0,0,3,0,1,1,0,0,1,3,5,2,0,1,0,1,4,10,1,3,2,0,0,3,0,0,0,0,2,6,4,0,0,0,2,0,4,2,0,3,1,1,0,1,5,4,1,2,0,2,0,1,2,1,3,3,3,1,5,6,0,1,1,2,0,1,5,1,2,2,2,1,3,7,0,0,2,2,2,0,1,3,4,3,4,3,2,6,3,2,3,3,3,1,3,1,0,1,2,2,5,2,0,7,4,0,2,3,2,3,5,1,1,4,1,9,2,0,2,1,3,2,4,0,1,4,2,1,5,4,2,2,2,1,5,3,3,1,0,0,2,4,2,5,6,4,2,1,0,0,6,0,0,0,0,0,0,0,0,4,2,0,3,7,3,1,1,2,5,4,1,1,1,4,4,5,5,1,1,4,5,0,1,5,4,4,3,0,0,6,7,0,3,9,5,2,0,1,3,4,3,3,0,1,3,4,2,1,1,1,4,4,1,3,5,4,2,0,2,1,1,5,2,3,0,1,3,0,4,1,3,2,3,6,3,5,1,1,2,3,0,0,0,0,1,2,3,2,3,5,1,6,1,3,3,1,5,0,5,2,3,1,6,8,0,3,1,2,1,0,4,1,2,1,4,5,4,0,0,1,5,2,1,2,6,0,1,4,5,4,2,4,1,0,0,3,5,4,7,1,1,3,8,6,5,6,1,2,1,4,1,3,1,2,1,1,3,3,0,1,0,2,2,1,2,5,4,3,0,1,8,3,0,0,3,4,1,3,2,3,7,0,0,1,3,3,1,4,2,1,3,1,5,0,1,3,2,0,2,5,1,4,1,3,1,1,0,4,0,2,2,1,1,3
FOODS_2_346_CA_1_evaluation,FOODS_2_346,FOODS_2,FOODS,CA_1,CA,0,0,0,0,0,0,0,0,0,0,0,0,0,0,0,0,0,0,0,0,0,0,0,0,0,0,0,0,0,0,0,0,0,0,0,0,0,0,0,0,0,0,0,0,0,0,0,0,0,0,0,0,0,0,0,0,0,0,0,8,8,11,6,7,6,5,5,10,6,8,9,0,0,0,0,0,0,0,19,17,8,12,0,0,0,0,0,0,0,0,0,0,0,0,0,0,0,0,0,0,0,0,0,0,0,0,0,0,0,0,0,0,0,0,0,0,0,0,0,0,0,0,0,0,2,4,2,7,4,1,3,5,3,4,4,8,4,4,5,1,3,9,6,4,2,2,3,4,5,8,2,1,3,5,4,5,8,3,3,6,4,5,9,8,3,4,4,2,6,6,5,2,6,3,3,5,8,2,5,1,2,4,2,5,3,9,4,0,2,3,4,4,3,1,7,3,8,5,5,7,0,3,4,9,2,4,6,6,2,1,4,3,5,1,3,0,0,0,0,0,0,0,0,0,0,0,0,0,0,0,0,0,0,0,0,0,0,0,0,0,0,0,0,0,0,0,0,0,0,0,0,0,0,0,0,0,0,0,0,0,0,0,0,0,0,0,0,0,0,0,0,0,0,0,0,0,0,0,0,0,0,0,0,0,0,0,0,0,0,0,0,0,0,0,0,0,0,0,0,0,0,0,0,0,0,7,7,4,3,10,9,0,8,3,20,8,4,4,4,6,11,9,1,9,8,4,2,2,4,6,10,3,5,6,7,1,6,4,8,8,4,6,9,5,9,10,6,3,8,7,16,3,10,3,3,6,4,5,8,4,7,7,1,6,5,6,7,7,9,3,5,4,6,6,3,8,3,7,3,9,1,7,10,2,3,5,16,13,4,4,3,4,5,6,8,3,3,4,2,7,8,5,1,7,6,7,0,3,5,4,0,0,0,0,0,0,0,0,0,0,0,0,0,0,0,0,0,0,0,0,0,0,0,0,0,0,0,0,0,0,0,0,0,0,0,0,0,0,0,0,0,0,0,0,0,0,0,0,0,0,0,0,0,0,0,0,0,0,0,0,0,0,0,8,3,7,14,11,2,5,0,7,9,12,4,8,9,4,6,9,4,16,5,6,4,6,13,10,13,5,13,5,7,11,8,27,9,0,0,0,0,15,1,0,0,0,1,8,7,4,5,4,3,6,6,10,6,4,3,4,6,8,4,10,6,4,6,4,3,5,14,10,3,5,5,5,5,5,10,9,10,3,7,1,8,8,5,1,4,8,9,14,16,2,2,10,10,12,9,10,8,10,3,9,12,6,15,7,4,5,0,8,6,12,15,14,11,3,13,28,10,12,11,10,13,10,22,14,3,2,7,4,7,12,14,7,8,3,9,11,12,7,5,9,15,8,14,16,8,10,9,15,14,13,17,17,5,7,10,11,20,10,10,9,4,10,12,16,11,7,7,4,6,2,7,17,10,5,5,11,13,7,13,10,6,1,13,2,9,11,9,7,2,3,9,7,8,3,5,1,2,4,7,10,5,1,3,3,10,3,7,4,9,2,2,10,8,6,6,12,3,4,4,2,2,3,5,3,2,9,0,7,4,6,2,3,5,3,5,6,3,9,3,2,8,4,5,2,6,5,3,3,7,5,4,4,3,2,5,13
FOODS_2_347_CA_1_evaluation,FOODS_2_347,FOODS_2,FOODS,CA_1,CA,13,13,22,5,4,11,7,31,16,0,5,26,11,6,21,15,14,16,17,8,14,17,12,14,12,16,11,5,12,13,13,11,7,8,8,16,12,8,8,24,20,6,18,6,11,19,11,7,13,16,19,12,16,17,9,12,12,11,9,8,23,6,7,18,17,11,7,12,9,20,17,16,19,19,17,10,16,10,17,20,13,9,11,10,12,18,8,12,11,11,13,22,14,14,11,7,12,9,13,15,18,13,10,14,14,28,24,17,11,11,14,7,12,8,10,7,10,8,16,14,0,15,6,3,0,11,11,18,10,11,12,0,18,29,19,6,18,16,13,45,4,16,8,0,13,6,10,23,17,9,11,18,10,12,19,14,20,8,7,8,10,21,12,14,23,9,14,16,19,18,24,21,8,11,14,11,15,27,9,4,7,11,26,19,12,13,15,7,9,10,11,13,11,16,20,14,29,14,19,8,17,2,14,19,14,18,10,5,11,14,35,12,20,17,19,0,18,16,10,13,12,14,0,18,6,24,0,0,17,14,30,11,23,10,23,9,11,17,10,17,20,4,4,3,8,26,6,0,7,13,4,14,21,10,11,12,12,11,5,18,15,19,11,14,15,11,11,14,13,8,5,7,17,16,14,13,8,9,1,0,0,14,9,1,0,0,0,0,9,26,13,13,5,7,24,0,0,10,7,11,17,20,13,12,5,1,7,13,16,13,9,12,13,13,21,0,13,11,6,15,3,21,11,11,11,13,11,6,20,13,21,3,11,7,14,11,13,7,7,13,1,6,14,26,16,10,0,15,18,25,11,0,10,12,10,10,16,17,15,8,9,4,9,9,9,13,3,8,5,5,7,12,19,15,13,10,23,2,19,5,14,15,7,5,30,15,20,7,12,14,8,12,9,8,14,12,11,9,15,30,17,13,5,15,14,9,14,13,25,12,8,16,0,0,23,17,15,18,0,0,13,18,14,6,10,15,19,21,3,4,14,19,10,1,0,29,18,19,6,15,29,19,21,15,16,15,9,19,14,10,11,6,15,17,22,10,18,12,10,6,5,7,11,15,8,11,15,10,29,29,30,11,12,8,4,23,14,20,16,17,7,10,8,25,22,15,9,7,14,14,23,6,8,8,7,9,16,22,26,0,14,11,0,0,0,19,18,6,16,13,9,13,25,10,4,13,6,12,12,26,10,14,6,5,2,12,11,17,8,0,0,18,19,11,23,9,16,0,13,26,21,10,1,10,14,11,14,14,14,15,12,0,14,11,10,22,13,14,10,0,0,0,0,0,0,0,0,0,0,0,0,4,16,19,29,0,23,26,18,22,0,5,0,16,20,9,20,7,22,0,16,7,20,12,14,27,0,9,8,12,9,8,23,17,9,8,8,13,8,27,7,10,12,7,18,12,19,17,7,8,9,15,21,14,0,17,15,16,0,0,24,19,4,0,6,14,14,12,2,12,13,7,7,14,24,20,12,10,6,14,10,23,16,4,0,13,4,8,12,9,7,12,5,9,14,1,0,0,12,2,6,12,11,5,1,11,10,7,8,15,17,11,6,14,3,8,16,15,2,14,10,10,8,5,11,12,1,11,4,23,11,11,13,9,7,8,13,12,15,15,12,14,15,19,4,9,8,9,13,6,21,13,18,9,12,10,9,8,11,9
FOODS_2_349_CA_1_evaluation,FOODS_2_349,FOODS_2,FOODS,CA_1,CA,1,5,3,4,4,2,4,4,8,0,1,2,3,5,6,2,5,4,2,2,4,3,5,1,2,3,1,1,3,2,5,3,4,0,4,6,6,4,2,1,1,2,3,5,0,0,4,4,0,1,6,4,0,3,1,5,5,0,0,0,0,0,0,0,3,2,3,1,2,10,8,2,0,5,5,2,3,5,0,0,0,0,0,0,0,19,9,5,10,3,2,7,6,4,3,0,0,3,4,5,0,5,0,0,0,0,0,0,0,7,5,3,1,9,6,3,5,5,4,8,6,0,5,7,2,1,4,3,4,1,6,5,4,4,13,0,10,5,5,1,6,5,11,1,2,3,1,5,7,4,1,1,4,2,4,3,8,4,3,4,2,2,5,4,2,3,6,5,4,4,2,5,3,6,5,2,4,4,3,6,3,0,2,4,4,0,1,3,3,5,2,1,2,4,2,5,8,7,3,3,4,2,1,7,6,2,5,7,1,1,3,3,0,1,0,0,11,8,12,6,6,6,4,11,9,9,10,3,3,2,5,9,9,0,0,5,2,5,7,4,4,4,5,3,2,4,3,4,0,2,3,3,1,4,4,5,3,4,2,7,3,4,4,6,2,6,2,7,4,5,5,1,4,3,4,0,1,1,4,3,5,6,6,3,0,3,5,4,7,10,7,1,3,2,0,6,0,7,3,2,7,5,5,5,7,4,1,2,4,2,5,6,0,2,8,8,3,4,7,3,3,4,5,13,2,2,5,3,2,4,7,3,4,0,5,3,4,0,5,1,0,0,3,9,0,6,1,2,5,3,9,4,0,2,3,1,2,1,5,3,3,2,4,2,3,2,6,4,3,1,0,5,4,6,3,0,0,2,5,6,4,3,2,8,3,5,3,7,2,3,4,5,7,4,1,3,5,3,3,6,3,1,3,5,2,6,3,2,5,3,2,2,7,3,4,5,4,4,4,7,2,7,6,7,2,1,1,4,12,3,0,0,5,0,0,0,0,0,0,0,0,0,0,0,0,0,0,0,0,13,11,11,8,0,7,2,20,7,3,1,7,0,7,5,6,6,4,3,2,3,5,6,11,8,11,8,12,13,16,2,4,2,3,3,8,3,2,6,2,3,8,5,2,0,4,5,6,2,8,7,1,3,2,1,10,5,10,3,2,5,3,5,11,4,6,3,6,7,9,8,5,3,1,1,1,4,1,4,4,6,2,5,2,8,4,6,6,3,8,3,7,1,3,5,3,5,3,8,3,1,2,2,5,5,13,2,4,2,5,2,2,14,5,1,2,2,2,5,1,5,3,2,4,2,2,3,3,1,0,1,0,4,2,7,4,4,1,5,7,6,4,4,1,3,2,6,8,2,3,5,0,5,6,3,4,0,4,6,5,4,7,1,1,3,0,4,10,2,5,3,2,0,3,5,6,7,6,5,6,2,9,1,4,7,2,2,2,3,4,5,4,2,4,6,9,4,2,5,3,4,3,7,9,5,4,4,6,7,6,3,9,2,3,3,3,4,8,5,3,1,2,8,5,2,1,3,1,2,6,6,11,8,7,7,3,9,4,12,10,6,5,4,4,4,0,0,6,2,3,4,1,8,4,3,2,4,1,4,2,0,5,5,6,2,0,0,7,3,7,3,2,7,1,2,3,1,2,2,2,13
FOODS_2_356_CA_1_evaluation,FOODS_2_356,FOODS_2,FOODS,CA_1,CA,0,0,0,0,0,0,0,0,0,0,0,0,0,0,0,0,0,0,0,0,0,0,0,0,0,0,0,0,0,0,0,0,0,0,0,0,0,0,0,0,0,0,0,0,0,0,0,0,0,0,0,0,0,0,0,0,0,0,0,0,0,2,0,0,5,0,5,1,0,0,7,1,1,2,1,3,2,2,6,0,0,0,2,3,4,1,5,2,1,1,4,2,5,0,1,1,1,0,0,5,1,5,1,2,0,0,5,0,3,1,2,0,2,5,2,0,0,0,2,4,1,3,0,4,4,1,0,5,1,2,0,3,2,4,2,2,1,2,4,3,5,1,0,1,0,4,1,4,1,2,0,2,0,3,2,5,0,0,0,3,0,1,2,2,1,2,2,3,4,2,1,2,2,1,0,2,3,1,1,0,1,3,0,4,2,1,0,0,0,0,0,0,1,0,0,0,0,3,3,0,0,1,1,0,4,0,0,0,0,0,1,0,0,0,0,0,0,0,3,1,0,0,0,0,1,2,1,0,0,0,0,3,3,0,0,0,1,1,2,4,3,0,1,0,0,0,3,1,0,1,0,1,0,2,3,0,2,0,1,1,2,1,2,2,0,0,0,0,1,2,1,0,1,0,2,0,1,0,2,0,0,3,1,0,0,0,1,2,0,0,0,0,0,0,0,3,0,0,2,0,0,2,2,0,0,0,2,0,0,0,0,0,1,1,2,0,2,0,1,0,0,0,0,0,0,0,0,0,0,0,5,3,1,0,1,2,2,0,1,0,0,1,7,2,1,1,1,0,0,0,0,0,0,0,0,0,0,0,0,0,0,0,0,0,0,0,0,0,0,0,0,0,0,0,0,0,0,0,0,0,0,0,0,0,0,0,0,0,0,0,0,0,0,0,0,0,0,0,0,0,0,0,0,0,0,0,0,0,0,0,0,0,0,0,0,0,0,0,0,0,0,0,0,0,0,0,0,0,0,0,0,0,0,0,0,0,0,0,0,0,0,0,0,0,0,0,0,0,0,0,0,0,0,0,0,0,0,0,0,0,0,4,0,2,0,4,1,2,3,1,1,3,2,0,0,4,2,1,2,2,1,0,7,2,2,0,0,1,0,5,1,4,1,4,1,1,1,2,2,0,3,1,1,4,0,0,0,0,4,1,3,1,2,2,2,1,2,4,3,5,1,0,1,3,2,1,3,1,4,3,0,2,2,0,0,1,0,1,1,3,5,4,1,0,0,1,1,5,0,0,0,0,1,0,2,0,1,0,0,1,0,0,0,0,3,0,1,2,4,0,1,2,1,1,2,3,0,0,1,0,0,0,4,4,0,0,0,1,3,0,5,2,0,0,0,3,1,2,2,0,1,0,0,1,1,0,2,3,2,1,3,1,0,0,1,3,1,6,1,0,3,0,2,3,1,4,2,0,0,4,1,2,2,1,1,2,2,0,6,1,0,1,1,2,0,4,2,2,4,4,1,2,6,1,0,1,0,1,1,6,1,0,3,2,1,1,4,0,4,2,0,1,1,1,0,3,0,1,0,1,3,1,1,1,2,0,3,5,0,1,2,1,1,6,2,0,0,0,2,0,1,0,2,3,0,0,0,1,2,0,0,1,3,1,1,2,0,0,2,0,0,2,3,3,0,1,1,3,1,1
FOODS_2_357_CA_1_evaluation,FOODS_2_357,FOODS_2,FOODS,CA_1,CA,0,0,0,1,3,1,3,0,7,2,1,4,1,1,2,1,2,1,5,2,2,2,1,2,2,2,8,2,1,0,0,2,2,1,5,1,0,5,4,2,1,0,0,0,0,0,0,0,0,5,4,2,2,4,1,1,6,3,3,3,4,2,3,3,2,2,7,1,0,4,1,3,3,4,6,3,1,1,5,5,2,3,3,1,3,4,2,1,2,6,1,2,0,6,3,3,1,6,0,3,0,1,6,0,0,0,4,2,1,0,0,1,2,9,2,3,2,0,0,1,4,3,3,0,0,5,1,2,2,0,2,0,1,1,7,3,6,1,7,1,5,2,0,0,3,1,1,1,2,2,2,1,1,2,3,3,2,0,1,1,0,7,6,10,3,3,1,2,6,5,1,0,1,7,2,5,0,4,1,2,1,2,5,4,3,2,1,1,1,1,1,3,1,1,4,4,3,3,6,1,6,0,1,1,1,6,2,4,0,1,4,3,0,1,3,0,2,2,5,3,3,5,5,5,2,4,2,2,4,10,3,0,1,0,3,2,2,2,5,3,2,0,2,3,3,6,2,1,4,2,7,1,4,1,5,3,4,5,1,3,5,3,5,3,2,1,5,1,1,3,2,2,1,6,0,3,2,2,1,4,5,6,0,1,1,0,2,6,6,3,4,1,2,1,11,0,0,0,3,2,3,4,0,0,2,3,2,3,2,2,5,5,0,0,2,7,3,1,0,0,2,4,4,0,2,3,5,1,0,3,6,3,5,4,2,1,4,4,2,0,2,0,3,2,3,5,0,5,5,5,7,1,3,4,1,2,0,5,3,4,0,1,6,6,1,0,2,4,3,0,4,4,2,0,5,4,6,2,0,4,4,0,7,1,3,3,8,3,1,2,2,4,4,2,1,4,5,1,1,0,2,5,1,6,6,4,0,2,6,4,7,4,1,4,5,4,5,1,5,0,1,3,1,5,2,1,5,5,0,0,3,1,2,5,8,2,3,0,1,5,6,3,3,3,3,3,2,2,2,3,2,3,3,4,3,4,0,5,3,1,1,3,6,4,2,2,0,9,4,0,3,2,2,5,3,1,4,2,1,4,1,3,6,2,2,1,2,5,2,0,5,4,0,3,2,4,3,5,1,6,3,6,2,2,2,4,2,5,2,1,0,3,3,2,3,4,2,2,2,7,1,4,0,0,0,6,2,1,5,1,4,1,1,0,1,0,2,3,5,1,0,0,4,0,1,6,1,0,0,0,0,0,1,2,2,3,2,2,0,0,0,0,0,0,0,0,0,0,4,7,0,0,0,0,0,3,9,1,0,0,0,0,0,1,4,0,1,0,5,5,3,2,5,2,3,6,4,3,1,4,1,3,8,2,1,1,2,4,0,5,4,1,0,3,4,4,4,1,3,4,0,5,2,5,7,1,1,3,0,4,3,0,2,1,3,0,2,4,1,3,0,2,1,4,8,2,1,1,1,3,2,8,1,3,4,4,4,3,8,2,3,2,2,0,1,2,4,0,3,2,3,2,1,0,0,3,5,3,4,1,5,5,5,2,3,3,2,2,1,2,4,2,3,3,3,1,0,2,1,1,3,3,4,1,5,1,0,2,6,9,7,4,2,3,3,2,6,1,0,0,0,3,2,1,4,4,0,0,6,3
FOODS_2_358_CA_1_evaluation,FOODS_2_358,FOODS_2,FOODS,CA_1,CA,1,0,0,0,0,0,0,0,5,1,1,0,1,0,0,0,0,0,0,0,0,1,2,0,1,4,1,0,1,2,2,0,2,0,1,0,0,0,0,0,2,0,0,1,8,1,2,0,0,0,1,0,3,2,0,1,0,0,1,1,0,1,1,0,0,5,5,0,0,0,2,2,3,0,0,0,0,0,0,0,0,0,0,0,0,0,0,0,0,0,0,0,0,0,0,0,0,0,0,0,0,0,0,0,0,2,2,0,0,0,8,0,0,2,0,4,0,0,2,0,0,0,2,0,3,0,1,1,0,0,1,1,1,2,0,0,1,4,0,0,1,2,1,2,1,0,3,0,1,0,0,1,0,4,2,1,0,0,0,1,0,0,2,1,0,1,2,1,1,1,5,1,1,0,1,3,2,1,0,0,1,0,1,3,0,1,0,0,0,1,3,0,6,0,2,0,1,1,1,0,0,0,1,0,0,1,1,0,0,0,0,1,0,0,2,0,1,1,0,2,3,0,0,0,0,0,0,0,0,0,0,0,0,0,0,0,0,0,0,0,0,0,0,0,0,0,0,0,0,0,0,0,0,0,0,0,0,0,0,0,0,0,0,0,0,0,0,0,0,0,0,0,0,0,0,0,0,0,0,1,0,0,1,0,0,2,0,0,2,0,0,1,1,0,0,0,0,3,2,0,1,0,1,0,0,0,1,0,2,0,0,0,0,0,5,0,0,0,2,1,0,0,2,2,0,1,0,0,0,6,1,0,3,0,0,2,0,1,0,0,0,0,0,3,0,0,2,0,2,2,1,0,1,1,3,0,1,1,3,1,0,0,0,0,0,0,0,0,0,0,1,2,1,0,1,1,3,0,1,2,0,2,1,0,2,1,1,0,1,0,0,4,0,1,0,2,2,0,3,0,0,2,0,0,2,0,0,0,1,0,1,0,0,1,0,1,0,0,0,0,0,0,2,0,0,0,1,0,1,0,0,0,0,3,1,0,0,2,0,1,0,3,1,0,0,0,0,0,1,0,2,0,0,2,0,1,4,1,0,6,0,0,1,1,1,0,1,0,1,1,0,0,1,0,1,1,0,0,2,0,0,0,0,0,2,0,1,1,0,0,2,2,0,0,0,0,2,0,3,1,0,0,0,2,0,0,1,0,0,3,2,0,1,0,0,2,0,0,0,0,0,0,1,1,1,0,0,0,2,0,0,1,1,2,3,0,1,1,1,2,0,0,1,1,1,0,0,0,0,1,0,0,0,1,0,0,1,0,1,1,1,0,0,0,0,0,4,0,1,0,0,2,0,0,0,0,0,0,0,0,0,0,0,0,0,0,1,0,0,0,1,1,1,0,0,0,0,0,0,0,0,0,0,0,0,1,0,0,0,2,1,0,0,0,0,0,0,0,0,1,0,0,0,1,0,3,2,1,0,0,0,2,0,0,0,0,0,0,0,0,0,0,0,0,0,0,0,0,0,0,0,0,0,0,0,0,0,0,0,0,0,0,0,0,0,0,0,0,0,0,0,0,0,0,0,0,0,0,0,0,0,0,0,0,0,0,0,0,0,0,0,0,0,0,0,0,0,0,0,0,0,0,0,0,0,0,0,0,2,0,0,0,1,1,0,1,0,2,0,0,0,0,1,0,1,1,1,2,1,1
FOODS_2_359_CA_1_evaluation,FOODS_2_359,FOODS_2,FOODS,CA_1,CA,1,5,5,4,7,5,5,2,7,6,4,5,3,8,9,5,10,3,7,9,0,6,3,2,4,8,3,7,10,6,5,0,5,4,5,2,3,1,6,5,6,7,8,1,10,11,4,5,3,9,4,5,6,4,5,8,1,7,4,0,9,3,5,3,2,3,5,6,3,3,4,7,6,2,3,6,2,8,6,3,3,3,6,5,4,8,9,0,2,2,4,10,1,2,1,4,2,7,7,8,6,6,3,2,3,5,6,1,9,7,9,4,11,0,4,1,3,1,6,2,5,4,1,4,5,3,12,4,1,4,3,1,9,6,8,0,7,2,1,5,7,3,3,1,4,3,4,10,3,2,2,3,6,8,6,2,3,6,6,2,3,6,7,4,4,4,9,8,8,10,5,4,3,7,4,5,6,3,6,4,2,1,7,4,14,7,4,0,1,2,0,5,2,8,7,2,7,5,4,6,11,6,6,8,2,3,8,2,6,8,13,12,11,11,20,0,2,3,3,1,4,3,14,6,7,5,5,5,3,7,6,5,8,7,3,5,4,3,4,2,0,0,1,2,5,8,3,6,1,2,4,1,4,3,0,4,1,1,4,11,6,4,1,1,4,0,9,4,4,3,1,0,6,6,3,4,2,0,2,1,5,5,5,1,6,5,5,0,7,5,0,4,2,5,4,6,5,1,2,0,4,4,4,3,6,3,1,1,3,2,4,4,6,13,10,0,8,5,6,2,8,5,9,3,4,4,5,5,9,5,7,3,3,4,0,3,10,0,1,3,2,3,11,8,3,0,1,5,9,5,4,0,0,6,3,7,5,2,3,3,2,0,4,5,6,5,5,4,2,2,4,1,6,1,2,6,0,0,0,5,4,2,1,1,4,3,4,2,2,7,4,6,7,2,7,1,6,0,5,4,6,3,5,7,7,5,7,11,7,1,3,4,9,4,3,3,2,2,5,9,9,4,3,1,1,3,4,1,5,3,9,8,7,7,5,8,6,2,3,6,4,5,1,7,4,5,3,5,7,3,4,0,3,8,8,4,10,1,0,3,8,3,9,2,0,8,9,14,5,11,4,6,3,1,5,2,10,5,5,5,6,2,10,3,2,2,3,6,0,4,9,5,2,1,1,3,8,7,6,16,1,1,4,4,1,3,9,3,3,3,4,14,1,4,2,0,3,5,4,5,2,3,5,3,2,3,2,3,6,7,2,3,7,5,9,10,6,7,4,9,3,6,11,6,11,7,12,9,9,12,10,3,6,6,5,13,1,10,6,0,0,0,0,0,0,0,0,0,0,0,0,4,6,5,6,8,5,5,7,0,0,7,5,3,1,3,6,6,3,7,8,3,5,2,11,9,0,0,5,3,0,6,5,6,0,2,1,9,0,4,5,4,7,2,3,9,11,3,5,1,5,2,6,5,6,0,2,1,6,3,11,2,4,1,6,5,2,4,1,4,0,2,2,1,3,13,0,5,2,6,4,6,4,2,3,1,2,9,7,2,2,2,1,1,4,9,3,8,0,7,3,28,4,1,0,0,4,4,4,4,2,4,1,7,0,3,4,2,2,5,3,4,7,9,3,2,4,1,4,4,4,3,0,0,3,0,1,3,4,1,3,1,1,9,7,3,2,6,0,0,4,3,5,3,2,2,2,2,6,0
FOODS_2_360_CA_1_evaluation,FOODS_2_360,FOODS_2,FOODS,CA_1,CA,8,14,16,10,11,11,11,16,11,28,22,17,28,19,18,22,18,33,17,11,4,31,8,14,12,6,5,10,12,1,17,0,7,11,14,8,6,13,17,16,11,4,10,24,33,26,41,29,22,6,31,11,12,24,10,17,10,13,13,11,10,17,10,16,37,11,0,11,0,0,18,29,33,19,21,11,18,16,24,12,22,2,22,8,10,18,32,17,5,6,12,25,23,26,12,1,13,4,14,16,19,23,4,0,0,0,0,0,0,0,0,0,0,0,0,0,0,0,0,0,0,0,0,0,0,0,0,0,0,0,0,0,0,0,0,0,0,0,0,0,0,0,0,0,0,0,0,0,0,0,0,0,0,0,0,0,0,0,0,0,0,0,0,0,0,0,0,0,0,0,0,0,0,0,0,0,0,0,0,0,0,0,0,0,0,0,0,0,0,0,0,0,0,0,0,0,0,0,0,0,0,0,0,0,0,0,0,0,0,0,0,0,0,0,0,0,0,0,0,0,0,0,0,0,0,0,0,0,0,0,0,0,0,0,0,0,0,0,0,0,0,0,0,0,0,0,0,0,0,0,0,0,0,0,0,0,0,0,0,0,0,0,0,0,0,0,0,0,0,0,0,0,0,0,0,0,0,0,0,0,0,0,0,0,8,4,28,16,17,11,15,16,12,16,9,13,8,7,16,27,7,7,22,23,0,4,9,3,8,10,25,8,16,9,23,22,6,13,16,15,20,26,28,27,11,5,15,2,5,27,23,7,12,2,14,15,26,4,8,16,4,11,16,8,15,14,14,18,39,7,10,9,25,3,7,4,20,16,12,10,10,18,12,12,4,12,19,10,7,6,8,10,10,9,18,17,7,22,20,13,12,14,7,24,8,5,10,14,7,8,8,6,3,6,25,23,4,6,11,15,9,8,6,14,13,15,2,22,26,19,14,6,10,10,16,8,2,16,4,7,2,17,5,11,5,6,6,7,16,3,12,5,2,7,12,16,15,16,11,15,26,22,11,22,15,2,13,16,2,18,5,2,19,18,6,2,16,17,13,6,0,3,4,4,19,11,27,3,9,14,13,19,8,12,25,18,14,5,20,12,1,17,23,10,10,10,5,1,0,5,10,14,14,12,16,8,25,9,18,20,31,18,0,13,21,20,9,8,8,5,11,19,12,8,12,11,5,14,4,10,14,9,13,8,0,0,0,0,0,0,0,0,0,0,0,0,0,0,0,0,0,0,0,0,0,0,0,0,0,0,0,0,0,0,0,0,0,0,0,0,0,0,0,0,0,0,0,0,0,0,0,0,0,0,0,0,0,0,0,0,0,0,0,0,0,0,0,0,0,0,0,0,0,0,0,0,0,0,0,0,0,0,0,0,0,0,0,0,0,0,0,0,0,0,0,0,0,0,0,0,0,0,0,0,0,0,0,0,0,0,0,0,0,0,0,0,0,0,0,0,0,0,0,0,0,0,0,0,3,13,17,23,24,11,4,15,16,4,14,11,4,1,10,7,8,2,16,11,18,5,13,5,8,9,4,6,7,17,7,10,12,15,14,14,2,20,13,7,13,16,10,1,5,2,5,2,4,5,3,11,11,18,13,11,3,14,5,6,22,13,13,11,12,23,17,10,24,21,10,6,2,16,8,9,5,12,11,7,11,14
FOODS_2_371_CA_1_evaluation,FOODS_2_371,FOODS_2,FOODS,CA_1,CA,13,5,4,5,8,10,13,8,14,7,11,8,9,9,15,8,11,8,4,10,10,14,5,6,5,10,9,5,7,12,9,5,6,5,10,6,12,9,13,8,14,9,9,7,17,6,7,0,8,14,7,8,9,10,10,11,15,6,9,8,6,11,7,10,13,6,3,5,3,10,13,9,15,6,6,17,11,13,6,9,8,6,8,11,12,11,10,4,5,7,11,13,14,9,6,5,9,15,8,9,10,10,11,11,17,16,10,7,8,8,4,9,12,12,1,1,5,7,8,11,5,0,0,5,8,9,12,12,9,4,11,8,5,0,16,15,4,11,0,0,0,17,6,6,14,5,10,2,11,1,0,6,10,10,14,7,0,9,7,7,7,16,23,3,0,4,13,12,7,12,7,9,16,10,6,0,0,11,5,8,10,8,6,0,12,0,1,1,3,4,7,11,10,11,12,10,11,13,12,0,15,11,8,11,19,9,0,8,4,8,14,2,10,2,3,0,5,7,9,7,6,7,10,11,17,19,7,0,12,15,11,10,11,6,6,3,7,13,13,9,5,4,7,11,14,6,15,12,8,4,6,8,11,15,7,15,8,6,6,13,16,19,13,8,8,14,7,9,10,7,6,5,9,13,14,7,7,5,9,5,24,11,14,8,1,20,11,13,19,11,5,3,11,14,8,15,6,3,8,11,5,6,21,10,4,4,7,10,17,12,4,10,8,7,12,17,7,22,6,9,9,5,10,10,7,7,4,6,8,9,21,4,5,8,7,14,13,14,5,6,11,6,7,11,19,13,10,10,17,12,8,17,17,4,9,8,9,10,8,16,5,4,4,12,24,12,9,8,4,5,5,12,12,9,9,7,8,12,13,15,8,7,7,5,5,10,10,11,4,2,2,4,10,16,6,6,5,13,7,7,8,6,6,10,9,10,5,11,15,13,7,15,9,9,12,6,7,8,10,12,13,8,7,12,7,7,9,10,10,6,3,5,4,11,11,5,12,9,16,12,11,14,11,9,8,15,14,9,12,5,15,4,5,6,9,11,7,6,4,3,5,8,16,13,6,4,5,6,18,11,8,16,10,5,11,3,12,15,12,7,6,9,10,10,13,8,8,5,9,7,10,10,2,7,8,7,8,16,12,18,4,6,11,11,14,13,6,8,6,1,12,13,14,8,5,6,3,10,9,14,6,3,6,1,8,12,9,9,1,10,12,2,10,6,9,3,5,2,9,23,14,0,10,4,2,10,10,11,6,5,8,1,6,5,11,9,3,5,7,0,0,0,0,0,0,0,0,0,13,8,8,5,4,7,19,12,8,9,10,9,0,9,12,10,8,7,13,5,16,9,10,13,5,6,7,13,11,10,3,8,2,16,14,18,12,7,6,5,9,12,14,9,7,8,5,11,8,16,13,4,7,7,11,17,18,8,4,9,4,2,7,4,6,6,12,1,0,12,5,2,5,7,3,7,5,9,12,5,7,3,18,15,10,10,12,3,12,9,13,9,10,10,3,5,12,16,1,0,7,11,6,12,2,2,5,6,4,9,7,11,15,6,2,6,9,14,8,7,11,5,2,12,12,6,11,9,3,4,7,10,15,10,5,4,7,5,8,16,13,13,10,8,12,11,13,11,9,5,3,3,7,13,12,10,2,1,3,6,7,10
FOODS_2_374_CA_1_evaluation,FOODS_2_374,FOODS_2,FOODS,CA_1,CA,6,2,2,3,2,0,3,2,2,2,2,0,2,3,0,8,1,0,1,2,3,4,3,1,3,1,5,2,1,1,1,0,2,0,0,5,2,0,0,0,4,2,6,3,2,4,3,1,2,2,1,4,1,3,1,2,2,10,0,1,0,1,2,3,1,0,3,2,0,3,1,1,1,7,1,4,5,0,3,2,1,2,3,6,4,1,1,3,1,1,1,0,4,2,6,0,2,3,2,2,7,2,0,4,6,1,7,3,7,1,2,0,4,3,3,4,0,1,4,5,6,5,4,2,1,2,3,1,1,4,1,6,3,5,2,3,1,4,2,8,7,2,4,5,0,1,1,4,2,4,1,1,3,2,3,5,2,2,4,0,1,7,9,1,1,2,10,5,6,5,4,1,2,2,7,6,6,1,1,3,2,1,2,2,5,1,3,1,1,7,1,3,1,2,1,2,5,4,3,0,7,2,5,6,5,1,2,2,0,0,5,8,3,0,0,0,1,2,7,2,0,1,3,5,4,3,2,1,3,1,3,11,6,4,3,0,0,3,2,5,5,4,2,2,3,7,3,5,1,1,3,4,4,3,2,2,0,4,2,5,6,2,2,5,3,3,3,4,1,1,5,0,2,3,6,0,1,0,3,0,7,4,4,4,3,4,4,2,6,4,1,4,4,6,2,5,2,0,0,1,4,10,10,6,0,2,6,5,1,5,1,2,2,6,6,2,2,3,1,1,4,1,5,2,0,0,4,2,1,6,3,0,3,1,4,3,2,7,0,2,2,2,2,1,7,0,0,0,0,6,3,3,0,1,5,3,2,2,3,3,2,3,3,5,4,0,0,3,2,4,2,1,9,0,3,0,0,0,5,5,1,2,5,6,0,0,6,4,1,0,0,1,3,4,0,0,1,4,6,2,2,1,6,1,3,2,8,0,2,1,0,5,5,4,5,2,3,4,4,2,3,6,2,5,0,0,4,9,3,4,1,1,2,4,5,5,10,3,3,8,5,7,6,3,2,0,1,2,2,3,2,0,0,3,1,0,5,0,1,1,1,3,5,3,0,3,3,0,6,5,3,3,3,4,4,5,4,5,2,2,1,2,4,3,9,1,0,2,3,2,5,3,1,0,2,1,3,1,5,2,3,1,3,3,0,2,2,2,0,0,1,6,8,3,1,4,0,2,3,4,3,3,4,1,3,3,6,5,4,5,0,2,1,3,7,3,1,2,4,4,5,1,7,0,1,3,1,5,6,3,1,0,1,2,10,3,3,4,3,0,0,0,0,0,0,0,0,0,3,2,2,2,6,0,3,10,2,6,4,0,0,3,3,2,1,1,1,2,5,5,2,2,1,1,2,3,9,1,2,5,2,4,5,4,2,5,1,1,2,3,5,0,1,6,1,1,1,3,1,0,3,1,8,3,6,3,2,1,2,6,7,4,5,2,2,5,4,7,1,1,2,1,1,1,1,2,1,3,4,2,2,6,4,0,0,3,5,2,7,3,4,1,2,0,2,4,8,5,1,1,3,5,1,1,2,2,0,4,2,4,0,0,0,2,2,2,1,3,2,0,0,0,0,0,1,3,3,2,0,0,1,2,0,0,1,0,4,7,0,0,5,0,0,4,3,5,2,1,4,3,4,1,1,2,0,1,2,5,5,6
FOODS_2_376_CA_1_evaluation,FOODS_2_376,FOODS_2,FOODS,CA_1,CA,3,1,4,6,0,1,2,4,5,0,2,1,2,4,0,8,0,0,1,2,1,4,3,1,0,5,2,1,1,3,0,7,3,2,0,3,3,3,2,0,0,0,0,4,9,0,0,0,3,4,3,2,0,1,1,2,3,5,0,0,2,1,1,1,5,1,0,0,0,2,2,7,0,2,1,4,1,0,4,3,3,1,3,1,2,9,2,1,0,0,0,7,5,4,6,0,0,4,2,2,8,8,0,0,0,5,7,3,0,0,4,2,4,7,3,1,0,5,2,6,2,1,2,4,1,3,2,3,3,2,3,0,3,5,8,1,4,2,8,0,7,3,2,1,3,0,4,3,11,4,0,3,1,0,1,8,4,0,3,3,2,6,10,3,2,0,7,0,3,0,12,1,1,2,3,1,9,3,0,3,0,1,4,8,2,0,0,0,1,0,3,1,1,1,3,5,5,4,1,5,1,1,0,2,8,0,4,2,2,3,0,0,0,1,1,0,0,2,4,0,3,4,1,4,4,4,2,5,3,4,4,4,7,3,6,8,2,2,5,7,3,1,6,2,2,12,6,2,0,2,3,1,0,2,0,1,0,0,2,8,8,0,0,2,1,0,3,0,0,0,0,0,0,0,5,2,0,2,1,8,10,0,2,7,2,4,0,2,2,0,1,0,6,0,10,1,1,0,0,1,1,0,6,6,2,1,2,1,3,2,0,1,0,1,0,1,3,0,2,0,1,4,6,4,5,1,2,1,0,4,10,3,3,3,2,0,8,2,4,2,0,1,2,3,3,1,4,0,1,0,4,1,2,0,4,2,1,6,3,0,4,2,1,1,4,5,0,4,1,0,2,5,1,0,2,3,2,0,2,2,0,3,3,3,1,3,2,0,1,1,4,2,2,1,1,1,2,3,0,6,4,0,0,0,1,3,0,1,2,0,1,2,0,4,1,0,0,1,2,4,4,0,0,0,0,0,0,0,0,1,0,0,1,5,5,6,3,0,5,0,4,0,4,2,0,0,1,1,0,6,0,0,1,0,3,3,6,0,0,0,2,0,4,5,0,0,0,3,4,3,1,1,5,3,0,1,5,2,3,1,1,2,4,9,0,0,1,5,0,0,2,5,1,6,0,3,12,1,0,7,1,1,0,1,3,6,4,0,0,4,1,1,2,0,0,2,0,0,1,1,5,0,0,2,1,1,6,4,0,1,2,0,1,1,0,0,0,0,0,0,0,0,0,0,0,0,0,0,0,0,0,0,0,0,0,8,2,0,1,0,1,0,6,3,0,1,0,0,2,0,0,0,0,0,0,0,0,0,0,0,0,0,0,7,0,1,3,2,4,5,5,2,4,0,0,3,1,2,1,2,1,0,0,0,2,1,2,1,1,1,5,1,0,2,0,0,3,1,3,0,1,0,3,1,1,2,2,0,1,0,4,3,1,0,0,0,1,3,5,2,1,0,1,2,0,3,1,4,0,4,4,6,3,6,3,1,2,2,4,3,0,4,1,3,3,5,0,3,1,0,5,1,3,0,2,1,0,0,3,2,5,3,2,0,4,0,1,4,4,0,1,4,0,3,3,2,4,0,0,1,1,1,2,5,1,3,1,1,1,3,0,1,0,0,0,2,1,1,0,0,0,2,2,1,1,1,1,0,2,0
FOODS_2_380_CA_1_evaluation,FOODS_2_380,FOODS_2,FOODS,CA_1,CA,0,3,4,2,0,2,0,0,5,7,1,1,1,2,1,3,4,1,1,1,3,2,2,2,3,3,2,2,2,2,1,3,2,3,2,2,4,2,2,2,2,2,3,0,0,0,3,1,2,0,2,3,3,5,3,0,3,6,4,2,1,1,0,1,0,0,0,0,0,0,0,0,0,0,0,0,5,4,2,1,4,2,4,1,0,4,2,1,2,4,3,4,5,3,1,1,1,4,4,0,2,2,2,1,0,3,0,0,0,3,1,1,4,3,3,2,2,2,4,4,5,2,2,0,1,1,2,6,3,2,3,1,7,6,3,0,1,2,4,3,2,4,3,3,1,2,2,2,10,1,2,1,1,2,3,5,5,1,0,0,3,2,9,2,8,2,2,7,3,1,1,1,4,3,4,2,3,3,3,0,3,4,1,3,1,1,1,0,1,2,1,1,1,0,0,8,0,4,1,4,3,1,2,2,3,3,1,0,0,1,2,2,4,1,0,0,3,2,1,3,1,0,1,6,3,6,5,0,2,2,5,2,2,2,5,2,2,4,1,3,3,2,1,1,1,4,2,1,3,1,3,1,4,0,3,3,2,5,1,4,9,3,0,2,3,3,2,5,5,0,2,0,2,2,3,5,0,1,2,2,2,3,2,3,2,2,2,2,4,1,2,3,1,1,1,3,2,2,2,1,4,2,0,3,1,0,0,1,8,3,4,3,5,1,0,0,1,5,2,3,1,3,6,9,5,3,2,2,0,1,6,4,3,2,0,0,0,0,4,2,2,0,0,1,2,0,2,0,3,3,2,1,1,1,3,1,2,1,3,3,1,1,3,1,1,0,7,1,0,1,1,1,1,0,0,2,1,0,0,2,4,1,1,0,1,3,3,1,2,1,2,1,3,1,1,0,1,4,1,0,2,1,2,3,2,2,1,2,3,5,4,2,0,3,2,3,1,2,2,0,1,0,1,2,2,2,0,0,2,2,1,6,2,0,2,2,1,2,2,2,0,5,1,5,2,3,3,0,3,3,1,3,5,4,2,4,8,6,1,2,0,3,1,2,1,1,3,0,1,3,2,0,1,1,2,0,2,1,2,0,4,1,1,1,2,2,0,2,0,1,1,2,1,0,1,0,3,7,2,0,2,2,0,2,0,2,4,2,2,1,0,2,2,2,1,2,0,0,0,3,2,0,1,1,1,1,3,4,4,1,1,2,0,2,0,2,4,3,1,2,0,1,1,1,2,2,1,0,1,1,0,0,2,2,5,0,2,1,1,2,0,3,1,0,2,2,1,2,2,0,1,2,1,1,3,3,2,1,2,0,0,0,3,1,1,1,2,0,4,3,2,0,2,2,1,1,3,2,0,1,0,1,4,2,1,1,1,2,0,2,4,2,0,1,3,1,5,1,0,1,2,2,1,2,5,1,0,0,0,3,3,0,0,0,0,0,1,0,0,0,3,2,4,2,1,3,0,4,1,2,1,4,5,1,0,1,1,0,2,3,1,3,1,1,0,1,2,0,1,1,2,0,2,2,1,4,3,1,1,1,0,2,0,0,0,1,1,5,1,2,1,1,2,0,0,0,3,0,0,3,2,6,1,0,1,1,2,0,3,2,1,1,3,0,2,5,0,2,2,3,0,2,3,3,0,0,0,0,4,1
FOODS_2_385_CA_1_evaluation,FOODS_2_385,FOODS_2,FOODS,CA_1,CA,0,0,0,0,0,1,1,0,0,1,2,2,2,0,0,1,3,0,0,2,0,1,0,0,1,3,3,0,2,3,3,1,0,0,0,0,0,0,0,0,0,0,0,0,0,0,0,0,0,0,0,0,0,0,0,0,0,0,0,0,0,0,0,0,0,0,0,0,0,0,0,0,0,0,0,0,0,0,0,0,0,0,0,0,0,0,0,0,0,0,0,0,0,0,0,0,0,0,0,0,0,0,0,0,0,0,0,0,0,0,0,0,0,0,0,0,0,0,0,0,0,0,0,0,0,1,0,0,0,1,1,0,4,1,3,4,0,2,2,0,1,4,1,3,2,0,0,0,4,0,0,0,0,1,2,1,2,1,1,0,0,2,1,1,4,1,0,1,1,3,2,2,1,1,0,2,2,0,3,0,0,0,1,1,4,1,1,0,0,0,2,3,1,1,0,1,4,0,2,1,1,1,0,1,2,1,1,0,0,0,2,3,1,1,0,0,0,0,0,0,0,0,0,0,0,0,0,0,0,0,0,0,0,0,0,0,0,0,0,0,0,0,0,0,0,0,0,0,0,0,0,0,0,0,0,0,0,0,0,0,0,0,0,0,0,0,0,0,0,0,0,0,0,0,0,0,0,0,0,0,0,0,0,0,0,0,0,0,0,0,0,0,0,0,0,0,0,0,0,0,0,0,0,0,0,1,3,1,0,0,1,0,0,0,0,0,0,0,0,3,0,2,1,1,1,2,1,3,0,0,2,4,1,1,2,0,2,2,2,0,1,0,0,1,3,3,4,0,0,0,0,0,0,0,0,0,0,0,0,0,0,0,0,0,0,0,0,0,0,0,0,0,0,0,0,0,0,0,0,0,0,0,0,0,0,0,0,0,0,0,6,2,0,0,0,3,2,1,2,0,0,0,1,1,3,2,0,0,7,2,0,0,8,0,0,0,1,1,1,0,1,3,0,1,0,3,3,0,1,0,0,2,3,3,1,0,4,0,1,0,0,0,3,1,1,4,0,0,0,5,0,0,2,1,0,0,0,2,0,0,1,0,0,2,1,1,0,1,0,4,1,2,1,0,0,0,0,0,0,0,0,0,0,3,0,2,2,1,0,0,0,0,0,0,0,0,0,1,5,2,0,0,0,0,0,0,0,0,0,0,0,0,0,0,0,0,0,0,0,0,0,0,0,1,3,2,1,0,0,0,0,6,2,1,1,2,0,1,2,4,0,0,0,2,0,0,2,1,0,2,0,0,0,6,2,2,1,2,0,1,3,3,3,0,1,1,3,3,2,2,4,2,0,0,4,3,3,1,1,1,0,0,0,2,3,2,0,1,1,3,1,2,0,5,2,1,4,1,0,1,2,2,3,2,1,0,1,2,2,1,1,7,0,1,3,3,2,3,1,1,0,2,0,2,5,3,0,0,1,2,1,1,0,0,5,2,0,3,0,1,0,1,4,0,4,1,4,0,1,2,3,2,2,2,2,1,0,2,2,1,1,0,0,0,1,1,1,0,0,2,1,0,1,2,2,0,1,1,3,2,3,3,0,1,0,2,3,1,1,1,1,1,2,1,1,4,0,2,0,1,2,1,1,1,1,2,2,1,1,2,2,1,1,3,4,3,1,1,2,1,2,6,1,3,0,3,3,2,1,5
FOODS_2_388_CA_1_evaluation,FOODS_2_388,FOODS_2,FOODS,CA_1,CA,7,0,1,0,0,1,2,5,4,1,0,2,1,1,7,7,2,3,0,1,2,2,7,0,1,0,0,5,4,4,0,0,0,1,2,0,7,2,0,0,5,0,6,1,0,0,0,2,0,8,2,0,0,0,2,2,1,2,2,3,0,1,1,2,2,2,1,2,0,4,7,1,0,0,1,0,2,2,1,7,0,0,2,1,8,0,0,0,0,0,0,0,2,3,0,3,2,0,0,0,0,0,0,0,0,0,0,0,0,1,0,1,9,0,2,0,0,0,2,3,4,0,3,0,0,4,0,2,1,3,0,6,3,2,2,2,6,3,4,4,0,2,3,2,6,3,5,4,0,0,0,0,0,0,0,0,7,0,0,2,0,5,6,4,1,4,5,2,8,3,2,1,0,4,6,2,0,0,0,0,1,3,0,1,0,0,4,0,0,0,5,4,5,1,2,0,2,8,0,0,0,3,4,3,2,0,0,0,0,0,3,5,0,0,0,0,2,2,5,1,1,0,0,0,4,3,5,2,0,0,0,4,4,4,0,0,0,0,2,2,2,3,0,2,3,5,5,3,0,0,0,0,4,0,4,3,1,2,0,3,4,2,6,0,0,2,1,4,4,0,0,3,3,4,6,0,1,3,2,0,2,1,3,0,0,0,1,3,3,1,0,4,0,4,2,8,0,5,0,3,0,0,0,0,0,0,2,1,0,0,0,0,0,0,0,2,4,2,1,2,1,2,8,1,0,0,0,0,2,0,3,2,5,1,0,1,1,8,0,0,0,0,3,5,0,3,0,1,0,0,9,3,3,0,0,6,4,4,1,2,1,0,0,0,2,4,6,0,3,2,3,5,2,1,2,0,0,0,5,8,1,2,1,1,2,4,5,4,0,0,1,2,2,0,2,0,0,2,0,3,4,4,3,0,0,3,0,3,2,5,0,0,8,2,2,0,0,0,0,0,0,3,2,0,3,1,1,4,2,1,0,2,2,0,3,0,0,0,0,3,1,1,7,0,1,6,2,0,1,1,0,1,0,6,0,0,2,1,0,0,1,1,0,2,5,6,2,1,0,3,1,6,2,0,0,0,8,2,1,1,1,0,0,4,1,1,0,1,0,1,7,3,2,1,2,1,1,5,7,0,1,0,1,1,5,6,9,7,0,1,3,0,0,0,0,0,0,0,0,0,0,0,1,1,2,6,2,2,1,3,0,3,0,13,2,7,3,3,1,1,7,1,7,3,0,1,3,0,0,1,4,2,0,0,5,0,1,0,1,0,4,1,1,2,5,3,1,5,4,7,2,8,0,1,3,7,0,2,1,2,0,0,2,2,1,3,3,1,1,11,4,1,0,0,2,4,10,7,1,0,0,2,1,2,0,0,4,4,2,6,0,3,0,1,1,3,4,2,2,1,1,0,2,4,1,2,3,5,0,0,1,2,3,6,3,1,2,4,6,2,2,0,1,0,3,2,1,3,0,0,1,5,13,1,0,5,1,1,3,6,0,1,2,2,1,4,1,1,11,1,2,4,1,0,2,3,2,0,0,4,4,3,1,5,2,2,2,5,3,0,0,4,4,0,4,5,2,2,0,4,1,4,1,3,2,1,2,2,5,0,0,3,2,0,4,8,3,2,2,1,0,0,0,4,0,0,0,0,0,7
FOODS_2_391_CA_1_evaluation,FOODS_2_391,FOODS_2,FOODS,CA_1,CA,0,1,0,4,0,0,4,1,4,6,0,1,1,0,3,6,0,1,1,0,2,1,2,0,1,9,1,1,6,1,1,0,0,0,0,5,1,1,0,0,2,1,2,1,0,5,0,0,0,1,1,1,0,0,4,0,2,1,0,3,5,0,1,1,0,6,10,0,2,1,1,5,6,2,1,2,0,3,0,0,0,0,1,0,0,1,1,1,3,5,0,0,0,1,0,1,0,2,1,1,3,1,1,0,0,4,6,1,0,0,0,0,1,4,0,2,3,0,2,1,0,0,3,0,2,1,2,2,2,0,0,0,0,4,1,1,1,1,1,0,1,7,0,3,0,0,2,0,3,0,0,0,0,1,0,0,0,1,0,1,3,0,0,3,0,0,1,0,4,3,1,1,2,0,0,1,1,0,1,3,0,1,0,3,1,1,2,0,1,0,3,5,0,0,0,0,1,3,4,0,2,2,0,2,4,1,1,2,0,0,4,1,0,0,0,0,0,4,2,3,0,1,2,3,1,7,1,1,1,0,2,1,1,2,0,0,0,0,0,1,6,1,0,2,0,0,2,0,0,1,3,1,0,4,0,0,0,0,5,1,3,2,1,1,4,0,1,2,2,0,0,2,0,2,2,2,0,0,0,0,3,1,2,0,2,0,1,3,2,3,4,0,0,0,5,2,0,0,0,0,0,0,5,0,5,3,0,0,1,0,1,1,1,1,1,2,3,3,2,2,0,1,1,2,1,4,3,10,0,6,4,2,0,4,1,0,3,3,0,0,3,0,0,2,7,7,1,1,2,0,2,8,1,2,0,0,0,1,5,3,0,1,0,3,0,0,0,6,1,2,3,2,1,0,2,2,0,8,8,0,0,4,0,0,0,4,0,1,5,0,0,0,1,2,1,4,1,1,5,2,2,1,0,0,1,0,0,2,5,5,0,7,0,3,5,1,6,0,0,2,2,1,1,5,2,0,0,0,5,0,2,0,0,11,2,2,0,2,0,1,1,5,1,4,4,0,1,1,1,2,0,3,1,0,0,4,4,1,2,0,2,3,1,5,3,4,3,2,0,3,0,2,0,0,2,0,3,3,0,10,3,3,2,2,1,0,4,2,1,0,0,3,4,2,1,4,4,4,3,0,1,0,5,2,1,5,1,0,1,2,0,1,4,1,4,1,1,1,1,1,1,9,6,2,0,1,2,2,1,1,9,0,3,1,1,2,4,1,0,1,3,0,5,0,2,2,7,0,1,0,1,1,0,1,0,1,2,4,0,3,1,3,2,0,0,0,1,1,0,1,2,1,0,0,5,1,3,0,0,0,0,0,0,4,0,1,1,0,2,3,0,1,3,2,3,0,3,1,1,0,1,3,0,4,0,0,1,2,1,2,1,0,2,1,0,1,4,5,0,1,1,2,1,3,0,0,0,2,0,5,4,2,1,0,1,1,0,2,3,0,5,0,1,0,3,7,2,4,2,6,0,6,1,3,1,0,0,0,1,2,0,1,1,0,0,8,3,2,0,0,1,1,2,1,1,4,0,1,2,6,4,5,0,0,2,1,0,0,7,0,1,0,1,0,6,3,0,0,2,1,4,0,0,1,0,1,4,4,0,4,3,2,4,0,3,2,0,4,0,3,3,3,2,1,1,0,0,0,2,2
FOODS_2_394_CA_1_evaluation,FOODS_2_394,FOODS_2,FOODS,CA_1,CA,0,0,0,1,0,0,0,0,0,1,1,1,0,0,0,3,0,4,0,0,0,0,0,0,0,1,0,0,0,0,0,0,0,0,0,0,1,0,0,0,3,0,0,1,0,0,1,1,0,0,0,0,0,0,2,0,0,3,0,1,1,0,0,0,0,0,0,0,0,0,4,0,1,0,0,2,2,0,1,1,0,3,0,0,0,0,0,0,2,0,1,0,1,0,1,0,1,3,0,0,0,0,1,0,0,4,1,0,0,4,0,2,0,1,0,0,3,0,2,0,1,2,3,0,0,0,0,0,0,1,0,1,1,0,0,1,3,1,1,0,0,0,0,0,0,0,0,0,0,1,0,2,0,0,2,0,0,1,0,3,0,0,4,0,2,0,0,1,1,0,0,2,0,1,0,0,0,0,0,0,0,0,0,1,0,0,0,0,0,0,0,0,0,0,0,0,4,1,0,1,0,0,0,1,0,0,0,0,0,2,0,1,1,0,0,0,0,0,2,1,0,0,0,0,0,0,4,1,4,0,0,0,0,1,0,0,0,0,0,1,0,1,0,0,0,1,0,2,1,0,0,0,0,1,1,2,6,0,0,0,0,0,2,2,0,0,2,0,1,0,0,0,0,0,1,0,0,0,0,0,2,0,0,1,0,0,0,0,1,1,1,0,1,0,1,1,1,0,0,1,2,0,0,1,0,0,0,0,1,1,0,3,4,0,0,0,0,0,0,5,1,0,0,2,0,1,0,2,0,0,1,2,0,0,0,0,2,1,0,0,0,2,0,1,2,0,2,0,0,0,2,0,0,0,0,0,0,1,0,0,1,0,0,0,0,0,2,0,1,0,0,0,1,0,2,0,0,1,1,1,2,1,1,0,0,0,0,0,0,0,0,1,0,0,1,0,0,0,0,0,0,2,0,0,0,2,0,1,2,3,0,0,0,0,5,1,0,0,0,1,0,0,0,0,2,0,0,2,0,0,0,0,0,0,0,2,2,0,0,0,3,0,2,1,0,0,0,0,1,0,0,2,0,0,0,0,3,0,2,0,0,0,3,0,2,0,0,1,0,2,0,0,0,2,0,4,2,2,0,2,3,0,0,0,0,0,0,1,1,1,0,4,0,1,0,1,3,0,3,0,0,0,3,0,0,2,0,0,0,0,0,0,0,0,0,1,0,2,0,4,0,0,0,0,1,1,0,0,3,0,0,0,1,2,0,1,0,0,0,0,1,2,0,0,0,0,1,0,0,0,0,0,0,0,0,0,1,1,0,0,0,0,1,0,0,0,0,0,0,1,3,0,0,0,1,0,0,0,0,0,0,1,0,0,0,1,0,0,2,3,0,0,2,0,0,3,4,0,0,0,0,0,0,0,0,0,1,0,2,0,0,0,0,2,0,0,0,0,0,0,0,0,0,0,1,0,3,1,0,2,0,0,0,0,0,1,0,0,0,0,4,0,0,0,0,0,0,1,0,0,0,0,0,0,2,0,0,4,0,0,0,0,1,0,0,0,0,0,0,0,0,0,0,0,0,0,0,1,0,0,0,0,0,0,0,1,0,0,0,0,1,0,2,0,0,0,0,0,1,0,0,0,0,0,1,0,0,0,0,0,1,0,2,0,0,0,0,0,0,0,0,0,0,3,3,0,0,0,0,0
FOODS_2_396_CA_1_evaluation,FOODS_2_396,FOODS_2,FOODS,CA_1,CA,4,1,1,4,0,0,0,1,2,0,2,0,0,1,2,0,0,0,0,0,0,0,0,0,0,5,1,0,0,0,1,1,0,0,0,0,0,0,0,0,0,3,1,2,1,1,0,1,3,4,4,1,1,0,3,1,3,4,1,0,2,0,4,1,1,0,2,1,1,3,3,4,1,2,2,3,2,2,0,2,3,1,1,2,1,1,3,4,3,3,0,3,3,0,2,0,4,8,4,4,1,2,1,0,0,2,0,1,0,0,0,0,2,6,4,4,0,0,0,1,4,1,3,0,0,2,6,4,1,2,4,0,1,0,2,2,1,4,0,1,1,0,4,2,4,0,0,3,1,2,3,2,2,0,4,1,2,1,2,0,1,5,1,0,1,0,1,0,7,1,3,0,0,1,0,6,3,2,3,1,0,0,4,1,1,3,0,0,0,5,3,2,1,1,7,0,6,3,2,2,2,0,2,2,3,1,3,1,0,3,1,2,2,0,2,0,3,2,1,1,1,0,0,2,3,8,3,1,1,0,4,2,3,4,2,0,3,2,3,5,3,2,2,5,1,1,4,3,1,0,0,1,4,1,3,1,3,0,1,1,2,6,3,0,0,9,1,1,0,0,4,2,1,1,2,4,3,0,0,2,2,3,0,1,1,4,3,0,0,7,2,2,2,0,2,2,2,2,0,1,4,3,0,3,1,1,0,2,1,2,1,0,1,1,0,2,1,1,0,2,0,0,2,2,3,3,1,0,0,2,2,6,5,2,0,3,2,4,2,0,0,0,6,1,1,5,3,0,1,1,1,0,2,0,0,0,3,1,1,4,1,3,0,0,1,0,2,1,0,4,0,2,1,3,3,4,0,1,2,4,1,2,0,3,2,0,1,3,3,3,0,3,1,3,0,0,4,1,4,1,1,4,3,1,0,1,0,5,1,2,1,1,0,3,5,0,3,4,3,0,0,2,2,0,7,0,1,2,2,4,1,0,5,0,2,0,3,3,1,3,1,2,1,2,0,1,1,2,1,3,1,1,0,3,4,1,3,2,2,0,1,1,1,2,2,1,0,0,2,3,5,2,3,2,2,0,3,6,0,0,1,2,0,0,1,2,2,0,3,0,3,3,4,0,3,2,4,0,1,3,2,0,2,3,2,5,1,3,2,2,1,2,2,3,7,0,0,0,5,5,2,2,1,1,0,2,2,2,0,4,0,3,0,4,3,2,2,3,3,3,2,3,4,3,2,4,5,2,4,1,0,0,1,5,1,2,3,1,5,2,2,2,1,3,3,2,2,5,3,4,0,1,2,1,2,5,3,0,1,8,0,1,1,3,0,4,1,1,0,11,4,1,4,6,1,1,3,3,4,3,2,1,2,6,2,0,3,1,2,3,3,2,2,1,4,2,0,0,3,3,0,2,2,4,3,1,5,4,0,3,1,2,1,0,4,3,4,4,3,3,3,2,0,6,0,4,5,2,4,1,3,1,0,2,1,0,0,4,1,5,2,3,2,2,3,4,5,1,1,1,1,5,6,0,4,1,1,0,2,1,0,1,1,3,3,1,6,3,2,5,8,0,2,1,4,4,1,1,3,2,2,3,2,3,1,0,5,1,3,3,2,4,3,3,2,0,2,2,2,3,4,3,5,4,1,3,2,0,4,4
FOODS_2_399_CA_1_evaluation,FOODS_2_399,FOODS_2,FOODS,CA_1,CA,0,0,0,0,0,0,0,0,1,1,0,1,2,0,3,2,5,0,0,0,1,0,0,3,2,5,1,1,3,2,1,0,0,0,0,0,0,0,4,4,1,0,2,0,0,2,0,0,0,1,3,0,0,0,3,0,0,0,3,1,3,2,0,0,1,2,2,1,4,0,0,0,2,1,0,4,1,3,0,0,0,2,2,0,2,0,0,0,2,0,0,0,2,0,0,0,0,1,0,2,0,0,0,2,1,1,2,1,1,0,2,0,0,1,0,0,0,3,0,3,3,1,2,0,0,0,2,1,0,0,0,0,0,1,3,1,1,0,0,3,0,4,0,1,2,0,1,1,1,0,2,2,2,0,2,0,0,0,0,0,0,4,1,1,5,1,5,1,2,0,0,2,1,0,0,0,3,4,1,0,0,0,0,1,2,1,1,0,1,1,4,1,0,0,0,0,0,0,2,3,0,0,1,3,4,1,2,1,2,0,0,0,2,1,0,0,0,3,2,3,0,3,1,1,4,1,0,0,3,0,0,1,1,2,3,1,0,0,1,2,0,0,2,0,0,2,0,1,1,3,2,1,0,4,1,0,1,2,1,1,2,5,3,1,1,0,4,1,3,2,0,0,2,3,4,0,0,2,0,3,5,3,0,2,5,5,1,2,1,3,3,1,1,2,1,0,1,0,0,0,2,4,2,3,1,0,1,0,3,2,4,0,1,2,3,1,2,1,3,2,4,0,2,1,1,6,0,2,0,2,3,1,0,2,0,1,2,2,2,3,0,1,0,4,3,1,0,6,1,2,2,2,4,3,0,0,3,4,4,1,1,1,1,0,1,0,1,4,0,0,3,2,1,2,1,3,0,0,0,5,2,1,2,4,5,6,2,5,1,0,0,0,0,2,1,2,0,3,1,3,3,0,1,0,0,2,0,1,1,2,1,1,0,4,0,2,0,2,4,2,1,17,0,2,3,0,0,0,0,0,0,1,0,5,0,1,0,0,0,0,0,1,1,1,3,1,0,3,1,0,1,3,3,0,3,2,1,3,0,4,1,0,0,2,1,6,3,0,1,4,3,0,3,0,3,0,1,3,4,4,0,3,3,3,3,1,4,2,3,0,0,6,0,2,1,2,0,0,0,2,3,5,1,0,1,1,3,2,4,2,3,1,5,1,0,0,2,1,2,1,4,0,1,0,0,1,0,2,1,2,0,2,1,5,1,2,1,1,1,1,3,2,3,0,3,2,1,1,1,3,1,0,2,3,1,0,1,2,2,2,4,3,4,5,0,1,0,6,7,0,0,0,2,1,5,2,2,2,2,0,0,1,3,2,0,1,0,3,0,1,1,4,3,0,7,2,0,3,1,2,0,0,3,4,1,1,3,2,2,1,2,0,1,0,1,1,2,7,6,3,0,5,4,2,1,1,1,0,0,6,0,0,9,1,0,2,3,2,3,1,1,1,0,1,6,5,3,6,0,0,0,2,9,0,1,2,0,1,2,0,1,1,1,1,3,4,4,0,0,4,1,0,0,1,4,1,0,1,0,4,1,1,0,5,5,2,2,1,4,0,1,0,3,1,5,1,4,2,2,2,2,0,2,3,1,0,10,4,3,2,0,0,0,1,1,0,3,4,2,3,4,0,4,2,0,0,1,2,0,3
