item_id,dept_id,avg_daily_demand,median_demand,demand_std,coefficient_of_variation,cv2,adi,total_demand,p25,p75,p95,zero_rate,sale_frequency,sale_frequency_28,sale_frequency_90,non_zero_sales_28,non_zero_sales_90,demand_pattern,abc_class,xyz_class,abc_xyz,velocity_class,mean_price,price_std,price_cv,price_range_pct,revenue,safety_stock_95,safety_stock_98,safety_stock_99,safety_stock_lt_risk,reorder_point_lt_min,reorder_point_lt_med,reorder_point_lt_max,avg_order_qty_suggested,procurement_risk_tier,stockout_risk_score,replenishment_urgency
FOODS_2_197,FOODS_2,18.594520547945205,17.0,9.314150236770901,0.5009083300778765,0.222089880529093,1.023876404494382,13574,12.0,24.0,36.0,0.023287671232876714,0.9767123287671233,1.0,1.0,28,90,Smooth,A,X,AX,Fast,3.3513424657534245,0.06455593148741626,0.01926270804822188,0.041774304306595636,45491.12263013698,40.538,50.617,57.319,93.375,96.322,170.7,300.861,557.84,LOW,0.0117,Normal
FOODS_2_019,FOODS_2,15.687671232876712,15.0,7.183579929550513,0.4579124474535102,0.18674521136810854,1.0195804195804197,11452,11.0,20.0,28.549999999999955,0.019178082191780823,0.9808219178082191,1.0,1.0,28,90,Smooth,A,X,AX,Fast,3.352109589041096,0.06489150207063439,0.019358407100645313,0.0417647443441873,38388.35901369863,31.265,39.038,44.208,77.549,78.328,141.079,250.892,470.63,LOW,0.0088,Normal
HOUSEHOLD_1_032,HOUSEHOLD_1,4.587671232876712,4.0,4.778503382529271,1.0415967358871312,0.4603475082285478,1.4294117647058824,3349,0.0,7.0,14.0,0.3,0.7,0.9285714285714286,0.9777777777777777,26,88,Intermittent,A,Y,AY,Fast,10.713178082191781,0.20961793858681374,0.01956636368579141,0.08214182507269235,35878.433397260276,23.917,29.863,33.818,29.381,37.68,56.031,88.144,137.63,MEDIUM,0.3125,Watch
HOUSEHOLD_1_535,HOUSEHOLD_1,6.278082191780822,6.0,4.293440252143258,0.683877674790606,0.2610201339441376,1.1645367412140575,4583,3.25,9.0,14.0,0.1410958904109589,0.8589041095890411,1.0,1.0,28,90,Smooth,A,X,AX,Fast,6.969999999999999,0.0,0.0,0.0,31943.509999999995,18.686,23.332,26.422,33.996,37.52,62.633,106.579,188.34,LOW,0.0965,Normal
FOODS_2_244,FOODS_2,6.083561643835616,6.0,4.6283673768368,0.7607989607150373,0.33713141920250667,1.1815235008103728,4441,3.0,8.0,14.0,0.15342465753424658,0.8465753424657534,1.0,0.9444444444444444,28,85,Smooth,A,X,AX,Fast,5.915835616438357,0.029447129483275963,0.004977678791724892,0.01014226964543745,26272.225972602744,20.144,25.152,28.483,34.105,38.395,62.729,105.314,182.51,LOW,0.1167,Normal
HOUSEHOLD_1_110,HOUSEHOLD_1,9.580821917808219,9.0,5.374945875082609,0.5610109362883567,0.21239160462585707,1.0848214285714286,6994,6.0,13.0,18.0,0.07808219178082192,0.9219178082191781,1.0,0.9888888888888889,28,89,Smooth,A,X,AX,Fast,3.74686301369863,0.1975651385049915,0.05272814559344394,0.12543826616603485,26205.55991780822,23.393,29.209,33.078,49.251,52.135,90.459,157.525,287.42,LOW,0.0438,Normal
FOODS_2_276,FOODS_2,10.689041095890412,10.0,6.112463387992111,0.5718439411529918,0.30015805841539545,1.0210084033613445,7803,7.0,14.0,22.0,0.02054794520547945,0.9794520547945206,1.0,1.0,28,90,Smooth,A,X,AX,Fast,3.352109589041096,0.06489150207063439,0.019358407100645313,0.0417647443441873,26156.51112328767,26.603,33.217,37.616,55.19,58.67,101.426,176.25,320.67,LOW,0.0118,Normal
FOODS_2_052,FOODS_2,2.647945205479452,2.0,2.2593858778311344,0.8532600570066468,0.3238416155938375,1.3064516129032258,1933,1.0,4.0,6.5499999999999545,0.23424657534246576,0.7657534246575343,0.9285714285714286,0.9222222222222223,26,83,Smooth,A,X,AX,Fast,13.473575342465754,0.959421385095492,0.07120763128637476,0.22340024258543612,26044.4211369863,9.833,12.278,13.904,15.498,17.777,28.369,46.904,79.44,LOW,0.1999,Normal
HOUSEHOLD_1_053,HOUSEHOLD_1,2.3589041095890413,2.0,2.083847575239712,0.8833964746109815,0.3713166024015409,1.1408199643493762,1722,1.0,4.0,6.0,0.23013698630136986,0.7698630136986301,0.8571428571428571,0.9333333333333333,24,84,Smooth,A,X,AX,Medium,14.97,0.0,0.0,0.0,25778.34,9.069,11.324,12.824,14.005,16.146,25.581,42.094,70.77,LOW,0.2033,Normal
HOUSEHOLD_1_106,HOUSEHOLD_1,3.8643835616438356,3.0,3.3186013666848657,0.8587660393665554,0.45737366557658143,1.1342062193126023,2821,1.0,5.0,10.0,0.16164383561643836,0.8383561643835616,1.0,0.9555555555555556,28,86,Smooth,A,X,AX,Fast,9.102904109589042,0.21800140725081457,0.0239485558263951,0.05382897524800156,25679.29249315069,14.443,18.035,20.423,22.676,26.036,41.494,68.544,115.93,LOW,0.1388,Normal
HOUSEHOLD_1_272,HOUSEHOLD_1,3.182191780821918,2.0,3.654002964127185,1.148266105456139,0.36337161782860533,1.7032710280373833,2323,0.0,5.0,10.0,0.4123287671232877,0.5876712328767123,1.0,0.5777777777777777,28,52,Intermittent,A,Y,AY,Fast,9.97,0.0,0.0,0.0,23160.31,18.289,22.836,25.86,21.451,27.836,40.564,62.84,95.47,MEDIUM,0.4735,Watch
HOUSEHOLD_1_096,HOUSEHOLD_1,8.391780821917807,8.0,5.117516344966772,0.6098248337219346,0.26327892432903427,1.0864381520119224,6126,5.0,11.0,18.0,0.07945205479452055,0.9205479452054794,1.0,1.0,28,90,Smooth,A,X,AX,Fast,3.74686301369863,0.1975651385049915,0.05272814559344394,0.12543826616603485,22953.282821917808,22.273,27.81,31.493,44.014,47.448,81.015,139.758,251.75,LOW,0.0485,Normal
HOUSEHOLD_1_514,HOUSEHOLD_1,8.058904109589042,8.0,4.655305873047113,0.577659916182679,0.2335534170097986,1.0816023738872405,5883,5.0,11.0,16.0,0.07534246575342465,0.9246575342465754,1.0,1.0,28,90,Smooth,A,X,AX,Fast,3.74686301369863,0.1975651385049915,0.05272814559344394,0.12543826616603485,22042.795109589042,20.261,25.299,28.649,41.708,44.438,76.673,133.086,241.77,LOW,0.0435,Normal
HOUSEHOLD_1_494,HOUSEHOLD_1,3.541095890410959,3.0,2.26747917580798,0.6403326103955058,0.31584407579986684,1.0720588235294117,2585,2.0,5.0,8.0,0.06712328767123288,0.9328767123287671,1.0,0.9888888888888889,28,89,Smooth,A,X,AX,Fast,7.969999999999999,0.0,0.0,0.0,20602.449999999997,9.869,12.322,13.954,18.815,20.492,34.657,59.444,106.23,LOW,0.043,Normal
FOODS_2_131,FOODS_2,4.228767123287671,4.0,3.3991932746419664,0.8038260738263177,0.4055042465980567,1.1704180064308682,3087,2.0,6.0,10.0,0.14657534246575343,0.8534246575342466,0.42857142857142855,0.7555555555555555,12,68,Smooth,A,X,AX,Fast,5.968109589041096,0.018294618039565,0.0030653957952042933,0.006702289795993322,18423.554301369863,14.794,18.472,20.919,24.183,27.48,44.395,73.997,126.86,LOW,0.1178,Normal
FOODS_2_347,FOODS_2,11.912328767123288,12.0,6.76760910019248,0.5681180591910976,0.21798666278436846,1.0864381520119224,8696,8.0,16.0,24.0,0.07945205479452055,0.9205479452054794,1.0,0.9666666666666667,28,87,Smooth,A,X,AX,Fast,2.0535890410958904,0.10001643700528855,0.0487032385758716,0.11686856289022904,17858.01030136986,29.454,36.778,41.648,61.413,65.191,112.84,196.227,357.37,LOW,0.0451,Normal
HOUSEHOLD_1_497,HOUSEHOLD_1,1.5520547945205478,1.0,1.5529564900573547,1.0005809682360502,0.4317952867749406,1.399232245681382,1133,0.0,2.0,5.0,0.28493150684931506,0.7150684931506849,0.7142857142857143,0.7888888888888889,20,71,Intermittent,A,Y,AY,Medium,15.179712328767124,0.32536618515624505,0.021434278733968002,0.04940805094037734,17198.614068493152,7.773,9.705,10.99,9.746,12.429,18.637,29.502,46.56,MEDIUM,0.2851,Normal
FOODS_2_349,FOODS_2,3.836986301369863,3.0,2.8991263138011063,0.7555737981161152,0.38427352285726657,1.1355140186915889,2801,2.0,5.0,9.0,0.11917808219178082,0.8808219178082192,0.8928571428571429,0.9444444444444444,25,85,Smooth,A,X,AX,Fast,5.968109589041096,0.018294618039565,0.0030653957952042933,0.006702289795993322,16716.67495890411,12.618,15.755,17.841,21.459,24.129,39.477,66.336,115.11,LOW,0.09,Normal
FOODS_2_183,FOODS_2,2.4684931506849317,2.0,2.168824990402449,0.8786027981977843,0.40854942161384894,1.2590673575129534,1802,1.0,4.0,7.0,0.2054794520547945,0.7945205479452054,0.8928571428571429,0.8333333333333334,25,75,Smooth,A,X,AX,Fast,8.98,0.0,0.0,0.0,16181.960000000001,9.439,11.786,13.347,14.622,16.844,26.718,43.998,74.05,LOW,0.1805,Normal
HOUSEHOLD_1_066,HOUSEHOLD_1,6.949315068493151,7.0,4.668038316321927,0.6717263888083277,0.25879231983670714,1.1534810126582278,5073,4.0,10.0,15.0,0.13287671232876713,0.8671232876712329,0.9642857142857143,0.9777777777777777,27,88,Smooth,A,X,AX,Fast,3.043808219178082,0.15766216051941578,0.05179766567618679,0.12484360795326688,15441.23909589041,20.317,25.368,28.727,37.431,41.165,68.962,117.607,208.48,LOW,0.0893,Normal
HOUSEHOLD_1_409,HOUSEHOLD_1,7.135616438356164,7.0,3.87326169098514,0.5428068792518532,0.27196339507295714,1.0181564245810055,5209,5.0,9.0,15.0,0.01780821917808219,0.9821917808219178,1.0,0.9888888888888889,28,89,Smooth,A,X,AX,Fast,2.945945205479452,0.034382616915814596,0.011671166473790143,0.1154128730458396,15345.428575342467,16.857,21.049,23.836,36.416,38.264,66.806,116.756,214.07,LOW,0.0097,Normal
FOODS_2_029,FOODS_2,1.9452054794520548,0.0,3.4497981317113346,1.773487771024386,0.352950949890225,3.0759493670886076,1420,0.0,3.0,9.0,0.673972602739726,0.32602739726027397,1.0,0.9777777777777777,28,88,Intermittent,A,Z,AZ,Medium,10.689589041095891,0.4542632629745016,0.04249585846828128,0.09354896583540508,15179.216438356165,17.267,21.56,24.415,17.403,23.103,30.883,44.5,58.36,HIGH,1.1953,Critical
HOUSEHOLD_1_165,HOUSEHOLD_1,1.1616438356164382,1.0,1.3553172945983325,1.1667236134493804,0.41446023629609613,1.665137614678899,848,0.0,2.0,4.0,0.40136986301369865,0.5986301369863014,0.2857142857142857,0.35555555555555557,8,32,Intermittent,A,Y,AY,Slow,17.81686301369863,1.55739182460226,0.08741111291055263,0.8963418525315788,15108.699835616439,6.783,8.47,9.592,7.9,10.268,14.915,23.046,34.85,MEDIUM,0.4683,Watch
HOUSEHOLD_1_140,HOUSEHOLD_1,1.3547945205479452,1.0,1.397212596554288,1.0313096003354643,0.3406449064840167,1.3488372093023255,989,0.0,2.0,4.0,0.3506849315068493,0.6493150684931507,0.8571428571428571,0.7555555555555555,24,68,Intermittent,A,Y,AY,Slow,14.97,0.0,0.0,0.0,14805.33,6.993,8.732,9.888,8.634,11.057,16.477,25.96,40.64,MEDIUM,0.3617,Watch
FOODS_1_170,FOODS_1,3.6506849315068495,3.0,3.9517508964137895,1.0824683503158965,0.3424767915844838,1.6133333333333333,2665,0.0,6.0,11.0,0.3821917808219178,0.6178082191780822,0.75,0.28888888888888886,21,26,Intermittent,A,Y,AY,Fast,5.511698630136986,0.11688981421634263,0.02120758445993581,0.16328904397619998,14688.676849315068,19.779,24.697,27.967,23.844,30.731,45.334,70.889,109.52,MEDIUM,0.4137,Watch
FOODS_2_293,FOODS_2,4.861643835616438,4.0,4.175109879186884,0.8587856329049062,0.6098866213151926,1.08,3549,2.0,6.0,13.0,0.07397260273972603,0.9260273972602739,0.7142857142857143,0.8888888888888888,20,80,Erratic,A,X,AX,Fast,4.114520547945205,0.12355103793022718,0.03002805223367487,0.06076042082833922,14602.433424657534,19.08,23.824,26.978,28.529,33.665,53.112,87.143,145.85,LOW,0.0635,Normal
FOODS_1_012,FOODS_1,3.532876712328767,3.0,2.6102303889561718,0.7388399315233238,0.385532549788951,1.116385911179173,2579,2.0,5.0,8.0,0.10410958904109589,0.8958904109589041,0.8214285714285714,0.9,23,81,Smooth,A,X,AX,Fast,5.5158219178082195,0.09066101447913445,0.016436537623962983,0.056201959493859435,14225.304726027398,11.36,14.185,16.063,19.608,21.959,36.09,60.82,105.99,LOW,0.0769,Normal
HOUSEHOLD_1_338,HOUSEHOLD_1,4.93972602739726,4.0,3.7627132343354472,0.7617250861089344,0.42934719817854006,1.1062215477996966,3606,3.0,7.0,12.0,0.0958904109589041,0.9041095890410958,0.7857142857142857,0.8666666666666667,22,78,Smooth,A,X,AX,Fast,3.9426849315068493,0.010016278536920803,0.0025404714581372077,0.010145370653473061,14217.321863013698,16.376,20.448,23.156,27.704,31.195,50.954,85.532,148.19,LOW,0.073,Normal
HOUSEHOLD_1_072,HOUSEHOLD_1,2.378082191780822,2.0,1.7453065496206164,0.7339134681378416,0.32204838713069817,1.1645367412140575,1736,1.0,3.0,6.0,0.1410958904109589,0.8589041095890411,0.7857142857142857,0.7222222222222222,22,65,Smooth,A,X,AX,Medium,7.98,0.0,0.0,0.0,13853.28,7.596,9.485,10.741,13.169,14.73,24.243,40.889,71.34,LOW,0.1036,Normal
FOODS_1_004,FOODS_1,9.645205479452056,9.0,8.393009829547092,0.870174289864245,0.4160987981403683,1.24190800681431,7041,3.0,14.0,25.0,0.19452054794520549,0.8054794520547945,0.9285714285714286,0.28888888888888886,26,26,Smooth,A,X,AX,Fast,1.9392876712328768,0.05747820710701932,0.02963882458473956,0.0928175858951175,13654.524493150686,36.529,45.611,51.651,56.905,65.465,104.045,171.562,289.36,LOW,0.1693,Normal
FOODS_2_222,FOODS_2,7.131506849315069,6.0,5.707406308517121,0.800308606345231,0.4816698930623073,1.1079027355623101,5206,3.0,10.0,17.0,0.09726027397260274,0.9027397260273973,0.6428571428571429,0.8666666666666667,18,78,Smooth,A,X,AX,Fast,2.5463150684931506,0.03314323436053547,0.013016156080067835,0.027490706419698564,13256.116246575342,24.84,31.016,35.123,40.716,46.235,74.761,124.681,213.95,LOW,0.0778,Normal
HOUSEHOLD_1_469,HOUSEHOLD_1,0.9657534246575342,1.0,1.1420624431843065,1.1825611101578357,0.3051315529420252,1.8383838383838385,705,0.0,2.0,3.0,0.45616438356164385,0.5438356164383562,0.6785714285714286,0.26666666666666666,19,24,Intermittent,A,Y,AY,Slow,17.97,0.0,0.0,0.0,12668.849999999999,5.716,7.137,8.083,6.618,8.613,12.476,19.237,28.97,MEDIUM,0.5394,Watch
HOUSEHOLD_1_027,HOUSEHOLD_1,2.9616438356164383,3.0,2.289621021281063,0.7730912788949211,0.445143340563921,1.1062215477996966,2162,1.0,4.0,7.0,0.0958904109589041,0.9041095890410958,0.8214285714285714,0.8222222222222222,23,74,Smooth,A,X,AX,Fast,5.849753424657534,0.15892365853030335,0.027167582459188412,0.0564126341819817,12647.166904109588,9.965,12.443,14.09,16.697,18.85,30.697,51.428,88.85,LOW,0.0741,Normal
FOODS_2_371,FOODS_2,8.53013698630137,8.0,4.403273531073664,0.5162019716246904,0.21298781102328587,1.0444126074498568,6227,6.0,11.0,16.0,0.04246575342465753,0.9575342465753425,1.0,0.9888888888888889,28,89,Smooth,A,X,AX,Fast,2.0,0.0,0.0,0.0,12454.0,19.164,23.929,27.098,43.085,44.754,78.875,138.586,255.9,LOW,0.0219,Normal
FOODS_2_030,FOODS_2,3.745205479452055,3.0,2.2709023670157906,0.6063492053690169,0.28939273723196807,1.0611353711790392,2734,2.0,5.0,8.0,0.057534246575342465,0.9424657534246575,0.9285714285714286,0.9444444444444444,26,85,Smooth,A,X,AX,Fast,4.48,0.0,0.0,0.0,12248.320000000002,9.884,12.341,13.975,19.615,21.12,36.1,62.317,112.36,LOW,0.0349,Normal
HOUSEHOLD_1_347,HOUSEHOLD_1,2.0575342465753423,2.0,1.6450771567215012,0.7995381649953616,0.32318554140403116,1.239795918367347,1502,1.0,3.0,5.0,0.19315068493150686,0.8068493150684931,0.4642857142857143,0.6777777777777778,13,61,Smooth,A,X,AX,Medium,7.969999999999999,0.0,0.0,0.0,11970.939999999999,7.16,8.94,10.124,11.743,13.333,21.563,35.965,61.73,LOW,0.1544,Normal
HOUSEHOLD_1_429,HOUSEHOLD_1,5.517808219178082,5.0,3.4295789296140997,0.6215473232781934,0.2670800872743037,1.0945945945945945,4028,3.0,8.0,11.549999999999955,0.0863013698630137,0.9136986301369863,0.8214285714285714,0.9,23,81,Smooth,A,X,AX,Fast,2.9663013698630136,0.03440686318251856,0.011599247309152372,0.03371201625565719,11948.261917808219,14.926,18.638,21.106,29.084,31.479,53.551,92.175,165.53,LOW,0.0536,Normal
HOUSEHOLD_1_440,HOUSEHOLD_1,1.0726027397260274,1.0,1.2045302925812693,1.1229975897375968,0.3202567749255866,1.5035294117647058,783,0.0,2.0,3.0,0.41643835616438357,0.5835616438356165,0.9285714285714286,0.8555555555555555,26,77,Intermittent,A,Y,AY,Slow,14.97,0.0,0.0,0.0,11721.51,6.029,7.528,8.525,7.143,9.247,13.537,21.045,32.18,MEDIUM,0.4677,Watch
HOUSEHOLD_1_310,HOUSEHOLD_1,2.247945205479452,2.0,1.956416180410028,0.8703131085094404,0.3343356566562682,1.1880650994575046,1641,1.0,3.0,6.0,0.2410958904109589,0.7589041095890411,0.0,0.4111111111111111,0,37,Smooth,A,X,AX,Medium,6.995410958904109,0.11331231172947381,0.016198092205754435,0.0757639548431947,11479.469383561642,8.515,10.632,12.04,13.263,15.259,24.251,39.986,67.44,LOW,0.2098,Normal
FOODS_1_087,FOODS_1,2.83013698630137,2.0,2.3799784119837573,0.8409410649246155,0.43895601432009973,1.1824104234527688,2066,1.0,4.0,7.0,0.15753424657534246,0.8424657534246576,0.7857142857142857,0.8555555555555555,22,77,Smooth,A,X,AX,Fast,5.510931506849315,0.11630553499126998,0.02110451469896124,0.16331177385917892,11385.584493150684,10.358,12.934,14.646,16.468,18.848,30.169,49.98,84.9,LOW,0.1325,Normal
HOUSEHOLD_1_177,HOUSEHOLD_1,2.149315068493151,2.0,1.989948941843183,0.9258525983872856,0.3948949441386457,1.2010968921389398,1569,1.0,3.0,6.0,0.2493150684931507,0.7506849315068493,0.0,0.43333333333333335,0,39,Smooth,A,Y,AY,Medium,6.995410958904109,0.11331231172947381,0.016198092205754435,0.0757639548431947,10975.799794520546,8.661,10.814,12.246,13.021,15.109,23.706,38.751,64.48,LOW,0.2308,Normal
HOUSEHOLD_1_191,HOUSEHOLD_1,4.864383561643836,4.0,5.147625329976141,1.0582276795578927,0.28416599638636847,1.653061224489796,3551,0.0,9.0,13.549999999999955,0.39452054794520547,0.6054794520547945,1.0,0.8111111111111111,28,73,Intermittent,A,Y,AY,Fast,3.0888767123287675,0.19383105686772692,0.06275130894479557,0.13597175902930528,10968.601205479454,25.764,32.17,36.43,31.403,40.357,59.815,93.865,145.93,MEDIUM,0.4175,Watch
FOODS_2_082,FOODS_2,2.463013698630137,2.0,2.1756754170510573,0.883338739600909,0.3687960093731987,1.3017857142857143,1798,1.0,4.0,6.5499999999999545,0.23150684931506849,0.7684931506849315,0.6785714285714286,0.7888888888888889,19,71,Smooth,A,X,AX,Fast,5.98,0.0,0.0,0.0,10752.04,9.469,11.823,13.389,14.622,16.858,26.71,43.951,73.89,LOW,0.2045,Normal
FOODS_2_060,FOODS_2,1.7438356164383562,2.0,1.3543927822439408,0.7766745722475289,0.28746165524834716,1.2461538461538462,1273,1.0,3.0,4.0,0.19726027397260273,0.8027397260273973,0.9285714285714286,0.8555555555555555,26,77,Smooth,A,X,AX,Medium,7.814972602739727,0.41277250125742965,0.05281816357394808,0.25719859840523907,9948.460123287672,5.895,7.36,8.335,9.848,11.127,18.102,30.309,52.32,LOW,0.1532,Normal
FOODS_1_043,FOODS_1,6.989041095890411,6.0,5.810702493164192,0.8314019638186863,0.4046196216617236,1.2049586776859504,5102,3.0,10.0,18.0,0.16986301369863013,0.8301369863013699,0.9642857142857143,0.3,27,27,Smooth,A,X,AX,Fast,1.9392876712328768,0.05747820710701932,0.02963882458473956,0.0928175858951175,9894.245698630137,25.29,31.578,35.759,40.487,46.257,74.213,123.137,209.67,LOW,0.1412,Normal
HOUSEHOLD_1_410,HOUSEHOLD_1,3.1767123287671235,0.0,4.601102326168741,1.4483849491357739,0.2314384733437858,1.0899653979238755,2319,0.0,6.0,12.0,0.6027397260273972,0.3972602739726027,1.0,0.8222222222222222,28,74,Smooth,A,Z,AZ,Fast,4.252876712328767,0.24799873584822432,0.05831317308806408,0.11756748051278737,9862.421095890411,20.025,25.004,28.315,24.648,29.555,42.262,64.499,95.3,HIGH,0.873,Critical
FOODS_2_101,FOODS_2,2.221917808219178,2.0,1.9458594308817276,0.8757567101753136,0.3900345636085351,1.2722513089005236,1622,1.0,3.0,6.0,0.2136986301369863,0.7863013698630137,0.8928571428571429,0.7,25,63,Smooth,A,X,AX,Medium,5.98,0.0,0.0,0.0,9699.560000000001,8.469,10.575,11.975,13.144,15.135,24.022,39.576,66.66,LOW,0.1871,Normal
HOUSEHOLD_1_457,HOUSEHOLD_1,1.3123287671232877,1.0,1.3562584718987418,1.0334746176739509,0.3946244592287262,1.4826883910386965,958,0.0,2.0,4.0,0.32602739726027397,0.673972602739726,0.8214285714285714,0.8111111111111111,23,73,Intermittent,A,Y,AY,Slow,10.10082191780822,0.219915518288833,0.02177204192671803,0.0495009222089617,9676.587397260275,6.788,8.476,9.598,8.372,10.725,15.974,25.161,39.37,MEDIUM,0.3369,Watch
HOUSEHOLD_1_373,HOUSEHOLD_1,3.850684931506849,3.0,2.790572351940866,0.7246950609704037,0.3669578610861766,1.116385911179173,2811,2.0,5.0,9.0,0.10410958904109589,0.8958904109589041,0.6785714285714286,0.7777777777777778,19,70,Smooth,A,X,AX,Fast,3.42,0.0,0.0,0.0,9613.619999999999,12.145,15.165,17.173,21.236,23.697,39.1,66.055,115.52,LOW,0.0754,Normal
FOODS_2_181,FOODS_2,6.472602739726027,6.0,3.6967131003492635,0.5711323942514361,0.2775360551714854,1.0384615384615385,4725,4.0,9.0,13.0,0.036986301369863014,0.963013698630137,1.0,0.9444444444444444,28,85,Smooth,A,X,AX,Fast,2.0,0.0,0.0,0.0,9450.0,16.089,20.089,22.75,33.41,35.507,61.397,106.705,194.18,LOW,0.0211,Normal
HOUSEHOLD_1_304,HOUSEHOLD_1,5.826027397260274,6.0,2.9210866526219488,0.5013856703616296,0.22255783055696352,1.023876404494382,4253,4.0,8.0,11.0,0.023287671232876714,0.9767123287671233,0.9642857142857143,0.9777777777777777,27,88,Smooth,A,X,AX,Fast,2.17627397260274,0.15831531283840225,0.072746039713494,0.17461036835611948,9255.693205479452,12.713,15.874,17.976,29.262,30.191,53.495,94.277,174.78,LOW,0.0117,Normal
FOODS_2_056,FOODS_2,1.7904109589041095,1.0,1.7784604996797084,0.9933252976595713,0.41598006714401103,1.275529865125241,1307,0.0,3.0,5.0,0.2876712328767123,0.7123287671232876,0.75,0.7444444444444445,21,67,Smooth,A,Y,AY,Medium,7.036383561643836,0.15646845268021975,0.02223705562800014,0.06963804569595206,9196.553315068493,7.74,9.665,10.945,11.203,13.111,20.273,32.806,53.71,LOW,0.2858,Normal
FOODS_2_342,FOODS_2,2.0821917808219177,2.0,1.9285413940140346,0.9262073795750749,0.40048577368067856,1.3278688524590163,1520,1.0,3.0,6.0,0.2465753424657534,0.7534246575342466,0.8571428571428571,0.8444444444444444,24,76,Intermittent,A,Y,AY,Medium,5.98,0.0,0.0,0.0,9089.6,9.653,12.052,13.649,12.616,15.9,24.228,38.804,62.47,MEDIUM,0.2284,Normal
HOUSEHOLD_1_100,HOUSEHOLD_1,1.5561643835616439,1.0,1.5755830667963227,1.0124785545970123,0.39617358156147464,1.452191235059761,1136,0.0,2.0,5.0,0.31095890410958904,0.689041095890411,0.7857142857142857,0.4222222222222222,22,38,Intermittent,A,Y,AY,Medium,7.969999999999999,0.0,0.0,0.0,9053.919999999998,7.886,9.847,11.151,9.828,12.554,18.779,29.672,46.68,MEDIUM,0.3148,Watch
FOODS_2_194,FOODS_2,1.8027397260273972,1.0,2.374405338833152,1.317109343758899,0.38341265093633675,1.9809782608695652,1316,0.0,3.0,6.0,0.4945205479452055,0.5054794520547945,0.9642857142857143,0.6888888888888889,27,62,Intermittent,A,Z,AZ,Medium,6.862109589041096,0.12952350805837803,0.018875173352700347,0.03788922293156394,9030.536219178082,11.884,14.839,16.804,13.164,17.292,24.503,37.122,54.08,HIGH,0.6513,Watch
HOUSEHOLD_1_068,HOUSEHOLD_1,1.6767123287671233,1.0,1.6821806255486624,1.003261320194561,0.36682992271290055,1.469758064516129,1224,0.0,3.0,5.0,0.31917808219178084,0.6808219178082192,0.8214285714285714,0.8111111111111111,23,73,Intermittent,A,Y,AY,Medium,6.969999999999999,0.0,0.0,0.0,8531.279999999999,8.419,10.513,11.905,10.542,13.449,20.156,31.893,50.3,MEDIUM,0.3202,Watch
FOODS_1_055,FOODS_1,2.782191780821918,2.0,4.634056256442907,1.6656135233813019,1.458931016391136,1.5379746835443038,2031,0.0,4.0,9.0,0.3493150684931507,0.6506849315068494,0.6428571428571429,0.7666666666666667,18,69,Lumpy,A,Z,AZ,Fast,4.169041095890411,0.19983645153552307,0.047933432878008754,0.09594532430833932,8467.322465753425,26.219,32.738,37.073,23.773,34.566,45.694,65.17,83.47,HIGH,0.5818,Watch
FOODS_1_218,FOODS_1,11.717808219178082,10.0,8.15331418396214,0.6958053955791939,0.47666941585897604,1.0055172413793103,8554,6.0,15.75,27.0,0.005479452054794521,0.9945205479452055,1.0,1.0,28,90,Smooth,A,X,AX,Fast,0.98,0.0,0.0,0.0,8382.92,35.485,44.308,50.176,63.79,70.638,117.51,199.534,351.53,LOW,0.0038,Normal
HOUSEHOLD_1_040,HOUSEHOLD_1,2.372602739726027,2.0,1.8299831778531108,0.7712977593936049,0.3682698611651883,1.16,1732,1.0,3.0,6.0,0.14246575342465753,0.8575342465753425,0.8928571428571429,0.9,25,81,Smooth,A,X,AX,Medium,4.7439041095890415,0.1989318985417767,0.04193421577381123,0.09907451523945668,8216.44191780822,7.965,9.945,11.262,13.365,15.083,24.573,41.181,71.18,LOW,0.1099,Normal
HOUSEHOLD_1_473,HOUSEHOLD_1,5.093150684931507,5.0,2.5074316263570764,0.492314439720623,0.21374129927629734,1.023876404494382,3718,3.0,7.0,10.0,0.023287671232876714,0.9767123287671233,1.0,0.9777777777777777,28,88,Smooth,A,X,AX,Fast,2.17627397260274,0.15831531283840225,0.072746039713494,0.17461036835611948,8091.386630136986,10.913,13.626,15.431,25.494,26.192,46.565,82.217,152.79,LOW,0.0115,Normal
FOODS_1_110,FOODS_1,5.7095890410958905,5.0,5.348208364286596,0.936706359223949,0.5594379526823493,1.2049586776859504,4168,1.25,8.0,16.0,0.16986301369863013,0.8301369863013699,0.9285714285714286,0.28888888888888886,26,26,Erratic,A,Y,AY,Fast,1.9392876712328768,0.05747820710701932,0.02963882458473956,0.0928175858951175,8082.951013698631,24.441,30.517,34.559,34.77,41.57,64.408,104.375,171.29,LOW,0.1591,Normal
FOODS_2_233,FOODS_2,2.4602739726027396,2.0,1.9300606652419907,0.784490136444307,0.38146757198991266,1.1701444622792938,1796,1.0,3.0,6.0,0.14520547945205478,0.8547945205479452,0.7857142857142857,0.7,22,63,Smooth,A,X,AX,Medium,4.48,0.0,0.0,0.0,8046.080000000001,8.4,10.489,11.878,13.944,15.781,25.622,42.844,73.81,LOW,0.1139,Normal
HOUSEHOLD_1_038,HOUSEHOLD_1,2.1027397260273974,2.0,1.615547119059452,0.7683057956694049,0.33377799612507447,1.193126022913257,1535,1.0,3.0,5.0,0.16164383561643836,0.8383561643835616,0.8928571428571429,0.8666666666666667,25,78,Smooth,A,X,AX,Medium,5.22,0.0,0.0,0.0,8012.7,7.031,8.779,9.942,11.829,13.339,21.75,36.469,63.08,LOW,0.1242,Normal
FOODS_2_184,FOODS_2,2.1931506849315068,2.0,1.7856988016378248,0.8142161927552993,0.3925071047017728,1.1934426229508197,1601,1.0,3.0,5.0,0.16301369863013698,0.836986301369863,0.7142857142857143,0.6777777777777778,20,61,Smooth,A,X,AX,Medium,4.95013698630137,0.024539274569392814,0.004957292017837268,0.01010073057338956,7925.169315068493,7.772,9.704,10.989,12.603,14.351,23.124,38.476,65.79,LOW,0.1327,Normal
FOODS_1_099,FOODS_1,11.021917808219179,10.0,7.293612265788159,0.6617371306913109,0.4187804638548034,1.0139082058414464,8046,6.0,15.0,25.0,0.0136986301369863,0.9863013698630136,1.0,1.0,28,90,Smooth,A,X,AX,Fast,0.98,0.0,0.0,0.0,7885.08,31.744,39.636,44.885,59.108,64.81,108.897,186.051,330.66,LOW,0.0091,Normal
FOODS_2_241,FOODS_2,4.517808219178082,2.0,5.359445444266545,1.1862932605969023,0.34629398430014846,1.7911547911547911,3298,0.0,8.0,15.0,0.4410958904109589,0.5589041095890411,1.0,0.9333333333333333,28,84,Intermittent,A,Y,AY,Fast,2.38,0.0,0.0,0.0,7849.24,26.825,33.494,37.929,31.013,40.378,58.45,90.074,135.53,MEDIUM,0.5233,Watch
FOODS_2_173,FOODS_2,1.1876712328767123,1.0,1.2688518383966623,1.0683527580734324,0.3383697013227312,1.6,867,0.0,2.0,4.0,0.37534246575342467,0.6246575342465753,0.6785714285714286,0.7333333333333333,19,66,Intermittent,A,Y,AY,Slow,8.98,0.0,0.0,0.0,7785.660000000001,6.351,7.93,8.98,7.705,9.914,14.665,22.978,35.63,MEDIUM,0.401,Watch
FOODS_2_299,FOODS_2,5.184931506849315,5.0,3.8113087398395296,0.7350740764983494,0.3552030876336345,1.1372854914196568,3785,2.0,8.0,12.0,0.12054794520547946,0.8794520547945206,0.8571428571428571,0.7111111111111111,24,64,Smooth,A,X,AX,Fast,2.0535890410958904,0.10001643700528855,0.0487032385758716,0.11686856289022904,7772.834520547945,16.588,20.712,23.455,28.728,32.143,52.883,89.177,155.55,LOW,0.0886,Normal
HOUSEHOLD_1_249,HOUSEHOLD_1,1.295890410958904,1.0,1.2970396595328921,1.000886840093408,0.32238843606167467,1.5114345114345114,946,0.0,2.0,4.0,0.33972602739726027,0.6602739726027397,0.5714285714285714,0.6,16,54,Intermittent,A,Y,AY,Slow,7.969999999999999,0.0,0.0,0.0,7539.619999999999,6.492,8.106,9.179,8.138,10.38,15.563,24.634,38.88,MEDIUM,0.34,Watch
HOUSEHOLD_1_539,HOUSEHOLD_1,2.6,2.0,1.9321363008161476,0.74312934618193,0.3252429957357058,1.1720257234726688,1898,1.0,4.0,6.0,0.14657534246575343,0.8534246575342466,0.9642857142857143,0.8555555555555555,27,77,Smooth,A,X,AX,Fast,3.9700000000000006,0.0,0.0,0.0,7535.060000000001,8.409,10.5,11.89,14.459,16.209,26.609,44.809,78.0,LOW,0.1089,Normal
HOUSEHOLD_1_169,HOUSEHOLD_1,3.495890410958904,3.0,2.5136579445029597,0.7190322488096658,0.3741850961946486,1.1045454545454545,2552,2.0,5.0,8.0,0.09452054794520548,0.9054794520547945,0.8214285714285714,0.8,23,72,Smooth,A,X,AX,Fast,2.945945205479452,0.034382616915814596,0.011671166473790143,0.1154128730458396,7518.052164383562,10.94,13.66,15.469,19.23,21.428,35.411,59.882,104.88,LOW,0.068,Normal
FOODS_1_085,FOODS_1,10.454794520547946,9.0,6.248836408854652,0.5977005474354788,0.3484303329365532,1.0069060773480663,7632,6.0,14.0,22.0,0.00684931506849315,0.9931506849315068,0.9285714285714286,0.9777777777777777,26,88,Smooth,A,X,AX,Fast,0.98,0.0,0.0,0.0,7479.36,27.197,33.959,38.455,54.557,58.561,100.381,173.564,313.64,LOW,0.0041,Normal
HOUSEHOLD_1_292,HOUSEHOLD_1,1.5698630136986302,1.0,1.6043335945509014,1.0219576991938297,0.38985610977606816,1.4727272727272727,1146,0.0,2.0,5.0,0.32054794520547947,0.6794520547945205,0.6428571428571429,0.6111111111111112,18,55,Intermittent,A,Y,AY,Medium,6.48,0.0,0.0,0.0,7426.080000000001,8.03,10.026,11.354,9.959,12.74,19.019,30.008,47.1,MEDIUM,0.3276,Watch
HOUSEHOLD_1_294,HOUSEHOLD_1,4.997260273972603,5.0,3.1549036675365447,0.6313266658006604,0.3051446003111251,1.0720588235294117,3648,3.0,7.0,11.0,0.06712328767123288,0.9328767123287671,1.0,0.9666666666666667,28,87,Smooth,A,X,AX,Fast,2.013972602739726,0.10617737218898635,0.05272036573116585,0.14895932526186917,7346.972054794521,13.731,17.145,19.415,26.45,28.723,48.712,83.693,149.92,LOW,0.0424,Normal
HOUSEHOLD_1_541,HOUSEHOLD_1,1.4301369863013698,1.0,1.6246968047183914,1.1360427841140943,0.4286405742644906,1.4427312775330396,1044,0.0,2.0,5.0,0.3767123287671233,0.6232876712328768,0.0,0.37777777777777777,0,34,Intermittent,A,Y,AY,Slow,6.995410958904109,0.11331231172947381,0.016198092205754435,0.0757639548431947,7303.20904109589,8.132,10.154,11.498,9.584,12.422,18.143,28.154,42.9,MEDIUM,0.428,Watch
FOODS_2_078,FOODS_2,1.0,1.0,1.2906407031616252,1.2906407018709845,0.352086883601056,1.929539295392954,730,0.0,2.0,4.0,0.4931506849315068,0.5068493150684932,0.39285714285714285,0.6333333333333333,11,57,Intermittent,A,Z,AZ,Slow,9.942383561643837,0.04153522647165382,0.004177592446934982,0.00905215529475304,7257.9400000000005,6.46,8.066,9.134,7.212,9.46,13.46,20.46,30.0,HIGH,0.6365,Watch
HOUSEHOLD_1_050,HOUSEHOLD_1,2.6506849315068495,2.0,2.048027670488856,0.7726409296603808,0.3393875576571226,1.193126022913257,1935,1.0,4.0,6.5499999999999545,0.16164383561643836,0.8383561643835616,0.7142857142857143,0.8555555555555555,20,77,Smooth,A,X,AX,Fast,3.74686301369863,0.1975651385049915,0.05272814559344394,0.12543826616603485,7250.179931506849,8.914,11.13,12.604,14.941,16.866,27.469,46.024,79.52,LOW,0.1249,Normal
HOUSEHOLD_1_086,HOUSEHOLD_1,1.9616438356164383,1.0,2.1316036883308858,1.0866415444750686,0.5036551287904155,1.4223107569721116,1432,0.0,3.0,6.0,0.31095890410958904,0.689041095890411,0.8214285714285714,0.6777777777777778,23,61,Lumpy,A,Y,AY,Medium,5.013972602739726,0.10617737218898678,0.02117629684114539,0.059832796022075266,7180.008767123287,12.06,15.059,17.053,12.838,17.945,25.792,39.523,58.85,MEDIUM,0.3379,Watch
HOUSEHOLD_1_051,HOUSEHOLD_1,3.2643835616438355,3.0,2.335542520824465,0.7154620393116123,0.35295354132583007,1.1180981595092025,2383,2.0,4.0,8.0,0.10547945205479452,0.8945205479452055,0.9642857142857143,0.9333333333333333,27,84,Smooth,A,X,AX,Fast,2.9600000000000004,0.0,0.0,0.0,7053.680000000001,10.165,12.692,14.373,17.928,19.958,33.016,55.866,97.93,LOW,0.0755,Normal
HOUSEHOLD_1_130,HOUSEHOLD_1,1.5,1.0,1.5783205917718235,1.0522137271464065,0.3545300357109952,1.5555555555555556,1095,0.0,2.0,4.0,0.35753424657534244,0.6424657534246575,0.8214285714285714,0.5333333333333333,23,48,Intermittent,A,Y,AY,Medium,6.424602739726027,0.01597901549664923,0.0024871600850655314,0.009339098840928359,7034.94,7.9,9.864,11.17,9.656,12.4,18.4,28.9,45.0,MEDIUM,0.3762,Watch
FOODS_2_112,FOODS_2,2.8753424657534246,2.0,2.7789956213601927,0.9664920452060036,0.5057845815477251,1.2857142857142858,2099,1.0,4.0,8.0,0.2219178082191781,0.7780821917808219,0.6428571428571429,0.6444444444444445,18,58,Erratic,A,Y,AY,Fast,3.3513424657534245,0.06455593148741626,0.01926270804822188,0.041774304306595636,7034.467835616438,12.7,15.857,17.957,17.762,21.326,32.827,52.955,86.26,LOW,0.2145,Normal
FOODS_2_346,FOODS_2,4.079452054794521,3.0,4.512902625884471,1.106252154495668,0.3869136371989911,1.475770925110132,2978,0.0,7.0,13.0,0.3767123287671233,0.6232876712328768,1.0,0.9888888888888889,28,89,Intermittent,A,Y,AY,Fast,2.3444807121661717,0.10678041246272389,0.04549257122885182,0.16189464592111863,6981.86356083086,22.588,28.204,31.938,26.951,34.826,51.144,79.7,122.38,MEDIUM,0.4167,Watch
FOODS_2_380,FOODS_2,1.8876712328767122,2.0,1.6430797348880697,0.8704268547408412,0.394757469965841,1.259515570934256,1378,1.0,3.0,5.0,0.20684931506849316,0.7931506849315069,0.6785714285714286,0.7333333333333333,19,66,Smooth,A,X,AX,Medium,4.97,0.0,0.0,0.0,6848.66,7.151,8.929,10.112,11.138,12.814,20.365,33.578,56.63,LOW,0.18,Normal
FOODS_1_183,FOODS_1,3.1246575342465754,3.0,2.3177859547491173,0.7417727954517148,0.35966499500900095,1.1392801251956182,2281,1.0,5.0,8.0,0.1232876712328767,0.8767123287671232,0.75,0.8555555555555555,21,77,Smooth,A,X,AX,Fast,2.98,0.0,0.0,0.0,6797.38,10.088,12.596,14.264,17.366,19.462,31.961,53.833,93.74,LOW,0.0915,Normal
HOUSEHOLD_1_418,HOUSEHOLD_1,9.476712328767123,9.0,6.24522876617845,0.6590079501054051,0.3778517940786362,1.0414285714285714,6918,5.0,12.0,21.0,0.03972602739726028,0.9602739726027397,1.0,1.0,28,90,Smooth,A,X,AX,Fast,0.9770000000000001,0.0045857176738612615,0.004693672132918384,0.010235414534288646,6758.886,27.181,33.939,38.433,50.761,55.611,93.518,159.855,284.3,LOW,0.0262,Normal
HOUSEHOLD_1_079,HOUSEHOLD_1,1.9082191780821918,2.0,1.4281181625508248,0.7484036310953104,0.2934512589543734,1.2069536423841059,1393,1.0,3.0,4.0,0.17123287671232876,0.8287671232876712,0.9285714285714286,0.8888888888888888,26,80,Smooth,A,X,AX,Medium,4.847424657534247,0.11095766167035587,0.022890022952269468,0.08458099485110017,6752.462547945206,6.216,7.761,8.789,10.637,11.941,19.574,32.931,57.25,LOW,0.1282,Normal
FOODS_1_086,FOODS_1,5.156164383561644,5.0,4.357987040076094,0.8451993992132181,0.2851185384382032,1.335164835164835,3764,0.25,8.0,13.0,0.25068493150684934,0.7493150684931507,0.6071428571428571,0.6888888888888889,17,62,Intermittent,A,X,AX,Fast,1.7844520547945206,0.08116969659902488,0.045487182679375245,0.1064752619659925,6716.677534246575,21.812,27.235,30.842,30.064,37.28,57.905,93.998,154.68,MEDIUM,0.2119,Normal
HOUSEHOLD_1_334,HOUSEHOLD_1,9.401369863013699,8.0,6.607529809109441,0.7028262800723923,0.41884767531409256,1.0534682080924855,6863,5.0,13.0,22.0,0.050684931506849315,0.9493150684931507,0.7142857142857143,0.9111111111111111,20,82,Smooth,A,X,AX,Fast,0.9770000000000001,0.0045857176738612615,0.004693672132918384,0.010235414534288646,6705.151000000001,28.758,35.908,40.663,51.34,56.962,94.568,160.377,282.04,LOW,0.0356,Normal
FOODS_1_217,FOODS_1,2.6095890410958904,2.0,2.959482756712254,1.134080006074576,0.5607101097501993,1.289738430583501,1905,0.0,4.0,7.0,0.3178082191780822,0.6821917808219178,0.7857142857142857,0.8555555555555555,22,77,Erratic,A,Y,AY,Fast,3.510082191780822,0.08302407693236034,0.023653029301356192,0.07407233956196638,6686.706575342466,13.524,16.887,19.123,17.472,21.353,31.791,50.058,78.29,LOW,0.3604,Watch
FOODS_1_173,FOODS_1,4.583561643835616,3.0,4.910905217413508,1.0714168583173123,0.6960166263595827,1.2660869565217392,3346,1.0,7.0,15.0,0.21095890410958903,0.7890410958904109,0.8928571428571429,0.7333333333333333,25,66,Erratic,A,Y,AY,Fast,1.9962602739726028,0.009916700241683814,0.004967638925133424,0.015028100489271048,6679.486876712329,22.442,28.022,31.733,29.779,36.193,54.527,86.612,137.51,LOW,0.226,Normal
FOODS_2_036,FOODS_2,2.521917808219178,2.0,2.6322939927898226,1.0437667647879525,0.4434584069841098,1.4493041749502982,1841,0.0,4.0,8.0,0.3095890410958904,0.6904109589041096,0.8928571428571429,0.8222222222222222,25,74,Intermittent,A,Y,AY,Fast,3.6003835616438358,0.13924296891883836,0.03867448190860639,0.11387675590119778,6628.306136986302,13.175,16.451,18.629,16.168,20.741,30.828,48.482,75.66,MEDIUM,0.3231,Watch
HOUSEHOLD_1_387,HOUSEHOLD_1,3.0602739726027397,3.0,2.2951252525600894,0.7499737841635561,0.3532646453117515,1.1553090332805072,2234,1.0,4.0,7.0,0.13424657534246576,0.8657534246575342,0.8928571428571429,0.9555555555555556,25,86,Smooth,A,X,AX,Fast,2.957671232876712,0.030966176864266195,0.010469783294388553,0.030429345560650377,6607.437534246575,9.989,12.473,14.124,17.071,19.17,31.411,52.833,91.81,LOW,0.1007,Normal
FOODS_1_161,FOODS_1,9.157534246575343,8.0,6.470680297240866,0.7065963525011244,0.4711831980806281,1.0195804195804197,6685,5.0,12.0,21.0,0.019178082191780823,0.9808219178082191,0.7857142857142857,0.8888888888888888,22,80,Smooth,A,X,AX,Fast,0.98,0.0,0.0,0.0,6551.3,28.162,35.164,39.821,50.092,55.635,92.265,156.367,274.73,LOW,0.0136,Normal
FOODS_2_359,FOODS_2,4.36027397260274,4.0,3.1497440524861524,0.7223729682021862,0.3848127926871291,1.0980392156862746,3183,2.0,6.0,10.0,0.09041095890410959,0.9095890410958904,0.7857142857142857,0.8666666666666667,22,78,Smooth,A,X,AX,Fast,2.0535890410958904,0.10001643700528855,0.0487032385758716,0.11686856289022904,6536.573917808219,13.709,17.117,19.384,24.021,26.79,44.231,74.753,130.81,LOW,0.0653,Normal
FOODS_2_074,FOODS_2,3.515068493150685,3.0,3.226672709794194,0.9179544339359527,0.5330462313725416,1.1996699669966997,2566,1.0,5.0,9.0,0.1684931506849315,0.8315068493150685,0.8214285714285714,0.8333333333333334,23,75,Erratic,A,Y,AY,Fast,2.5463150684931506,0.03314323436053547,0.013016156080067835,0.027490706419698564,6533.844465753425,14.745,18.412,20.85,21.215,25.29,39.35,63.956,105.45,LOW,0.1547,Normal
FOODS_2_274,FOODS_2,1.2684931506849315,1.0,1.4187469594274356,1.1184506258807332,0.36371584212523367,1.5011337868480725,926,0.0,2.0,4.0,0.39452054794520547,0.6054794520547945,0.8214285714285714,0.6777777777777778,23,61,Intermittent,A,Y,AY,Slow,7.036383561643836,0.15646845268021975,0.02223705562800014,0.06963804569595206,6515.691178082192,7.101,8.867,10.041,8.429,10.906,15.98,24.86,38.05,MEDIUM,0.4413,Watch
FOODS_1_162,FOODS_1,4.619178082191781,4.0,3.8185078321482,0.8266639136609493,0.5250541998165824,1.1045454545454545,3372,2.0,6.0,12.0,0.09452054794520548,0.9054794520547945,0.9642857142857143,0.9111111111111111,27,82,Erratic,A,X,AX,Fast,1.9306575342465753,0.06653365726808658,0.03446165676091842,0.09323248520626089,6510.177205479452,17.45,21.789,24.674,26.699,31.308,49.784,82.118,138.58,LOW,0.0781,Normal
FOODS_2_150,FOODS_2,2.9904109589041097,3.0,2.6860708373833972,0.8982279938773127,0.38426105592216203,1.3064516129032258,2183,1.0,5.0,8.0,0.23424657534246576,0.7657534246575343,0.9285714285714286,0.6444444444444445,26,58,Smooth,A,X,AX,Fast,2.9600000000000004,0.0,0.0,0.0,6461.680000000001,11.69,14.597,16.53,17.879,20.661,32.623,53.556,89.71,LOW,0.2104,Normal
HOUSEHOLD_1_197,HOUSEHOLD_1,1.7616438356164383,2.0,1.438476185468717,0.8165533552069046,0.2996857140852122,1.283450704225352,1286,1.0,3.0,4.0,0.22054794520547946,0.7794520547945205,0.75,0.7555555555555555,21,68,Smooth,A,X,AX,Medium,4.97,0.0,0.0,0.0,6391.42,6.261,7.817,8.852,10.134,11.546,18.593,30.924,52.85,LOW,0.1801,Normal
HOUSEHOLD_1_328,HOUSEHOLD_1,1.836986301369863,1.0,1.6484120087215086,0.8973458357282914,0.41275858600909293,1.2771929824561403,1341,1.0,3.0,5.0,0.21780821917808219,0.7821917808219178,0.8214285714285714,0.8,23,72,Smooth,A,X,AX,Medium,4.7439041095890415,0.1989318985417767,0.04193421577381123,0.09907451523945668,6361.575410958904,7.174,8.958,10.144,10.979,12.685,20.033,32.892,55.11,LOW,0.1954,Normal
HOUSEHOLD_1_361,HOUSEHOLD_1,4.626027397260274,4.0,4.13254796845459,0.8933254416108152,0.37752324895142975,1.3064516129032258,3377,1.0,7.0,12.549999999999955,0.23424657534246576,0.7657534246575343,0.8571428571428571,0.8555555555555555,24,77,Smooth,A,X,AX,Fast,1.88,0.0,0.0,0.0,6348.759999999999,17.986,22.458,25.432,27.594,31.864,50.368,82.75,138.78,LOW,0.2093,Normal
FOODS_1_023,FOODS_1,1.5616438356164384,0.0,2.2488127849245436,1.4400292385471012,0.46660397391172426,2.080691642651297,1140,0.0,3.0,6.0,0.5232876712328767,0.4767123287671233,0.7142857142857143,0.2777777777777778,20,25,Intermittent,A,Z,AZ,Medium,5.517260273972602,0.08887129878382492,0.01610786774063765,0.04349985102790732,6289.676712328766,11.256,14.054,15.915,12.071,15.941,22.188,33.119,46.85,HIGH,0.7535,Critical
FOODS_1_018,FOODS_1,8.772602739726027,8.0,5.664870363869287,0.645745684752215,0.40007266650339435,1.0125,6404,5.0,12.0,19.0,0.012328767123287671,0.9876712328767123,1.0,1.0,28,90,Smooth,A,X,AX,Fast,0.98,0.0,0.0,0.0,6275.92,24.655,30.785,34.862,46.72,50.973,86.063,147.471,263.18,LOW,0.008,Normal
HOUSEHOLD_1_437,HOUSEHOLD_1,2.7465753424657535,2.0,2.813888363772729,1.0245079824469832,0.32873425190563466,1.5444915254237288,2005,0.0,5.0,8.0,0.35205479452054794,0.647945205479452,0.8214285714285714,0.9222222222222223,23,83,Intermittent,A,Y,AY,Fast,3.0888767123287675,0.19383105686772692,0.06275130894479557,0.13597175902930528,6193.197808219179,14.084,17.585,19.914,17.446,22.324,33.31,52.536,82.4,MEDIUM,0.3607,Watch
HOUSEHOLD_1_118,HOUSEHOLD_1,8.745205479452055,8.0,6.238700275070261,0.7133852130765225,0.4289257421532519,1.0565217391304347,6384,4.0,12.0,21.0,0.05342465753424658,0.9465753424657535,1.0,0.9888888888888889,28,89,Smooth,A,X,AX,Fast,0.9700000000000001,0.0,0.0,0.0,6192.4800000000005,27.152,33.903,38.393,47.983,53.388,88.368,149.585,262.36,LOW,0.0381,Normal
FOODS_2_054,FOODS_2,2.9068493150684933,2.0,2.6096936663310832,0.8977739753846916,0.44308452689523514,1.2525773195876289,2122,1.0,4.0,8.0,0.20136986301369864,0.7986301369863014,0.8214285714285714,0.8222222222222222,23,74,Smooth,A,X,AX,Fast,2.90441095890411,0.09039462874419352,0.031123222582213762,0.0654177396685251,6163.160054794521,11.358,14.182,16.06,17.376,20.079,31.706,52.054,87.21,LOW,0.1808,Normal
HOUSEHOLD_1_376,HOUSEHOLD_1,1.5452054794520549,1.0,1.4204997283794671,0.9192950363882318,0.2896126846682752,1.432220039292731,1128,0.0,2.0,4.0,0.3013698630136986,0.6986301369863014,0.8928571428571429,0.8222222222222222,25,74,Intermittent,A,Y,AY,Medium,5.33413698630137,0.19375612314363527,0.03632379964017076,0.08623700538275053,6016.906520547946,7.11,8.877,10.053,9.332,11.746,17.926,28.743,46.36,MEDIUM,0.277,Normal
HOUSEHOLD_1_370,HOUSEHOLD_1,1.1273972602739726,1.0,1.281668462459667,1.1368383678805163,0.37630001864944185,1.668192219679634,823,0.0,2.0,4.0,0.4,0.6,0.7142857142857143,0.7555555555555555,20,68,Intermittent,A,Y,AY,Slow,7.203260273972603,0.12215059937316339,0.016957682317065192,0.04025954761732689,5928.283205479453,6.415,8.01,9.071,7.558,9.797,14.307,22.199,33.82,MEDIUM,0.4547,Watch
FOODS_1_194,FOODS_1,1.6767123287671233,1.0,1.8273808300590164,1.0898594813296443,0.45747244319195246,1.5010309278350515,1224,0.0,3.0,5.0,0.33424657534246577,0.6657534246575343,0.75,0.7666666666666667,21,69,Intermittent,A,Y,AY,Medium,4.839287671232877,0.045379509118023534,0.009377311745235112,0.02479703794286493,5923.288109589042,9.146,11.42,12.933,10.99,14.176,20.883,32.62,50.3,MEDIUM,0.3643,Watch
HOUSEHOLD_1_408,HOUSEHOLD_1,1.4438356164383561,1.0,1.5098749201003068,1.0457387959296343,0.3371666129088397,1.5677419354838709,1054,0.0,2.0,4.0,0.36164383561643837,0.6383561643835617,0.8571428571428571,0.7,24,63,Intermittent,A,Y,AY,Slow,5.48,0.0,0.0,0.0,5775.92,7.557,9.436,10.686,9.265,11.889,17.664,27.771,43.32,MEDIUM,0.3782,Watch
HOUSEHOLD_1_517,HOUSEHOLD_1,8.178082191780822,8.0,4.583001546075094,0.5604005239909089,0.262220877699497,1.0414285714285714,5970,5.0,11.0,16.0,0.03972602739726028,0.9602739726027397,0.8928571428571429,0.8777777777777778,25,79,Smooth,A,X,AX,Fast,0.9663013698630136,0.034406863182518455,0.03560676229548976,0.10348738304508079,5768.819178082192,19.946,24.906,28.204,42.03,44.48,77.193,134.439,245.34,LOW,0.0223,Normal
FOODS_1_200,FOODS_1,8.016438356164384,7.0,6.7564076881831046,0.8428191407652782,0.652696486610221,1.0255681818181819,5852,4.0,10.0,19.0,0.03424657534246575,0.9657534246575342,1.0,1.0,28,90,Erratic,A,X,AX,Fast,0.98,0.0,0.0,0.0,5734.96,30.876,38.553,43.658,46.688,54.925,86.991,143.106,240.49,LOW,0.0289,Normal
HOUSEHOLD_1_014,HOUSEHOLD_1,0.43561643835616437,0.0,0.7598431458565136,1.7442940100689317,0.26376514758258157,3.20704845814978,318,0.0,1.0,2.0,0.6876712328767123,0.31232876712328766,0.39285714285714285,0.3111111111111111,11,28,Intermittent,A,Z,AZ,Slow,17.97,0.0,0.0,0.0,5714.46,3.803,4.749,5.378,3.85,5.11,6.852,9.902,13.07,HIGH,1.1995,Critical
FOODS_1_104,FOODS_1,2.197260273972603,2.0,2.510142309055308,1.1423964368930333,0.6179132255350176,1.24853228962818,1604,0.0,3.0,7.0,0.29863013698630136,0.7013698630136986,0.6428571428571429,0.5222222222222223,18,47,Erratic,A,Y,AY,Medium,3.510082191780822,0.08302407693236034,0.023653029301356192,0.07407233956196638,5630.171835616438,11.471,14.323,16.22,14.77,18.063,26.852,42.233,65.92,LOW,0.3412,Watch
HOUSEHOLD_1_318,HOUSEHOLD_1,2.5972602739726027,2.0,2.28503005602005,0.8797847786141315,0.4491325772417604,1.223529411764706,1896,1.0,4.0,7.0,0.18356164383561643,0.8164383561643835,0.8571428571428571,0.8888888888888888,24,80,Smooth,A,X,AX,Fast,2.9663013698630136,0.03440686318251856,0.011599247309152372,0.03371201625565719,5624.1073972602735,9.945,12.418,14.062,15.393,17.737,28.126,46.307,77.92,LOW,0.1615,Normal
HOUSEHOLD_1_498,HOUSEHOLD_1,2.347945205479452,2.0,1.8062380180417748,0.7692845697834994,0.35905663781312114,1.1720257234726688,1714,1.0,3.0,6.0,0.14657534246575343,0.8534246575342466,0.9285714285714286,0.8777777777777778,26,79,Smooth,A,X,AX,Medium,3.2799999999999994,0.0,0.0,0.0,5621.919999999999,7.861,9.816,11.116,13.214,14.905,24.297,40.732,70.44,LOW,0.1128,Normal
HOUSEHOLD_1_119,HOUSEHOLD_1,2.147945205479452,2.0,1.8394541767139612,0.8563785385051245,0.3350645858992948,1.2566844919786095,1568,1.0,3.0,5.0,0.23013698630136986,0.7698630136986301,0.8571428571428571,0.7222222222222222,24,65,Smooth,A,X,AX,Medium,3.580821917808219,0.20164789848834955,0.05631329988389257,0.12846212700841633,5614.728767123287,8.006,9.996,11.32,12.59,14.45,23.042,38.077,64.44,LOW,0.1971,Normal
HOUSEHOLD_1_204,HOUSEHOLD_1,4.065753424657534,3.0,3.97265375498656,0.9771014961007092,0.7362914749205275,1.1267387944358578,2968,1.25,6.0,11.0,0.11232876712328767,0.8876712328767123,0.9642857142857143,0.9333333333333333,27,84,Erratic,A,Y,AY,Fast,1.88,0.0,0.0,0.0,5579.839999999999,18.155,22.668,25.67,25.243,30.352,46.615,75.076,121.97,LOW,0.1098,Normal
FOODS_2_304,FOODS_2,1.9191780821917808,2.0,1.8521485142859533,0.9650738149352192,0.34999778978501617,1.1925343811394893,1401,0.0,3.0,5.0,0.3013698630136986,0.6986301369863014,0.8571428571428571,0.8666666666666667,24,78,Smooth,A,Y,AY,Medium,3.9700000000000006,0.0,0.0,0.0,5561.970000000001,8.061,10.065,11.398,11.847,13.819,21.495,34.929,57.58,LOW,0.2908,Normal
HOUSEHOLD_1_465,HOUSEHOLD_1,7.771232876712329,7.0,6.44181501378267,0.828930893611181,0.6024839243585216,1.0520231213872833,5673,4.0,10.0,18.0,0.050684931506849315,0.9493150684931507,1.0,1.0,28,90,Erratic,A,X,AX,Fast,0.9770000000000001,0.0045857176738612615,0.004693672132918384,0.010235414534288646,5542.521000000001,29.438,36.758,41.625,44.966,52.752,83.837,138.235,233.14,LOW,0.042,Normal
FOODS_1_152,FOODS_1,0.915068493150685,1.0,1.187107828004132,1.2972884932574789,0.38292526324596304,1.9413333333333334,668,0.0,1.0,3.0,0.4849315068493151,0.5150684931506849,0.6071428571428571,0.4111111111111111,17,37,Intermittent,A,Z,AZ,Slow,8.29472602739726,0.1359778647638386,0.01639329187181196,0.042195486486709614,5540.8769863013695,5.942,7.419,8.401,6.62,8.687,12.347,18.753,27.45,HIGH,0.6291,Watch
HOUSEHOLD_1_055,HOUSEHOLD_1,1.9082191780821918,2.0,1.5905761362197202,0.8335395397214012,0.3215712692718664,1.283450704225352,1393,1.0,3.0,5.0,0.22054794520547946,0.7794520547945205,0.8571428571428571,0.8444444444444444,24,76,Smooth,A,X,AX,Medium,3.9618904109589037,0.032977342533080566,0.008323638241447218,0.025240476042293382,5518.913342465753,6.923,8.644,9.788,11.065,12.648,20.281,33.638,57.25,LOW,0.1838,Normal
HOUSEHOLD_1_214,HOUSEHOLD_1,3.9945205479452053,4.0,2.61187438132548,0.6538642996880245,0.31262803509141185,1.0880597014925373,2916,2.0,5.0,9.0,0.08082191780821918,0.9191780821917809,0.9642857142857143,0.9555555555555556,27,86,Smooth,A,X,AX,Fast,1.87,0.0,0.0,0.0,5452.92,11.368,14.194,16.074,21.348,23.352,39.33,67.291,119.84,LOW,0.0528,Normal
HOUSEHOLD_1_291,HOUSEHOLD_1,1.9602739726027398,2.0,1.8408782691018277,0.9390923380564618,0.47024940933194226,1.281195079086116,1431,1.0,3.0,5.5499999999999545,0.2191780821917808,0.7808219178082192,0.7142857142857143,0.7888888888888889,20,71,Smooth,A,Y,AY,Medium,3.7326575342465755,0.018616201019912175,0.004987385220613279,0.010716225539848101,5341.43293150685,8.012,10.004,11.329,11.951,13.893,21.734,35.456,58.81,LOW,0.2058,Normal
HOUSEHOLD_1_071,HOUSEHOLD_1,3.3534246575342466,3.0,2.068291743800714,0.616770005116127,0.2787053570722245,1.08,2448,2.0,5.0,7.0,0.07397260273972603,0.9260273972602739,0.8928571428571429,0.9333333333333333,25,84,Smooth,A,X,AX,Fast,2.176082191780822,0.15822573805088172,0.07271128758302822,0.17462575698440072,5327.049205479452,9.002,11.24,12.728,17.64,19.062,32.476,55.95,100.6,LOW,0.0456,Normal
FOODS_2_307,FOODS_2,2.8493150684931505,2.0,2.8307084784154197,0.9934698021721267,0.5360984581752447,1.2948490230905862,2080,1.0,4.0,8.0,0.2273972602739726,0.7726027397260274,0.8928571428571429,0.7888888888888889,25,71,Erratic,A,Y,AY,Fast,2.5463150684931506,0.03314323436053547,0.013016156080067835,0.027490706419698564,5296.3353424657535,12.936,16.152,18.291,17.83,21.484,32.881,52.826,85.48,LOW,0.2259,Normal
HOUSEHOLD_1_048,HOUSEHOLD_1,2.552054794520548,2.0,2.0728254549914653,0.8122182402312669,0.3738489223611809,1.208955223880597,1863,1.0,4.0,6.0,0.1726027397260274,0.8273972602739726,0.7142857142857143,0.7666666666666667,20,69,Smooth,A,X,AX,Fast,2.84,0.0,0.0,0.0,5290.92,9.021,11.265,12.756,14.652,16.677,26.885,44.75,76.56,LOW,0.1402,Normal
FOODS_2_014,FOODS_2,2.419178082191781,2.0,2.1688111467355893,0.8965074385405037,0.47837242187959683,1.221105527638191,1766,1.0,3.0,6.0,0.18082191780821918,0.8191780821917808,0.8571428571428571,0.7666666666666667,24,69,Smooth,A,X,AX,Medium,2.9600000000000004,0.0,0.0,0.0,5227.360000000001,9.439,11.786,13.347,14.452,16.697,26.373,43.307,72.58,LOW,0.1621,Normal
FOODS_2_013,FOODS_2,3.5671232876712327,3.0,2.4919626854943155,0.6985916896700762,0.34586654767417946,1.1062215477996966,2604,2.0,5.0,8.0,0.0958904109589041,0.9041095890410958,0.9285714285714286,0.9444444444444444,26,85,Smooth,A,X,AX,Fast,2.0,0.0,0.0,0.0,5208.0,10.846,13.542,15.336,19.443,21.547,35.816,60.786,107.01,LOW,0.067,Normal
HOUSEHOLD_1_369,HOUSEHOLD_1,1.904109589041096,2.0,1.703858502402538,0.8948321626623204,0.38699987941782155,1.2994652406417113,1390,1.0,3.0,5.0,0.23013698630136986,0.7698630136986301,0.5714285714285714,0.7777777777777778,16,70,Smooth,A,X,AX,Medium,3.7326575342465755,0.018616201019912175,0.004987385220613279,0.010716225539848101,5188.39397260274,7.416,9.259,10.486,11.366,13.128,20.745,34.074,57.12,LOW,0.2059,Normal
HOUSEHOLD_1_282,HOUSEHOLD_1,1.7767123287671234,2.0,1.4077107178644577,0.7923121229473139,0.287095723787393,1.265625,1297,1.0,3.0,4.0,0.2095890410958904,0.7904109589041096,0.8214285714285714,0.7444444444444445,23,67,Smooth,A,X,AX,Medium,3.98,0.0,0.0,0.0,5162.06,6.127,7.65,8.663,10.106,11.457,18.564,31.001,53.3,LOW,0.1661,Normal
FOODS_1_080,FOODS_1,0.9205479452054794,1.0,1.145205479452055,1.2440476176961985,0.341024138114776,1.9033942558746737,672,0.0,1.0,3.0,0.473972602739726,0.5260273972602739,0.6071428571428571,0.5222222222222223,17,47,Intermittent,A,Z,AZ,Slow,7.579999999999999,0.0,0.0,0.0,5093.759999999999,5.732,7.157,8.105,6.495,8.494,12.176,18.62,27.62,HIGH,0.5896,Watch
FOODS_2_164,FOODS_2,2.223287671232877,2.0,1.9760913785610585,0.8888149757860367,0.4106394097253205,1.2682926829268293,1623,1.0,3.0,6.0,0.21232876712328766,0.7876712328767124,0.75,0.6777777777777778,21,61,Smooth,A,X,AX,Medium,3.124383561643836,0.08967226260889756,0.028700785559669945,0.06401262714836904,5070.874520547945,8.6,10.739,12.161,13.233,15.27,24.163,39.726,66.7,LOW,0.1887,Normal
HOUSEHOLD_1_510,HOUSEHOLD_1,1.3876712328767122,1.0,1.2688518383966623,0.914374966793751,0.31100584946384213,1.4019230769230768,1013,0.0,2.0,4.0,0.2863013698630137,0.7136986301369863,0.6428571428571429,0.7555555555555555,18,68,Intermittent,A,X,AX,Slow,4.942301369863014,0.007989507748325244,0.0016165561649160803,0.006070046675609924,5006.551287671233,6.351,7.93,8.98,8.361,10.514,16.065,25.778,41.63,MEDIUM,0.2618,Normal
HOUSEHOLD_1_447,HOUSEHOLD_1,7.010958904109589,7.0,4.266773881338864,0.6085863487559794,0.31450976651364515,1.0429184549356223,5118,4.0,10.0,15.0,0.0410958904109589,0.958904109589041,0.9285714285714286,0.9666666666666667,26,87,Smooth,A,X,AX,Fast,0.9770000000000001,0.0045857176738612615,0.004693672132918384,0.010235414534288646,5000.286,18.57,23.187,26.258,36.752,39.603,67.647,116.723,210.33,LOW,0.025,Normal
FOODS_2_360,FOODS_2,7.280821917808219,5.0,8.398746767801528,1.153543770395678,0.332147979791413,1.7524038461538463,5315,0.0,13.0,24.0,0.42876712328767125,0.5712328767123288,1.0,0.9111111111111111,28,82,Intermittent,A,Y,AY,Fast,0.935013698630137,0.01874856603620273,0.020051648509183066,0.10695030473511484,4969.597808219178,42.037,52.488,59.439,49.203,63.879,93.003,143.969,218.42,MEDIUM,0.4946,Watch
HOUSEHOLD_1_180,HOUSEHOLD_1,2.293150684931507,2.0,1.89998765440281,0.8285489767677482,0.3937427329182526,1.2109634551495017,1674,1.0,3.0,6.0,0.17397260273972603,0.826027397260274,0.8928571428571429,0.9222222222222223,25,83,Smooth,A,X,AX,Medium,2.9663013698630136,0.03440686318251856,0.011599247309152372,0.03371201625565719,4965.588493150684,8.269,10.325,11.693,13.266,15.148,24.321,40.373,68.79,LOW,0.1441,Normal
HOUSEHOLD_1_453,HOUSEHOLD_1,3.117808219178082,3.0,1.9813750909132146,0.6355025553175438,0.296609933951747,1.0832095096582466,2276,2.0,4.0,7.0,0.07671232876712329,0.9232876712328767,0.9642857142857143,0.8444444444444444,27,76,Smooth,A,X,AX,Fast,2.17627397260274,0.15831531283840225,0.072746039713494,0.17461036835611948,4953.199561643836,8.623,10.768,12.193,16.532,17.976,30.448,52.272,93.53,LOW,0.0488,Normal
FOODS_2_325,FOODS_2,5.443835616438356,5.0,3.9770225767171317,0.730555229106744,0.4145714360914906,1.0833333333333333,3974,2.0,8.0,13.0,0.07808219178082192,0.9219178082191781,0.9642857142857143,0.9666666666666667,27,87,Smooth,A,X,AX,Fast,1.2457808219178081,0.021140490651887403,0.016969670972573514,0.08829803611092793,4950.732986301369,17.309,21.613,24.475,30.101,33.641,55.416,93.523,163.32,LOW,0.057,Normal
FOODS_2_315,FOODS_2,2.712328767123288,2.0,3.2354180863193,1.192856162698133,0.4148888240695728,1.5741176470588236,1980,0.0,5.0,9.0,0.41643835616438357,0.5835616438356165,0.9285714285714286,0.4222222222222222,26,38,Intermittent,A,Z,AZ,Fast,2.5,0.0,0.0,0.0,4950.0,16.194,20.22,22.897,18.677,24.331,35.18,54.167,81.37,HIGH,0.4968,Watch
HOUSEHOLD_1_090,HOUSEHOLD_1,2.289041095890411,2.0,1.8668016486952763,0.8155387210964743,0.35777462611500227,1.2272727272727273,1671,1.0,3.0,6.0,0.18493150684931506,0.815068493150685,0.5,0.6111111111111112,14,55,Smooth,A,X,AX,Medium,2.9600000000000004,0.0,0.0,0.0,4946.160000000001,8.125,10.145,11.488,13.162,14.992,24.148,40.172,68.67,LOW,0.1508,Normal
FOODS_2_139,FOODS_2,2.258904109589041,2.0,2.2827726242047692,1.0105664129361842,0.44618299834337777,1.3953934740882918,1649,0.0,4.0,7.0,0.28493150684931506,0.7150684931506849,0.7142857142857143,0.8555555555555555,20,77,Intermittent,A,Y,AY,Medium,2.98,0.0,0.0,0.0,4914.0199999999995,11.426,14.266,16.155,14.252,18.203,27.238,43.051,67.77,MEDIUM,0.2879,Normal
HOUSEHOLD_1_434,HOUSEHOLD_1,1.6931506849315068,1.0,1.6466095317034912,0.9725121014835071,0.4054624587783534,1.3859315589353611,1236,0.0,2.0,5.0,0.27808219178082194,0.7219178082191781,0.9642857142857143,0.9222222222222223,27,83,Intermittent,A,Y,AY,Medium,3.9700000000000006,0.0,0.0,0.0,4906.920000000001,8.241,10.291,11.653,10.489,13.32,20.093,31.945,50.79,MEDIUM,0.2704,Normal
HOUSEHOLD_1_518,HOUSEHOLD_1,0.952054794520548,1.0,1.1173120373371006,1.1735795487760725,0.33274669134772583,1.6740196078431373,695,0.0,1.0,3.0,0.4397260273972603,0.5602739726027397,0.5714285714285714,0.6444444444444445,16,58,Intermittent,A,Y,AY,Slow,6.969999999999999,0.0,0.0,0.0,4844.15,5.592,6.983,7.907,6.496,8.448,12.256,18.921,28.56,MEDIUM,0.5161,Watch
FOODS_1_021,FOODS_1,6.617808219178082,4.0,8.160073906221742,1.23304780597014,1.0629900249749098,1.2063758389261745,4831,1.0,9.0,25.0,0.1821917808219178,0.8178082191780822,0.25,0.4888888888888889,7,44,Erratic,A,Z,AZ,Fast,0.98,0.0,0.0,0.0,4734.38,37.291,46.562,52.728,46.449,57.144,83.616,129.94,198.53,HIGH,0.2247,Normal
FOODS_1_172,FOODS_1,3.2726027397260276,3.0,2.2709457491558296,0.693926494925571,0.35827009661937437,1.091317365269461,2389,2.0,5.0,7.0,0.08356164383561644,0.9164383561643835,0.8571428571428571,0.9111111111111111,24,82,Smooth,A,X,AX,Fast,1.9625479452054795,0.04627793446119083,0.023580537012738056,0.07133583683497824,4688.52704109589,9.884,12.341,13.975,17.801,19.702,32.792,55.7,98.18,LOW,0.058,Normal
FOODS_1_046,FOODS_1,6.435616438356164,6.0,4.460707292740761,0.6931282084280059,0.43845751248503845,1.0296610169491525,4698,3.0,9.0,15.0,0.028767123287671233,0.9712328767123287,1.0,0.9888888888888889,28,89,Smooth,A,X,AX,Fast,0.98,0.0,0.0,0.0,4604.04,19.414,24.241,27.451,34.993,38.721,64.463,109.513,193.07,LOW,0.0199,Normal
HOUSEHOLD_1_093,HOUSEHOLD_1,1.5890410958904109,1.0,1.58793064648213,0.9993011820710905,0.41077085945488295,1.4182879377431907,1160,0.0,2.0,4.5499999999999545,0.2945205479452055,0.7054794520547946,0.7857142857142857,0.9,22,81,Intermittent,A,Y,AY,Medium,3.9426849315068493,0.010016278536920803,0.0025404714581372077,0.010145370653473061,4573.514520547945,7.948,9.924,11.238,9.972,12.715,19.071,30.195,47.67,MEDIUM,0.2943,Normal
HOUSEHOLD_1_246,HOUSEHOLD_1,1.5671232876712329,1.0,2.0127031366565213,1.2843297979210662,0.3292806460710475,1.389041095890411,1144,0.0,3.0,5.0,0.4986301369863014,0.5013698630136987,0.9642857142857143,0.8777777777777778,27,79,Intermittent,A,Z,AZ,Medium,3.98,0.0,0.0,0.0,4553.12,10.074,12.578,14.244,11.269,14.775,21.044,32.014,47.01,HIGH,0.6404,Watch
FOODS_1_103,FOODS_1,1.4602739726027398,1.0,1.4109881630162209,0.9662489289835642,0.35954439770085256,1.421875,1066,0.0,2.0,4.0,0.29726027397260274,0.7027397260273973,0.7857142857142857,0.7444444444444445,22,67,Intermittent,A,Y,AY,Medium,4.228863013698629,0.10908370265852103,0.025795042853165095,0.07803515955258539,4507.967972602739,7.062,8.818,9.986,9.019,11.443,17.284,27.506,43.81,MEDIUM,0.2872,Normal
HOUSEHOLD_1_345,HOUSEHOLD_1,1.4904109589041097,1.0,1.653735032325365,1.1095832470473534,0.4833525856439364,1.4814049586776858,1088,0.0,2.0,5.0,0.3356164383561644,0.6643835616438356,0.39285714285714285,0.4,11,36,Intermittent,A,Y,AY,Medium,4.1417534246575345,0.14321104754094668,0.03457739581703569,0.08209083572572,4506.227726027398,8.277,10.335,11.704,9.862,12.748,18.71,29.143,44.71,MEDIUM,0.3724,Watch
HOUSEHOLD_1_399,HOUSEHOLD_1,6.1657534246575345,6.0,4.215259922374088,0.6836569079835624,0.26478572609818807,1.160828025477707,4501,3.0,9.0,13.0,0.13835616438356163,0.8616438356164383,0.9642857142857143,0.9888888888888889,27,89,Smooth,B,X,BX,Fast,1.0006849315068493,0.04615025163517372,0.046118663509482294,0.09993155373032178,4504.0828767123285,18.346,22.907,25.941,33.385,36.843,61.506,104.667,184.97,LOW,0.0946,Normal
FOODS_1_058,FOODS_1,3.1164383561643834,2.0,3.3599377725251305,1.0781338783104648,0.5769505967305185,1.3709981167608287,2275,0.0,5.0,9.0,0.27123287671232876,0.7287671232876712,0.75,0.23333333333333334,21,21,Lumpy,B,Y,BY,Fast,1.9392876712328768,0.05747820710701932,0.02963882458473956,0.0928175858951175,4411.8794520547945,19.01,23.737,26.88,20.312,28.359,40.825,62.64,93.49,MEDIUM,0.2924,Normal
FOODS_1_067,FOODS_1,3.0164383561643837,2.0,3.551153148564027,1.1772669380528313,0.7434706571436178,1.3665413533834587,2202,0.0,4.0,9.0,0.26986301369863014,0.7301369863013699,0.7857142857142857,0.6777777777777778,22,61,Lumpy,B,Y,BY,Fast,1.9962602739726028,0.009916700241683814,0.004967638925133424,0.015028100489271048,4395.7651232876715,20.092,25.088,28.41,20.617,29.141,41.207,62.322,90.49,MEDIUM,0.3177,Watch
FOODS_2_016,FOODS_2,4.817808219178082,4.0,4.969326253656013,1.0314495775990706,0.6041128894900843,1.2879858657243817,3517,1.0,7.0,14.549999999999955,0.2232876712328767,0.7767123287671233,0.7857142857142857,0.7888888888888889,22,71,Erratic,B,Y,BY,Fast,1.2457808219178081,0.021140490651887403,0.016969670972573514,0.08829803611092793,4381.411150684931,22.709,28.355,32.11,30.704,37.162,56.434,90.158,144.53,LOW,0.2303,Normal
HOUSEHOLD_1_087,HOUSEHOLD_1,1.332876712328767,1.0,1.331448361080822,0.9989283688178647,0.3663932768112617,1.463855421686747,973,0.0,2.0,4.0,0.31643835616438354,0.6835616438356165,0.5357142857142857,0.6333333333333333,15,57,Intermittent,B,Y,BY,Slow,4.47,0.0,0.0,0.0,4349.3099999999995,6.664,8.321,9.423,8.363,10.663,15.994,25.324,39.99,MEDIUM,0.3161,Watch
HOUSEHOLD_1_386,HOUSEHOLD_1,2.0054794520547947,2.0,1.4924366773431803,0.7441794903806492,0.3159226053713276,1.1815235008103728,1464,1.0,3.0,5.0,0.15342465753424658,0.8465753424657534,0.7857142857142857,0.8,22,72,Smooth,B,X,BX,Medium,2.9600000000000004,0.0,0.0,0.0,4333.4400000000005,6.495,8.11,9.184,11.158,12.511,20.533,34.572,60.16,LOW,0.1142,Normal
HOUSEHOLD_1_538,HOUSEHOLD_1,1.6986301369863013,1.0,1.4053218956255675,0.8273265993570289,0.3551028640885311,1.242320819112628,1240,1.0,2.0,4.0,0.1958904109589041,0.8041095890410959,0.8214285714285714,0.8222222222222222,23,74,Smooth,B,X,BX,Medium,3.48,0.0,0.0,0.0,4315.2,6.116,7.637,8.648,9.821,11.212,18.006,29.897,50.96,LOW,0.1621,Normal
FOODS_2_255,FOODS_2,2.2013698630136984,1.0,6.367231891418104,2.8923953196165324,4.257908937009245,1.786764705882353,1607,0.0,2.0,7.0,0.4397260273972603,0.5602739726027397,0.5714285714285714,0.5555555555555556,16,50,Lumpy,B,Z,BZ,Medium,2.68,0.0,0.0,0.0,4306.76,36.025,44.982,50.939,29.447,42.629,51.435,66.844,66.04,MEDIUM,1.2719,Critical
HOUSEHOLD_1_045,HOUSEHOLD_1,2.2794520547945205,2.0,2.194323867163329,0.9626540999558248,0.4709462237324601,1.3111510791366907,1664,1.0,3.0,6.0,0.236986301369863,0.763013698630137,0.75,0.8,21,72,Smooth,B,Y,BY,Medium,2.582931506849315,0.08272059981778805,0.032025858834596604,0.07355982901449981,4297.99802739726,9.55,11.925,13.504,14.055,16.388,25.506,41.462,68.38,LOW,0.2281,Normal
HOUSEHOLD_1_129,HOUSEHOLD_1,1.478082191780822,1.0,1.244246658291341,0.8417980166248066,0.3183123129589161,1.2971530249110321,1079,1.0,2.0,4.0,0.22876712328767124,0.7712328767123288,0.75,0.7444444444444445,21,67,Smooth,B,X,BX,Medium,3.9663013698630136,0.03440686318251856,0.008674797997941061,0.02521240588519723,4279.639178082191,5.415,6.762,7.657,8.604,9.849,15.762,26.108,44.34,LOW,0.1926,Normal
FOODS_2_388,FOODS_2,1.9328767123287671,1.0,2.226770792623781,1.152050090555892,0.483446556072325,1.5711206896551724,1411,0.0,3.0,7.0,0.363013698630137,0.636986301369863,0.6071428571428571,0.7333333333333333,17,66,Intermittent,B,Y,BY,Medium,2.98,0.0,0.0,0.0,4204.78,11.145,13.916,15.759,13.053,16.944,24.675,38.205,57.99,MEDIUM,0.4182,Watch
FOODS_2_153,FOODS_2,1.9397260273972603,1.0,2.1298105727092125,1.0979955630481555,0.44816802913030857,1.5230125523012552,1416,0.0,3.0,6.0,0.34383561643835614,0.6561643835616439,0.8928571428571429,0.9,25,81,Intermittent,B,Y,BY,Medium,2.9600000000000004,0.0,0.0,0.0,4191.360000000001,10.66,13.31,15.073,12.764,16.479,24.238,37.816,58.19,MEDIUM,0.3775,Watch
HOUSEHOLD_1_416,HOUSEHOLD_1,1.4958904109589042,1.0,1.6554135646967567,1.1066409353670186,0.4759595713114244,1.5093167701863355,1092,0.0,2.0,5.0,0.336986301369863,0.663013698630137,0.8214285714285714,0.6555555555555556,23,59,Intermittent,B,Y,BY,Medium,3.8314794520547943,0.09127809293229287,0.02382319782071155,0.057419073429198574,4183.975561643835,8.286,10.346,11.716,9.884,12.774,18.757,29.228,44.88,MEDIUM,0.3729,Watch
HOUSEHOLD_1_235,HOUSEHOLD_1,1.4917808219178081,1.0,1.7099429954976215,1.1462427785826506,0.4717521102512332,1.5723542116630669,1089,0.0,2.0,5.0,0.3643835616438356,0.6356164383561644,0.8214285714285714,0.6222222222222222,23,56,Intermittent,B,Y,BY,Medium,3.8335890410958906,0.08981918059132657,0.02342952769023212,0.05738747623743972,4174.778465753425,8.558,10.686,12.101,10.046,13.033,19.0,29.443,44.75,MEDIUM,0.4177,Watch
FOODS_2_396,FOODS_2,1.9109589041095891,2.0,1.7046320169994522,0.8920296571744935,0.35850663893458096,1.323049001814882,1395,1.0,3.0,5.0,0.24383561643835616,0.7561643835616438,0.8928571428571429,0.8666666666666667,25,78,Intermittent,B,X,BX,Medium,2.98,0.0,0.0,0.0,4157.1,8.532,10.653,12.064,11.392,14.265,21.909,35.285,57.33,MEDIUM,0.2175,Normal
HOUSEHOLD_1_016,HOUSEHOLD_1,1.1657534246575343,1.0,1.5715553048451403,1.3481026692747795,0.4330141135597079,1.9351351351351351,851,0.0,2.0,4.0,0.4917808219178082,0.5082191780821917,0.5714285714285714,0.7444444444444445,16,67,Intermittent,B,Z,BZ,Slow,4.88,0.0,0.0,0.0,4152.88,7.866,9.821,11.122,8.637,11.363,16.026,24.187,34.97,MEDIUM,0.663,Watch
HOUSEHOLD_1_321,HOUSEHOLD_1,1.9027397260273973,2.0,1.839481210569513,0.9667539834485342,0.43719072069775844,1.3475046210720887,1389,0.0,3.0,5.0,0.25753424657534246,0.7424657534246575,0.8571428571428571,0.7666666666666667,24,69,Intermittent,B,Y,BY,Medium,2.9700000000000006,0.0,0.0,0.0,4125.330000000001,9.207,11.496,13.018,11.755,14.915,22.526,35.845,57.08,MEDIUM,0.249,Normal
HOUSEHOLD_1_459,HOUSEHOLD_1,5.776712328767124,5.0,4.84140307263977,0.8380896946680642,0.5282973696938077,1.114678899082569,4217,2.0,8.0,14.0,0.10273972602739725,0.8972602739726028,0.9642857142857143,0.8888888888888888,27,80,Erratic,B,X,BX,Fast,0.9770000000000001,0.0045857176738612615,0.004693672132918384,0.010235414534288646,4120.009,22.125,27.625,31.284,33.569,39.455,62.562,102.999,173.3,LOW,0.0861,Normal
FOODS_2_175,FOODS_2,2.2753424657534245,2.0,2.391668233161056,1.051124508994732,0.45412133319648423,1.4473161033797217,1661,0.0,3.0,7.0,0.3095890410958904,0.6904109589041096,0.5357142857142857,0.7777777777777778,15,70,Intermittent,B,Y,BY,Medium,2.48,0.0,0.0,0.0,4119.28,11.971,14.947,16.926,14.639,18.797,27.898,43.826,68.26,MEDIUM,0.3254,Watch
FOODS_2_047,FOODS_2,1.9027397260273973,2.0,1.6709010449815611,0.8781553363538417,0.36419614421975927,1.2994652406417113,1389,1.0,3.0,5.0,0.23013698630136986,0.7698630136986301,0.7857142857142857,0.7111111111111111,22,64,Smooth,B,X,BX,Medium,2.9600000000000004,0.0,0.0,0.0,4111.4400000000005,7.272,9.08,10.283,11.268,12.98,20.591,33.91,57.08,LOW,0.2021,Normal
HOUSEHOLD_1_082,HOUSEHOLD_1,1.6178082191780823,1.0,1.5989587764228221,0.9883487773642383,0.37368840952883375,1.4288537549407114,1181,0.0,2.0,4.0,0.30547945205479454,0.6945205479452055,0.6428571428571429,0.5444444444444444,18,49,Intermittent,B,Y,BY,Medium,3.48,0.0,0.0,0.0,4109.88,8.003,9.993,11.316,10.099,12.856,19.328,30.652,48.53,MEDIUM,0.3019,Watch
FOODS_1_050,FOODS_1,0.9397260273972603,1.0,1.2547705925815706,1.3352515038043922,0.3963433836218415,1.9534246575342467,686,0.0,2.0,4.0,0.4986301369863014,0.5013698630136987,0.4642857142857143,0.5444444444444444,13,49,Intermittent,B,Z,BZ,Slow,5.98,0.0,0.0,0.0,4102.280000000001,6.28,7.842,8.88,6.921,9.099,12.858,19.436,28.19,MEDIUM,0.6658,Watch
FOODS_1_088,FOODS_1,1.0712328767123287,0.0,3.191662059052163,2.979428773571734,3.353619553361765,2.265625,782,0.0,1.0,4.0,0.5602739726027397,0.4397260273972603,0.6071428571428571,0.6222222222222222,17,56,Lumpy,B,Z,BZ,Slow,5.21268493150685,0.17850060435030657,0.03424350535199271,0.10359344696551616,4076.3196164383567,18.058,22.548,25.534,14.712,21.272,25.557,33.055,32.14,MEDIUM,1.6693,Critical
HOUSEHOLD_1_427,HOUSEHOLD_1,0.9328767123287671,0.0,1.4579545433769787,1.5628587599475883,0.38303407816372576,2.243150684931507,681,0.0,1.75,4.0,0.5986301369863014,0.40136986301369865,0.0,0.17777777777777778,0,16,Intermittent,B,Z,BZ,Slow,5.96,0.0,0.0,0.0,4058.7599999999998,7.297,9.112,10.318,7.621,10.096,13.827,20.357,27.99,MEDIUM,0.9356,Critical
HOUSEHOLD_1_058,HOUSEHOLD_1,0.8575342465753425,0.0,1.1147722672058547,1.2999740481011068,0.33114420547996476,2.022222222222222,626,0.0,1.0,3.0,0.5054794520547945,0.4945205479452055,0.35714285714285715,0.1111111111111111,10,10,Intermittent,B,Z,BZ,Slow,6.48,0.0,0.0,0.0,4056.4800000000005,5.58,6.967,7.889,6.212,8.153,11.583,17.585,25.73,MEDIUM,0.6571,Watch
HOUSEHOLD_1_411,HOUSEHOLD_1,1.6753424657534246,1.0,1.5206596281334674,0.9076709140431982,0.38233270595276886,1.318840579710145,1223,1.0,2.0,5.0,0.24246575342465754,0.7575342465753425,0.7142857142857143,0.7333333333333333,20,66,Smooth,B,X,BX,Medium,3.2799999999999994,0.0,0.0,0.0,4011.439999999999,6.618,8.264,9.358,10.062,11.644,18.345,30.073,50.26,LOW,0.2201,Normal
HOUSEHOLD_1_285,HOUSEHOLD_1,2.006849315068493,2.0,1.6826942491724874,0.838475632275651,0.34670344797907443,1.265625,1465,1.0,3.0,5.0,0.2095890410958904,0.7904109589041096,0.8571428571428571,0.8777777777777778,24,79,Smooth,B,X,BX,Medium,2.7304657534246575,0.017593241463105876,0.006443311526994887,0.014649515361923151,4000.132328767123,7.324,9.144,10.355,11.664,13.345,21.372,35.42,60.21,LOW,0.1757,Normal
HOUSEHOLD_1_236,HOUSEHOLD_1,2.210958904109589,2.0,1.923720826998797,0.8700843885216606,0.3870541361759246,1.2452173913043478,1614,1.0,3.0,6.0,0.21095890410958903,0.7890410958904109,0.75,0.8555555555555555,21,77,Smooth,B,X,BX,Medium,2.4716301369863016,0.016578372584995924,0.0067074649790482815,0.06878051754429716,3989.211041095891,8.373,10.454,11.839,13.044,15.006,23.85,39.326,66.33,LOW,0.1836,Normal
HOUSEHOLD_1_351,HOUSEHOLD_1,5.563013698630137,5.0,3.8771549677112422,0.6969522595223915,0.38861962132660705,1.0704845814977975,4061,3.0,8.0,12.0,0.06575342465753424,0.9342465753424658,0.7142857142857143,0.8666666666666667,20,78,Smooth,B,X,BX,Fast,0.9770000000000001,0.0045857176738612615,0.004693672132918384,0.010235414534288646,3967.597,16.874,21.07,23.86,30.299,33.563,55.815,94.756,166.89,LOW,0.0458,Normal
HOUSEHOLD_1_506,HOUSEHOLD_1,1.4136986301369863,1.0,1.502082122820438,1.0625193303132563,0.3773242640800592,1.5477707006369428,1032,0.0,2.0,4.0,0.35342465753424657,0.6465753424657534,0.5,0.6222222222222222,14,56,Intermittent,B,Y,BY,Slow,3.8314794520547943,0.09127809293229287,0.02382319782071155,0.057419073429198574,3954.0867945205478,7.518,9.387,10.63,9.145,11.759,17.414,27.31,42.41,MEDIUM,0.3755,Watch
HOUSEHOLD_1_243,HOUSEHOLD_1,2.7383561643835614,3.0,1.8361014489077605,0.6705122847489701,0.3070804747853363,1.1095890410958904,1999,1.0,4.0,6.0,0.09863013698630137,0.9013698630136986,0.9285714285714286,0.9,26,81,Smooth,B,X,BX,Fast,1.97,0.0,0.0,0.0,3938.0299999999997,7.991,9.978,11.299,14.742,16.206,27.159,46.328,82.15,LOW,0.0661,Normal
HOUSEHOLD_1_188,HOUSEHOLD_1,1.3534246575342466,1.0,1.2857578322637675,0.9500032559302104,0.35067451918261866,1.4081237911025144,988,0.0,2.0,4.0,0.29041095890410956,0.7095890410958904,0.5714285714285714,0.6777777777777778,16,61,Intermittent,B,Y,BY,Slow,3.98,0.0,0.0,0.0,3932.24,6.435,8.035,9.099,8.295,10.495,15.909,25.383,40.6,MEDIUM,0.2759,Normal
FOODS_2_374,FOODS_2,2.6835616438356165,2.0,2.178318674161344,0.811726713397254,0.39593904124025375,1.1892332789559543,1959,1.0,4.0,7.0,0.1589041095890411,0.8410958904109589,0.7142857142857143,0.7555555555555555,20,68,Smooth,B,X,BX,Fast,2.0,0.0,0.0,0.0,3918.0,9.481,11.838,13.405,15.403,17.532,28.266,47.051,80.51,LOW,0.129,Normal
HOUSEHOLD_1_383,HOUSEHOLD_1,1.5301369863013699,1.0,1.42089928417017,0.9286092003279671,0.3783034742535525,1.3525046382189239,1117,0.0,2.0,4.0,0.2602739726027397,0.7397260273972602,0.6785714285714286,0.6555555555555556,19,59,Intermittent,B,Y,BY,Medium,3.48,0.0,0.0,0.0,3887.16,7.112,8.88,10.056,9.282,11.702,17.823,28.534,45.9,MEDIUM,0.2417,Normal
FOODS_1_219,FOODS_1,2.361643835616438,2.0,2.546156390777601,1.078128865708013,0.2980976995895554,1.668192219679634,1724,0.0,4.0,7.0,0.4,0.6,0.9642857142857143,0.9444444444444444,27,85,Intermittent,B,Y,BY,Medium,2.24,0.0,0.0,0.0,3861.76,12.744,15.912,18.019,15.393,19.829,29.276,45.807,70.85,MEDIUM,0.4313,Watch
HOUSEHOLD_1_203,HOUSEHOLD_1,1.0698630136986302,1.0,1.2416499111193535,1.1605690579640364,0.32857391184790535,1.7378640776699028,781,0.0,2.0,3.0,0.43424657534246575,0.5657534246575342,0.21428571428571427,0.4111111111111111,6,37,Intermittent,B,Y,BY,Slow,4.942301369863014,0.007989507748325244,0.0016165561649160803,0.006070046675609924,3859.937369863014,6.215,7.76,8.787,7.254,9.425,13.704,21.193,32.1,MEDIUM,0.504,Watch
HOUSEHOLD_1_254,HOUSEHOLD_1,5.410958904109589,4.0,5.124038476961275,0.9469741993646682,0.6483458128520234,1.1516587677725119,3950,2.0,8.0,14.0,0.13150684931506848,0.8684931506849315,1.0,0.9888888888888889,28,89,Erratic,B,Y,BY,Fast,0.972972602739726,0.004573654509891337,0.0047007022571989195,0.01027778168865362,3843.2417808219175,23.416,29.238,33.11,33.114,39.649,61.293,99.169,162.33,LOW,0.1245,Normal
FOODS_2_212,FOODS_2,1.0904109589041096,0.0,1.4979588288836874,1.3737562111586052,0.3417792648084765,2.059171597633136,796,0.0,2.0,4.0,0.5356164383561643,0.4643835616438356,0.39285714285714285,0.7111111111111111,11,64,Intermittent,B,Z,BZ,Slow,4.7683835616438355,0.18105729944625518,0.037970372371604715,0.08598301598428006,3795.633315068493,7.497,9.362,10.601,8.175,10.768,15.13,22.763,32.71,MEDIUM,0.7358,Critical
HOUSEHOLD_1_151,HOUSEHOLD_1,5.623287671232877,5.0,3.9661934598656274,0.7053157674024427,0.40164591987431897,1.0689149560117301,4105,3.0,8.0,13.0,0.06438356164383562,0.9356164383561644,0.9642857142857143,0.9444444444444444,27,85,Smooth,B,X,BX,Fast,0.9231506849315069,0.017203431591259272,0.018635561747468866,0.05416233862590893,3789.5335616438356,17.262,21.554,24.408,30.742,34.132,56.625,95.988,168.7,LOW,0.0454,Normal
FOODS_2_119,FOODS_2,1.9301369863013698,2.0,1.8841214610170147,0.9761594505534594,0.41596079185676077,1.3806818181818181,1409,0.0,3.0,6.0,0.27534246575342464,0.7246575342465753,0.7857142857142857,0.7777777777777778,22,70,Intermittent,B,Y,BY,Medium,2.6891780821917806,0.1372446218000991,0.05103589929910466,0.1859304161784932,3789.0519178082186,9.43,11.775,13.334,11.978,15.22,22.941,36.452,57.9,MEDIUM,0.2688,Normal
FOODS_2_204,FOODS_2,5.1808219178082195,4.0,4.714903724644894,0.9100686722174569,0.5135185428886895,1.208955223880597,3782,2.0,8.0,14.0,0.1726027397260274,0.8273972602739726,0.8214285714285714,0.7,23,63,Erratic,B,X,BX,Fast,1.0,0.0,0.0,0.0,3782.0,21.547,26.904,30.466,31.151,37.089,57.813,94.079,155.42,LOW,0.1571,Normal
HOUSEHOLD_1_153,HOUSEHOLD_1,2.606849315068493,2.0,1.9110944126354354,0.7331050555379407,0.3547652463653695,1.1355140186915889,1903,1.0,4.0,6.0,0.11917808219178082,0.8808219178082192,0.7857142857142857,0.8222222222222222,22,74,Smooth,B,X,BX,Fast,1.97,0.0,0.0,0.0,3748.91,8.318,10.386,11.761,14.431,16.139,26.566,44.814,78.21,LOW,0.0874,Normal
FOODS_1_154,FOODS_1,3.4178082191780823,2.0,3.8126624812716936,1.1155285012080163,0.7137923678270166,1.2985611510791366,2495,1.0,5.0,11.0,0.236986301369863,0.763013698630137,0.6785714285714286,0.7555555555555555,19,68,Erratic,B,Y,BY,Fast,1.4976986301369861,0.006386467456335803,0.004264187285630133,0.013353821388065722,3736.7580821917804,17.423,21.755,24.636,22.68,27.676,41.348,65.272,102.53,LOW,0.2644,Normal
HOUSEHOLD_1_202,HOUSEHOLD_1,2.5835616438356164,2.0,1.8257678961422232,0.7066864070349639,0.34794152873778844,1.1129770992366412,1886,1.0,4.0,6.0,0.10136986301369863,0.8986301369863013,0.8214285714285714,0.8888888888888888,23,80,Smooth,B,X,BX,Fast,1.9800000000000002,0.0,0.0,0.0,3734.28,7.946,9.922,11.236,14.133,15.697,26.031,44.116,77.51,LOW,0.0716,Normal
HOUSEHOLD_1_477,HOUSEHOLD_1,0.3780821917808219,0.0,0.8055027487079222,2.130496394933046,0.32210955341630504,4.196531791907514,276,0.0,0.0,2.0,0.7616438356164383,0.23835616438356164,0.17857142857142858,0.07777777777777778,5,7,Intermittent,B,Z,BZ,Slow,13.479999999999999,0.0,0.0,0.0,3720.4799999999996,4.032,5.034,5.701,3.901,5.166,6.679,9.325,11.34,MEDIUM,1.6227,Critical
HOUSEHOLD_1_186,HOUSEHOLD_1,1.6123287671232878,1.0,2.0803348785665907,1.2902671711229532,0.3881721391611895,1.2189973614775726,1177,0.0,3.0,6.0,0.4794520547945205,0.5205479452054794,0.8214285714285714,0.8777777777777778,23,79,Smooth,B,Z,BZ,Medium,3.1521917808219184,0.24079342201560924,0.07638920432462505,0.1586197905349615,3710.129726027398,9.054,11.305,12.802,11.627,13.891,20.34,31.627,48.37,MEDIUM,0.6186,Watch
HOUSEHOLD_1_303,HOUSEHOLD_1,5.223287671232876,4.0,4.549966748273656,0.8710925060592372,0.45598302269639085,1.12106135986733,3813,2.0,8.0,14.0,0.1726027397260274,0.8273972602739726,0.8571428571428571,0.9222222222222223,24,83,Smooth,B,X,BX,Fast,0.9719452054794521,0.003961025524879771,0.004075358880880359,0.010288645845078373,3706.0270684931506,19.803,24.726,28.001,30.83,35.473,56.366,92.929,156.7,LOW,0.1504,Normal
HOUSEHOLD_1_521,HOUSEHOLD_1,5.217808219178083,4.0,4.5649601257318215,0.8748807800329658,0.47357018806158235,1.111842105263158,3809,2.0,8.0,14.0,0.16575342465753426,0.8342465753424657,0.8214285714285714,0.9333333333333333,23,84,Smooth,B,X,BX,Fast,0.9719452054794521,0.003961025524879771,0.004075358880880359,0.010288645845078373,3702.139287671233,19.868,24.808,28.093,30.853,35.521,56.393,92.917,156.53,LOW,0.145,Normal
HOUSEHOLD_1_225,HOUSEHOLD_1,2.967123287671233,3.0,1.8665076020835722,0.629063042041455,0.31396365574370155,1.0626822157434401,2166,2.0,4.0,6.0,0.0589041095890411,0.9410958904109589,0.9642857142857143,0.9222222222222223,27,83,Smooth,B,X,BX,Fast,1.7027945205479451,0.10555944877863939,0.06199188892425566,0.14094478053803577,3688.252931506849,8.124,10.143,11.487,15.689,17.025,28.894,49.664,89.01,LOW,0.0371,Normal
FOODS_1_045,FOODS_1,2.824657534246575,2.0,2.876821915720888,1.0184675061749597,0.4045712468955256,1.3187250996015936,2062,0.0,5.0,8.0,0.31095890410958904,0.689041095890411,0.7857142857142857,0.6111111111111112,22,55,Smooth,B,Y,BY,Fast,1.78,0.0,0.0,0.0,3670.36,12.521,15.634,17.704,17.89,20.995,32.294,52.066,84.74,LOW,0.3167,Watch
FOODS_2_152,FOODS_2,2.0767123287671234,2.0,1.9492549014097462,0.938625380833719,0.44634477030782094,1.2892857142857144,1516,1.0,3.0,6.0,0.23150684931506849,0.7684931506849315,0.75,0.7333333333333333,21,66,Smooth,B,Y,BY,Medium,2.42,0.0,0.0,0.0,3668.72,8.484,10.593,11.996,12.658,14.714,23.021,37.558,62.3,LOW,0.2173,Normal
FOODS_2_357,FOODS_2,2.506849315068493,2.0,2.046870566078948,0.816511209093759,0.3659282927622475,1.2160804020100502,1830,1.0,4.0,6.0,0.18082191780821918,0.8191780821917808,0.7857142857142857,0.8666666666666667,22,78,Smooth,B,X,BX,Fast,2.0,0.0,0.0,0.0,3660.0,8.909,11.123,12.596,14.421,16.43,26.457,44.005,75.21,LOW,0.1476,Normal
FOODS_1_137,FOODS_1,2.5054794520547947,1.0,3.5292278798145036,1.4086038005665973,0.7390951901578595,1.7028301886792452,1829,0.0,4.0,9.0,0.4178082191780822,0.5821917808219178,0.39285714285714285,0.26666666666666666,11,24,Lumpy,B,Z,BZ,Fast,1.9962602739726028,0.009916700241683814,0.004967638925133424,0.015028100489271048,3651.1600410958904,19.968,24.933,28.235,19.089,27.484,37.506,55.045,75.16,MEDIUM,0.5885,Watch
FOODS_2_063,FOODS_2,1.6876712328767123,1.0,1.9127506697917769,1.1333668734745448,0.3151319552653899,1.6109785202863962,1232,0.0,3.0,5.0,0.4246575342465753,0.5753424657534246,0.7142857142857143,0.7777777777777778,20,70,Intermittent,B,Y,BY,Medium,2.9600000000000004,0.0,0.0,0.0,3646.7200000000007,9.574,11.954,13.537,11.296,14.637,21.388,33.201,50.63,MEDIUM,0.4813,Watch
HOUSEHOLD_1_505,HOUSEHOLD_1,2.0123287671232877,2.0,1.813529458650074,0.9012093289017503,0.3113158034036956,1.3605313092979128,1469,0.0,3.0,5.0,0.27671232876712326,0.7232876712328767,0.8214285714285714,0.8444444444444444,23,76,Intermittent,B,X,BX,Medium,2.4716301369863016,0.016578372584995924,0.0067074649790482815,0.06878051754429716,3630.824671232877,9.077,11.334,12.835,12.049,15.114,23.163,37.25,60.37,MEDIUM,0.2494,Normal
HOUSEHOLD_1_339,HOUSEHOLD_1,5.021917808219178,4.0,4.063477374959303,0.8091485224030587,0.48318779301611664,1.116385911179173,3666,2.0,7.0,13.0,0.10410958904109589,0.8958904109589041,0.9642857142857143,0.9888888888888889,27,89,Smooth,B,X,BX,Fast,0.9770000000000001,0.0045857176738612615,0.004693672132918384,0.010235414534288646,3581.6820000000002,17.685,22.082,25.007,28.79,32.751,52.838,87.992,150.66,LOW,0.0842,Normal
FOODS_1_163,FOODS_1,5.004109589041096,3.0,6.035623433794191,1.2061333440430557,0.8981449368293771,1.2912966252220248,3653,1.0,8.0,16.0,0.2273972602739726,0.7726027397260274,0.2857142857142857,0.4,8,36,Erratic,B,Z,BZ,Fast,0.98,0.0,0.0,0.0,3579.94,27.582,34.44,39.0,34.677,42.594,62.611,97.64,150.12,MEDIUM,0.2743,Normal
FOODS_2_311,FOODS_2,1.6493150684931508,1.0,2.008278980215568,1.2176442314522293,0.3782988353843054,1.7648514851485149,1204,0.0,3.0,6.0,0.4452054794520548,0.5547945205479452,0.4642857142857143,0.7666666666666667,13,69,Intermittent,B,Z,BZ,Medium,2.9600000000000004,0.0,0.0,0.0,3563.8400000000006,10.052,12.551,14.213,11.492,15.0,21.597,33.142,49.48,MEDIUM,0.5421,Watch
HOUSEHOLD_1_262,HOUSEHOLD_1,5.012328767123288,4.0,3.4468347682053806,0.6876713255774605,0.38669534445419884,1.0626822157434401,3659,2.0,7.0,11.0,0.0589041095890411,0.9410958904109589,1.0,0.9888888888888889,28,89,Smooth,B,X,BX,Fast,0.9700000000000001,0.0,0.0,0.0,3549.2300000000005,15.002,18.731,21.212,27.188,30.039,50.088,85.175,150.37,LOW,0.0405,Normal
FOODS_1_207,FOODS_1,1.4602739726027398,1.0,1.53736473743153,1.0527919864507305,0.43919526366581374,1.4668008048289738,1066,0.0,2.0,4.0,0.3178082191780822,0.6821917808219178,0.5714285714285714,0.6888888888888889,16,62,Intermittent,B,Y,BY,Medium,3.32,0.0,0.0,0.0,3539.12,7.695,9.608,10.88,9.403,12.076,17.917,28.139,43.81,MEDIUM,0.3346,Watch
FOODS_1_206,FOODS_1,2.280821917808219,2.0,2.481557041828452,1.0880099938381516,0.5985605015796184,1.3677298311444652,1665,0.0,3.0,7.0,0.2684931506849315,0.7315068493150685,0.8214285714285714,0.8111111111111111,23,73,Lumpy,B,Y,BY,Medium,2.121164383561644,0.14190797784319778,0.06690098086830984,0.14143175433498004,3531.738698630137,14.04,17.531,19.853,14.937,20.882,30.006,45.972,68.42,MEDIUM,0.2921,Normal
FOODS_2_247,FOODS_2,2.132876712328767,2.0,2.273164157330045,1.065773817644777,0.4345555843047874,1.4642126789366052,1557,0.0,3.0,7.0,0.3287671232876712,0.6712328767123288,0.7142857142857143,0.7,20,63,Intermittent,B,Y,BY,Medium,2.25,0.0,0.0,0.0,3503.25,11.377,14.206,16.087,13.819,17.776,26.307,41.237,63.99,MEDIUM,0.3504,Watch
FOODS_2_285,FOODS_2,1.2027397260273973,1.0,1.5676500695233733,1.3033992594539645,0.49853794571242144,1.8044554455445545,878,0.0,2.0,4.0,0.4452054794520548,0.5547945205479452,0.8214285714285714,0.6,23,54,Lumpy,B,Z,BZ,Slow,3.98,0.0,0.0,0.0,3494.44,8.87,11.075,12.542,8.727,12.478,17.289,25.708,36.08,MEDIUM,0.5803,Watch
HOUSEHOLD_1_223,HOUSEHOLD_1,0.5013698630136987,0.0,0.8683937543052803,1.7320421840941633,0.2723975139992339,2.5064935064935066,366,0.0,1.0,2.0,0.6821917808219178,0.3178082191780822,0.5714285714285714,0.4888888888888889,16,44,Intermittent,B,Z,BZ,Slow,9.47,0.0,0.0,0.0,3466.0200000000004,4.346,5.427,6.146,4.408,5.85,7.856,11.365,15.04,MEDIUM,1.1816,Critical
HOUSEHOLD_1_438,HOUSEHOLD_1,0.6328767123287671,0.0,0.8420546942377445,1.330519319961633,0.2302603512044227,2.2291021671826625,462,0.0,1.0,2.0,0.5561643835616439,0.4438356164383562,0.35714285714285715,0.2,10,18,Intermittent,B,Z,BZ,Slow,7.458013698630137,0.05308868609449298,0.007118341188384265,0.02011259378989232,3445.6023287671233,4.215,5.262,5.959,4.651,6.114,8.645,13.075,18.99,MEDIUM,0.74,Critical
HOUSEHOLD_1_196,HOUSEHOLD_1,2.3958904109589043,2.0,2.6041557071139874,1.086926052258293,0.5758902292193574,1.3859315589353611,1749,0.0,3.0,7.0,0.27808219178082194,0.7219178082191781,0.75,0.7222222222222222,21,65,Lumpy,B,Y,BY,Medium,1.97,0.0,0.0,0.0,3445.5299999999997,14.734,18.398,20.834,15.682,21.922,31.505,48.276,71.88,MEDIUM,0.3023,Watch
HOUSEHOLD_1_385,HOUSEHOLD_1,2.384931506849315,2.0,1.8202943637365783,0.7632480671858306,0.34680787417575315,1.1758064516129032,1741,1.0,3.0,6.0,0.14931506849315068,0.8506849315068493,0.8928571428571429,0.8,25,72,Smooth,B,X,BX,Medium,1.97,0.0,0.0,0.0,3429.77,7.922,9.892,11.202,13.385,15.077,24.617,41.311,71.55,LOW,0.114,Normal
HOUSEHOLD_1_109,HOUSEHOLD_1,1.1684931506849314,1.0,1.186843022283119,1.0157038751760996,0.36724424289217245,1.4877551020408164,853,0.0,2.0,3.0,0.3273972602739726,0.6726027397260274,0.6428571428571429,0.7555555555555555,18,68,Intermittent,B,Y,BY,Slow,3.9415205479452053,0.28963392104375135,0.07348278856360228,0.753516305160028,3362.1170273972602,5.94,7.417,8.399,7.391,9.445,14.119,22.299,35.05,MEDIUM,0.3325,Watch
FOODS_2_309,FOODS_2,1.710958904109589,1.0,1.7454490056108314,1.020158345357239,0.45453984992566815,1.4026974951830442,1249,0.0,3.0,5.0,0.2876712328767123,0.7123287671232876,0.8571428571428571,0.8222222222222222,24,74,Intermittent,B,Y,BY,Medium,2.689178082191781,0.0500275212230111,0.01860327568274571,0.03718608323569867,3358.7834246575344,8.736,10.908,12.353,10.845,13.869,20.713,32.689,51.33,MEDIUM,0.2935,Normal
FOODS_2_109,FOODS_2,1.5438356164383562,1.0,1.4901950135661763,0.9652549771061868,0.35024258267991687,1.4282907662082516,1127,0.0,2.0,4.0,0.3013698630136986,0.6986301369863014,0.75,0.7333333333333333,21,66,Intermittent,B,Y,BY,Medium,2.98,0.0,0.0,0.0,3358.46,7.459,9.313,10.546,9.531,12.091,18.266,29.073,46.32,MEDIUM,0.2909,Normal
FOODS_1_040,FOODS_1,2.573972602739726,2.0,2.7209248728388205,1.0570916212882715,0.4715375162037249,1.308300395256917,1879,0.0,4.0,8.0,0.30547945205479454,0.6945205479452055,0.5714285714285714,0.6888888888888889,16,62,Smooth,B,Y,BY,Fast,1.78,0.0,0.0,0.0,3344.62,11.842,14.787,16.745,16.608,19.564,29.86,47.878,77.22,LOW,0.3229,Watch
HOUSEHOLD_1_359,HOUSEHOLD_1,0.6575342465753424,0.0,1.0510161825350073,1.5984204418410592,0.3013630756578948,1.744360902255639,480,0.0,1.0,3.0,0.6342465753424658,0.36575342465753424,0.7142857142857143,0.5666666666666667,20,51,Intermittent,B,Z,BZ,Slow,6.889589041095891,0.26458258844347027,0.03840324682143661,0.14514653835447566,3307.002739726028,5.26,6.568,7.438,5.456,7.233,9.863,14.465,19.73,MEDIUM,1.0138,Critical
HOUSEHOLD_1_327,HOUSEHOLD_1,4.657534246575342,4.0,4.119845648399391,0.8845550949075971,0.48290472923589944,1.1155115511551155,3400,2.0,7.0,12.549999999999955,0.1684931506849315,0.8315068493150685,0.8928571428571429,0.9444444444444444,25,85,Smooth,B,X,BX,Fast,0.9719452054794521,0.003961025524879771,0.004075358880880359,0.010288645845078373,3304.613698630137,17.931,22.389,25.354,27.666,31.904,50.534,83.136,139.73,LOW,0.149,Normal
FOODS_1_153,FOODS_1,2.3013698630136985,2.0,2.0955591107122276,0.9105703274733392,0.3838245860957813,1.3176043557168784,1680,1.0,4.0,6.0,0.24383561643835616,0.7561643835616438,0.6428571428571429,0.7444444444444445,18,67,Smooth,B,X,BX,Medium,1.9589041095890412,0.04082690026878458,0.020841704333015902,0.051048951048951095,3290.958904109589,9.12,11.388,12.896,13.841,16.024,25.23,41.339,69.04,LOW,0.222,Normal
HOUSEHOLD_1_346,HOUSEHOLD_1,1.1424657534246576,1.0,1.3534246575342466,1.184652277140532,0.43975458534894735,1.6720183486238531,834,0.0,2.0,4.0,0.40136986301369865,0.5986301369863014,0.5714285714285714,0.6111111111111112,16,55,Intermittent,B,Y,BY,Slow,3.942301369863014,0.009320810133794509,0.002364306850066713,0.010146357735555347,3287.879342465754,6.774,8.458,9.578,7.836,10.201,14.771,22.769,34.27,MEDIUM,0.4755,Watch
FOODS_2_128,FOODS_2,4.795890410958904,2.0,6.418785323492766,1.3383928263846592,0.49633307234800467,1.8692307692307693,3501,0.0,8.0,19.0,0.4643835616438356,0.5356164383561643,1.0,0.8444444444444444,28,76,Lumpy,B,Z,BZ,Fast,0.935013698630137,0.01874856603620273,0.020051648509183066,0.10695030473511484,3273.4829589041096,36.317,45.347,51.352,35.371,50.705,69.888,103.459,143.88,MEDIUM,0.6215,Watch
FOODS_2_126,FOODS_2,0.9356164383561644,0.0,1.2681417602592155,1.3554077364564856,0.345721148930582,2.0144927536231885,683,0.0,2.0,3.0,0.5260273972602739,0.473972602739726,0.2857142857142857,0.6,8,54,Intermittent,B,Z,BZ,Slow,4.7683835616438355,0.18105729944625518,0.037970372371604715,0.08598301598428006,3256.8059726027395,6.347,7.925,8.975,6.955,9.154,12.896,19.446,28.07,MEDIUM,0.713,Critical
FOODS_1_130,FOODS_1,2.4986301369863013,2.0,2.0734785245978493,0.829846119709782,0.363098190665155,1.239795918367347,1824,1.0,4.0,6.0,0.19315068493150686,0.8068493150684931,0.8928571428571429,0.8555555555555555,25,77,Smooth,B,X,BX,Fast,1.78,0.0,0.0,0.0,3246.7200000000003,9.024,11.268,12.76,14.464,16.52,26.514,44.005,74.96,LOW,0.1603,Normal
HOUSEHOLD_1_414,HOUSEHOLD_1,4.542465753424658,4.0,4.713603682267391,1.0376751167966503,0.5941994309001272,1.2039355992844365,3316,1.0,7.0,13.0,0.2328767123287671,0.7671232876712328,0.9642857142857143,0.9777777777777777,27,88,Erratic,B,Y,BY,Fast,0.9719452054794521,0.003961025524879771,0.004075358880880359,0.010288645845078373,3222.970301369863,21.541,26.896,30.458,29.037,35.168,53.338,85.136,136.27,LOW,0.2417,Normal
FOODS_1_061,FOODS_1,1.9616438356164383,2.0,1.8278387669809497,0.9317893150948933,0.4313762306560849,1.3064516129032258,1432,1.0,3.0,5.0,0.23424657534246576,0.7657534246575343,0.8571428571428571,0.8555555555555555,24,77,Smooth,B,Y,BY,Medium,2.24,0.0,0.0,0.0,3207.6800000000003,7.955,9.933,11.249,11.918,13.84,21.687,35.418,58.85,LOW,0.2183,Normal
HOUSEHOLD_1_047,HOUSEHOLD_1,1.047945205479452,1.0,1.1676706221914925,1.1142477822044297,0.33649057345898514,1.6797235023041475,765,0.0,2.0,3.0,0.4041095890410959,0.5958904109589042,0.5,0.5222222222222223,14,47,Intermittent,B,Y,BY,Slow,4.163643835616439,0.12176180054951291,0.029244048087865744,0.07205227244313141,3185.1875342465755,5.844,7.297,8.264,6.95,8.988,13.18,20.515,31.44,MEDIUM,0.4503,Watch
FOODS_2_326,FOODS_2,4.361643835616438,3.0,4.429744732340102,1.0156135847571848,0.5928191171913567,1.276707530647986,3184,1.0,6.0,14.0,0.21643835616438356,0.7835616438356164,0.9285714285714286,0.9777777777777777,26,88,Erratic,B,Y,BY,Fast,1.0,0.0,0.0,0.0,3184.0,20.243,25.277,28.624,27.586,33.328,50.775,81.306,130.85,LOW,0.2198,Normal
HOUSEHOLD_1_205,HOUSEHOLD_1,0.7328767123287672,0.0,0.9896110754688232,1.3503104375822697,0.32753715306988174,2.128654970760234,535,0.0,1.0,3.0,0.5301369863013699,0.46986301369863015,0.6428571428571429,0.45555555555555555,18,41,Intermittent,B,Z,BZ,Slow,5.944315068493151,0.010534907305865773,0.001772265969161744,0.005046838812264401,3180.2085616438358,4.953,6.185,7.004,5.435,7.152,10.083,15.213,21.99,MEDIUM,0.7158,Critical
FOODS_2_232,FOODS_2,1.689041095890411,1.0,2.2532814211044947,1.3340595591503792,0.6884220890973785,1.6493212669683257,1233,0.0,2.0,7.0,0.39315068493150684,0.6068493150684932,0.7857142857142857,0.7444444444444445,22,67,Lumpy,B,Z,BZ,Medium,2.56,0.0,0.0,0.0,3156.48,12.749,15.919,18.027,12.432,17.816,24.572,36.396,50.67,MEDIUM,0.5245,Watch
FOODS_1_115,FOODS_1,1.204109589041096,1.0,1.5670352738959257,1.3014058577861198,0.4882579354480122,1.8109452736318408,879,0.0,2.0,4.0,0.44794520547945205,0.552054794520548,0.39285714285714285,0.3111111111111111,11,28,Intermittent,B,Z,BZ,Slow,3.58,0.0,0.0,0.0,3146.82,7.843,9.793,11.09,8.728,11.455,16.272,24.701,36.12,MEDIUM,0.583,Watch
HOUSEHOLD_1_540,HOUSEHOLD_1,2.521917808219178,2.0,1.6766524521496118,0.66483231373378,0.3140768629027524,1.0978915662650603,1841,1.0,4.0,6.0,0.08904109589041095,0.910958904109589,0.9642857142857143,0.9111111111111111,27,82,Smooth,B,X,BX,Fast,1.7027945205479451,0.10555944877863939,0.06199188892425566,0.14094478053803577,3134.844712328767,7.297,9.112,10.318,13.543,14.863,24.95,42.604,75.66,LOW,0.0592,Normal
FOODS_1_166,FOODS_1,1.8917808219178083,1.0,2.2003893444182694,1.1631312241681757,0.36101017549955916,1.7315914489311164,1381,0.0,3.0,6.0,0.42191780821917807,0.5780821917808219,0.8928571428571429,0.8888888888888888,25,80,Intermittent,B,Y,BY,Medium,2.24,0.0,0.0,0.0,3093.4400000000005,11.013,13.751,15.572,12.843,16.688,24.255,37.498,56.75,MEDIUM,0.4907,Watch
HOUSEHOLD_1_132,HOUSEHOLD_1,2.1506849315068495,2.0,2.3094281619003483,1.0738105461167977,0.5140492277196844,1.423828125,1570,0.0,3.0,7.0,0.29726027397260274,0.7027397260273973,0.75,0.5555555555555556,21,50,Lumpy,B,Y,BY,Medium,1.97,0.0,0.0,0.0,3092.9,13.067,16.315,18.476,13.989,19.519,28.122,43.177,64.52,MEDIUM,0.3192,Watch
FOODS_1_074,FOODS_1,1.8904109589041096,1.0,2.0498021544062905,1.0843156318297402,0.43749241170791253,1.5155925155925156,1380,0.0,3.0,6.0,0.33972602739726027,0.6602739726027397,0.8571428571428571,0.8333333333333334,24,75,Intermittent,B,Y,BY,Medium,2.24,0.0,0.0,0.0,3091.2000000000003,10.259,12.81,14.507,12.358,15.93,23.492,36.725,56.71,MEDIUM,0.3684,Watch
HOUSEHOLD_1_122,HOUSEHOLD_1,1.847945205479452,2.0,1.471241167293801,0.7961497787570685,0.32553872769586434,1.233502538071066,1349,1.0,3.0,4.0,0.18904109589041096,0.810958904109589,0.7142857142857143,0.7444444444444445,20,67,Smooth,B,X,BX,Medium,2.26,0.0,0.0,0.0,3048.74,6.403,7.995,9.054,10.53,11.947,19.339,32.274,55.44,LOW,0.1505,Normal
HOUSEHOLD_1_173,HOUSEHOLD_1,4.273972602739726,3.0,4.054290046367096,0.9485999144729172,0.6067400691589393,1.1834415584415585,3120,1.0,6.0,12.0,0.1547945205479452,0.8452054794520548,1.0,0.9222222222222223,28,83,Erratic,B,Y,BY,Fast,0.9700000000000001,0.0,0.0,0.0,3026.4,18.528,23.134,26.198,26.176,31.35,48.446,78.364,128.22,LOW,0.1468,Normal
HOUSEHOLD_1_443,HOUSEHOLD_1,1.6917808219178083,1.0,1.638430039109653,0.9684647189012691,0.36787982993897755,1.394941634241245,1235,0.0,3.0,5.0,0.2945205479452055,0.7054794520547946,0.8571428571428571,0.8333333333333334,24,75,Intermittent,B,Y,BY,Medium,2.448041095890411,0.24063102561781408,0.09829533745236856,1.0743283699015709,3023.330753424658,8.201,10.239,11.595,10.46,13.276,20.043,31.886,50.75,MEDIUM,0.2852,Normal
FOODS_2_081,FOODS_2,1.6712328767123288,1.0,1.990076714433411,1.190783607104195,0.43522308631192336,1.4814814814814814,1220,0.0,3.0,6.0,0.40684931506849314,0.5931506849315068,0.9642857142857143,0.9222222222222223,27,83,Intermittent,B,Z,BZ,Medium,2.4743561643835617,0.11730833182274211,0.04740963872190455,0.09699492880395075,3018.714520547945,9.961,12.437,14.084,11.497,14.975,21.66,33.358,50.14,MEDIUM,0.4845,Watch
HOUSEHOLD_1_094,HOUSEHOLD_1,1.173972602739726,0.0,1.5810978843187844,1.346792829136002,0.29602336673021795,2.1761194029850746,857,0.0,2.0,4.0,0.5397260273972603,0.4602739726027397,0.7142857142857143,0.4444444444444444,20,40,Intermittent,B,Z,BZ,Slow,3.48,0.0,0.0,0.0,2982.36,7.914,9.881,11.19,8.692,11.436,16.132,24.35,35.22,MEDIUM,0.7269,Critical
FOODS_2_004,FOODS_2,1.0424657534246575,1.0,1.3188224104090114,1.2650990258542127,0.31891117259013535,1.97289972899729,761,0.0,2.0,4.0,0.4931506849315068,0.5068493150684932,0.5714285714285714,0.5666666666666667,16,51,Intermittent,B,Z,BZ,Slow,3.8962739726027396,0.03425606002038037,0.008792004941453609,0.04106487406303181,2965.064493150685,6.601,8.242,9.333,7.429,9.728,13.898,21.196,31.27,MEDIUM,0.6239,Watch
HOUSEHOLD_1_478,HOUSEHOLD_1,1.515068493150685,1.0,1.6311749889646288,1.0766344856765242,0.47686216549503585,1.4598393574297188,1106,0.0,2.0,4.0,0.31643835616438354,0.6835616438356165,0.6428571428571429,0.6,18,54,Intermittent,B,Y,BY,Medium,2.67,0.0,0.0,0.0,2953.02,8.164,10.194,11.544,9.868,12.709,18.769,29.375,45.45,MEDIUM,0.3407,Watch
HOUSEHOLD_1_019,HOUSEHOLD_1,4.135616438356164,4.0,3.2607197231829717,0.7884482932586956,0.39569398567173153,1.1403508771929824,3019,2.0,6.0,10.0,0.13972602739726028,0.8602739726027397,0.25,0.6333333333333333,7,57,Smooth,B,X,BX,Fast,0.9770000000000001,0.0045857176738612615,0.004693672132918384,0.010235414534288646,2949.563,14.192,17.72,20.067,23.482,26.599,43.141,72.091,124.07,LOW,0.1102,Normal
FOODS_1_036,FOODS_1,2.267123287671233,2.0,2.362060558218303,1.0418756536186056,0.36348232851980167,1.5210084033613445,1655,0.0,4.0,7.0,0.34657534246575344,0.6534246575342466,0.8571428571428571,0.7888888888888889,24,71,Intermittent,B,Y,BY,Medium,1.78,0.0,0.0,0.0,2945.9,11.822,14.762,16.717,14.521,18.623,27.692,43.562,68.01,MEDIUM,0.3611,Watch
FOODS_2_376,FOODS_2,2.0506849315068494,1.0,2.2565353056540802,1.1003812774376753,0.5062061420374887,1.467741935483871,1497,0.0,3.0,7.0,0.31917808219178084,0.6808219178082192,0.6785714285714286,0.7333333333333333,19,66,Lumpy,B,Y,BY,Medium,1.953972602739726,0.0583903830617205,0.029882907764340976,0.06141334828939995,2925.0969863013697,12.767,15.942,18.053,13.51,18.919,27.122,41.477,61.52,MEDIUM,0.3512,Watch
HOUSEHOLD_1_261,HOUSEHOLD_1,0.6698630136986301,0.0,0.8628060198040437,1.288033524574003,0.272014476199156,2.086206896551724,489,0.0,1.0,2.0,0.5219178082191781,0.4780821917808219,0.5714285714285714,0.45555555555555555,16,41,Intermittent,B,Z,BZ,Slow,5.969999999999999,0.0,0.0,0.0,2919.3299999999995,4.318,5.392,6.106,4.825,6.328,9.007,13.696,20.1,MEDIUM,0.6722,Watch
FOODS_1_082,FOODS_1,4.064383561643836,3.0,4.615930422038404,1.1357024628442778,0.5223959284337202,1.4524793388429753,2967,0.0,7.0,13.0,0.3356164383561644,0.6643835616438356,1.0,1.0,28,90,Lumpy,B,Y,BY,Fast,0.98,0.0,0.0,0.0,2907.66,26.117,32.61,36.928,27.233,38.31,54.568,83.018,121.93,MEDIUM,0.3812,Watch
FOODS_1_181,FOODS_1,2.9287671232876713,2.0,2.8372029179851115,0.9687362625921205,0.5437295762721556,1.256896551724138,2138,1.0,4.0,8.0,0.20410958904109588,0.7958904109589041,0.9642857142857143,0.8777777777777778,27,79,Erratic,B,Y,BY,Fast,1.355068493150685,0.04329131510398759,0.031947695133351134,0.07379700768297605,2897.1364383561645,12.966,16.189,18.333,18.111,21.752,33.467,53.969,87.86,LOW,0.1977,Normal
HOUSEHOLD_1_482,HOUSEHOLD_1,1.2780821917808218,1.0,1.4289326005120588,1.118028721926733,0.32300628254676433,1.7032710280373833,933,0.0,2.0,4.0,0.4123287671232877,0.5876712328767123,0.9285714285714286,0.7222222222222222,26,65,Intermittent,B,Y,BY,Slow,3.0888767123287675,0.19383105686772692,0.06275130894479557,0.13597175902930528,2881.92197260274,7.152,8.93,10.113,8.491,10.986,16.099,25.045,38.34,MEDIUM,0.461,Watch
HOUSEHOLD_1_389,HOUSEHOLD_1,4.06027397260274,3.0,4.4560791084572795,1.097482371245834,0.6832656319993097,1.2158273381294964,2964,1.0,6.0,12.0,0.236986301369863,0.763013698630137,0.8214285714285714,0.8444444444444444,23,76,Erratic,B,Y,BY,Fast,0.9719452054794521,0.003961025524879771,0.004075358880880359,0.010288645845078373,2880.845589041096,20.364,25.427,28.794,26.711,32.545,48.786,77.208,121.81,LOW,0.2601,Normal
HOUSEHOLD_1_275,HOUSEHOLD_1,1.319178082191781,1.0,1.337873751056573,1.014172209274094,0.35123366466976363,1.4948453608247423,963,0.0,2.0,4.0,0.33424657534246577,0.6657534246575343,0.9642857142857143,0.9222222222222223,27,83,Intermittent,B,Y,BY,Slow,2.9700000000000006,0.0,0.0,0.0,2860.1100000000006,6.696,8.361,9.468,8.338,10.654,15.93,25.164,39.58,MEDIUM,0.339,Watch
HOUSEHOLD_1_112,HOUSEHOLD_1,1.2931506849315069,1.0,1.3834965399032222,1.0698649082079987,0.3815887870431567,1.5543710021321961,944,0.0,2.0,4.0,0.3561643835616438,0.6438356164383562,0.6071428571428571,0.7333333333333333,17,66,Intermittent,B,Y,BY,Slow,2.9700000000000006,0.0,0.0,0.0,2803.6800000000007,6.925,8.646,9.791,8.395,10.804,15.977,25.029,38.79,MEDIUM,0.381,Watch
HOUSEHOLD_1_448,HOUSEHOLD_1,3.9178082191780823,3.0,3.5494681239898624,0.9059831223256055,0.5198543041771443,1.1973684210526316,2860,1.0,6.0,12.0,0.16575342465753426,0.8342465753424657,0.9285714285714286,0.9555555555555556,26,86,Erratic,B,X,BX,Fast,0.9770000000000001,0.0045857176738612615,0.004693672132918384,0.010235414534288646,2794.2200000000003,16.221,20.254,22.936,23.511,27.974,43.646,71.07,117.53,LOW,0.1502,Normal
HOUSEHOLD_1_516,HOUSEHOLD_1,1.9657534246575343,2.0,1.615907156739087,0.8220294242644265,0.35725906591071876,1.2338983050847459,1435,1.0,3.0,5.0,0.19041095890410958,0.8095890410958904,0.8214285714285714,0.7888888888888889,23,71,Smooth,B,X,BX,Medium,1.943068493150685,0.010652676997766564,0.005482399120420737,0.020585995882800842,2788.3032876712327,7.033,8.781,9.944,11.337,12.93,20.793,34.554,58.97,LOW,0.1565,Normal
HOUSEHOLD_1_348,HOUSEHOLD_1,1.9958904109589042,2.0,2.0078570568128056,1.0059956422367682,0.4644177066531549,1.3754716981132076,1457,0.0,3.0,6.0,0.2726027397260274,0.7273972602739726,0.6428571428571429,0.7555555555555555,18,68,Intermittent,B,Y,BY,Medium,1.904876712328767,0.058102587767032136,0.03050202009976805,0.06299620296858814,2775.4053698630137,10.05,12.548,14.21,12.565,16.038,24.021,37.992,59.88,MEDIUM,0.2742,Normal
FOODS_1_042,FOODS_1,3.845205479452055,3.0,4.2124258814955144,1.095500852401856,0.8488846097411442,1.1911764705882353,2807,1.0,5.0,12.0,0.16027397260273973,0.8397260273972603,0.7142857142857143,0.8333333333333334,20,75,Erratic,B,Y,BY,Fast,0.98,0.0,0.0,0.0,2750.86,19.25,24.036,27.22,25.272,30.786,46.166,73.083,115.36,LOW,0.1756,Normal
FOODS_2_075,FOODS_2,1.582191780821918,0.0,2.1414271560316918,1.3534561237360276,0.3743074922943212,2.0651558073654392,1155,0.0,3.0,6.0,0.5150684931506849,0.4849315068493151,0.8571428571428571,0.9,24,81,Intermittent,B,Z,BZ,Medium,2.38,0.0,0.0,0.0,2748.9,10.718,13.383,15.155,11.751,15.465,21.793,32.869,47.47,MEDIUM,0.6971,Watch
FOODS_1_054,FOODS_1,1.917808219178082,2.0,1.8331306005946644,0.9558466698116692,0.4058428838451266,1.3626168224299064,1400,0.0,3.0,5.5499999999999545,0.26575342465753427,0.7342465753424657,0.8571428571428571,0.7777777777777778,24,70,Intermittent,B,Y,BY,Medium,1.9589041095890412,0.04082690026878458,0.020841704333015902,0.051048951048951095,2742.4657534246576,9.175,11.456,12.973,11.786,14.928,22.6,36.024,57.53,MEDIUM,0.254,Normal
HOUSEHOLD_1_179,HOUSEHOLD_1,3.8643835616438356,3.0,3.8033103772218233,0.984195878998039,0.5165033453049531,1.2049910873440286,2821,1.0,6.0,11.0,0.23013698630136986,0.7698630136986301,0.7857142857142857,0.7666666666666667,22,69,Erratic,B,Y,BY,Fast,0.9719452054794521,0.003961025524879771,0.004075358880880359,0.010288645845078373,2741.8574246575345,17.381,21.702,24.576,24.075,28.974,44.432,71.482,115.93,LOW,0.2265,Normal
FOODS_1_064,FOODS_1,1.3972602739726028,1.0,1.5442312094203607,1.105185080460861,0.4738201822360089,1.4761904761904763,1020,0.0,2.0,4.0,0.336986301369863,0.663013698630137,0.14285714285714285,0.36666666666666664,4,33,Intermittent,B,Y,BY,Slow,2.68,0.0,0.0,0.0,2733.6000000000004,7.729,9.651,10.929,9.226,11.921,17.51,27.291,41.92,MEDIUM,0.3724,Watch
HOUSEHOLD_1_445,HOUSEHOLD_1,1.9,1.0,2.008100035711532,1.056894755081388,0.4218787812171808,1.49079754601227,1387,0.0,3.0,6.0,0.3287671232876712,0.6712328767123288,0.9285714285714286,0.9333333333333333,26,84,Intermittent,B,Y,BY,Medium,1.97,0.0,0.0,0.0,2732.39,10.051,12.55,14.212,12.258,15.751,23.351,36.651,57.0,MEDIUM,0.3475,Watch
HOUSEHOLD_1_380,HOUSEHOLD_1,0.8178082191780822,1.0,1.0368342842919163,1.2678208150880899,0.3403096961711791,1.946524064171123,597,0.0,1.0,3.0,0.4863013698630137,0.5136986301369864,0.2857142857142857,0.4777777777777778,8,43,Intermittent,B,Z,BZ,Slow,4.57,0.0,0.0,0.0,2728.29,5.189,6.48,7.338,5.835,7.642,10.914,16.638,24.53,MEDIUM,0.6165,Watch
FOODS_1_006,FOODS_1,1.632876712328767,1.0,1.7917661597154693,1.0973064562007204,0.4290310570880148,1.5402542372881356,1192,0.0,3.0,5.0,0.35205479452054794,0.647945205479452,0.7142857142857143,0.7444444444444445,20,67,Intermittent,B,Y,BY,Medium,2.284383561643836,0.09324196440948987,0.040817122822575914,0.10506116574718147,2722.9852054794524,8.968,11.198,12.681,10.741,13.867,20.398,31.828,48.99,MEDIUM,0.3863,Watch
FOODS_2_170,FOODS_2,1.1452054794520548,0.0,1.6296096764269112,1.422984524824003,0.36853050880280225,2.2158054711246202,836,0.0,2.0,4.0,0.547945205479452,0.4520547945205479,0.6785714285714286,0.7444444444444445,19,67,Intermittent,B,Z,BZ,Slow,3.2535342465753425,0.06310747733230805,0.019396592305347557,0.0922074203816292,2719.9546301369865,8.156,10.184,11.533,8.783,11.592,16.172,24.189,34.36,MEDIUM,0.7797,Critical
FOODS_2_145,FOODS_2,1.5876712328767124,1.0,2.007823411263124,1.2646342444339063,0.38966614662561183,1.7223650385604112,1159,0.0,3.0,5.0,0.4657534246575342,0.5342465753424658,0.7142857142857143,0.7777777777777778,20,70,Intermittent,B,Z,BZ,Medium,2.3444807121661717,0.10678041246272389,0.04549257122885182,0.16189464592111863,2717.253145400593,10.049,12.548,14.21,11.311,14.812,21.163,32.276,47.63,MEDIUM,0.589,Watch
FOODS_2_061,FOODS_2,1.8575342465753424,1.0,2.0086059916392487,1.0813291837074346,0.4718985885287085,1.4757085020242915,1356,0.0,3.0,6.0,0.3219178082191781,0.678082191780822,0.75,0.6222222222222222,21,56,Intermittent,B,Y,BY,Medium,2.0,0.0,0.0,0.0,2712.0,10.053,12.553,14.215,12.126,15.626,23.056,36.058,55.73,MEDIUM,0.3481,Watch
HOUSEHOLD_1_283,HOUSEHOLD_1,2.489041095890411,2.0,2.0212610768470465,0.8120641637344728,0.41233156390363424,1.1741935483870967,1817,1.0,4.0,6.0,0.14931506849315068,0.8506849315068493,0.8214285714285714,0.9222222222222223,23,83,Smooth,B,X,BX,Fast,1.4800000000000002,0.0,0.0,0.0,2689.1600000000003,8.797,10.984,12.439,14.289,16.264,26.22,43.644,74.67,LOW,0.1213,Normal
HOUSEHOLD_1_175,HOUSEHOLD_1,0.7534246575342466,0.0,1.3383778969366031,1.7763924790308252,0.5218686136829678,2.6353383458646618,550,0.0,1.0,3.0,0.6342465753424658,0.36575342465753424,0.6785714285714286,0.6777777777777778,19,61,Lumpy,B,Z,BZ,Slow,4.88,0.0,0.0,0.0,2684.0,7.572,9.455,10.707,6.749,9.832,12.846,18.12,22.6,MEDIUM,1.1267,Critical
FOODS_2_267,FOODS_2,1.8753424657534246,1.0,2.263969167097141,1.2072297232283675,0.4721563066245732,1.6697247706422018,1369,0.0,3.0,7.0,0.40136986301369865,0.5986301369863014,0.8214285714285714,0.7777777777777778,23,70,Intermittent,B,Z,BZ,Medium,1.9592602739726028,0.031044915201526368,0.015845222614849223,0.11739124355012374,2682.227315068493,11.331,14.149,16.022,13.002,16.957,24.458,37.586,56.26,MEDIUM,0.4845,Watch
HOUSEHOLD_1_124,HOUSEHOLD_1,0.910958904109589,0.0,1.4754671091189901,1.6196856969541238,0.34639665161232236,2.7,665,0.0,2.0,4.0,0.6287671232876713,0.37123287671232874,0.5357142857142857,0.16666666666666666,15,15,Intermittent,B,Z,BZ,Slow,3.98,0.0,0.0,0.0,2646.7,7.385,9.221,10.442,7.63,10.118,13.762,20.138,27.33,MEDIUM,1.0184,Critical
FOODS_2_024,FOODS_2,1.4465753424657535,1.0,1.7966545922284471,1.242005541117521,0.42209170101732085,1.6437346437346438,1056,0.0,2.0,5.0,0.4410958904109589,0.5589041095890411,0.7142857142857143,0.6888888888888889,20,62,Intermittent,C,Z,CZ,Slow,2.5,0.0,0.0,0.0,2640.0,8.992,11.228,12.715,10.196,13.332,19.118,29.244,43.4,MEDIUM,0.5478,Watch
FOODS_2_327,FOODS_2,1.8095890410958904,1.0,2.1954288989377138,1.2132196028303412,0.575805881173941,1.5625,1321,0.0,3.0,6.0,0.363013698630137,0.636986301369863,0.75,0.7444444444444445,21,67,Lumpy,C,Z,CZ,Medium,1.9982739726027396,0.005620021708564699,0.0028124380268260488,0.010008637591345966,2639.719917808219,12.422,15.51,17.564,12.582,17.851,25.089,37.756,54.29,HIGH,0.4404,Watch
FOODS_1_083,FOODS_1,1.8095890410958904,1.0,2.0117915673759135,1.1117394726516632,0.5570829836908135,1.4378698224852071,1321,0.0,3.0,6.0,0.3041095890410959,0.6958904109589041,0.6785714285714286,0.5888888888888889,19,53,Lumpy,C,Y,CY,Medium,1.9962602739726028,0.009916700241683814,0.004967638925133424,0.015028100489271048,2637.059821917808,11.383,14.213,16.095,11.987,16.812,24.05,36.717,54.29,HIGH,0.3381,Watch
FOODS_1_112,FOODS_1,1.8041095890410959,1.0,2.2601332459304486,1.252769376320961,0.578146860042074,1.512304250559284,1317,0.0,3.0,7.0,0.3863013698630137,0.6136986301369863,0.7857142857142857,0.8333333333333334,22,75,Lumpy,C,Z,CZ,Medium,1.9800000000000002,0.0,0.0,0.0,2607.6600000000003,12.788,15.967,18.082,12.782,18.2,25.417,38.046,54.12,HIGH,0.4839,Watch
HOUSEHOLD_1_319,HOUSEHOLD_1,1.8315068493150686,2.0,1.5243571932761735,0.8322967468092969,0.33852946531170425,1.265625,1337,1.0,3.0,5.0,0.2095890410958904,0.7904109589041096,0.8214285714285714,0.8111111111111111,23,73,Smooth,C,X,CX,Medium,1.943068493150685,0.010652676997766564,0.005482399120420737,0.020585995882800842,2597.8825753424658,6.634,8.284,9.381,10.614,12.129,19.455,32.275,54.95,LOW,0.1744,Normal
FOODS_2_192,FOODS_2,1.8164383561643835,1.0,2.005950988804988,1.1043319917205723,0.42993955976289455,1.5223880597014925,1326,0.0,3.0,6.0,0.3561643835616438,0.6438356164383562,0.7142857142857143,0.7777777777777778,20,70,Intermittent,C,Y,CY,Medium,1.9571506849315068,0.0376955063608988,0.019260400668749737,0.11751777815107228,2595.181808219178,10.04,12.536,14.196,11.989,15.489,22.755,35.47,54.49,MEDIUM,0.3933,Watch
HOUSEHOLD_1_007,HOUSEHOLD_1,2.356164383561644,2.0,1.9943060248926816,0.8464205799731224,0.4491119875828287,1.1853658536585365,1720,1.0,3.0,6.0,0.15616438356164383,0.8438356164383561,0.8214285714285714,0.8333333333333334,23,75,Smooth,C,X,CX,Medium,1.4800000000000002,0.0,0.0,0.0,2545.6000000000004,8.68,10.838,12.273,13.746,15.748,25.173,41.666,70.68,LOW,0.1322,Normal
FOODS_2_116,FOODS_2,1.7684931506849315,1.0,2.116431263010679,1.1967426964555952,0.6105095554269521,1.512448132780083,1291,0.0,3.0,5.0,0.33835616438356164,0.6616438356164384,0.5,0.5,14,45,Lumpy,C,Z,CZ,Medium,1.953972602739726,0.0583903830617205,0.029882907764340976,0.06141334828939995,2522.5786301369862,11.975,14.952,16.932,12.2,17.28,24.354,36.734,53.05,HIGH,0.4049,Watch
HOUSEHOLD_1_404,HOUSEHOLD_1,1.3342465753424657,1.0,1.3939418020203638,1.0447407748585265,0.3559190405311354,1.5402542372881356,974,0.0,2.0,4.0,0.35205479452054794,0.647945205479452,0.7142857142857143,0.6,20,54,Intermittent,C,Y,CY,Slow,2.582931506849315,0.08272059981778805,0.032025858834596604,0.07355982901449981,2515.7752876712325,6.977,8.711,9.865,8.558,10.98,16.317,25.656,40.03,MEDIUM,0.3678,Watch
HOUSEHOLD_1_426,HOUSEHOLD_1,1.3424657534246576,1.0,1.6023884406037747,1.1936158783361386,0.5290551594787574,1.5860566448801743,980,0.0,2.0,4.0,0.3698630136986301,0.6301369863013698,0.5357142857142857,0.5444444444444444,15,49,Lumpy,C,Z,CZ,Slow,2.5503835616438355,0.05393809135695884,0.021149011532286283,0.054893703874786544,2499.3758904109586,9.066,11.32,12.819,9.248,13.093,18.463,27.861,40.27,HIGH,0.4415,Watch
HOUSEHOLD_1_004,HOUSEHOLD_1,1.4479452054794522,1.0,1.9205171670095489,1.326374201465201,0.6002829249615186,1.6848341232227488,1057,0.0,2.0,5.0,0.42054794520547945,0.5794520547945206,0.6428571428571429,0.6111111111111112,18,55,Lumpy,C,Z,CZ,Medium,2.3614383561643835,0.0035116357686224677,0.0014870749259473862,0.004234707196101847,2496.0403424657534,10.866,13.568,15.365,10.619,15.21,21.002,31.137,43.44,HIGH,0.5578,Watch
HOUSEHOLD_1_278,HOUSEHOLD_1,0.563013698630137,0.0,0.7847880525871812,1.393905784357886,0.21418414525133056,2.43,411,0.0,1.0,2.0,0.5876712328767123,0.4123287671232877,0.35714285714285715,0.36666666666666664,10,33,Intermittent,C,Z,CZ,Slow,5.969999999999999,0.0,0.0,0.0,2453.6699999999996,3.928,4.905,5.554,4.261,5.617,7.869,11.81,16.89,MEDIUM,0.8192,Critical
HOUSEHOLD_1_277,HOUSEHOLD_1,3.415068493150685,3.0,3.4349601195219064,1.0058246636649577,0.5165910235929216,1.3096539162112932,2493,1.0,5.0,10.0,0.2465753424657534,0.7534246575342466,0.10714285714285714,0.32222222222222224,3,29,Erratic,C,Y,CY,Fast,0.9770000000000001,0.0045857176738612615,0.004693672132918384,0.010235414534288646,2435.661,15.697,19.6,22.196,21.498,25.942,39.602,63.508,102.45,LOW,0.248,Normal
HOUSEHOLD_1_350,HOUSEHOLD_1,1.2164383561643837,1.0,1.3608029155491845,1.1186780715476008,0.37638160480553445,1.6382022471910112,888,0.0,2.0,4.0,0.38904109589041097,0.6109589041095891,0.6785714285714286,0.6666666666666666,19,60,Intermittent,C,Y,CY,Slow,2.74,0.0,0.0,0.0,2433.1200000000003,6.811,8.504,9.631,8.084,10.46,15.326,23.841,36.49,MEDIUM,0.4352,Watch
FOODS_2_053,FOODS_2,0.4520547945205479,0.0,0.7088693658351152,1.5681049573179318,0.19957671957671957,2.876984126984127,330,0.0,1.0,2.0,0.6534246575342466,0.34657534246575344,0.5714285714285714,0.5111111111111111,16,46,Intermittent,C,Z,CZ,Slow,7.27604109589041,0.019670075979975197,0.0027034036395265936,0.00962061635956634,2401.093561643835,3.548,4.43,5.017,3.701,4.904,6.712,9.877,13.56,MEDIUM,1.0246,Critical
FOODS_1_201,FOODS_1,1.4671232876712328,1.0,1.7749053453072223,1.2097860888806056,0.3676898831751689,1.8044554455445545,1071,0.0,2.0,5.0,0.4452054794520548,0.5547945205479452,0.9285714285714286,0.8555555555555555,26,77,Intermittent,C,Z,CZ,Medium,2.24,0.0,0.0,0.0,2399.0400000000004,8.884,11.092,12.561,10.184,13.285,19.154,29.424,44.01,MEDIUM,0.5386,Watch
FOODS_2_391,FOODS_2,1.6054794520547946,1.0,1.9018297181858954,1.1845867691219754,0.5352754404864655,1.5655913978494624,1172,0.0,2.0,5.0,0.36164383561643837,0.6383561643835617,0.6785714285714286,0.6555555555555556,19,59,Lumpy,C,Y,CY,Medium,2.0314520547945207,0.06482498144516637,0.03191066276566559,0.07876139612666565,2380.8618082191783,10.76,13.436,15.215,11.012,15.576,21.998,33.237,48.16,HIGH,0.4284,Watch
HOUSEHOLD_1_028,HOUSEHOLD_1,1.1315068493150684,1.0,1.3228111113286192,1.1690703515937901,0.4339855201735145,1.653061224489796,826,0.0,2.0,4.0,0.39452054794520547,0.6054794520547945,0.6428571428571429,0.6888888888888889,18,62,Intermittent,C,Y,CY,Slow,2.8636575342465758,0.11960345077373151,0.04176597562501447,0.10126909259640177,2365.3811232876715,6.621,8.267,9.362,7.704,10.016,14.542,22.462,33.95,MEDIUM,0.4612,Watch
HOUSEHOLD_1_234,HOUSEHOLD_1,3.313698630136986,3.0,2.8595341640210563,0.8629433398534198,0.44666442665005934,1.2069536423841059,2419,1.0,5.0,9.0,0.17123287671232876,0.8287671232876712,0.8928571428571429,0.7666666666666667,25,69,Smooth,C,X,CX,Fast,0.9700000000000001,0.0,0.0,0.0,2346.4300000000003,12.445,15.54,17.598,19.483,22.386,35.641,58.837,99.41,LOW,0.1478,Normal
HOUSEHOLD_1_458,HOUSEHOLD_1,1.3041095890410959,1.0,1.5253509235730107,1.16964934175888,0.5744976800880782,1.5020661157024793,952,0.0,2.0,4.0,0.3356164383561644,0.6643835616438356,0.8928571428571429,0.8111111111111111,25,73,Lumpy,C,Y,CY,Slow,2.4592876712328766,0.06265753358104385,0.025477919608173662,0.0853905797424357,2341.2418630136985,8.63,10.776,12.203,8.881,12.542,17.759,26.888,39.12,HIGH,0.3926,Watch
HOUSEHOLD_1_479,HOUSEHOLD_1,0.42054794520547945,0.0,0.666098619566899,1.5838827072560322,0.1638299077895056,3.012448132780083,307,0.0,1.0,2.0,0.6684931506849315,0.3315068493150685,0.39285714285714285,0.15555555555555556,11,14,Intermittent,C,Z,CZ,Slow,7.543123287671232,0.01976816606883655,0.0026206871232167706,0.005302843195653126,2315.7388493150684,3.334,4.163,4.714,3.468,4.596,6.278,9.222,12.62,MEDIUM,1.0588,Critical
HOUSEHOLD_1_232,HOUSEHOLD_1,0.7616438356164383,0.0,0.9782049729158724,1.2843338656313366,0.26381382816952553,2.0979827089337175,556,0.0,1.0,3.0,0.5232876712328767,0.4767123287671233,0.5714285714285714,0.18888888888888888,16,17,Intermittent,C,Z,CZ,Slow,4.163260273972603,0.12243326643397194,0.029408026012542696,0.07205891062720872,2314.7727123287673,4.896,6.113,6.923,5.477,7.181,10.228,15.559,22.85,MEDIUM,0.6721,Watch
HOUSEHOLD_1_439,HOUSEHOLD_1,3.243835616438356,2.0,3.4760624196899546,1.0715901881720464,0.5313216033953027,1.300578034682081,2368,0.0,5.0,10.0,0.2876712328767123,0.7123287671232876,0.6785714285714286,0.6,19,54,Erratic,C,Y,CY,Fast,0.9719452054794521,0.003961025524879771,0.004075358880880359,0.010288645845078373,2301.5662465753426,15.885,19.835,22.461,21.076,25.617,38.592,61.299,97.32,LOW,0.3083,Watch
HOUSEHOLD_1_397,HOUSEHOLD_1,1.1356164383561644,1.0,1.6097196099766813,1.4174853006612942,0.6092514800499799,1.7480719794344473,829,0.0,2.0,4.0,0.4657534246575342,0.5342465753424658,0.6428571428571429,0.6,18,54,Lumpy,C,Z,CZ,Slow,2.771465753424658,0.0035392457396326796,0.0012770302989525625,0.0036081990144178904,2297.545109589041,9.108,11.372,12.878,8.688,12.515,17.057,25.007,34.07,HIGH,0.6602,Watch
HOUSEHOLD_1_425,HOUSEHOLD_1,1.5890410958904109,1.0,1.5406422467781749,0.9695421029657775,0.34008023204412047,1.4493041749502982,1160,0.0,2.75,5.0,0.3095890410958904,0.6904109589041096,0.8571428571428571,0.8888888888888888,24,80,Intermittent,C,Y,CY,Medium,1.97,0.0,0.0,0.0,2285.2,7.711,9.628,10.903,9.83,12.478,18.834,29.958,47.67,MEDIUM,0.3002,Watch
HOUSEHOLD_1_198,HOUSEHOLD_1,3.186301369863014,3.0,2.96986301369863,0.9320722267066152,0.4394701309724846,1.2976827094474153,2326,1.0,5.0,9.0,0.23013698630136986,0.7698630136986301,0.7142857142857143,0.4222222222222222,20,38,Smooth,C,Y,CY,Fast,0.972972602739726,0.004573654509891337,0.0047007022571989195,0.01027778168865362,2263.1342739726024,12.926,16.139,18.277,19.361,22.485,35.23,57.534,95.59,LOW,0.2145,Normal
FOODS_2_399,FOODS_2,1.5178082191780822,1.0,1.7074648728413828,1.1249542927373581,0.46892560911051473,1.527542372881356,1108,0.0,2.0,5.0,0.35205479452054794,0.647945205479452,0.6785714285714286,0.7111111111111111,19,64,Intermittent,C,Y,CY,Medium,2.0314520547945207,0.06482498144516637,0.03191066276566559,0.07876139612666565,2250.848876712329,8.546,10.671,12.084,10.118,13.099,19.171,29.795,45.53,MEDIUM,0.396,Watch
FOODS_1_037,FOODS_1,0.8876712328767123,0.0,1.5442287790509426,1.739640443576004,0.6513267270294572,2.442953020134228,648,0.0,1.0,4.0,0.5904109589041096,0.4095890410958904,0.6785714285714286,0.7,19,63,Lumpy,C,Z,CZ,Slow,3.4270684931506854,0.09957610138068403,0.0290557663436538,0.07003069838833453,2220.740383561644,8.737,10.909,12.354,7.829,11.4,14.951,21.164,26.63,HIGH,1.0271,Critical
FOODS_1_139,FOODS_1,3.0945205479452054,3.0,2.676247137827235,0.8648341788324713,0.43978769492390973,1.215,2259,1.0,4.0,8.0,0.17671232876712328,0.8232876712328767,0.75,0.7777777777777778,21,70,Smooth,C,X,CX,Fast,0.98,0.0,0.0,0.0,2213.82,11.648,14.544,16.47,18.211,20.932,33.31,54.971,92.84,LOW,0.1528,Normal
HOUSEHOLD_1_508,HOUSEHOLD_1,0.6191780821917808,0.0,1.0082750133437346,1.6284087578588227,0.38203262161912016,2.632727272727273,452,0.0,1.0,3.0,0.6219178082191781,0.3780821917808219,0.5357142857142857,0.45555555555555555,15,41,Intermittent,C,Z,CZ,Slow,4.88,0.0,0.0,0.0,2205.7599999999998,5.047,6.301,7.136,5.206,6.905,9.381,13.715,18.58,MEDIUM,1.0127,Critical
FOODS_1_044,FOODS_1,1.0328767123287672,0.0,1.576892626231464,1.5266997560138962,0.4798139709430234,2.1640866873065017,754,0.0,2.0,4.0,0.5561643835616439,0.4438356164383562,0.8214285714285714,0.34444444444444444,23,31,Intermittent,C,Z,CZ,Slow,2.924383561643835,0.08967226260889756,0.0306636461047851,0.06839048154393862,2204.985205479452,7.893,9.855,11.16,8.303,10.992,15.123,22.353,30.99,MEDIUM,0.8491,Critical
FOODS_2_021,FOODS_2,3.1986301369863015,1.0,4.454365048633646,1.3925852181952778,0.5072409209133537,1.9544235924932976,2335,0.0,5.0,12.0,0.4876712328767123,0.5123287671232877,0.9285714285714286,0.7777777777777778,26,70,Lumpy,C,Z,CZ,Fast,0.935013698630137,0.01874856603620273,0.020051648509183066,0.10695030473511484,2183.2569863013696,25.203,31.469,35.636,24.191,34.799,47.593,69.984,95.96,HIGH,0.6791,Watch
FOODS_1_120,FOODS_1,1.5273972602739727,1.0,1.8513053724089665,1.2120653999764464,0.5977271887942629,1.5477707006369428,1115,0.0,2.0,5.0,0.35342465753424657,0.6465753424657534,0.6785714285714286,0.2111111111111111,19,19,Lumpy,C,Z,CZ,Medium,1.9392876712328768,0.05747820710701932,0.02963882458473956,0.0928175858951175,2162.3057534246577,10.475,13.079,14.811,10.614,15.057,21.167,31.859,45.82,HIGH,0.4284,Watch
FOODS_2_051,FOODS_2,1.178082191780822,0.0,1.6380949991136726,1.3904759864394574,0.463967985077184,1.8429752066115703,860,0.0,2.0,4.0,0.5013698630136987,0.4986301369863014,0.75,0.7222222222222222,21,65,Intermittent,C,Z,CZ,Slow,2.5,0.0,0.0,0.0,2150.0,8.199,10.237,11.593,8.901,11.733,16.446,24.692,35.34,MEDIUM,0.6971,Watch
FOODS_2_138,FOODS_2,1.5383561643835617,1.0,1.91512581488673,1.2449170471580795,0.4436427193642572,1.766990291262136,1123,0.0,2.75,5.0,0.43424657534246575,0.5657534246575342,0.7142857142857143,0.7,20,63,Intermittent,C,Z,CZ,Medium,1.9119178082191781,0.06400354787505302,0.033476097978640616,0.11506770796016334,2147.083698630137,9.585,11.969,13.554,10.858,14.2,20.353,31.122,46.15,MEDIUM,0.5406,Watch
HOUSEHOLD_1_522,HOUSEHOLD_1,1.6315068493150684,1.0,1.8281944616695225,1.1205557986572172,0.4687011464278168,1.5379746835443038,1191,0.0,3.0,5.0,0.3493150684931507,0.6506849315068494,0.5,0.6111111111111112,14,55,Intermittent,C,Y,CY,Medium,1.7964520547945206,0.053831404008259705,0.029965399780411604,0.06123180393622137,2139.574397260274,9.15,11.425,12.938,10.853,14.045,20.571,31.991,48.95,MEDIUM,0.3914,Watch
FOODS_1_127,FOODS_1,1.3917808219178083,1.0,1.5151972993872966,1.0886752241712534,0.470739488290201,1.4877551020408164,1016,0.0,2.0,4.0,0.3273972602739726,0.6726027397260274,0.6071428571428571,0.4888888888888889,17,44,Intermittent,C,Y,CY,Slow,2.0975616438356166,0.05950020145010356,0.028366366073180597,0.08581392615038995,2131.1226301369866,7.584,9.469,10.723,9.117,11.759,17.326,27.069,41.75,MEDIUM,0.3564,Watch
HOUSEHOLD_1_083,HOUSEHOLD_1,3.0,2.0,3.2380443954413773,1.0793481314540097,0.4185006782021572,1.528301886792453,2190,0.0,5.0,9.0,0.3452054794520548,0.6547945205479452,0.7857142857142857,0.3111111111111111,22,28,Intermittent,C,Y,CY,Fast,0.972972602739726,0.004573654509891337,0.0047007022571989195,0.01027778168865362,2130.81,16.207,20.236,22.916,19.565,25.207,37.207,58.207,90.0,MEDIUM,0.3726,Watch
FOODS_2_283,FOODS_2,1.9931506849315068,1.0,3.1429341829990514,1.5768673212633637,0.9653018671795819,1.7609756097560976,1455,0.0,3.0,8.0,0.436986301369863,0.563013698630137,0.6428571428571429,0.6,18,54,Lumpy,C,Z,CZ,Medium,1.4600547945205478,0.11481719118340751,0.07863896041046263,0.3561510170382047,2124.379726027397,17.783,22.204,25.144,16.383,23.762,31.735,45.687,59.79,HIGH,0.6891,Watch
FOODS_2_189,FOODS_2,1.1506849315068493,0.0,1.627429546287367,1.4143137711396772,0.4315120861024525,1.9106628242074928,840,0.0,2.0,5.0,0.5232876712328767,0.4767123287671233,0.6428571428571429,0.6777777777777778,18,61,Intermittent,C,Z,CZ,Slow,2.5,0.0,0.0,0.0,2100.0,8.145,10.171,11.518,8.79,11.597,16.2,24.255,34.52,MEDIUM,0.7401,Critical
FOODS_2_294,FOODS_2,2.7383561643835614,1.0,3.5667847513114705,1.3025276976020652,0.5268741915020805,1.4393203883495145,1999,0.0,4.0,10.0,0.43424657534246575,0.5657534246575342,0.7142857142857143,0.7555555555555555,20,68,Lumpy,C,Z,CZ,Fast,1.047945205479452,0.09849288031909627,0.09398667010841866,0.238562091503268,2094.8424657534247,20.181,25.198,28.535,19.86,28.396,39.349,58.518,82.15,HIGH,0.5656,Watch
HOUSEHOLD_1_337,HOUSEHOLD_1,0.5767123287671233,0.0,0.8211286165494993,1.4238097126882503,0.2448850939103587,2.4147157190635453,421,0.0,1.0,2.0,0.589041095890411,0.410958904109589,0.42857142857142855,0.4,12,36,Intermittent,C,Z,CZ,Slow,4.97,0.0,0.0,0.0,2092.37,4.11,5.132,5.811,4.425,5.84,8.147,12.184,17.3,MEDIUM,0.8387,Critical
FOODS_1_167,FOODS_1,0.5876712328767123,0.0,0.9281658456965857,1.5793964247215575,0.3559722912497797,2.578014184397163,429,0.0,1.0,2.0,0.6123287671232877,0.38767123287671235,0.2857142857142857,0.32222222222222224,8,29,Intermittent,C,Z,CZ,Slow,4.840438356164384,0.04435577151206053,0.009163585660702129,0.024791143109420655,2076.548054794521,4.646,5.801,6.569,4.836,6.409,8.76,12.873,17.63,MEDIUM,0.9671,Critical
FOODS_2_220,FOODS_2,1.4,1.0,1.862830369706638,1.3305931202686034,0.5611825038406175,1.775609756097561,1022,0.0,2.0,5.0,0.436986301369863,0.563013698630137,0.7857142857142857,0.7111111111111111,22,64,Lumpy,C,Z,CZ,Slow,2.031835616438356,0.06534639444875329,0.03216126044847085,0.0787465278714167,2076.5359999999996,10.54,13.16,14.903,10.288,14.74,20.34,30.14,42.0,HIGH,0.5815,Watch
FOODS_1_208,FOODS_1,1.4616438356164383,1.0,1.9505622748877884,1.3344990250177144,0.8302585712483127,1.5219206680584552,1067,0.0,2.0,4.5499999999999545,0.3424657534246575,0.6575342465753424,0.75,0.7555555555555555,21,68,Lumpy,C,Z,CZ,Medium,1.9306575342465753,0.06653365726808658,0.03446165676091842,0.09323248520626089,2060.0115890410957,11.036,13.78,15.605,10.761,15.421,21.268,31.499,43.85,HIGH,0.457,Watch
HOUSEHOLD_1_528,HOUSEHOLD_1,0.9287671232876712,1.0,1.1600046589484612,1.248972566549597,0.3720935608162486,1.8615384615384616,678,0.0,1.0,3.0,0.4643835616438356,0.5356164383561643,0.39285714285714285,0.43333333333333335,11,39,Intermittent,C,Z,CZ,Slow,2.9700000000000006,0.0,0.0,0.0,2013.6600000000005,5.806,7.249,8.209,6.568,8.592,12.307,18.809,27.86,MEDIUM,0.58,Watch
HOUSEHOLD_1_017,HOUSEHOLD_1,0.5575342465753425,0.0,1.002793059439508,1.7986214547367254,0.38234528384747657,3.071729957805907,407,0.0,1.0,3.0,0.673972602739726,0.32602739726027397,0.6071428571428571,0.26666666666666666,17,24,Intermittent,C,Z,CZ,Slow,4.942301369863014,0.007989507748325244,0.0016165561649160803,0.006070046675609924,2011.5166575342466,5.019,6.267,7.097,5.041,6.692,8.922,12.824,16.73,MEDIUM,1.2122,Critical
FOODS_1_027,FOODS_1,1.4205479452054794,0.0,2.323758110163485,1.6358181477581455,0.7040755892298738,2.1602373887240356,1037,0.0,2.0,5.5499999999999545,0.536986301369863,0.46301369863013697,0.7857142857142857,0.8222222222222222,22,74,Lumpy,C,Z,CZ,Slow,1.928931506849315,0.06806926367703871,0.035288585123596186,0.09331591057580317,2000.3019726027396,13.148,16.417,18.591,11.983,17.41,23.092,33.036,42.62,HIGH,0.8784,Critical
FOODS_2_146,FOODS_2,1.3863013698630138,1.0,1.7013544216536174,1.2272615878569562,0.43264479146261886,1.7451923076923077,1012,0.0,2.0,5.0,0.42876712328767125,0.5712328767123288,0.7142857142857143,0.5888888888888889,20,53,Intermittent,C,Z,CZ,Slow,1.9528219178082191,0.05865416591137164,0.03003559381246759,0.06144953562108931,1976.2557808219178,8.515,10.633,12.041,9.704,12.674,18.219,27.923,41.59,MEDIUM,0.5262,Watch
FOODS_2_340,FOODS_2,0.8794520547945206,0.0,1.3248891299295074,1.506493868767601,0.3896849555816678,2.352750809061489,642,0.0,1.0,4.0,0.5753424657534246,0.4246575342465753,0.2857142857142857,0.37777777777777777,8,34,Intermittent,C,Z,CZ,Slow,2.98,0.0,0.0,0.0,1913.16,6.631,8.28,9.376,7.006,9.269,12.787,18.943,26.38,MEDIUM,0.8667,Critical
HOUSEHOLD_1_251,HOUSEHOLD_1,1.3232876712328767,1.0,1.1784039063751997,0.8905122681198983,0.2826679706928796,1.3973128598848368,966,0.0,2.0,3.0,0.28493150684931506,0.7150684931506849,0.5357142857142857,0.7,15,63,Intermittent,C,X,CX,Slow,1.9800000000000002,0.0,0.0,0.0,1912.6800000000003,5.898,7.364,8.34,7.883,9.868,15.161,24.424,39.7,MEDIUM,0.2537,Normal
FOODS_1_184,FOODS_1,2.606849315068493,2.0,3.368298166572829,1.2920954601444747,1.19245224099017,1.2190635451505016,1903,1.0,3.0,7.0,0.17945205479452056,0.8205479452054795,0.6428571428571429,0.7333333333333333,18,66,Erratic,C,Z,CZ,Fast,1.0,0.0,0.0,0.0,1903.0,15.393,19.22,21.765,18.814,23.214,33.641,51.889,78.21,MEDIUM,0.2319,Normal
FOODS_2_356,FOODS_2,1.0383561643835617,0.0,1.4424703066183717,1.3891864417114843,0.38576809424594233,1.941860465116279,758,0.0,2.0,4.0,0.5273972602739726,0.4726027397260274,0.6428571428571429,0.7,18,63,Intermittent,C,Z,CZ,Slow,2.5,0.0,0.0,0.0,1895.0,7.22,9.015,10.209,7.841,10.335,14.488,21.757,31.15,MEDIUM,0.7327,Critical
FOODS_2_174,FOODS_2,0.9287671232876712,0.0,1.4971643930247072,1.6119911588956972,0.4952649447466675,2.410596026490066,678,0.0,1.75,4.0,0.584931506849315,0.41506849315068495,0.5,0.45555555555555555,14,41,Lumpy,C,Z,CZ,Slow,2.7845753424657533,0.08938379475977509,0.032099614399596514,0.10773635585465917,1887.9420821917809,8.471,10.577,11.978,7.753,11.257,14.972,21.474,27.86,HIGH,0.9429,Critical
FOODS_2_297,FOODS_2,0.7,0.0,1.1197480147061463,1.5996400187235804,0.38100939101600156,2.5851063829787235,511,0.0,1.0,3.0,0.6123287671232877,0.38767123287671235,0.39285714285714285,0.35555555555555557,11,32,Intermittent,C,Z,CZ,Slow,3.6003835616438358,0.13924296891883836,0.03867448190860639,0.11387675590119778,1839.796,5.604,6.998,7.925,5.812,7.704,10.504,15.404,21.0,MEDIUM,0.9795,Critical
HOUSEHOLD_1_353,HOUSEHOLD_1,0.7287671232876712,0.0,0.9724252201491566,1.3343428754413797,0.30733646790105457,2.128654970760234,532,0.0,1.0,3.0,0.5301369863013699,0.46986301369863015,0.6785714285714286,0.5555555555555556,19,50,Intermittent,C,Z,CZ,Slow,3.44,0.0,0.0,0.0,1830.08,4.867,6.077,6.882,5.365,7.053,9.968,15.07,21.86,MEDIUM,0.7074,Critical
FOODS_2_003,FOODS_2,1.1027397260273972,0.0,2.0303500341134733,1.8411869857872907,0.6380604820978191,2.273062730627306,805,0.0,1.0,5.0,0.6273972602739726,0.3726027397260274,0.5357142857142857,0.5111111111111111,15,46,Lumpy,C,Z,CZ,Slow,2.264657534246575,0.036064345474273674,0.015924856155468053,0.044156786837648045,1823.049315068493,11.488,14.344,16.243,10.147,14.796,19.207,26.926,33.08,HIGH,1.1552,Critical
FOODS_2_218,FOODS_2,0.636986301369863,0.0,0.9441973977086279,1.4822883854736084,0.33691223810480075,2.398026315789474,465,0.0,1.0,2.0,0.5821917808219178,0.4178082191780822,0.5714285714285714,0.4888888888888889,16,44,Intermittent,C,Z,CZ,Slow,3.9185205479452057,0.032305176144620806,0.008244227827658324,0.01786388488806227,1822.1120547945206,4.726,5.901,6.682,5.019,6.637,9.185,13.644,19.11,MEDIUM,0.863,Critical
FOODS_1_013,FOODS_1,1.6657534246575343,1.0,1.9663065423917643,1.1804307360890407,0.48301980517286913,1.598669623059867,1216,0.0,3.0,5.0,0.38082191780821917,0.6191780821917808,0.35714285714285715,0.6,10,54,Intermittent,C,Y,CY,Medium,1.4976986301369861,0.006386467456335803,0.004264187285630133,0.013353821388065722,1821.2015342465752,9.842,12.288,13.916,11.403,14.839,21.502,33.163,49.97,MEDIUM,0.4495,Watch
FOODS_1_134,FOODS_1,1.252054794520548,1.0,1.5419352356600984,1.231523764915601,0.43864557600872467,1.7524038461538463,914,0.0,2.0,4.0,0.42876712328767125,0.5712328767123288,0.4642857142857143,0.4,13,36,Intermittent,C,Z,CZ,Slow,1.9800000000000002,0.0,0.0,0.0,1809.7200000000003,7.718,9.636,10.912,8.782,11.474,16.482,25.247,37.56,MEDIUM,0.528,Watch
FOODS_1_028,FOODS_1,0.8465753424657534,0.0,1.5433535973701211,1.8230552180410327,0.46477482047890517,2.841463414634146,618,0.0,1.0,4.0,0.6616438356164384,0.33835616438356164,0.6428571428571429,0.28888888888888886,18,26,Intermittent,C,Z,CZ,Slow,2.924383561643835,0.08967226260889756,0.0306636461047851,0.06839048154393862,1807.26904109589,7.725,9.645,10.922,7.732,10.265,13.651,19.577,25.4,MEDIUM,1.2062,Critical
FOODS_2_092,FOODS_2,0.6753424657534246,0.0,1.1177620524981509,1.6551040509440655,0.405022324972623,2.67032967032967,493,0.0,1.0,3.0,0.6246575342465753,0.37534246575342467,0.2857142857142857,0.2777777777777778,8,25,Intermittent,C,Z,CZ,Slow,3.5980821917808217,0.1388988394879586,0.038603576039827066,0.1139495926292546,1773.8545205479452,5.595,6.985,7.911,5.745,7.621,10.322,15.05,20.26,MEDIUM,1.0339,Critical
FOODS_2_245,FOODS_2,0.8123287671232877,0.0,1.1605909224065354,1.4287206953015257,0.3968233804452157,2.182634730538922,593,0.0,1.0,3.0,0.541095890410959,0.4589041095890411,0.32142857142857145,0.4,9,36,Intermittent,C,Z,CZ,Slow,2.98,0.0,0.0,0.0,1767.14,5.809,7.253,8.214,6.246,8.246,11.495,17.182,24.37,MEDIUM,0.7731,Critical
HOUSEHOLD_1_372,HOUSEHOLD_1,1.2164383561643837,1.0,1.2440558612562642,1.0227035787956071,0.31791425927166134,1.5415778251599148,888,0.0,2.0,4.0,0.3561643835616438,0.6438356164383562,0.5357142857142857,0.6888888888888889,15,62,Intermittent,C,Y,CY,Slow,1.97,0.0,0.0,0.0,1749.36,6.227,7.775,8.804,7.72,9.876,14.742,23.257,36.49,MEDIUM,0.3643,Watch
HOUSEHOLD_1_101,HOUSEHOLD_1,1.0027397260273974,1.0,1.1820544690808024,1.1788248108858517,0.3199996037163165,1.8109452736318408,732,0.0,2.0,3.0,0.44794520547945205,0.552054794520548,0.6071428571428571,0.5555555555555556,17,50,Intermittent,C,Y,CY,Slow,2.37,0.0,0.0,0.0,1734.8400000000001,5.916,7.387,8.366,6.859,8.924,12.935,19.954,30.08,MEDIUM,0.528,Watch
FOODS_1_158,FOODS_1,0.5095890410958904,0.0,0.8027631021889751,1.575314686688097,0.24573861362362925,2.773076923076923,372,0.0,1.0,2.0,0.6424657534246575,0.35753424657534244,0.5,0.4222222222222222,14,38,Intermittent,C,Z,CZ,Slow,4.647972602739726,0.3257162613758014,0.07007706138022618,0.7185928759630064,1729.045808219178,4.018,5.017,5.681,4.186,5.547,7.585,11.152,15.29,MEDIUM,1.0121,Critical
HOUSEHOLD_1_147,HOUSEHOLD_1,2.363013698630137,2.0,2.2979446950982427,0.9724635517169964,0.44809529084326755,1.345018450184502,1725,0.0,4.0,6.0,0.25616438356164384,0.7438356164383562,0.8928571428571429,0.8888888888888888,25,80,Intermittent,C,Y,CY,Medium,0.9960547945205479,0.050845226406336166,0.051046615794676814,0.18071294971944102,1718.194520547945,11.501,14.361,16.263,14.639,18.59,28.042,44.583,70.89,MEDIUM,0.2491,Normal
HOUSEHOLD_1_008,HOUSEHOLD_1,0.4301369863013699,0.0,0.6793802436642742,1.579450881280003,0.1879867017131046,2.923076923076923,314,0.0,1.0,2.0,0.6602739726027397,0.33972602739726027,0.32142857142857145,0.34444444444444444,9,31,Intermittent,C,Z,CZ,Slow,5.47,0.0,0.0,0.0,1717.58,3.4,4.246,4.808,3.54,4.69,6.411,9.422,12.9,MEDIUM,1.0429,Critical
FOODS_2_289,FOODS_2,0.9397260273972603,0.0,1.4417207874788385,1.5341926730897835,0.3380664313866407,2.303448275862069,686,0.0,2.0,4.0,0.6013698630136987,0.39863013698630134,0.7142857142857143,0.5666666666666667,20,51,Intermittent,C,Z,CZ,Slow,2.5,0.0,0.0,0.0,1715.0,7.216,9.01,10.203,7.579,10.035,13.794,20.372,28.19,MEDIUM,0.9226,Critical
FOODS_2_237,FOODS_2,0.9342465753424658,0.0,1.2268926310976427,1.313242844197378,0.3558189271074674,2.005524861878453,682,0.0,2.0,3.0,0.5027397260273972,0.49726027397260275,0.7142857142857143,0.6111111111111112,20,55,Intermittent,C,Z,CZ,Slow,2.5,0.0,0.0,0.0,1705.0,6.141,7.668,8.683,6.81,8.944,12.681,19.22,28.03,MEDIUM,0.6602,Watch
FOODS_2_225,FOODS_2,0.9301369863013699,0.0,1.3040700178179618,1.4020193107270074,0.3498187482208511,2.015105740181269,679,0.0,2.0,4.0,0.5452054794520548,0.4547945205479452,0.75,0.6444444444444445,21,58,Intermittent,C,Z,CZ,Slow,2.5,0.0,0.0,0.0,1697.5,6.527,8.15,9.229,7.065,9.317,13.038,19.549,27.9,MEDIUM,0.7644,Critical
FOODS_1_146,FOODS_1,1.0342465753424657,1.0,1.2220260717441827,1.1815616311400177,0.35645802453733294,1.766990291262136,755,0.0,2.0,3.0,0.43424657534246575,0.5657534246575342,0.75,0.6777777777777778,21,61,Intermittent,C,Y,CY,Slow,2.24,0.0,0.0,0.0,1691.2000000000003,6.116,7.637,8.648,7.084,9.219,13.356,20.595,31.03,MEDIUM,0.5131,Watch
FOODS_2_177,FOODS_2,0.6986301369863014,0.0,1.450412614952142,2.076080798822597,0.8509781430978962,2.8616600790513833,510,0.0,1.0,3.0,0.6520547945205479,0.34794520547945207,0.35714285714285715,0.4777777777777778,10,43,Lumpy,C,Z,CZ,Slow,3.290013698630137,0.28816219108647995,0.08758692743633927,0.7082037381698874,1677.90698630137,8.206,10.247,11.604,7.06,10.302,13.096,17.987,20.96,HIGH,1.3537,Critical
HOUSEHOLD_1_215,HOUSEHOLD_1,1.0136986301369864,1.0,1.1550146851338452,1.1394063774539733,0.3577401770091901,1.6953488372093024,740,0.0,2.0,3.0,0.4095890410958904,0.5904109589041096,0.25,0.5444444444444444,7,49,Intermittent,C,Y,CY,Slow,2.24,0.0,0.0,0.0,1657.6000000000001,5.781,7.218,8.174,6.804,8.822,12.877,19.973,30.41,MEDIUM,0.4667,Watch
FOODS_1_113,FOODS_1,2.208219178082192,0.0,3.7420876681799595,1.6946178638550244,0.8268900779547554,1.7463556851311954,1612,0.0,3.0,10.0,0.5287671232876713,0.4712328767123288,0.75,0.4777777777777778,21,43,Lumpy,C,Z,CZ,Medium,0.98,0.0,0.0,0.0,1579.76,21.173,26.437,29.938,19.106,27.798,36.631,52.088,66.25,HIGH,0.8961,Critical
FOODS_2_058,FOODS_2,0.4273972602739726,0.0,0.7644964810785823,1.7887257367999847,0.26105396015417187,3.3211009174311927,312,0.0,1.0,2.0,0.7,0.3,0.10714285714285714,0.25555555555555554,3,23,Intermittent,C,Z,CZ,Slow,5.062150684931507,0.14178328980663327,0.028008508365560764,0.0612387934090498,1579.39101369863,3.826,4.778,5.41,3.848,5.108,6.818,9.81,12.82,MEDIUM,1.2521,Critical
FOODS_2_257,FOODS_2,2.1410958904109587,1.0,2.63029430180212,1.2284803835052827,0.5617311021442237,1.598233995584989,1563,0.0,3.0,8.0,0.3780821917808219,0.6219178082191781,0.39285714285714285,0.4777777777777778,11,43,Lumpy,C,Z,CZ,Medium,1.0,0.0,0.0,0.0,1563.0,14.882,18.582,21.043,14.995,21.305,29.87,44.857,64.23,HIGH,0.4645,Watch
HOUSEHOLD_1_430,HOUSEHOLD_1,2.1986301369863015,0.0,3.952491607112815,1.7977064622305476,0.6486079152752775,1.795053003533569,1605,0.0,3.0,10.0,0.6109589041095891,0.38904109589041097,0.9285714285714286,0.5111111111111111,26,46,Lumpy,C,Z,CZ,Medium,0.9715616438356165,0.0036326000746473444,0.003738929071248888,0.010292707687101695,1559.3564383561645,22.363,27.923,31.621,19.871,28.959,37.753,53.144,65.96,HIGH,1.0983,Critical
FOODS_2_385,FOODS_2,0.8575342465753425,0.0,1.2838211167394296,1.4971076902985543,0.37767412127361727,2.343042071197411,626,0.0,1.0,3.0,0.5753424657534246,0.4246575342465753,0.9642857142857143,0.8222222222222222,27,74,Intermittent,C,Z,CZ,Slow,2.478958904109589,0.11822190178599538,0.04769014185350491,0.09681483609999787,1551.8282739726028,6.426,8.023,9.086,6.802,8.999,12.429,18.431,25.73,MEDIUM,0.8613,Critical
HOUSEHOLD_1_247,HOUSEHOLD_1,2.1904109589041094,2.0,1.8961145841019962,0.8656433056676283,0.3929579526161388,1.2534482758620689,1599,1.0,3.0,6.0,0.20410958904109588,0.7958904109589041,0.75,0.8,21,72,Smooth,C,X,CX,Medium,0.9700000000000001,0.0,0.0,0.0,1551.0300000000002,8.252,10.304,11.669,12.895,14.823,23.585,38.918,65.71,LOW,0.1767,Normal
FOODS_2_125,FOODS_2,0.8027397260273973,0.0,1.1001833723545382,1.3705355986660783,0.3297592804142822,2.1517857142857144,586,0.0,1.0,3.0,0.5383561643835616,0.46164383561643835,0.39285714285714285,0.4444444444444444,11,40,Intermittent,C,Z,CZ,Slow,2.6124657534246576,0.09059748059127416,0.034678916067133414,0.07655602747627277,1530.9049315068494,5.507,6.876,7.786,6.01,7.915,11.126,16.745,24.08,MEDIUM,0.7378,Critical
FOODS_2_107,FOODS_2,1.0136986301369864,1.0,1.3271986223428687,1.3092635045331509,0.40649539926333955,1.9177718832891246,740,0.0,2.0,3.0,0.4821917808219178,0.5178082191780822,0.5357142857142857,0.6,15,54,Intermittent,C,Z,CZ,Slow,2.0303013698630137,0.06466261175431288,0.03184877511986101,0.07880603459908786,1502.42301369863,6.643,8.294,9.393,7.375,9.684,13.739,20.835,30.41,MEDIUM,0.6313,Watch
FOODS_2_108,FOODS_2,0.6356164383561644,0.0,0.9501794874443025,1.4948944498773014,0.33487629434205307,2.4266666666666667,464,0.0,1.0,2.5499999999999545,0.5876712328767123,0.4123287671232877,0.42857142857142855,0.16666666666666666,12,15,Intermittent,C,Z,CZ,Slow,3.18013698630137,0.19501182230480793,0.06132183083459392,0.1509368942494077,1475.5835616438358,4.756,5.938,6.725,5.037,6.663,9.205,13.655,19.07,MEDIUM,0.8785,Critical
HOUSEHOLD_1_114,HOUSEHOLD_1,2.0821917808219177,2.0,2.3621062383026583,1.1344326007452663,0.6490819878643977,1.3885714285714286,1520,0.0,3.0,6.0,0.27945205479452057,0.7205479452054795,0.7857142857142857,0.8666666666666667,22,78,Lumpy,C,Y,CY,Medium,0.9700000000000001,0.0,0.0,0.0,1474.4,13.365,16.688,18.897,13.943,19.612,27.94,42.516,62.47,HIGH,0.317,Watch
FOODS_1_066,FOODS_1,1.4698630136986301,1.0,1.8579105167052767,1.264002494195834,0.6133528088897222,1.6039823008849559,1073,0.0,2.0,5.0,0.37945205479452054,0.6205479452054794,0.5714285714285714,0.5888888888888889,16,53,Lumpy,C,Z,CZ,Medium,1.36,0.0,0.0,0.0,1459.2800000000002,10.512,13.126,14.864,10.469,14.922,20.801,31.09,44.1,HIGH,0.4796,Watch
FOODS_1_032,FOODS_1,2.0397260273972604,0.0,3.272937590740804,1.6045966689519349,0.6963368403817642,1.5855072463768116,1489,0.0,3.0,9.0,0.5260273972602739,0.473972602739726,0.8571428571428571,0.7,24,63,Lumpy,C,Z,CZ,Medium,0.98,0.0,0.0,0.0,1459.22,18.518,23.122,26.184,16.972,24.637,32.796,47.074,61.19,HIGH,0.8441,Critical
HOUSEHOLD_1_295,HOUSEHOLD_1,0.6698630136986301,0.0,0.9504411277923198,1.418858941211915,0.31770589343217964,2.2830188679245285,489,0.0,1.0,3.0,0.563013698630137,0.436986301369863,0.5,0.5,14,45,Intermittent,C,Z,CZ,Slow,2.98,0.0,0.0,0.0,1457.22,4.757,5.94,6.726,5.128,6.767,9.446,14.135,20.1,MEDIUM,0.7988,Critical
HOUSEHOLD_1_025,HOUSEHOLD_1,0.6616438356164384,0.0,0.8985727094914592,1.3580912565990861,0.27498158041789555,2.233128834355828,483,0.0,1.0,2.0,0.552054794520548,0.44794520547945205,0.4642857142857143,0.43333333333333335,13,39,Intermittent,C,Z,CZ,Slow,2.98,0.0,0.0,0.0,1439.34,4.497,5.616,6.359,4.925,6.482,9.129,13.76,19.85,MEDIUM,0.7497,Critical
FOODS_2_330,FOODS_2,0.4671232876712329,0.0,0.7987241186272407,1.7098786080635608,0.2426548432339501,3.1565217391304348,341,0.0,1.0,2.0,0.6835616438356165,0.31643835616438354,0.39285714285714285,0.45555555555555555,11,41,Intermittent,C,Z,CZ,Slow,4.174657534246576,0.17842538058907767,0.04274012398032049,0.08623461853978667,1423.5582191780823,3.998,4.992,5.653,4.068,5.399,7.268,10.538,14.01,MEDIUM,1.1688,Critical
HOUSEHOLD_1_305,HOUSEHOLD_1,0.6109589041095891,0.0,1.1392813937748385,1.8647430854133848,0.5293030158945354,2.931451612903226,446,0.0,1.0,3.0,0.6589041095890411,0.3410958904109589,0.39285714285714285,0.3111111111111111,11,28,Lumpy,C,Z,CZ,Slow,2.9700000000000006,0.0,0.0,0.0,1324.6200000000003,6.446,8.049,9.115,5.677,8.279,10.723,14.999,18.33,HIGH,1.2287,Critical
FOODS_1_017,FOODS_1,0.821917808219178,0.0,1.6720299020186544,2.034303044980961,1.0871840301318265,2.2135593220338983,600,0.0,1.0,3.0,0.5945205479452055,0.4054794520547945,0.6428571428571429,0.6222222222222222,18,56,Lumpy,C,Z,CZ,Slow,2.206246575342466,0.11874235585208652,0.05382098138040381,0.18130339757599837,1323.7479452054795,9.46,11.812,13.377,8.172,11.926,15.213,20.967,24.66,HIGH,1.2094,Critical
FOODS_2_199,FOODS_2,1.8041095890410959,1.0,2.0530590844952803,1.137990228436463,0.46289289197587585,1.5711206896551724,1317,0.0,3.0,6.0,0.363013698630137,0.636986301369863,0.4642857142857143,0.5,13,45,Intermittent,C,Y,CY,Medium,1.0,0.0,0.0,0.0,1317.0,10.276,12.831,14.53,12.102,15.688,22.905,35.534,54.12,MEDIUM,0.4131,Watch
HOUSEHOLD_1_170,HOUSEHOLD_1,0.9068493150684932,1.0,1.1211941734393402,1.2363621536377252,0.3136167071577483,1.9285714285714286,662,0.0,1.0,3.0,0.4808219178082192,0.5191780821917809,0.6071428571428571,0.5555555555555556,17,50,Intermittent,C,Z,CZ,Slow,1.963890410958904,0.007922051049759541,0.004033855965461668,0.010183867637621729,1300.0954520547944,5.612,7.007,7.935,6.375,8.333,11.96,18.308,27.21,MEDIUM,0.5945,Watch
HOUSEHOLD_1_393,HOUSEHOLD_1,0.8931506849315068,1.0,1.1795435345491878,1.3206545694123148,0.42204882078224243,1.93368700265252,652,0.0,1.0,3.0,0.4821917808219178,0.5178082191780822,0.5714285714285714,0.4888888888888889,16,44,Intermittent,C,Z,CZ,Slow,1.9753013698630137,0.04778472098028219,0.024191104055983133,0.24806341324715492,1287.896493150685,5.904,7.372,8.348,6.533,8.583,12.156,18.408,26.79,MEDIUM,0.6368,Watch
HOUSEHOLD_1_403,HOUSEHOLD_1,0.4465753424657534,0.0,0.7007006653384201,1.5690536335939802,0.19585416848170567,2.8884462151394423,326,0.0,1.0,2.0,0.6547945205479452,0.3452054794520548,0.35714285714285715,0.32222222222222224,10,29,Intermittent,C,Z,CZ,Slow,3.932301369863014,0.009320810133794509,0.0023703193771537428,0.010172160329968169,1281.9302465753426,3.507,4.379,4.959,3.658,4.847,6.633,9.759,13.4,MEDIUM,1.0274,Critical
HOUSEHOLD_1_065,HOUSEHOLD_1,1.7397260273972603,1.0,2.4203894018206786,1.391247450640539,0.6825480118106517,1.7338129496402879,1270,0.0,3.0,7.0,0.4273972602739726,0.5726027397260274,0.5357142857142857,0.43333333333333335,15,39,Lumpy,C,Z,CZ,Medium,0.98,0.0,0.0,0.0,1244.6,13.694,17.099,19.364,13.149,18.913,25.872,38.05,52.19,HIGH,0.5946,Watch
FOODS_2_072,FOODS_2,0.626027397260274,0.0,1.0910002193865247,1.7427355774178688,0.3896605873142798,2.916,457,0.0,1.0,3.0,0.6561643835616439,0.34383561643835614,0.4642857142857143,0.4777777777777778,13,43,Intermittent,C,Z,CZ,Slow,2.7212191780821917,0.1907670421690414,0.07010351966705104,0.1727167013173991,1243.5971643835617,5.461,6.818,7.721,5.529,7.339,9.843,14.225,18.78,MEDIUM,1.1435,Critical
FOODS_2_319,FOODS_2,0.5945205479452055,0.0,1.0442130694974512,1.7563952521911772,0.3668755435268492,2.962962962962963,434,0.0,1.0,3.0,0.6657534246575343,0.33424657534246577,0.17857142857142858,0.2777777777777778,5,25,Intermittent,C,Z,CZ,Slow,2.7859178082191782,0.0888521148352159,0.03189330086231517,0.10768444033593605,1209.0883287671234,5.226,6.526,7.39,5.281,7.01,9.388,13.549,17.84,MEDIUM,1.1693,Critical
FOODS_1_132,FOODS_1,0.8547945205479452,0.0,1.3500929542722067,1.5794356658104531,0.6582552001448322,2.1130434782608694,624,0.0,1.0,3.0,0.5260273972602739,0.473972602739726,0.39285714285714285,0.5666666666666667,11,51,Lumpy,C,Z,CZ,Slow,1.9306575342465753,0.06653365726808658,0.03446165676091842,0.09323248520626089,1204.730301369863,7.639,9.538,10.801,7.034,10.203,13.623,19.606,25.64,HIGH,0.8308,Critical
HOUSEHOLD_1_474,HOUSEHOLD_1,1.6712328767123288,1.0,1.9427053197711348,1.1624384283478264,0.5278241146614864,1.5391120507399578,1220,0.0,2.0,5.0,0.3506849315068493,0.6493150684931507,0.6428571428571429,0.6888888888888889,18,62,Lumpy,C,Y,CY,Medium,0.9700000000000001,0.0,0.0,0.0,1183.4,10.992,13.725,15.542,11.342,16.006,22.691,34.389,50.14,HIGH,0.4076,Watch
HOUSEHOLD_1_149,HOUSEHOLD_1,1.6452054794520548,1.0,2.3920840398423726,1.4539728126757134,0.9729073222890213,1.5770065075921909,1201,0.0,2.0,5.0,0.36712328767123287,0.6328767123287671,0.6071428571428571,0.6,17,54,Lumpy,C,Z,CZ,Medium,0.9700000000000001,0.0,0.0,0.0,1164.97,13.534,16.899,19.137,12.798,18.47,25.05,36.567,49.36,HIGH,0.5338,Watch
HOUSEHOLD_1_097,HOUSEHOLD_1,0.40136986301369865,0.0,0.6489175709489478,1.6167570840017036,0.16904674040491183,3.1021276595744682,293,0.0,1.0,2.0,0.6767123287671233,0.3232876712328767,0.2857142857142857,0.3333333333333333,8,30,Intermittent,C,Z,CZ,Slow,3.9700000000000006,0.0,0.0,0.0,1163.2100000000003,3.248,4.055,4.592,3.358,4.452,6.058,8.867,12.04,MEDIUM,1.0941,Critical
FOODS_1_019,FOODS_1,1.5123287671232877,0.0,4.013058998077298,2.653562560379825,0.723070004268553,1.4709677419354839,1104,0.0,0.0,11.0,0.7863013698630137,0.2136986301369863,0.75,0.8111111111111111,21,73,Lumpy,C,Z,CZ,Medium,1.0480821917808218,0.046647777901183664,0.04450774783409238,0.09541236439681096,1157.0827397260273,22.706,28.351,32.105,18.758,27.243,33.292,43.879,45.37,HIGH,2.0865,Critical
FOODS_2_273,FOODS_2,0.5767123287671233,0.0,1.1833341042058951,2.05186198235735,0.5727820121811803,3.2968036529680367,421,0.0,1.0,3.0,0.6986301369863014,0.3013698630136986,0.35714285714285715,0.43333333333333335,10,39,Lumpy,C,Z,CZ,Slow,2.726876712328767,0.19230918929024934,0.07052360982100152,0.17602555987581758,1148.015095890411,6.695,8.36,9.467,5.773,8.425,10.732,14.769,17.3,HIGH,1.4335,Critical
HOUSEHOLD_1_503,HOUSEHOLD_1,1.4301369863013698,1.0,1.5380725290188446,1.07547216992209,0.43964779477669935,1.4979423868312758,1044,0.0,2.0,4.0,0.33287671232876714,0.6671232876712329,0.5714285714285714,0.6333333333333333,16,57,Intermittent,C,Y,CY,Slow,1.0863972602739724,0.1666033822013634,0.15335401541729646,0.31296102487800587,1134.1987397260273,7.698,9.612,10.885,9.309,11.988,17.709,27.72,42.9,MEDIUM,0.358,Watch
FOODS_2_394,FOODS_2,0.5260273972602739,0.0,0.9792403258075855,1.8615766575015273,0.32892191066663434,3.337962962962963,384,0.0,1.0,3.0,0.7027397260273973,0.29726027397260274,0.17857142857142858,0.16666666666666666,5,15,Intermittent,C,Z,CZ,Slow,2.90441095890411,0.09039462874419352,0.031123222582213762,0.0654177396685251,1115.2938082191781,4.901,6.12,6.93,4.881,6.479,8.583,12.265,15.78,MEDIUM,1.3082,Critical
HOUSEHOLD_1_279,HOUSEHOLD_1,1.536986301369863,1.0,2.210653337340466,1.4383038638222623,0.6747772928494495,1.836272040302267,1122,0.0,2.0,6.0,0.4547945205479452,0.5452054794520548,0.4642857142857143,0.4,13,36,Lumpy,C,Z,CZ,Medium,0.9700000000000001,0.0,0.0,0.0,1088.3400000000001,12.508,15.618,17.686,11.871,17.119,23.267,34.026,46.11,HIGH,0.6541,Watch
HOUSEHOLD_1_461,HOUSEHOLD_1,1.5356164383561643,1.0,1.5132175520161602,0.9854137486640899,0.41021463853976703,1.3973128598848368,1121,0.0,2.0,4.0,0.28493150684931506,0.7150684931506849,0.5,0.5444444444444444,14,49,Intermittent,C,Y,CY,Medium,0.9700000000000001,0.0,0.0,0.0,1087.3700000000001,7.574,9.457,10.709,9.572,12.181,18.323,29.073,46.07,MEDIUM,0.2808,Normal
HOUSEHOLD_1_360,HOUSEHOLD_1,0.3726027397260274,0.0,0.6502392128786887,1.745127294586396,0.18680501405201677,3.3427230046948355,272,0.0,1.0,2.0,0.7068493150684931,0.29315068493150687,0.21428571428571427,0.34444444444444444,6,31,Intermittent,C,Z,CZ,Slow,3.960575342465753,0.002330202533448825,0.0005883495027765588,0.002524885688394577,1077.276493150685,3.255,4.064,4.602,3.294,4.373,5.863,8.471,11.18,MEDIUM,1.2335,Critical
FOODS_2_132,FOODS_2,0.5356164383561643,0.0,0.9107982142752811,1.7004672510987575,0.29664005402354476,2.9917355371900825,391,0.0,1.0,2.0,0.6671232876712329,0.33287671232876714,0.35714285714285715,0.25555555555555554,10,23,Intermittent,C,Z,CZ,Slow,2.725917808219178,0.19128987859333854,0.07017448509142937,0.17608748090375492,1065.8338630136986,4.559,5.692,6.446,4.646,6.166,8.308,12.058,16.07,MEDIUM,1.1344,Critical
FOODS_2_358,FOODS_2,0.5767123287671233,0.0,1.0599845628166693,1.8379779798442866,0.46529294945481553,3.0,421,0.0,1.0,3.0,0.6657534246575343,0.33424657534246577,0.42857142857142855,0.13333333333333333,12,12,Intermittent,C,Z,CZ,Slow,2.5,0.0,0.0,0.0,1052.5,5.305,6.624,7.502,5.3,7.035,9.342,13.379,17.3,MEDIUM,1.2236,Critical
FOODS_2_240,FOODS_2,0.6534246575342466,0.0,1.3785621049485675,2.109749130130686,0.44346347974690403,2.953125,477,0.0,1.0,4.0,0.7356164383561644,0.26438356164383564,0.32142857142857145,0.1,9,9,Intermittent,C,Z,CZ,Slow,2.18,0.0,0.0,0.0,1039.8600000000001,6.9,8.615,9.756,6.688,8.86,11.474,16.048,19.6,MEDIUM,1.552,Critical
FOODS_2_188,FOODS_2,0.5205479452054794,0.0,0.9335392815339967,1.7933780900280307,0.3761789216545694,3.050632911392405,380,0.0,1.0,2.0,0.673972602739726,0.32602739726027397,0.42857142857142855,0.45555555555555555,12,41,Intermittent,C,Z,CZ,Slow,2.72486301369863,0.1901340091316934,0.06977745603204193,0.17248573511298806,1035.4479452054793,4.672,5.834,6.607,4.696,6.234,8.316,11.96,15.62,MEDIUM,1.2087,Critical
FOODS_2_196,FOODS_2,0.3547945205479452,0.0,0.6464955256051736,1.8221688508169633,0.19050968232435417,3.465,259,0.0,1.0,2.0,0.7246575342465753,0.27534246575342464,0.21428571428571427,0.25555555555555554,6,23,Intermittent,C,Z,CZ,Slow,3.9178493150684934,0.03257835178484649,0.008315366203479661,0.017866945451621093,1014.7229726027398,3.236,4.04,4.575,3.239,4.3,5.72,8.203,10.64,MEDIUM,1.3204,Critical
FOODS_2_260,FOODS_2,0.49726027397260275,0.0,0.8809199118884582,1.7715469266813917,0.29951158546595297,3.06140350877193,363,0.0,1.0,2.0,0.6863013698630137,0.3136986301369863,0.39285714285714285,0.45555555555555555,11,41,Intermittent,C,Z,CZ,Slow,2.7239999999999998,0.1892201887626995,0.0694640927910057,0.1725403817914832,988.8119999999999,4.409,5.505,6.234,4.445,5.901,7.89,11.371,14.92,MEDIUM,1.2158,Critical
FOODS_2_156,FOODS_2,0.9219178082191781,0.0,1.416415171639301,1.5363790106614161,0.4607218316358914,2.2943037974683542,673,0.0,1.0,4.0,0.5657534246575342,0.43424657534246575,0.5,0.5,14,45,Intermittent,C,Z,CZ,Slow,1.4646575342465753,0.10551438042638989,0.07204030837192725,0.35503179947624397,985.7145205479452,7.089,8.852,10.024,7.443,9.855,13.542,19.996,27.66,MEDIUM,0.8692,Critical
FOODS_1_138,FOODS_1,0.5150684931506849,0.0,1.1647412826815493,2.261332805071165,0.43463771203365903,4.017647058823529,376,0.0,0.0,3.0,0.7657534246575343,0.23424657534246576,0.5,0.4111111111111111,14,37,Intermittent,C,Z,CZ,Slow,2.6186301369863014,0.09230050327034744,0.03524762889064325,0.07637581083908775,984.6049315068493,5.83,7.279,8.243,5.579,7.375,9.435,13.041,15.45,MEDIUM,1.7316,Critical
FOODS_1_204,FOODS_1,1.3616438356164384,0.0,2.5109420890408436,1.8440520358688708,0.7447036342805325,1.8784722222222223,994,0.0,2.0,7.0,0.6041095890410959,0.3958904109589041,0.6785714285714286,0.8333333333333334,19,75,Lumpy,C,Z,CZ,Slow,0.98,0.0,0.0,0.0,974.12,14.207,17.739,20.088,12.545,18.292,23.739,33.27,40.85,HIGH,1.114,Critical
HOUSEHOLD_1_379,HOUSEHOLD_1,1.36986301369863,1.0,1.9952467442088082,1.456530122209163,0.8063828598574819,1.7315914489311164,1000,0.0,2.0,4.0,0.42191780821917807,0.5780821917808219,0.5714285714285714,0.5444444444444444,16,49,Lumpy,C,Z,CZ,Slow,0.9700000000000001,0.0,0.0,0.0,970.0000000000001,11.289,14.096,15.962,10.668,15.399,20.878,30.467,41.1,HIGH,0.6145,Watch
FOODS_1_052,FOODS_1,1.284931506849315,1.0,1.4376227745427628,1.1188322223874938,0.33333510894163876,1.691415313225058,938,0.0,2.0,4.0,0.40821917808219177,0.5917808219178082,0.6071428571428571,0.6333333333333333,17,57,Intermittent,C,Y,CY,Slow,0.98,0.0,0.0,0.0,919.24,7.195,8.984,10.174,8.54,11.05,16.19,25.184,38.55,MEDIUM,0.4567,Watch
HOUSEHOLD_1_230,HOUSEHOLD_1,0.33835616438356164,0.0,0.6676743806874604,1.9732886496410744,0.28865778021421445,3.738219895287958,247,0.0,1.0,2.0,0.736986301369863,0.26301369863013696,0.21428571428571427,0.16666666666666666,6,15,Intermittent,C,Z,CZ,Slow,3.2799999999999994,0.0,0.0,0.0,810.1599999999999,3.342,4.173,4.725,3.284,4.357,5.71,8.079,10.15,MEDIUM,1.4543,Critical
HOUSEHOLD_1_475,HOUSEHOLD_1,0.41506849315068495,0.0,0.6916668833336385,1.6663921571521114,0.21156976531375998,3.124463519313305,303,0.0,1.0,2.0,0.6794520547945205,0.32054794520547947,0.35714285714285715,0.12222222222222222,10,11,Intermittent,C,Z,CZ,Slow,2.67,0.0,0.0,0.0,809.01,3.462,4.323,4.895,3.548,4.707,6.367,9.273,12.45,MEDIUM,1.1322,Critical
FOODS_1_176,FOODS_1,0.31643835616438354,0.0,0.7021520146517345,2.218921944051745,0.33281400917445864,4.435582822085889,231,0.0,0.0,2.0,0.7753424657534247,0.22465753424657534,0.39285714285714285,0.24444444444444444,11,22,Intermittent,C,Z,CZ,Slow,3.4270684931506854,0.09957610138068403,0.0290557663436538,0.07003069838833453,791.6528219178083,3.514,4.388,4.969,3.375,4.463,5.729,7.944,9.49,MEDIUM,1.7204,Critical
FOODS_1_102,FOODS_1,0.5931506849315068,0.0,1.2220383563609365,2.060249419490766,0.4895401760010051,3.504854368932039,433,0.0,1.0,3.0,0.7164383561643836,0.28356164383561644,0.32142857142857145,0.24444444444444444,9,22,Intermittent,C,Z,CZ,Slow,1.78,0.0,0.0,0.0,770.74,6.116,7.637,8.649,5.957,7.895,10.268,14.42,17.79,MEDIUM,1.476,Critical
HOUSEHOLD_1_424,HOUSEHOLD_1,0.3315068493150685,0.0,0.5754990002321075,1.7360093756287256,0.12224393135815712,3.586206896551724,242,0.0,1.0,1.0,0.7205479452054795,0.27945205479452057,0.35714285714285715,0.32222222222222224,10,29,Intermittent,C,Z,CZ,Slow,2.9697123287671237,0.0029255951620581824,0.0009851442962062066,0.010101988569530825,718.6703835616439,2.88,3.597,4.073,2.919,3.875,5.201,7.521,9.95,MEDIUM,1.2509,Critical
