date,item_id,forecast
2016-05-23,FOODS_1_004,4.3357
2016-05-24,FOODS_1_004,3.3598
2016-05-25,FOODS_1_004,2.8924
2016-05-26,FOODS_1_004,2.8184
2016-05-27,FOODS_1_004,2.9269
2016-05-28,FOODS_1_004,3.3141
2016-05-29,FOODS_1_004,3.2344
2016-05-30,FOODS_1_004,4.0625
2016-05-31,FOODS_1_004,2.8897
2016-06-01,FOODS_1_004,2.831
2016-06-02,FOODS_1_004,2.8028
2016-06-03,FOODS_1_004,2.8735
2016-06-04,FOODS_1_004,3.4576
2016-06-05,FOODS_1_004,3.4979
2016-06-06,FOODS_1_004,4.1577
2016-06-07,FOODS_1_004,3.2932
2016-06-08,FOODS_1_004,3.0729
2016-06-09,FOODS_1_004,2.7741
2016-06-10,FOODS_1_004,3.0719
2016-06-11,FOODS_1_004,3.0861
2016-06-12,FOODS_1_004,3.2011
2016-06-13,FOODS_1_004,4.4043
2016-06-14,FOODS_1_004,2.9721
2016-06-15,FOODS_1_004,2.6209
2016-06-16,FOODS_1_004,2.5104
2016-06-17,FOODS_1_004,2.6515
2016-06-18,FOODS_1_004,3.2564
2016-06-19,FOODS_1_004,3.3266
2016-06-20,FOODS_1_004,4.5214
2016-06-21,FOODS_1_004,3.1277
2016-05-23,FOODS_1_006,2.3119
2016-05-24,FOODS_1_006,2.0174
2016-05-25,FOODS_1_006,1.8523
2016-05-26,FOODS_1_006,1.7161
2016-05-27,FOODS_1_006,1.6374
2016-05-28,FOODS_1_006,2.0494
2016-05-29,FOODS_1_006,1.9895
2016-05-30,FOODS_1_006,2.7353
2016-05-31,FOODS_1_006,2.074
2016-06-01,FOODS_1_006,1.6348
2016-06-02,FOODS_1_006,1.622
2016-06-03,FOODS_1_006,1.6052
2016-06-04,FOODS_1_006,1.8024
2016-06-05,FOODS_1_006,1.7108
2016-06-06,FOODS_1_006,2.2433
2016-06-07,FOODS_1_006,1.718
2016-06-08,FOODS_1_006,1.486
2016-06-09,FOODS_1_006,1.3562
2016-06-10,FOODS_1_006,1.4276
2016-06-11,FOODS_1_006,1.6194
2016-06-12,FOODS_1_006,1.6219
2016-06-13,FOODS_1_006,2.2151
2016-06-14,FOODS_1_006,1.3533
2016-06-15,FOODS_1_006,1.0631
2016-06-16,FOODS_1_006,1.3265
2016-06-17,FOODS_1_006,1.1941
2016-06-18,FOODS_1_006,1.7013
2016-06-19,FOODS_1_006,1.3343
2016-06-20,FOODS_1_006,1.6788
2016-06-21,FOODS_1_006,1.2437
2016-05-23,FOODS_1_012,4.1691
2016-05-24,FOODS_1_012,3.3328
2016-05-25,FOODS_1_012,2.8798
2016-05-26,FOODS_1_012,2.638
2016-05-27,FOODS_1_012,2.5955
2016-05-28,FOODS_1_012,2.9103
2016-05-29,FOODS_1_012,3.0848
2016-05-30,FOODS_1_012,3.9904
2016-05-31,FOODS_1_012,3.2078
2016-06-01,FOODS_1_012,2.5527
2016-06-02,FOODS_1_012,2.4771
2016-06-03,FOODS_1_012,2.6479
2016-06-04,FOODS_1_012,2.8284
2016-06-05,FOODS_1_012,2.9594
2016-06-06,FOODS_1_012,3.5096
2016-06-07,FOODS_1_012,2.5394
2016-06-08,FOODS_1_012,2.0375
2016-06-09,FOODS_1_012,2.1017
2016-06-10,FOODS_1_012,2.3422
2016-06-11,FOODS_1_012,2.4688
2016-06-12,FOODS_1_012,2.4619
2016-06-13,FOODS_1_012,3.4227
2016-06-14,FOODS_1_012,2.6421
2016-06-15,FOODS_1_012,2.0497
2016-06-16,FOODS_1_012,2.2311
2016-06-17,FOODS_1_012,2.2827
2016-06-18,FOODS_1_012,2.3216
2016-06-19,FOODS_1_012,2.4631
2016-06-20,FOODS_1_012,3.4002
2016-06-21,FOODS_1_012,1.9224
2016-05-23,FOODS_1_013,1.0585
2016-05-24,FOODS_1_013,1.3228
2016-05-25,FOODS_1_013,1.5362
2016-05-26,FOODS_1_013,1.5044
2016-05-27,FOODS_1_013,1.5517
2016-05-28,FOODS_1_013,1.6156
2016-05-29,FOODS_1_013,1.5523
2016-05-30,FOODS_1_013,1.4975
2016-05-31,FOODS_1_013,1.3346
2016-06-01,FOODS_1_013,1.3419
2016-06-02,FOODS_1_013,1.3648
2016-06-03,FOODS_1_013,1.3404
2016-06-04,FOODS_1_013,1.3263
2016-06-05,FOODS_1_013,1.3014
2016-06-06,FOODS_1_013,1.4034
2016-06-07,FOODS_1_013,1.2368
2016-06-08,FOODS_1_013,0.9826
2016-06-09,FOODS_1_013,0.8726
2016-06-10,FOODS_1_013,0.9157
2016-06-11,FOODS_1_013,1.0024
2016-06-12,FOODS_1_013,0.8914
2016-06-13,FOODS_1_013,1.2604
2016-06-14,FOODS_1_013,1.0231
2016-06-15,FOODS_1_013,0.8973
2016-06-16,FOODS_1_013,0.8958
2016-06-17,FOODS_1_013,0.9174
2016-06-18,FOODS_1_013,1.0298
2016-06-19,FOODS_1_013,1.0402
2016-06-20,FOODS_1_013,1.2824
2016-06-21,FOODS_1_013,1.0977
2016-05-23,FOODS_1_017,1.7035
2016-05-24,FOODS_1_017,1.178
2016-05-25,FOODS_1_017,1.061
2016-05-26,FOODS_1_017,1.1145
2016-05-27,FOODS_1_017,1.0649
2016-05-28,FOODS_1_017,1.3386
2016-05-29,FOODS_1_017,1.2994
2016-05-30,FOODS_1_017,1.6648
2016-05-31,FOODS_1_017,1.1624
2016-06-01,FOODS_1_017,1.1542
2016-06-02,FOODS_1_017,0.9897
2016-06-03,FOODS_1_017,1.1844
2016-06-04,FOODS_1_017,1.3562
2016-06-05,FOODS_1_017,1.3605
2016-06-06,FOODS_1_017,1.3781
2016-06-07,FOODS_1_017,1.1904
2016-06-08,FOODS_1_017,1.0793
2016-06-09,FOODS_1_017,0.9352
2016-06-10,FOODS_1_017,1.0691
2016-06-11,FOODS_1_017,1.1787
2016-06-12,FOODS_1_017,1.1376
2016-06-13,FOODS_1_017,1.3677
2016-06-14,FOODS_1_017,1.2005
2016-06-15,FOODS_1_017,1.0165
2016-06-16,FOODS_1_017,0.9187
2016-06-17,FOODS_1_017,0.9526
2016-06-18,FOODS_1_017,1.0984
2016-06-19,FOODS_1_017,1.184
2016-06-20,FOODS_1_017,1.0948
2016-06-21,FOODS_1_017,1.0304
2016-05-23,FOODS_1_018,12.1666
2016-05-24,FOODS_1_018,9.3836
2016-05-25,FOODS_1_018,8.0018
2016-05-26,FOODS_1_018,7.9094
2016-05-27,FOODS_1_018,7.4711
2016-05-28,FOODS_1_018,9.6602
2016-05-29,FOODS_1_018,9.9272
2016-05-30,FOODS_1_018,11.5893
2016-05-31,FOODS_1_018,8.6826
2016-06-01,FOODS_1_018,7.9302
2016-06-02,FOODS_1_018,8.4972
2016-06-03,FOODS_1_018,8.6623
2016-06-04,FOODS_1_018,10.7191
2016-06-05,FOODS_1_018,10.2636
2016-06-06,FOODS_1_018,11.4737
2016-06-07,FOODS_1_018,8.6292
2016-06-08,FOODS_1_018,7.9988
2016-06-09,FOODS_1_018,7.5992
2016-06-10,FOODS_1_018,7.5504
2016-06-11,FOODS_1_018,9.6728
2016-06-12,FOODS_1_018,10.4128
2016-06-13,FOODS_1_018,11.4261
2016-06-14,FOODS_1_018,9.0425
2016-06-15,FOODS_1_018,7.9141
2016-06-16,FOODS_1_018,8.3213
2016-06-17,FOODS_1_018,7.9405
2016-06-18,FOODS_1_018,9.9241
2016-06-19,FOODS_1_018,10.1631
2016-06-20,FOODS_1_018,11.8215
2016-06-21,FOODS_1_018,8.722
2016-05-23,FOODS_1_019,11.4885
2016-05-24,FOODS_1_019,8.509
2016-05-25,FOODS_1_019,6.7382
2016-05-26,FOODS_1_019,6.6446
2016-05-27,FOODS_1_019,8.7084
2016-05-28,FOODS_1_019,10.8812
2016-05-29,FOODS_1_019,12.2462
2016-05-30,FOODS_1_019,11.8042
2016-05-31,FOODS_1_019,8.8421
2016-06-01,FOODS_1_019,7.3671
2016-06-02,FOODS_1_019,6.716
2016-06-03,FOODS_1_019,8.3614
2016-06-04,FOODS_1_019,9.7271
2016-06-05,FOODS_1_019,9.4612
2016-06-06,FOODS_1_019,11.6163
2016-06-07,FOODS_1_019,8.4088
2016-06-08,FOODS_1_019,6.7911
2016-06-09,FOODS_1_019,6.5386
2016-06-10,FOODS_1_019,9.1158
2016-06-11,FOODS_1_019,9.5308
2016-06-12,FOODS_1_019,10.8756
2016-06-13,FOODS_1_019,11.4855
2016-06-14,FOODS_1_019,8.7784
2016-06-15,FOODS_1_019,7.3261
2016-06-16,FOODS_1_019,6.8725
2016-06-17,FOODS_1_019,9.5789
2016-06-18,FOODS_1_019,10.3913
2016-06-19,FOODS_1_019,10.879
2016-06-20,FOODS_1_019,11.8913
2016-06-21,FOODS_1_019,8.5979
2016-05-23,FOODS_1_021,0.4169
2016-05-24,FOODS_1_021,1.5242
2016-05-25,FOODS_1_021,1.6501
2016-05-26,FOODS_1_021,1.5035
2016-05-27,FOODS_1_021,1.4209
2016-05-28,FOODS_1_021,1.7318
2016-05-29,FOODS_1_021,1.6787
2016-05-30,FOODS_1_021,1.6896
2016-05-31,FOODS_1_021,1.4307
2016-06-01,FOODS_1_021,1.2469
2016-06-02,FOODS_1_021,1.3741
2016-06-03,FOODS_1_021,1.4493
2016-06-04,FOODS_1_021,1.5591
2016-06-05,FOODS_1_021,1.7413
2016-06-06,FOODS_1_021,1.8784
2016-06-07,FOODS_1_021,1.709
2016-06-08,FOODS_1_021,1.5402
2016-06-09,FOODS_1_021,1.3964
2016-06-10,FOODS_1_021,1.5196
2016-06-11,FOODS_1_021,1.6744
2016-06-12,FOODS_1_021,1.6651
2016-06-13,FOODS_1_021,2.0708
2016-06-14,FOODS_1_021,1.5603
2016-06-15,FOODS_1_021,1.4844
2016-06-16,FOODS_1_021,1.5637
2016-06-17,FOODS_1_021,1.6525
2016-06-18,FOODS_1_021,1.7593
2016-06-19,FOODS_1_021,1.6276
2016-06-20,FOODS_1_021,2.0787
2016-06-21,FOODS_1_021,1.6736
2016-05-23,FOODS_1_023,2.5067
2016-05-24,FOODS_1_023,2.0995
2016-05-25,FOODS_1_023,2.0298
2016-05-26,FOODS_1_023,2.0818
2016-05-27,FOODS_1_023,1.9101
2016-05-28,FOODS_1_023,2.1546
2016-05-29,FOODS_1_023,2.1434
2016-05-30,FOODS_1_023,2.6561
2016-05-31,FOODS_1_023,2.1789
2016-06-01,FOODS_1_023,1.9498
2016-06-02,FOODS_1_023,1.7141
2016-06-03,FOODS_1_023,1.745
2016-06-04,FOODS_1_023,1.8718
2016-06-05,FOODS_1_023,1.937
2016-06-06,FOODS_1_023,2.3463
2016-06-07,FOODS_1_023,1.6465
2016-06-08,FOODS_1_023,1.3981
2016-06-09,FOODS_1_023,1.4564
2016-06-10,FOODS_1_023,1.4638
2016-06-11,FOODS_1_023,1.5901
2016-06-12,FOODS_1_023,1.5726
2016-06-13,FOODS_1_023,2.4631
2016-06-14,FOODS_1_023,1.5891
2016-06-15,FOODS_1_023,1.5614
2016-06-16,FOODS_1_023,1.4783
2016-06-17,FOODS_1_023,1.2032
2016-06-18,FOODS_1_023,1.3657
2016-06-19,FOODS_1_023,1.1371
2016-06-20,FOODS_1_023,2.2001
2016-06-21,FOODS_1_023,1.2121
2016-05-23,FOODS_1_027,1.7623
2016-05-24,FOODS_1_027,1.7214
2016-05-25,FOODS_1_027,1.4764
2016-05-26,FOODS_1_027,1.4604
2016-05-27,FOODS_1_027,1.5216
2016-05-28,FOODS_1_027,1.5691
2016-05-29,FOODS_1_027,1.6414
2016-05-30,FOODS_1_027,1.8481
2016-05-31,FOODS_1_027,1.4453
2016-06-01,FOODS_1_027,1.3157
2016-06-02,FOODS_1_027,1.3994
2016-06-03,FOODS_1_027,1.4166
2016-06-04,FOODS_1_027,1.5213
2016-06-05,FOODS_1_027,1.2292
2016-06-06,FOODS_1_027,1.4924
2016-06-07,FOODS_1_027,1.1373
2016-06-08,FOODS_1_027,1.0098
2016-06-09,FOODS_1_027,0.8637
2016-06-10,FOODS_1_027,0.8852
2016-06-11,FOODS_1_027,1.1205
2016-06-12,FOODS_1_027,1.1195
2016-06-13,FOODS_1_027,1.2886
2016-06-14,FOODS_1_027,1.0841
2016-06-15,FOODS_1_027,0.8449
2016-06-16,FOODS_1_027,0.7928
2016-06-17,FOODS_1_027,1.0573
2016-06-18,FOODS_1_027,1.0305
2016-06-19,FOODS_1_027,0.9843
2016-06-20,FOODS_1_027,1.2717
2016-06-21,FOODS_1_027,1.0978
2016-05-23,FOODS_1_028,1.5283
2016-05-24,FOODS_1_028,1.3045
2016-05-25,FOODS_1_028,1.0972
2016-05-26,FOODS_1_028,1.1092
2016-05-27,FOODS_1_028,1.1278
2016-05-28,FOODS_1_028,1.1446
2016-05-29,FOODS_1_028,1.0974
2016-05-30,FOODS_1_028,1.2134
2016-05-31,FOODS_1_028,0.9904
2016-06-01,FOODS_1_028,0.886
2016-06-02,FOODS_1_028,0.8451
2016-06-03,FOODS_1_028,0.8527
2016-06-04,FOODS_1_028,1.0043
2016-06-05,FOODS_1_028,1.0063
2016-06-06,FOODS_1_028,1.1025
2016-06-07,FOODS_1_028,0.8027
2016-06-08,FOODS_1_028,0.6857
2016-06-09,FOODS_1_028,0.6592
2016-06-10,FOODS_1_028,0.6454
2016-06-11,FOODS_1_028,0.7383
2016-06-12,FOODS_1_028,0.6358
2016-06-13,FOODS_1_028,0.8912
2016-06-14,FOODS_1_028,0.7129
2016-06-15,FOODS_1_028,0.6056
2016-06-16,FOODS_1_028,0.6418
2016-06-17,FOODS_1_028,0.5831
2016-06-18,FOODS_1_028,0.6747
2016-06-19,FOODS_1_028,0.7482
2016-06-20,FOODS_1_028,0.8674
2016-06-21,FOODS_1_028,0.7632
2016-05-23,FOODS_1_032,3.84
2016-05-24,FOODS_1_032,3.0628
2016-05-25,FOODS_1_032,2.8135
2016-05-26,FOODS_1_032,3.0443
2016-05-27,FOODS_1_032,3.7503
2016-05-28,FOODS_1_032,4.6388
2016-05-29,FOODS_1_032,4.0311
2016-05-30,FOODS_1_032,4.0688
2016-05-31,FOODS_1_032,3.1874
2016-06-01,FOODS_1_032,3.0471
2016-06-02,FOODS_1_032,2.7924
2016-06-03,FOODS_1_032,3.332
2016-06-04,FOODS_1_032,4.1144
2016-06-05,FOODS_1_032,4.0219
2016-06-06,FOODS_1_032,3.987
2016-06-07,FOODS_1_032,3.3357
2016-06-08,FOODS_1_032,2.9693
2016-06-09,FOODS_1_032,3.041
2016-06-10,FOODS_1_032,3.271
2016-06-11,FOODS_1_032,3.8972
2016-06-12,FOODS_1_032,3.845
2016-06-13,FOODS_1_032,4.2627
2016-06-14,FOODS_1_032,3.2634
2016-06-15,FOODS_1_032,2.7376
2016-06-16,FOODS_1_032,2.8526
2016-06-17,FOODS_1_032,3.2985
2016-06-18,FOODS_1_032,4.0003
2016-06-19,FOODS_1_032,4.0411
2016-06-20,FOODS_1_032,4.0686
2016-06-21,FOODS_1_032,3.029
2016-05-23,FOODS_1_036,2.9226
2016-05-24,FOODS_1_036,2.1759
2016-05-25,FOODS_1_036,1.9392
2016-05-26,FOODS_1_036,1.8351
2016-05-27,FOODS_1_036,1.912
2016-05-28,FOODS_1_036,2.2145
2016-05-29,FOODS_1_036,2.1633
2016-05-30,FOODS_1_036,3.0453
2016-05-31,FOODS_1_036,2.2592
2016-06-01,FOODS_1_036,1.702
2016-06-02,FOODS_1_036,1.5818
2016-06-03,FOODS_1_036,1.5531
2016-06-04,FOODS_1_036,2.0707
2016-06-05,FOODS_1_036,1.7835
2016-06-06,FOODS_1_036,2.6984
2016-06-07,FOODS_1_036,1.8626
2016-06-08,FOODS_1_036,1.4228
2016-06-09,FOODS_1_036,1.5104
2016-06-10,FOODS_1_036,1.7251
2016-06-11,FOODS_1_036,2.0575
2016-06-12,FOODS_1_036,2.0503
2016-06-13,FOODS_1_036,2.5998
2016-06-14,FOODS_1_036,1.7729
2016-06-15,FOODS_1_036,1.3371
2016-06-16,FOODS_1_036,1.2819
2016-06-17,FOODS_1_036,1.3935
2016-06-18,FOODS_1_036,1.8252
2016-06-19,FOODS_1_036,1.4701
2016-06-20,FOODS_1_036,2.7257
2016-06-21,FOODS_1_036,1.9169
2016-05-23,FOODS_1_037,1.6691
2016-05-24,FOODS_1_037,1.3578
2016-05-25,FOODS_1_037,1.2049
2016-05-26,FOODS_1_037,1.1431
2016-05-27,FOODS_1_037,1.2584
2016-05-28,FOODS_1_037,1.4124
2016-05-29,FOODS_1_037,1.3917
2016-05-30,FOODS_1_037,1.5871
2016-05-31,FOODS_1_037,1.3103
2016-06-01,FOODS_1_037,1.1573
2016-06-02,FOODS_1_037,1.1381
2016-06-03,FOODS_1_037,1.0897
2016-06-04,FOODS_1_037,1.1141
2016-06-05,FOODS_1_037,1.107
2016-06-06,FOODS_1_037,1.163
2016-06-07,FOODS_1_037,0.953
2016-06-08,FOODS_1_037,0.9028
2016-06-09,FOODS_1_037,0.8012
2016-06-10,FOODS_1_037,0.926
2016-06-11,FOODS_1_037,0.9968
2016-06-12,FOODS_1_037,0.9026
2016-06-13,FOODS_1_037,1.0219
2016-06-14,FOODS_1_037,0.9556
2016-06-15,FOODS_1_037,0.9139
2016-06-16,FOODS_1_037,0.7479
2016-06-17,FOODS_1_037,0.769
2016-06-18,FOODS_1_037,0.7682
2016-06-19,FOODS_1_037,0.7746
2016-06-20,FOODS_1_037,1.0037
2016-06-21,FOODS_1_037,0.9234
2016-05-23,FOODS_1_040,2.2753
2016-05-24,FOODS_1_040,2.1005
2016-05-25,FOODS_1_040,1.941
2016-05-26,FOODS_1_040,1.9613
2016-05-27,FOODS_1_040,1.8812
2016-05-28,FOODS_1_040,2.1767
2016-05-29,FOODS_1_040,2.1797
2016-05-30,FOODS_1_040,2.9274
2016-05-31,FOODS_1_040,2.0271
2016-06-01,FOODS_1_040,1.5421
2016-06-02,FOODS_1_040,1.7478
2016-06-03,FOODS_1_040,1.7776
2016-06-04,FOODS_1_040,1.8575
2016-06-05,FOODS_1_040,1.8234
2016-06-06,FOODS_1_040,2.3341
2016-06-07,FOODS_1_040,1.6642
2016-06-08,FOODS_1_040,1.2954
2016-06-09,FOODS_1_040,1.3392
2016-06-10,FOODS_1_040,1.3307
2016-06-11,FOODS_1_040,1.8495
2016-06-12,FOODS_1_040,1.6578
2016-06-13,FOODS_1_040,2.2208
2016-06-14,FOODS_1_040,1.8255
2016-06-15,FOODS_1_040,1.346
2016-06-16,FOODS_1_040,1.3919
2016-06-17,FOODS_1_040,1.1406
2016-06-18,FOODS_1_040,1.4506
2016-06-19,FOODS_1_040,1.4215
2016-06-20,FOODS_1_040,2.1921
2016-06-21,FOODS_1_040,1.614
2016-05-23,FOODS_1_042,3.6325
2016-05-24,FOODS_1_042,3.1816
2016-05-25,FOODS_1_042,3.0924
2016-05-26,FOODS_1_042,3.4369
2016-05-27,FOODS_1_042,3.3476
2016-05-28,FOODS_1_042,4.3746
2016-05-29,FOODS_1_042,4.3282
2016-05-30,FOODS_1_042,4.2315
2016-05-31,FOODS_1_042,3.4999
2016-06-01,FOODS_1_042,3.1611
2016-06-02,FOODS_1_042,3.0829
2016-06-03,FOODS_1_042,3.4175
2016-06-04,FOODS_1_042,4.2975
2016-06-05,FOODS_1_042,4.3164
2016-06-06,FOODS_1_042,3.9463
2016-06-07,FOODS_1_042,3.5686
2016-06-08,FOODS_1_042,3.2003
2016-06-09,FOODS_1_042,3.4408
2016-06-10,FOODS_1_042,3.5474
2016-06-11,FOODS_1_042,4.2455
2016-06-12,FOODS_1_042,4.9501
2016-06-13,FOODS_1_042,4.1592
2016-06-14,FOODS_1_042,3.4863
2016-06-15,FOODS_1_042,3.3601
2016-06-16,FOODS_1_042,3.4132
2016-06-17,FOODS_1_042,3.0951
2016-06-18,FOODS_1_042,4.6362
2016-06-19,FOODS_1_042,4.2061
2016-06-20,FOODS_1_042,4.3096
2016-06-21,FOODS_1_042,3.6986
2016-05-23,FOODS_1_043,7.6055
2016-05-24,FOODS_1_043,6.2631
2016-05-25,FOODS_1_043,5.7587
2016-05-26,FOODS_1_043,5.7454
2016-05-27,FOODS_1_043,6.4265
2016-05-28,FOODS_1_043,6.4979
2016-05-29,FOODS_1_043,6.4704
2016-05-30,FOODS_1_043,7.9195
2016-05-31,FOODS_1_043,6.5142
2016-06-01,FOODS_1_043,5.3666
2016-06-02,FOODS_1_043,5.6746
2016-06-03,FOODS_1_043,6.0002
2016-06-04,FOODS_1_043,7.009
2016-06-05,FOODS_1_043,6.2384
2016-06-06,FOODS_1_043,8.1432
2016-06-07,FOODS_1_043,6.2761
2016-06-08,FOODS_1_043,5.6048
2016-06-09,FOODS_1_043,5.6769
2016-06-10,FOODS_1_043,5.4484
2016-06-11,FOODS_1_043,6.0607
2016-06-12,FOODS_1_043,6.1138
2016-06-13,FOODS_1_043,7.3044
2016-06-14,FOODS_1_043,5.2547
2016-06-15,FOODS_1_043,4.6173
2016-06-16,FOODS_1_043,4.8681
2016-06-17,FOODS_1_043,4.8136
2016-06-18,FOODS_1_043,6.0447
2016-06-19,FOODS_1_043,5.5944
2016-06-20,FOODS_1_043,6.8043
2016-06-21,FOODS_1_043,5.1514
2016-05-23,FOODS_1_044,1.7963
2016-05-24,FOODS_1_044,1.6722
2016-05-25,FOODS_1_044,1.386
2016-05-26,FOODS_1_044,1.3837
2016-05-27,FOODS_1_044,1.2078
2016-05-28,FOODS_1_044,1.1633
2016-05-29,FOODS_1_044,1.266
2016-05-30,FOODS_1_044,1.6666
2016-05-31,FOODS_1_044,1.3011
2016-06-01,FOODS_1_044,1.0807
2016-06-02,FOODS_1_044,1.11
2016-06-03,FOODS_1_044,1.1407
2016-06-04,FOODS_1_044,1.1565
2016-06-05,FOODS_1_044,1.0841
2016-06-06,FOODS_1_044,1.2209
2016-06-07,FOODS_1_044,1.101
2016-06-08,FOODS_1_044,0.8317
2016-06-09,FOODS_1_044,0.9585
2016-06-10,FOODS_1_044,0.887
2016-06-11,FOODS_1_044,0.8609
2016-06-12,FOODS_1_044,0.9352
2016-06-13,FOODS_1_044,1.072
2016-06-14,FOODS_1_044,0.9905
2016-06-15,FOODS_1_044,0.8094
2016-06-16,FOODS_1_044,0.8321
2016-06-17,FOODS_1_044,0.8156
2016-06-18,FOODS_1_044,0.9781
2016-06-19,FOODS_1_044,0.8541
2016-06-20,FOODS_1_044,1.2303
2016-06-21,FOODS_1_044,0.8652
2016-05-23,FOODS_1_045,2.6357
2016-05-24,FOODS_1_045,2.6815
2016-05-25,FOODS_1_045,2.4838
2016-05-26,FOODS_1_045,2.3667
2016-05-27,FOODS_1_045,2.3634
2016-05-28,FOODS_1_045,2.6284
2016-05-29,FOODS_1_045,2.8568
2016-05-30,FOODS_1_045,3.3013
2016-05-31,FOODS_1_045,2.4549
2016-06-01,FOODS_1_045,1.7728
2016-06-02,FOODS_1_045,2.2129
2016-06-03,FOODS_1_045,2.0877
2016-06-04,FOODS_1_045,2.3751
2016-06-05,FOODS_1_045,2.3772
2016-06-06,FOODS_1_045,2.5331
2016-06-07,FOODS_1_045,1.9991
2016-06-08,FOODS_1_045,1.5791
2016-06-09,FOODS_1_045,1.5584
2016-06-10,FOODS_1_045,1.8978
2016-06-11,FOODS_1_045,1.9538
2016-06-12,FOODS_1_045,1.9413
2016-06-13,FOODS_1_045,2.9558
2016-06-14,FOODS_1_045,2.085
2016-06-15,FOODS_1_045,1.6748
2016-06-16,FOODS_1_045,1.831
2016-06-17,FOODS_1_045,1.8175
2016-06-18,FOODS_1_045,2.0271
2016-06-19,FOODS_1_045,1.9932
2016-06-20,FOODS_1_045,2.7946
2016-06-21,FOODS_1_045,2.1063
2016-05-23,FOODS_1_046,9.2632
2016-05-24,FOODS_1_046,7.7507
2016-05-25,FOODS_1_046,6.8838
2016-05-26,FOODS_1_046,6.5081
2016-05-27,FOODS_1_046,6.8137
2016-05-28,FOODS_1_046,7.4058
2016-05-29,FOODS_1_046,7.4148
2016-05-30,FOODS_1_046,9.0392
2016-05-31,FOODS_1_046,7.066
2016-06-01,FOODS_1_046,6.9162
2016-06-02,FOODS_1_046,6.5376
2016-06-03,FOODS_1_046,6.6093
2016-06-04,FOODS_1_046,7.9701
2016-06-05,FOODS_1_046,7.4454
2016-06-06,FOODS_1_046,9.0383
2016-06-07,FOODS_1_046,7.0509
2016-06-08,FOODS_1_046,6.0896
2016-06-09,FOODS_1_046,6.2702
2016-06-10,FOODS_1_046,6.2601
2016-06-11,FOODS_1_046,7.2235
2016-06-12,FOODS_1_046,7.0913
2016-06-13,FOODS_1_046,9.2492
2016-06-14,FOODS_1_046,7.5536
2016-06-15,FOODS_1_046,6.4932
2016-06-16,FOODS_1_046,6.4117
2016-06-17,FOODS_1_046,6.6147
2016-06-18,FOODS_1_046,7.3801
2016-06-19,FOODS_1_046,7.1983
2016-06-20,FOODS_1_046,8.9991
2016-06-21,FOODS_1_046,6.8282
2016-05-23,FOODS_1_050,1.3653
2016-05-24,FOODS_1_050,1.0146
2016-05-25,FOODS_1_050,0.9016
2016-05-26,FOODS_1_050,0.8895
2016-05-27,FOODS_1_050,0.9212
2016-05-28,FOODS_1_050,1.0266
2016-05-29,FOODS_1_050,0.9215
2016-05-30,FOODS_1_050,1.3619
2016-05-31,FOODS_1_050,1.033
2016-06-01,FOODS_1_050,0.9435
2016-06-02,FOODS_1_050,0.9071
2016-06-03,FOODS_1_050,0.8822
2016-06-04,FOODS_1_050,0.9621
2016-06-05,FOODS_1_050,0.9929
2016-06-06,FOODS_1_050,1.2943
2016-06-07,FOODS_1_050,0.8993
2016-06-08,FOODS_1_050,0.7767
2016-06-09,FOODS_1_050,0.7372
2016-06-10,FOODS_1_050,0.7677
2016-06-11,FOODS_1_050,0.8426
2016-06-12,FOODS_1_050,0.8222
2016-06-13,FOODS_1_050,1.207
2016-06-14,FOODS_1_050,0.8265
2016-06-15,FOODS_1_050,0.7116
2016-06-16,FOODS_1_050,0.6978
2016-06-17,FOODS_1_050,0.7769
2016-06-18,FOODS_1_050,0.7916
2016-06-19,FOODS_1_050,0.7798
2016-06-20,FOODS_1_050,1.1098
2016-06-21,FOODS_1_050,0.7594
2016-05-23,FOODS_1_052,1.997
2016-05-24,FOODS_1_052,1.4864
2016-05-25,FOODS_1_052,1.339
2016-05-26,FOODS_1_052,1.2369
2016-05-27,FOODS_1_052,1.2413
2016-05-28,FOODS_1_052,1.5235
2016-05-29,FOODS_1_052,1.4439
2016-05-30,FOODS_1_052,1.8199
2016-05-31,FOODS_1_052,1.4093
2016-06-01,FOODS_1_052,1.186
2016-06-02,FOODS_1_052,1.1183
2016-06-03,FOODS_1_052,1.1249
2016-06-04,FOODS_1_052,1.4766
2016-06-05,FOODS_1_052,0.9943
2016-06-06,FOODS_1_052,1.4928
2016-06-07,FOODS_1_052,1.1337
2016-06-08,FOODS_1_052,0.894
2016-06-09,FOODS_1_052,0.8435
2016-06-10,FOODS_1_052,0.856
2016-06-11,FOODS_1_052,1.239
2016-06-12,FOODS_1_052,1.2907
2016-06-13,FOODS_1_052,1.4425
2016-06-14,FOODS_1_052,1.0789
2016-06-15,FOODS_1_052,0.9157
2016-06-16,FOODS_1_052,0.8437
2016-06-17,FOODS_1_052,0.8466
2016-06-18,FOODS_1_052,1.149
2016-06-19,FOODS_1_052,1.0511
2016-06-20,FOODS_1_052,1.4505
2016-06-21,FOODS_1_052,0.9241
2016-05-23,FOODS_1_054,3.2886
2016-05-24,FOODS_1_054,2.6769
2016-05-25,FOODS_1_054,2.2375
2016-05-26,FOODS_1_054,2.0137
2016-05-27,FOODS_1_054,2.0837
2016-05-28,FOODS_1_054,2.4621
2016-05-29,FOODS_1_054,2.556
2016-05-30,FOODS_1_054,3.1404
2016-05-31,FOODS_1_054,2.7721
2016-06-01,FOODS_1_054,2.2743
2016-06-02,FOODS_1_054,2.2188
2016-06-03,FOODS_1_054,2.1404
2016-06-04,FOODS_1_054,2.5245
2016-06-05,FOODS_1_054,1.6692
2016-06-06,FOODS_1_054,2.4194
2016-06-07,FOODS_1_054,1.9069
2016-06-08,FOODS_1_054,1.6297
2016-06-09,FOODS_1_054,1.6674
2016-06-10,FOODS_1_054,1.645
2016-06-11,FOODS_1_054,1.8609
2016-06-12,FOODS_1_054,2.0592
2016-06-13,FOODS_1_054,2.6234
2016-06-14,FOODS_1_054,2.1708
2016-06-15,FOODS_1_054,1.4627
2016-06-16,FOODS_1_054,1.4575
2016-06-17,FOODS_1_054,1.4638
2016-06-18,FOODS_1_054,1.9075
2016-06-19,FOODS_1_054,1.7658
2016-06-20,FOODS_1_054,2.2494
2016-06-21,FOODS_1_054,1.7969
2016-05-23,FOODS_1_055,4.7844
2016-05-24,FOODS_1_055,3.4468
2016-05-25,FOODS_1_055,2.7654
2016-05-26,FOODS_1_055,2.9352
2016-05-27,FOODS_1_055,3.1264
2016-05-28,FOODS_1_055,3.4622
2016-05-29,FOODS_1_055,3.9781
2016-05-30,FOODS_1_055,4.1234
2016-05-31,FOODS_1_055,2.9219
2016-06-01,FOODS_1_055,2.8694
2016-06-02,FOODS_1_055,2.8378
2016-06-03,FOODS_1_055,3.2122
2016-06-04,FOODS_1_055,2.7623
2016-06-05,FOODS_1_055,2.9805
2016-06-06,FOODS_1_055,2.9586
2016-06-07,FOODS_1_055,2.9081
2016-06-08,FOODS_1_055,2.2497
2016-06-09,FOODS_1_055,2.0785
2016-06-10,FOODS_1_055,2.6412
2016-06-11,FOODS_1_055,2.6028
2016-06-12,FOODS_1_055,2.4011
2016-06-13,FOODS_1_055,3.5178
2016-06-14,FOODS_1_055,2.4071
2016-06-15,FOODS_1_055,2.073
2016-06-16,FOODS_1_055,2.081
2016-06-17,FOODS_1_055,2.4711
2016-06-18,FOODS_1_055,2.4846
2016-06-19,FOODS_1_055,2.604
2016-06-20,FOODS_1_055,2.7184
2016-06-21,FOODS_1_055,2.164
2016-05-23,FOODS_1_058,2.8501
2016-05-24,FOODS_1_058,2.952
2016-05-25,FOODS_1_058,2.677
2016-05-26,FOODS_1_058,2.5647
2016-05-27,FOODS_1_058,2.6195
2016-05-28,FOODS_1_058,3.1176
2016-05-29,FOODS_1_058,2.9803
2016-05-30,FOODS_1_058,3.3266
2016-05-31,FOODS_1_058,2.7373
2016-06-01,FOODS_1_058,1.8269
2016-06-02,FOODS_1_058,2.2583
2016-06-03,FOODS_1_058,2.2849
2016-06-04,FOODS_1_058,3.0473
2016-06-05,FOODS_1_058,2.7723
2016-06-06,FOODS_1_058,2.2026
2016-06-07,FOODS_1_058,1.8429
2016-06-08,FOODS_1_058,2.0678
2016-06-09,FOODS_1_058,2.1343
2016-06-10,FOODS_1_058,2.2854
2016-06-11,FOODS_1_058,2.3438
2016-06-12,FOODS_1_058,1.8721
2016-06-13,FOODS_1_058,2.4812
2016-06-14,FOODS_1_058,1.6008
2016-06-15,FOODS_1_058,1.3565
2016-06-16,FOODS_1_058,1.7739
2016-06-17,FOODS_1_058,2.0017
2016-06-18,FOODS_1_058,2.2666
2016-06-19,FOODS_1_058,1.5176
2016-06-20,FOODS_1_058,2.3767
2016-06-21,FOODS_1_058,1.495
2016-05-23,FOODS_1_061,2.5483
2016-05-24,FOODS_1_061,2.0049
2016-05-25,FOODS_1_061,1.5534
2016-05-26,FOODS_1_061,1.5722
2016-05-27,FOODS_1_061,1.5496
2016-05-28,FOODS_1_061,1.755
2016-05-29,FOODS_1_061,1.786
2016-05-30,FOODS_1_061,2.6315
2016-05-31,FOODS_1_061,2.1145
2016-06-01,FOODS_1_061,1.6113
2016-06-02,FOODS_1_061,1.5476
2016-06-03,FOODS_1_061,1.5496
2016-06-04,FOODS_1_061,1.8368
2016-06-05,FOODS_1_061,1.5649
2016-06-06,FOODS_1_061,2.134
2016-06-07,FOODS_1_061,1.7722
2016-06-08,FOODS_1_061,1.4136
2016-06-09,FOODS_1_061,1.4251
2016-06-10,FOODS_1_061,1.5023
2016-06-11,FOODS_1_061,1.5686
2016-06-12,FOODS_1_061,1.5862
2016-06-13,FOODS_1_061,2.2869
2016-06-14,FOODS_1_061,1.6478
2016-06-15,FOODS_1_061,1.1963
2016-06-16,FOODS_1_061,1.316
2016-06-17,FOODS_1_061,1.29
2016-06-18,FOODS_1_061,1.7548
2016-06-19,FOODS_1_061,1.5051
2016-06-20,FOODS_1_061,2.3387
2016-06-21,FOODS_1_061,1.6982
2016-05-23,FOODS_1_064,0.0468
2016-05-24,FOODS_1_064,0.744
2016-05-25,FOODS_1_064,0.9517
2016-05-26,FOODS_1_064,1.0921
2016-05-27,FOODS_1_064,0.8596
2016-05-28,FOODS_1_064,0.9116
2016-05-29,FOODS_1_064,0.9447
2016-05-30,FOODS_1_064,0.9442
2016-05-31,FOODS_1_064,0.7403
2016-06-01,FOODS_1_064,0.7688
2016-06-02,FOODS_1_064,0.7325
2016-06-03,FOODS_1_064,0.6964
2016-06-04,FOODS_1_064,0.8392
2016-06-05,FOODS_1_064,0.7786
2016-06-06,FOODS_1_064,0.972
2016-06-07,FOODS_1_064,0.7966
2016-06-08,FOODS_1_064,0.6928
2016-06-09,FOODS_1_064,0.7411
2016-06-10,FOODS_1_064,0.7268
2016-06-11,FOODS_1_064,0.8022
2016-06-12,FOODS_1_064,0.8115
2016-06-13,FOODS_1_064,0.9622
2016-06-14,FOODS_1_064,0.7607
2016-06-15,FOODS_1_064,0.6956
2016-06-16,FOODS_1_064,0.6907
2016-06-17,FOODS_1_064,0.7024
2016-06-18,FOODS_1_064,0.8047
2016-06-19,FOODS_1_064,0.8464
2016-06-20,FOODS_1_064,1.1024
2016-06-21,FOODS_1_064,0.8745
2016-05-23,FOODS_1_066,1.804
2016-05-24,FOODS_1_066,1.986
2016-05-25,FOODS_1_066,1.6097
2016-05-26,FOODS_1_066,1.724
2016-05-27,FOODS_1_066,1.6679
2016-05-28,FOODS_1_066,2.0064
2016-05-29,FOODS_1_066,1.9346
2016-05-30,FOODS_1_066,2.1205
2016-05-31,FOODS_1_066,2.0842
2016-06-01,FOODS_1_066,1.5883
2016-06-02,FOODS_1_066,1.5604
2016-06-03,FOODS_1_066,1.5276
2016-06-04,FOODS_1_066,1.7006
2016-06-05,FOODS_1_066,1.7246
2016-06-06,FOODS_1_066,2.0656
2016-06-07,FOODS_1_066,1.9264
2016-06-08,FOODS_1_066,1.2666
2016-06-09,FOODS_1_066,1.2725
2016-06-10,FOODS_1_066,1.3641
2016-06-11,FOODS_1_066,1.461
2016-06-12,FOODS_1_066,1.4379
2016-06-13,FOODS_1_066,1.6138
2016-06-14,FOODS_1_066,1.4355
2016-06-15,FOODS_1_066,1.1865
2016-06-16,FOODS_1_066,1.2009
2016-06-17,FOODS_1_066,1.0211
2016-06-18,FOODS_1_066,1.2094
2016-06-19,FOODS_1_066,1.2876
2016-06-20,FOODS_1_066,1.5837
2016-06-21,FOODS_1_066,1.4075
2016-05-23,FOODS_1_067,3.5139
2016-05-24,FOODS_1_067,3.3754
2016-05-25,FOODS_1_067,2.8925
2016-05-26,FOODS_1_067,2.9636
2016-05-27,FOODS_1_067,3.2749
2016-05-28,FOODS_1_067,3.2413
2016-05-29,FOODS_1_067,2.9624
2016-05-30,FOODS_1_067,3.0789
2016-05-31,FOODS_1_067,2.4207
2016-06-01,FOODS_1_067,2.4678
2016-06-02,FOODS_1_067,2.3054
2016-06-03,FOODS_1_067,2.8185
2016-06-04,FOODS_1_067,2.228
2016-06-05,FOODS_1_067,2.2493
2016-06-06,FOODS_1_067,2.6897
2016-06-07,FOODS_1_067,2.3351
2016-06-08,FOODS_1_067,1.7533
2016-06-09,FOODS_1_067,1.9583
2016-06-10,FOODS_1_067,2.5729
2016-06-11,FOODS_1_067,2.0489
2016-06-12,FOODS_1_067,1.9187
2016-06-13,FOODS_1_067,2.5224
2016-06-14,FOODS_1_067,2.0193
2016-06-15,FOODS_1_067,1.527
2016-06-16,FOODS_1_067,1.6977
2016-06-17,FOODS_1_067,1.8708
2016-06-18,FOODS_1_067,1.3586
2016-06-19,FOODS_1_067,1.5953
2016-06-20,FOODS_1_067,2.4426
2016-06-21,FOODS_1_067,1.7228
2016-05-23,FOODS_1_074,2.2397
2016-05-24,FOODS_1_074,1.7959
2016-05-25,FOODS_1_074,1.5028
2016-05-26,FOODS_1_074,1.4867
2016-05-27,FOODS_1_074,1.4469
2016-05-28,FOODS_1_074,1.7096
2016-05-29,FOODS_1_074,1.6325
2016-05-30,FOODS_1_074,2.22
2016-05-31,FOODS_1_074,1.6172
2016-06-01,FOODS_1_074,1.4522
2016-06-02,FOODS_1_074,1.3758
2016-06-03,FOODS_1_074,1.3037
2016-06-04,FOODS_1_074,1.6488
2016-06-05,FOODS_1_074,1.5655
2016-06-06,FOODS_1_074,1.8416
2016-06-07,FOODS_1_074,1.5728
2016-06-08,FOODS_1_074,1.3162
2016-06-09,FOODS_1_074,1.2027
2016-06-10,FOODS_1_074,1.1497
2016-06-11,FOODS_1_074,1.5864
2016-06-12,FOODS_1_074,1.3509
2016-06-13,FOODS_1_074,1.8755
2016-06-14,FOODS_1_074,1.3574
2016-06-15,FOODS_1_074,1.1608
2016-06-16,FOODS_1_074,1.1311
2016-06-17,FOODS_1_074,1.081
2016-06-18,FOODS_1_074,1.2343
2016-06-19,FOODS_1_074,1.2941
2016-06-20,FOODS_1_074,1.6159
2016-06-21,FOODS_1_074,1.3639
2016-05-23,FOODS_1_080,1.4161
2016-05-24,FOODS_1_080,1.0637
2016-05-25,FOODS_1_080,1.007
2016-05-26,FOODS_1_080,0.9557
2016-05-27,FOODS_1_080,1.0358
2016-05-28,FOODS_1_080,1.0632
2016-05-29,FOODS_1_080,1.0525
2016-05-30,FOODS_1_080,1.4108
2016-05-31,FOODS_1_080,1.0401
2016-06-01,FOODS_1_080,0.9591
2016-06-02,FOODS_1_080,0.9482
2016-06-03,FOODS_1_080,0.9743
2016-06-04,FOODS_1_080,1.0106
2016-06-05,FOODS_1_080,0.9856
2016-06-06,FOODS_1_080,1.2309
2016-06-07,FOODS_1_080,0.9094
2016-06-08,FOODS_1_080,0.767
2016-06-09,FOODS_1_080,0.7361
2016-06-10,FOODS_1_080,0.8204
2016-06-11,FOODS_1_080,0.9681
2016-06-12,FOODS_1_080,0.9908
2016-06-13,FOODS_1_080,1.1706
2016-06-14,FOODS_1_080,0.8405
2016-06-15,FOODS_1_080,0.7052
2016-06-16,FOODS_1_080,0.7071
2016-06-17,FOODS_1_080,0.788
2016-06-18,FOODS_1_080,0.7753
2016-06-19,FOODS_1_080,0.7402
2016-06-20,FOODS_1_080,1.0385
2016-06-21,FOODS_1_080,0.6744
2016-05-23,FOODS_1_082,9.3455
2016-05-24,FOODS_1_082,7.3002
2016-05-25,FOODS_1_082,6.7452
2016-05-26,FOODS_1_082,6.1931
2016-05-27,FOODS_1_082,6.6863
2016-05-28,FOODS_1_082,8.0442
2016-05-29,FOODS_1_082,7.5175
2016-05-30,FOODS_1_082,9.0433
2016-05-31,FOODS_1_082,6.9167
2016-06-01,FOODS_1_082,6.4905
2016-06-02,FOODS_1_082,6.3208
2016-06-03,FOODS_1_082,6.3264
2016-06-04,FOODS_1_082,8.0646
2016-06-05,FOODS_1_082,7.815
2016-06-06,FOODS_1_082,9.5039
2016-06-07,FOODS_1_082,7.8792
2016-06-08,FOODS_1_082,6.472
2016-06-09,FOODS_1_082,6.2521
2016-06-10,FOODS_1_082,6.3938
2016-06-11,FOODS_1_082,7.9121
2016-06-12,FOODS_1_082,7.8402
2016-06-13,FOODS_1_082,9.0258
2016-06-14,FOODS_1_082,6.9944
2016-06-15,FOODS_1_082,6.3135
2016-06-16,FOODS_1_082,6.2575
2016-06-17,FOODS_1_082,6.2468
2016-06-18,FOODS_1_082,7.7319
2016-06-19,FOODS_1_082,7.4819
2016-06-20,FOODS_1_082,9.194
2016-06-21,FOODS_1_082,7.0705
2016-05-23,FOODS_1_083,2.3388
2016-05-24,FOODS_1_083,2.1124
2016-05-25,FOODS_1_083,1.5937
2016-05-26,FOODS_1_083,1.7876
2016-05-27,FOODS_1_083,1.7142
2016-05-28,FOODS_1_083,1.9408
2016-05-29,FOODS_1_083,1.7674
2016-05-30,FOODS_1_083,2.5117
2016-05-31,FOODS_1_083,2.0606
2016-06-01,FOODS_1_083,1.3912
2016-06-02,FOODS_1_083,1.3092
2016-06-03,FOODS_1_083,1.4855
2016-06-04,FOODS_1_083,1.7988
2016-06-05,FOODS_1_083,1.7338
2016-06-06,FOODS_1_083,2.234
2016-06-07,FOODS_1_083,1.729
2016-06-08,FOODS_1_083,1.4494
2016-06-09,FOODS_1_083,1.4152
2016-06-10,FOODS_1_083,1.3953
2016-06-11,FOODS_1_083,1.6046
2016-06-12,FOODS_1_083,1.444
2016-06-13,FOODS_1_083,1.9894
2016-06-14,FOODS_1_083,1.6536
2016-06-15,FOODS_1_083,1.2372
2016-06-16,FOODS_1_083,1.1484
2016-06-17,FOODS_1_083,1.2688
2016-06-18,FOODS_1_083,1.5841
2016-06-19,FOODS_1_083,1.5293
2016-06-20,FOODS_1_083,1.8916
2016-06-21,FOODS_1_083,1.492
2016-05-23,FOODS_1_085,7.8952
2016-05-24,FOODS_1_085,6.599
2016-05-25,FOODS_1_085,6.3224
2016-05-26,FOODS_1_085,6.1673
2016-05-27,FOODS_1_085,5.8531
2016-05-28,FOODS_1_085,7.5247
2016-05-29,FOODS_1_085,6.8287
2016-05-30,FOODS_1_085,8.3137
2016-05-31,FOODS_1_085,7.0255
2016-06-01,FOODS_1_085,6.328
2016-06-02,FOODS_1_085,5.611
2016-06-03,FOODS_1_085,5.6092
2016-06-04,FOODS_1_085,6.6995
2016-06-05,FOODS_1_085,6.7612
2016-06-06,FOODS_1_085,8.6002
2016-06-07,FOODS_1_085,6.8493
2016-06-08,FOODS_1_085,6.0407
2016-06-09,FOODS_1_085,6.1079
2016-06-10,FOODS_1_085,6.2459
2016-06-11,FOODS_1_085,7.5896
2016-06-12,FOODS_1_085,7.389
2016-06-13,FOODS_1_085,9.3159
2016-06-14,FOODS_1_085,7.232
2016-06-15,FOODS_1_085,6.8283
2016-06-16,FOODS_1_085,6.186
2016-06-17,FOODS_1_085,6.2271
2016-06-18,FOODS_1_085,7.9063
2016-06-19,FOODS_1_085,7.8293
2016-06-20,FOODS_1_085,9.1993
2016-06-21,FOODS_1_085,7.3225
2016-05-23,FOODS_1_086,5.973
2016-05-24,FOODS_1_086,4.8982
2016-05-25,FOODS_1_086,4.5378
2016-05-26,FOODS_1_086,4.4287
2016-05-27,FOODS_1_086,5.0456
2016-05-28,FOODS_1_086,5.8557
2016-05-29,FOODS_1_086,5.1271
2016-05-30,FOODS_1_086,7.2
2016-05-31,FOODS_1_086,5.4064
2016-06-01,FOODS_1_086,4.8163
2016-06-02,FOODS_1_086,4.5838
2016-06-03,FOODS_1_086,4.8021
2016-06-04,FOODS_1_086,5.4868
2016-06-05,FOODS_1_086,5.0512
2016-06-06,FOODS_1_086,6.5038
2016-06-07,FOODS_1_086,5.2181
2016-06-08,FOODS_1_086,4.5513
2016-06-09,FOODS_1_086,4.3922
2016-06-10,FOODS_1_086,4.5559
2016-06-11,FOODS_1_086,5.2717
2016-06-12,FOODS_1_086,5.1478
2016-06-13,FOODS_1_086,6.978
2016-06-14,FOODS_1_086,5.1367
2016-06-15,FOODS_1_086,4.4682
2016-06-16,FOODS_1_086,4.3371
2016-06-17,FOODS_1_086,4.3634
2016-06-18,FOODS_1_086,5.2838
2016-06-19,FOODS_1_086,5.1672
2016-06-20,FOODS_1_086,6.7125
2016-06-21,FOODS_1_086,5.0675
2016-05-23,FOODS_1_087,3.343
2016-05-24,FOODS_1_087,2.8268
2016-05-25,FOODS_1_087,2.6234
2016-05-26,FOODS_1_087,2.5797
2016-05-27,FOODS_1_087,2.6896
2016-05-28,FOODS_1_087,2.829
2016-05-29,FOODS_1_087,2.4167
2016-05-30,FOODS_1_087,3.5034
2016-05-31,FOODS_1_087,2.7594
2016-06-01,FOODS_1_087,2.2366
2016-06-02,FOODS_1_087,2.2032
2016-06-03,FOODS_1_087,2.3038
2016-06-04,FOODS_1_087,2.569
2016-06-05,FOODS_1_087,2.1095
2016-06-06,FOODS_1_087,2.5622
2016-06-07,FOODS_1_087,2.1646
2016-06-08,FOODS_1_087,1.5074
2016-06-09,FOODS_1_087,1.7402
2016-06-10,FOODS_1_087,1.6293
2016-06-11,FOODS_1_087,2.5589
2016-06-12,FOODS_1_087,2.5204
2016-06-13,FOODS_1_087,3.0894
2016-06-14,FOODS_1_087,2.3333
2016-06-15,FOODS_1_087,1.8165
2016-06-16,FOODS_1_087,1.8842
2016-06-17,FOODS_1_087,2.2003
2016-06-18,FOODS_1_087,2.1892
2016-06-19,FOODS_1_087,1.7756
2016-06-20,FOODS_1_087,3.1077
2016-06-21,FOODS_1_087,2.3061
2016-05-23,FOODS_1_088,1.5222
2016-05-24,FOODS_1_088,2.7728
2016-05-25,FOODS_1_088,3.4095
2016-05-26,FOODS_1_088,2.8342
2016-05-27,FOODS_1_088,2.9043
2016-05-28,FOODS_1_088,3.1607
2016-05-29,FOODS_1_088,3.4133
2016-05-30,FOODS_1_088,3.6015
2016-05-31,FOODS_1_088,3.0195
2016-06-01,FOODS_1_088,2.4676
2016-06-02,FOODS_1_088,2.1742
2016-06-03,FOODS_1_088,2.3402
2016-06-04,FOODS_1_088,2.6539
2016-06-05,FOODS_1_088,2.6103
2016-06-06,FOODS_1_088,3.4583
2016-06-07,FOODS_1_088,2.6749
2016-06-08,FOODS_1_088,2.7462
2016-06-09,FOODS_1_088,1.7421
2016-06-10,FOODS_1_088,2.3812
2016-06-11,FOODS_1_088,2.6226
2016-06-12,FOODS_1_088,2.7981
2016-06-13,FOODS_1_088,3.1661
2016-06-14,FOODS_1_088,2.2103
2016-06-15,FOODS_1_088,2.4119
2016-06-16,FOODS_1_088,1.7907
2016-06-17,FOODS_1_088,1.9392
2016-06-18,FOODS_1_088,2.3706
2016-06-19,FOODS_1_088,2.187
2016-06-20,FOODS_1_088,2.2284
2016-06-21,FOODS_1_088,1.4237
2016-05-23,FOODS_1_099,8.3195
2016-05-24,FOODS_1_099,7.1658
2016-05-25,FOODS_1_099,5.8786
2016-05-26,FOODS_1_099,6.1524
2016-05-27,FOODS_1_099,6.4302
2016-05-28,FOODS_1_099,8.086
2016-05-29,FOODS_1_099,8.3776
2016-05-30,FOODS_1_099,8.8056
2016-05-31,FOODS_1_099,7.4468
2016-06-01,FOODS_1_099,5.9544
2016-06-02,FOODS_1_099,5.9686
2016-06-03,FOODS_1_099,6.1825
2016-06-04,FOODS_1_099,8.4341
2016-06-05,FOODS_1_099,8.0877
2016-06-06,FOODS_1_099,10.2604
2016-06-07,FOODS_1_099,7.8664
2016-06-08,FOODS_1_099,6.6235
2016-06-09,FOODS_1_099,6.538
2016-06-10,FOODS_1_099,6.8071
2016-06-11,FOODS_1_099,8.4958
2016-06-12,FOODS_1_099,8.9894
2016-06-13,FOODS_1_099,10.0223
2016-06-14,FOODS_1_099,8.5264
2016-06-15,FOODS_1_099,6.9673
2016-06-16,FOODS_1_099,6.5946
2016-06-17,FOODS_1_099,6.6346
2016-06-18,FOODS_1_099,8.2705
2016-06-19,FOODS_1_099,8.3901
2016-06-20,FOODS_1_099,10.1009
2016-06-21,FOODS_1_099,7.9642
2016-05-23,FOODS_1_102,0.8439
2016-05-24,FOODS_1_102,0.8275
2016-05-25,FOODS_1_102,0.73
2016-05-26,FOODS_1_102,0.6225
2016-05-27,FOODS_1_102,0.5918
2016-05-28,FOODS_1_102,0.5591
2016-05-29,FOODS_1_102,0.5089
2016-05-30,FOODS_1_102,0.5718
2016-05-31,FOODS_1_102,0.4605
2016-06-01,FOODS_1_102,0.4373
2016-06-02,FOODS_1_102,0.4227
2016-06-03,FOODS_1_102,0.4573
2016-06-04,FOODS_1_102,0.59
2016-06-05,FOODS_1_102,0.5807
2016-06-06,FOODS_1_102,0.6923
2016-06-07,FOODS_1_102,0.6379
2016-06-08,FOODS_1_102,0.5406
2016-06-09,FOODS_1_102,0.5662
2016-06-10,FOODS_1_102,0.4813
2016-06-11,FOODS_1_102,0.4975
2016-06-12,FOODS_1_102,0.4774
2016-06-13,FOODS_1_102,0.4704
2016-06-14,FOODS_1_102,0.4493
2016-06-15,FOODS_1_102,0.3906
2016-06-16,FOODS_1_102,0.3858
2016-06-17,FOODS_1_102,0.3856
2016-06-18,FOODS_1_102,0.4227
2016-06-19,FOODS_1_102,0.4258
2016-06-20,FOODS_1_102,0.4617
2016-06-21,FOODS_1_102,0.4094
2016-05-23,FOODS_1_103,1.846
2016-05-24,FOODS_1_103,1.5439
2016-05-25,FOODS_1_103,1.3471
2016-05-26,FOODS_1_103,1.3003
2016-05-27,FOODS_1_103,1.3037
2016-05-28,FOODS_1_103,1.5394
2016-05-29,FOODS_1_103,1.6049
2016-05-30,FOODS_1_103,1.7893
2016-05-31,FOODS_1_103,1.4694
2016-06-01,FOODS_1_103,1.0056
2016-06-02,FOODS_1_103,0.9868
2016-06-03,FOODS_1_103,1.0151
2016-06-04,FOODS_1_103,1.2468
2016-06-05,FOODS_1_103,1.229
2016-06-06,FOODS_1_103,1.4618
2016-06-07,FOODS_1_103,1.1739
2016-06-08,FOODS_1_103,0.9674
2016-06-09,FOODS_1_103,0.9365
2016-06-10,FOODS_1_103,1.0523
2016-06-11,FOODS_1_103,1.2041
2016-06-12,FOODS_1_103,1.3859
2016-06-13,FOODS_1_103,1.5458
2016-06-14,FOODS_1_103,1.2239
2016-06-15,FOODS_1_103,1.0166
2016-06-16,FOODS_1_103,0.9033
2016-06-17,FOODS_1_103,0.9537
2016-06-18,FOODS_1_103,1.1147
2016-06-19,FOODS_1_103,1.1516
2016-06-20,FOODS_1_103,1.4544
2016-06-21,FOODS_1_103,1.0835
2016-05-23,FOODS_1_104,1.7295
2016-05-24,FOODS_1_104,1.8081
2016-05-25,FOODS_1_104,1.6523
2016-05-26,FOODS_1_104,1.5631
2016-05-27,FOODS_1_104,1.5265
2016-05-28,FOODS_1_104,1.7949
2016-05-29,FOODS_1_104,1.9172
2016-05-30,FOODS_1_104,2.124
2016-05-31,FOODS_1_104,1.4527
2016-06-01,FOODS_1_104,1.3194
2016-06-02,FOODS_1_104,1.2887
2016-06-03,FOODS_1_104,1.1985
2016-06-04,FOODS_1_104,1.4846
2016-06-05,FOODS_1_104,1.464
2016-06-06,FOODS_1_104,1.7301
2016-06-07,FOODS_1_104,1.5782
2016-06-08,FOODS_1_104,1.3409
2016-06-09,FOODS_1_104,1.2037
2016-06-10,FOODS_1_104,1.4034
2016-06-11,FOODS_1_104,1.556
2016-06-12,FOODS_1_104,1.6409
2016-06-13,FOODS_1_104,1.7384
2016-06-14,FOODS_1_104,1.4308
2016-06-15,FOODS_1_104,1.2675
2016-06-16,FOODS_1_104,1.1179
2016-06-17,FOODS_1_104,1.0348
2016-06-18,FOODS_1_104,1.1525
2016-06-19,FOODS_1_104,1.1434
2016-06-20,FOODS_1_104,1.6943
2016-06-21,FOODS_1_104,1.2665
2016-05-23,FOODS_1_110,6.9432
2016-05-24,FOODS_1_110,5.8879
2016-05-25,FOODS_1_110,5.4269
2016-05-26,FOODS_1_110,4.5969
2016-05-27,FOODS_1_110,5.0758
2016-05-28,FOODS_1_110,5.3152
2016-05-29,FOODS_1_110,5.4212
2016-05-30,FOODS_1_110,6.5553
2016-05-31,FOODS_1_110,5.5972
2016-06-01,FOODS_1_110,5.0275
2016-06-02,FOODS_1_110,4.8186
2016-06-03,FOODS_1_110,4.9165
2016-06-04,FOODS_1_110,5.8097
2016-06-05,FOODS_1_110,5.4054
2016-06-06,FOODS_1_110,6.3782
2016-06-07,FOODS_1_110,4.871
2016-06-08,FOODS_1_110,4.1521
2016-06-09,FOODS_1_110,4.3422
2016-06-10,FOODS_1_110,4.4064
2016-06-11,FOODS_1_110,5.1467
2016-06-12,FOODS_1_110,5.0356
2016-06-13,FOODS_1_110,6.258
2016-06-14,FOODS_1_110,5.0904
2016-06-15,FOODS_1_110,4.2414
2016-06-16,FOODS_1_110,4.243
2016-06-17,FOODS_1_110,4.3581
2016-06-18,FOODS_1_110,5.5138
2016-06-19,FOODS_1_110,5.4556
2016-06-20,FOODS_1_110,6.3043
2016-06-21,FOODS_1_110,4.9421
2016-05-23,FOODS_1_112,2.1566
2016-05-24,FOODS_1_112,1.8351
2016-05-25,FOODS_1_112,1.5331
2016-05-26,FOODS_1_112,1.5526
2016-05-27,FOODS_1_112,1.4762
2016-05-28,FOODS_1_112,1.8139
2016-05-29,FOODS_1_112,1.8226
2016-05-30,FOODS_1_112,2.0667
2016-05-31,FOODS_1_112,1.8303
2016-06-01,FOODS_1_112,1.4746
2016-06-02,FOODS_1_112,1.4368
2016-06-03,FOODS_1_112,1.4592
2016-06-04,FOODS_1_112,1.6426
2016-06-05,FOODS_1_112,1.6928
2016-06-06,FOODS_1_112,1.6274
2016-06-07,FOODS_1_112,1.4104
2016-06-08,FOODS_1_112,1.4594
2016-06-09,FOODS_1_112,1.4947
2016-06-10,FOODS_1_112,1.3812
2016-06-11,FOODS_1_112,1.3982
2016-06-12,FOODS_1_112,1.4999
2016-06-13,FOODS_1_112,1.7265
2016-06-14,FOODS_1_112,1.6577
2016-06-15,FOODS_1_112,1.3595
2016-06-16,FOODS_1_112,1.3015
2016-06-17,FOODS_1_112,1.3174
2016-06-18,FOODS_1_112,1.5885
2016-06-19,FOODS_1_112,1.6639
2016-06-20,FOODS_1_112,1.6672
2016-06-21,FOODS_1_112,1.4285
2016-05-23,FOODS_1_113,2.4958
2016-05-24,FOODS_1_113,2.5095
2016-05-25,FOODS_1_113,2.4015
2016-05-26,FOODS_1_113,2.5324
2016-05-27,FOODS_1_113,2.494
2016-05-28,FOODS_1_113,2.6012
2016-05-29,FOODS_1_113,2.4889
2016-05-30,FOODS_1_113,2.7787
2016-05-31,FOODS_1_113,2.3182
2016-06-01,FOODS_1_113,1.6544
2016-06-02,FOODS_1_113,1.6482
2016-06-03,FOODS_1_113,1.9827
2016-06-04,FOODS_1_113,2.3059
2016-06-05,FOODS_1_113,2.3827
2016-06-06,FOODS_1_113,2.682
2016-06-07,FOODS_1_113,2.2119
2016-06-08,FOODS_1_113,1.7262
2016-06-09,FOODS_1_113,1.8405
2016-06-10,FOODS_1_113,1.7462
2016-06-11,FOODS_1_113,2.091
2016-06-12,FOODS_1_113,1.6096
2016-06-13,FOODS_1_113,2.1748
2016-06-14,FOODS_1_113,1.4858
2016-06-15,FOODS_1_113,1.2416
2016-06-16,FOODS_1_113,1.2667
2016-06-17,FOODS_1_113,1.3293
2016-06-18,FOODS_1_113,1.7854
2016-06-19,FOODS_1_113,1.5734
2016-06-20,FOODS_1_113,1.8169
2016-06-21,FOODS_1_113,1.646
2016-05-23,FOODS_1_115,0.9386
2016-05-24,FOODS_1_115,0.7989
2016-05-25,FOODS_1_115,0.6405
2016-05-26,FOODS_1_115,0.5566
2016-05-27,FOODS_1_115,0.606
2016-05-28,FOODS_1_115,0.6534
2016-05-29,FOODS_1_115,0.664
2016-05-30,FOODS_1_115,0.7795
2016-05-31,FOODS_1_115,0.6291
2016-06-01,FOODS_1_115,0.5316
2016-06-02,FOODS_1_115,0.6006
2016-06-03,FOODS_1_115,0.5613
2016-06-04,FOODS_1_115,0.6252
2016-06-05,FOODS_1_115,0.65
2016-06-06,FOODS_1_115,0.7358
2016-06-07,FOODS_1_115,0.6264
2016-06-08,FOODS_1_115,0.5635
2016-06-09,FOODS_1_115,0.5546
2016-06-10,FOODS_1_115,0.5422
2016-06-11,FOODS_1_115,0.6386
2016-06-12,FOODS_1_115,0.5796
2016-06-13,FOODS_1_115,0.7593
2016-06-14,FOODS_1_115,0.6289
2016-06-15,FOODS_1_115,0.585
2016-06-16,FOODS_1_115,0.5969
2016-06-17,FOODS_1_115,0.5845
2016-06-18,FOODS_1_115,0.5581
2016-06-19,FOODS_1_115,0.5382
2016-06-20,FOODS_1_115,0.5964
2016-06-21,FOODS_1_115,0.4763
2016-05-23,FOODS_1_120,1.9554
2016-05-24,FOODS_1_120,1.5041
2016-05-25,FOODS_1_120,1.4515
2016-05-26,FOODS_1_120,1.2987
2016-05-27,FOODS_1_120,1.3262
2016-05-28,FOODS_1_120,1.4363
2016-05-29,FOODS_1_120,1.3711
2016-05-30,FOODS_1_120,1.7643
2016-05-31,FOODS_1_120,1.3529
2016-06-01,FOODS_1_120,1.2454
2016-06-02,FOODS_1_120,1.2857
2016-06-03,FOODS_1_120,1.3175
2016-06-04,FOODS_1_120,1.3778
2016-06-05,FOODS_1_120,1.3695
2016-06-06,FOODS_1_120,1.7109
2016-06-07,FOODS_1_120,1.3704
2016-06-08,FOODS_1_120,1.2151
2016-06-09,FOODS_1_120,1.152
2016-06-10,FOODS_1_120,1.1377
2016-06-11,FOODS_1_120,1.2502
2016-06-12,FOODS_1_120,1.2565
2016-06-13,FOODS_1_120,1.4705
2016-06-14,FOODS_1_120,1.229
2016-06-15,FOODS_1_120,1.0526
2016-06-16,FOODS_1_120,1.2446
2016-06-17,FOODS_1_120,1.0669
2016-06-18,FOODS_1_120,1.2595
2016-06-19,FOODS_1_120,1.2595
2016-06-20,FOODS_1_120,1.5249
2016-06-21,FOODS_1_120,1.2636
2016-05-23,FOODS_1_127,1.4982
2016-05-24,FOODS_1_127,1.0964
2016-05-25,FOODS_1_127,1.0878
2016-05-26,FOODS_1_127,1.0753
2016-05-27,FOODS_1_127,1.0763
2016-05-28,FOODS_1_127,1.2515
2016-05-29,FOODS_1_127,1.0682
2016-05-30,FOODS_1_127,1.4431
2016-05-31,FOODS_1_127,1.1061
2016-06-01,FOODS_1_127,1.066
2016-06-02,FOODS_1_127,0.9465
2016-06-03,FOODS_1_127,0.9729
2016-06-04,FOODS_1_127,1.1172
2016-06-05,FOODS_1_127,1.0145
2016-06-06,FOODS_1_127,1.2351
2016-06-07,FOODS_1_127,0.8969
2016-06-08,FOODS_1_127,0.7967
2016-06-09,FOODS_1_127,0.7842
2016-06-10,FOODS_1_127,0.8929
2016-06-11,FOODS_1_127,0.803
2016-06-12,FOODS_1_127,0.8255
2016-06-13,FOODS_1_127,1.025
2016-06-14,FOODS_1_127,0.919
2016-06-15,FOODS_1_127,0.8518
2016-06-16,FOODS_1_127,0.7632
2016-06-17,FOODS_1_127,0.7789
2016-06-18,FOODS_1_127,1.0166
2016-06-19,FOODS_1_127,0.7955
2016-06-20,FOODS_1_127,0.935
2016-06-21,FOODS_1_127,0.7614
2016-05-23,FOODS_1_130,3.2368
2016-05-24,FOODS_1_130,2.4205
2016-05-25,FOODS_1_130,2.1223
2016-05-26,FOODS_1_130,2.0922
2016-05-27,FOODS_1_130,2.0603
2016-05-28,FOODS_1_130,2.4385
2016-05-29,FOODS_1_130,2.3516
2016-05-30,FOODS_1_130,3.3321
2016-05-31,FOODS_1_130,2.3521
2016-06-01,FOODS_1_130,2.1545
2016-06-02,FOODS_1_130,2.0769
2016-06-03,FOODS_1_130,2.0824
2016-06-04,FOODS_1_130,2.3255
2016-06-05,FOODS_1_130,2.3357
2016-06-06,FOODS_1_130,2.7141
2016-06-07,FOODS_1_130,2.0202
2016-06-08,FOODS_1_130,1.6371
2016-06-09,FOODS_1_130,1.6914
2016-06-10,FOODS_1_130,1.799
2016-06-11,FOODS_1_130,1.9434
2016-06-12,FOODS_1_130,1.7582
2016-06-13,FOODS_1_130,3.1504
2016-06-14,FOODS_1_130,1.9911
2016-06-15,FOODS_1_130,1.8529
2016-06-16,FOODS_1_130,1.7288
2016-06-17,FOODS_1_130,1.8852
2016-06-18,FOODS_1_130,2.0805
2016-06-19,FOODS_1_130,2.3769
2016-06-20,FOODS_1_130,2.9518
2016-06-21,FOODS_1_130,2.1681
2016-05-23,FOODS_1_132,0.9643
2016-05-24,FOODS_1_132,0.7899
2016-05-25,FOODS_1_132,0.7211
2016-05-26,FOODS_1_132,0.6797
2016-05-27,FOODS_1_132,0.7308
2016-05-28,FOODS_1_132,0.8439
2016-05-29,FOODS_1_132,0.8027
2016-05-30,FOODS_1_132,0.8932
2016-05-31,FOODS_1_132,0.7126
2016-06-01,FOODS_1_132,0.6435
2016-06-02,FOODS_1_132,0.6348
2016-06-03,FOODS_1_132,0.6451
2016-06-04,FOODS_1_132,0.825
2016-06-05,FOODS_1_132,0.7362
2016-06-06,FOODS_1_132,0.8014
2016-06-07,FOODS_1_132,0.8031
2016-06-08,FOODS_1_132,0.7469
2016-06-09,FOODS_1_132,0.6345
2016-06-10,FOODS_1_132,0.725
2016-06-11,FOODS_1_132,0.6989
2016-06-12,FOODS_1_132,0.7822
2016-06-13,FOODS_1_132,0.7857
2016-06-14,FOODS_1_132,0.7427
2016-06-15,FOODS_1_132,0.6755
2016-06-16,FOODS_1_132,0.692
2016-06-17,FOODS_1_132,0.6849
2016-06-18,FOODS_1_132,0.6861
2016-06-19,FOODS_1_132,0.696
2016-06-20,FOODS_1_132,0.5602
2016-06-21,FOODS_1_132,0.4439
2016-05-23,FOODS_1_134,1.334
2016-05-24,FOODS_1_134,1.1005
2016-05-25,FOODS_1_134,1.0312
2016-05-26,FOODS_1_134,1.0801
2016-05-27,FOODS_1_134,1.1219
2016-05-28,FOODS_1_134,1.3103
2016-05-29,FOODS_1_134,1.3
2016-05-30,FOODS_1_134,1.507
2016-05-31,FOODS_1_134,1.2737
2016-06-01,FOODS_1_134,1.1349
2016-06-02,FOODS_1_134,1.1619
2016-06-03,FOODS_1_134,1.1801
2016-06-04,FOODS_1_134,1.4005
2016-06-05,FOODS_1_134,1.4617
2016-06-06,FOODS_1_134,1.379
2016-06-07,FOODS_1_134,1.1881
2016-06-08,FOODS_1_134,0.9636
2016-06-09,FOODS_1_134,0.9534
2016-06-10,FOODS_1_134,0.9026
2016-06-11,FOODS_1_134,1.1482
2016-06-12,FOODS_1_134,1.103
2016-06-13,FOODS_1_134,1.3862
2016-06-14,FOODS_1_134,1.0854
2016-06-15,FOODS_1_134,0.9179
2016-06-16,FOODS_1_134,0.9233
2016-06-17,FOODS_1_134,0.9732
2016-06-18,FOODS_1_134,1.0425
2016-06-19,FOODS_1_134,0.9296
2016-06-20,FOODS_1_134,1.1982
2016-06-21,FOODS_1_134,0.8747
2016-05-23,FOODS_1_137,0.5874
2016-05-24,FOODS_1_137,1.5538
2016-05-25,FOODS_1_137,2.0369
2016-05-26,FOODS_1_137,2.0247
2016-05-27,FOODS_1_137,2.5661
2016-05-28,FOODS_1_137,2.757
2016-05-29,FOODS_1_137,2.733
2016-05-30,FOODS_1_137,2.3242
2016-05-31,FOODS_1_137,1.9553
2016-06-01,FOODS_1_137,1.4609
2016-06-02,FOODS_1_137,1.5867
2016-06-03,FOODS_1_137,2.0727
2016-06-04,FOODS_1_137,2.1781
2016-06-05,FOODS_1_137,2.2652
2016-06-06,FOODS_1_137,2.0225
2016-06-07,FOODS_1_137,1.6313
2016-06-08,FOODS_1_137,1.3802
2016-06-09,FOODS_1_137,1.7072
2016-06-10,FOODS_1_137,1.8829
2016-06-11,FOODS_1_137,1.6688
2016-06-12,FOODS_1_137,1.6768
2016-06-13,FOODS_1_137,1.9257
2016-06-14,FOODS_1_137,1.4319
2016-06-15,FOODS_1_137,1.4963
2016-06-16,FOODS_1_137,1.4324
2016-06-17,FOODS_1_137,1.4229
2016-06-18,FOODS_1_137,1.5777
2016-06-19,FOODS_1_137,1.5128
2016-06-20,FOODS_1_137,1.8882
2016-06-21,FOODS_1_137,1.357
2016-05-23,FOODS_1_138,1.147
2016-05-24,FOODS_1_138,1.0262
2016-05-25,FOODS_1_138,0.8737
2016-05-26,FOODS_1_138,0.9586
2016-05-27,FOODS_1_138,1.0208
2016-05-28,FOODS_1_138,1.2486
2016-05-29,FOODS_1_138,1.2034
2016-05-30,FOODS_1_138,1.3599
2016-05-31,FOODS_1_138,1.053
2016-06-01,FOODS_1_138,0.9305
2016-06-02,FOODS_1_138,0.8909
2016-06-03,FOODS_1_138,0.7687
2016-06-04,FOODS_1_138,0.8824
2016-06-05,FOODS_1_138,0.8842
2016-06-06,FOODS_1_138,0.91
2016-06-07,FOODS_1_138,0.6829
2016-06-08,FOODS_1_138,0.6298
2016-06-09,FOODS_1_138,0.5354
2016-06-10,FOODS_1_138,0.5514
2016-06-11,FOODS_1_138,0.544
2016-06-12,FOODS_1_138,0.5522
2016-06-13,FOODS_1_138,0.7023
2016-06-14,FOODS_1_138,0.6148
2016-06-15,FOODS_1_138,0.4925
2016-06-16,FOODS_1_138,0.4691
2016-06-17,FOODS_1_138,0.4455
2016-06-18,FOODS_1_138,0.4789
2016-06-19,FOODS_1_138,0.4973
2016-06-20,FOODS_1_138,0.5663
2016-06-21,FOODS_1_138,0.4801
2016-05-23,FOODS_1_139,5.0091
2016-05-24,FOODS_1_139,3.7685
2016-05-25,FOODS_1_139,3.3282
2016-05-26,FOODS_1_139,3.5845
2016-05-27,FOODS_1_139,3.5509
2016-05-28,FOODS_1_139,4.1473
2016-05-29,FOODS_1_139,4.5183
2016-05-30,FOODS_1_139,5.1195
2016-05-31,FOODS_1_139,3.9764
2016-06-01,FOODS_1_139,3.3096
2016-06-02,FOODS_1_139,3.3399
2016-06-03,FOODS_1_139,3.2871
2016-06-04,FOODS_1_139,3.7379
2016-06-05,FOODS_1_139,4.0331
2016-06-06,FOODS_1_139,4.74
2016-06-07,FOODS_1_139,3.476
2016-06-08,FOODS_1_139,2.9197
2016-06-09,FOODS_1_139,3.0264
2016-06-10,FOODS_1_139,3.1445
2016-06-11,FOODS_1_139,3.5575
2016-06-12,FOODS_1_139,3.6685
2016-06-13,FOODS_1_139,4.4943
2016-06-14,FOODS_1_139,3.2962
2016-06-15,FOODS_1_139,2.833
2016-06-16,FOODS_1_139,2.9686
2016-06-17,FOODS_1_139,2.8667
2016-06-18,FOODS_1_139,3.5705
2016-06-19,FOODS_1_139,3.6512
2016-06-20,FOODS_1_139,4.5058
2016-06-21,FOODS_1_139,3.2718
2016-05-23,FOODS_1_146,1.5814
2016-05-24,FOODS_1_146,1.2576
2016-05-25,FOODS_1_146,1.0904
2016-05-26,FOODS_1_146,1.0764
2016-05-27,FOODS_1_146,1.0962
2016-05-28,FOODS_1_146,1.2448
2016-05-29,FOODS_1_146,1.1978
2016-05-30,FOODS_1_146,1.5466
2016-05-31,FOODS_1_146,1.0634
2016-06-01,FOODS_1_146,0.9496
2016-06-02,FOODS_1_146,0.9543
2016-06-03,FOODS_1_146,1.0021
2016-06-04,FOODS_1_146,1.0763
2016-06-05,FOODS_1_146,1.1139
2016-06-06,FOODS_1_146,1.3954
2016-06-07,FOODS_1_146,0.9422
2016-06-08,FOODS_1_146,0.8267
2016-06-09,FOODS_1_146,0.7746
2016-06-10,FOODS_1_146,0.7755
2016-06-11,FOODS_1_146,0.9255
2016-06-12,FOODS_1_146,1.0147
2016-06-13,FOODS_1_146,1.262
2016-06-14,FOODS_1_146,0.8623
2016-06-15,FOODS_1_146,0.7113
2016-06-16,FOODS_1_146,0.7189
2016-06-17,FOODS_1_146,0.715
2016-06-18,FOODS_1_146,0.8043
2016-06-19,FOODS_1_146,0.8678
2016-06-20,FOODS_1_146,1.1734
2016-06-21,FOODS_1_146,0.7093
2016-05-23,FOODS_1_152,1.2491
2016-05-24,FOODS_1_152,0.9441
2016-05-25,FOODS_1_152,0.8852
2016-05-26,FOODS_1_152,0.8634
2016-05-27,FOODS_1_152,0.8584
2016-05-28,FOODS_1_152,0.9411
2016-05-29,FOODS_1_152,0.9223
2016-05-30,FOODS_1_152,1.163
2016-05-31,FOODS_1_152,0.8528
2016-06-01,FOODS_1_152,0.7725
2016-06-02,FOODS_1_152,0.7331
2016-06-03,FOODS_1_152,0.7313
2016-06-04,FOODS_1_152,0.7554
2016-06-05,FOODS_1_152,0.8369
2016-06-06,FOODS_1_152,1.006
2016-06-07,FOODS_1_152,0.7392
2016-06-08,FOODS_1_152,0.5857
2016-06-09,FOODS_1_152,0.6199
2016-06-10,FOODS_1_152,0.5983
2016-06-11,FOODS_1_152,0.7365
2016-06-12,FOODS_1_152,0.7213
2016-06-13,FOODS_1_152,0.8335
2016-06-14,FOODS_1_152,0.6843
2016-06-15,FOODS_1_152,0.6099
2016-06-16,FOODS_1_152,0.5705
2016-06-17,FOODS_1_152,0.5613
2016-06-18,FOODS_1_152,0.6701
2016-06-19,FOODS_1_152,0.6625
2016-06-20,FOODS_1_152,0.7756
2016-06-21,FOODS_1_152,0.611
2016-05-23,FOODS_1_153,2.6851
2016-05-24,FOODS_1_153,2.6307
2016-05-25,FOODS_1_153,2.1648
2016-05-26,FOODS_1_153,2.1026
2016-05-27,FOODS_1_153,2.0213
2016-05-28,FOODS_1_153,2.5576
2016-05-29,FOODS_1_153,2.5796
2016-05-30,FOODS_1_153,3.6081
2016-05-31,FOODS_1_153,2.7729
2016-06-01,FOODS_1_153,2.1627
2016-06-02,FOODS_1_153,2.1698
2016-06-03,FOODS_1_153,1.9767
2016-06-04,FOODS_1_153,2.254
2016-06-05,FOODS_1_153,2.2564
2016-06-06,FOODS_1_153,2.6153
2016-06-07,FOODS_1_153,2.0925
2016-06-08,FOODS_1_153,1.3258
2016-06-09,FOODS_1_153,1.47
2016-06-10,FOODS_1_153,1.8781
2016-06-11,FOODS_1_153,2.4491
2016-06-12,FOODS_1_153,2.3945
2016-06-13,FOODS_1_153,3.1941
2016-06-14,FOODS_1_153,2.2243
2016-06-15,FOODS_1_153,1.8968
2016-06-16,FOODS_1_153,2.0444
2016-06-17,FOODS_1_153,1.9139
2016-06-18,FOODS_1_153,2.0946
2016-06-19,FOODS_1_153,1.915
2016-06-20,FOODS_1_153,2.7608
2016-06-21,FOODS_1_153,1.7863
2016-05-23,FOODS_1_154,2.2615
2016-05-24,FOODS_1_154,2.5437
2016-05-25,FOODS_1_154,2.6313
2016-05-26,FOODS_1_154,2.5527
2016-05-27,FOODS_1_154,2.6574
2016-05-28,FOODS_1_154,3.2073
2016-05-29,FOODS_1_154,3.0078
2016-05-30,FOODS_1_154,3.3656
2016-05-31,FOODS_1_154,2.4622
2016-06-01,FOODS_1_154,2.0531
2016-06-02,FOODS_1_154,2.8053
2016-06-03,FOODS_1_154,2.9005
2016-06-04,FOODS_1_154,3.3304
2016-06-05,FOODS_1_154,3.3558
2016-06-06,FOODS_1_154,2.56
2016-06-07,FOODS_1_154,2.3635
2016-06-08,FOODS_1_154,2.1134
2016-06-09,FOODS_1_154,2.5488
2016-06-10,FOODS_1_154,2.8815
2016-06-11,FOODS_1_154,3.5375
2016-06-12,FOODS_1_154,3.1928
2016-06-13,FOODS_1_154,3.283
2016-06-14,FOODS_1_154,2.71
2016-06-15,FOODS_1_154,2.7843
2016-06-16,FOODS_1_154,2.2769
2016-06-17,FOODS_1_154,2.6761
2016-06-18,FOODS_1_154,3.3225
2016-06-19,FOODS_1_154,2.7114
2016-06-20,FOODS_1_154,2.7567
2016-06-21,FOODS_1_154,1.943
2016-05-23,FOODS_1_158,0.7468
2016-05-24,FOODS_1_158,0.5709
2016-05-25,FOODS_1_158,0.4892
2016-05-26,FOODS_1_158,0.4433
2016-05-27,FOODS_1_158,0.4882
2016-05-28,FOODS_1_158,0.5117
2016-05-29,FOODS_1_158,0.4298
2016-05-30,FOODS_1_158,0.5623
2016-05-31,FOODS_1_158,0.5354
2016-06-01,FOODS_1_158,0.3833
2016-06-02,FOODS_1_158,0.3678
2016-06-03,FOODS_1_158,0.3604
2016-06-04,FOODS_1_158,0.4186
2016-06-05,FOODS_1_158,0.3776
2016-06-06,FOODS_1_158,0.5586
2016-06-07,FOODS_1_158,0.4477
2016-06-08,FOODS_1_158,0.3693
2016-06-09,FOODS_1_158,0.3533
2016-06-10,FOODS_1_158,0.3133
2016-06-11,FOODS_1_158,0.3665
2016-06-12,FOODS_1_158,0.3541
2016-06-13,FOODS_1_158,0.4945
2016-06-14,FOODS_1_158,0.4101
2016-06-15,FOODS_1_158,0.3359
2016-06-16,FOODS_1_158,0.3082
2016-06-17,FOODS_1_158,0.302
2016-06-18,FOODS_1_158,0.3157
2016-06-19,FOODS_1_158,0.3076
2016-06-20,FOODS_1_158,0.521
2016-06-21,FOODS_1_158,0.3228
2016-05-23,FOODS_1_161,3.9983
2016-05-24,FOODS_1_161,3.5288
2016-05-25,FOODS_1_161,3.0761
2016-05-26,FOODS_1_161,2.9178
2016-05-27,FOODS_1_161,2.9137
2016-05-28,FOODS_1_161,3.425
2016-05-29,FOODS_1_161,3.4811
2016-05-30,FOODS_1_161,4.1619
2016-05-31,FOODS_1_161,3.5275
2016-06-01,FOODS_1_161,3.3123
2016-06-02,FOODS_1_161,3.0211
2016-06-03,FOODS_1_161,3.076
2016-06-04,FOODS_1_161,4.1157
2016-06-05,FOODS_1_161,4.0357
2016-06-06,FOODS_1_161,4.9551
2016-06-07,FOODS_1_161,4.115
2016-06-08,FOODS_1_161,3.6715
2016-06-09,FOODS_1_161,3.5746
2016-06-10,FOODS_1_161,3.373
2016-06-11,FOODS_1_161,3.9718
2016-06-12,FOODS_1_161,4.3611
2016-06-13,FOODS_1_161,5.096
2016-06-14,FOODS_1_161,4.4172
2016-06-15,FOODS_1_161,3.8156
2016-06-16,FOODS_1_161,3.7436
2016-06-17,FOODS_1_161,3.4753
2016-06-18,FOODS_1_161,4.0884
2016-06-19,FOODS_1_161,4.2958
2016-06-20,FOODS_1_161,5.2893
2016-06-21,FOODS_1_161,4.2914
2016-05-23,FOODS_1_162,3.5196
2016-05-24,FOODS_1_162,3.0873
2016-05-25,FOODS_1_162,2.6897
2016-05-26,FOODS_1_162,2.5512
2016-05-27,FOODS_1_162,2.5197
2016-05-28,FOODS_1_162,2.8528
2016-05-29,FOODS_1_162,2.7261
2016-05-30,FOODS_1_162,3.6856
2016-05-31,FOODS_1_162,3.2239
2016-06-01,FOODS_1_162,2.7547
2016-06-02,FOODS_1_162,2.64
2016-06-03,FOODS_1_162,2.6082
2016-06-04,FOODS_1_162,2.916
2016-06-05,FOODS_1_162,2.9765
2016-06-06,FOODS_1_162,3.12
2016-06-07,FOODS_1_162,2.3453
2016-06-08,FOODS_1_162,1.8131
2016-06-09,FOODS_1_162,2.0863
2016-06-10,FOODS_1_162,2.1193
2016-06-11,FOODS_1_162,2.4241
2016-06-12,FOODS_1_162,2.3707
2016-06-13,FOODS_1_162,3.1991
2016-06-14,FOODS_1_162,2.3352
2016-06-15,FOODS_1_162,2.0124
2016-06-16,FOODS_1_162,1.631
2016-06-17,FOODS_1_162,2.2797
2016-06-18,FOODS_1_162,2.5389
2016-06-19,FOODS_1_162,2.1573
2016-06-20,FOODS_1_162,2.7956
2016-06-21,FOODS_1_162,1.6903
2016-05-23,FOODS_1_163,0.853
2016-05-24,FOODS_1_163,1.0897
2016-05-25,FOODS_1_163,0.9373
2016-05-26,FOODS_1_163,0.9455
2016-05-27,FOODS_1_163,0.972
2016-05-28,FOODS_1_163,1.0471
2016-05-29,FOODS_1_163,1.0063
2016-05-30,FOODS_1_163,0.9315
2016-05-31,FOODS_1_163,0.8265
2016-06-01,FOODS_1_163,0.7967
2016-06-02,FOODS_1_163,0.8174
2016-06-03,FOODS_1_163,0.8369
2016-06-04,FOODS_1_163,1.0326
2016-06-05,FOODS_1_163,1.0343
2016-06-06,FOODS_1_163,1.1174
2016-06-07,FOODS_1_163,0.8087
2016-06-08,FOODS_1_163,0.7499
2016-06-09,FOODS_1_163,0.8283
2016-06-10,FOODS_1_163,0.9405
2016-06-11,FOODS_1_163,1.1273
2016-06-12,FOODS_1_163,1.1262
2016-06-13,FOODS_1_163,1.2259
2016-06-14,FOODS_1_163,0.9977
2016-06-15,FOODS_1_163,0.9222
2016-06-16,FOODS_1_163,1.024
2016-06-17,FOODS_1_163,1.0307
2016-06-18,FOODS_1_163,1.1538
2016-06-19,FOODS_1_163,1.0858
2016-06-20,FOODS_1_163,1.2241
2016-06-21,FOODS_1_163,0.9276
2016-05-23,FOODS_1_166,2.6679
2016-05-24,FOODS_1_166,2.1541
2016-05-25,FOODS_1_166,1.763
2016-05-26,FOODS_1_166,1.8509
2016-05-27,FOODS_1_166,1.8483
2016-05-28,FOODS_1_166,2.1752
2016-05-29,FOODS_1_166,2.0238
2016-05-30,FOODS_1_166,2.7325
2016-05-31,FOODS_1_166,2.128
2016-06-01,FOODS_1_166,1.4033
2016-06-02,FOODS_1_166,1.4271
2016-06-03,FOODS_1_166,1.8357
2016-06-04,FOODS_1_166,1.9434
2016-06-05,FOODS_1_166,2.0362
2016-06-06,FOODS_1_166,2.4218
2016-06-07,FOODS_1_166,1.9574
2016-06-08,FOODS_1_166,1.1749
2016-06-09,FOODS_1_166,1.4423
2016-06-10,FOODS_1_166,1.4493
2016-06-11,FOODS_1_166,1.8751
2016-06-12,FOODS_1_166,1.6902
2016-06-13,FOODS_1_166,2.2706
2016-06-14,FOODS_1_166,1.7419
2016-06-15,FOODS_1_166,1.2189
2016-06-16,FOODS_1_166,1.1288
2016-06-17,FOODS_1_166,1.2419
2016-06-18,FOODS_1_166,1.4777
2016-06-19,FOODS_1_166,1.5482
2016-06-20,FOODS_1_166,2.2822
2016-06-21,FOODS_1_166,1.596
2016-05-23,FOODS_1_167,0.6612
2016-05-24,FOODS_1_167,0.6223
2016-05-25,FOODS_1_167,0.5215
2016-05-26,FOODS_1_167,0.5413
2016-05-27,FOODS_1_167,0.4745
2016-05-28,FOODS_1_167,0.4969
2016-05-29,FOODS_1_167,0.4863
2016-05-30,FOODS_1_167,0.5181
2016-05-31,FOODS_1_167,0.4973
2016-06-01,FOODS_1_167,0.4465
2016-06-02,FOODS_1_167,0.4377
2016-06-03,FOODS_1_167,0.4524
2016-06-04,FOODS_1_167,0.5256
2016-06-05,FOODS_1_167,0.5242
2016-06-06,FOODS_1_167,0.513
2016-06-07,FOODS_1_167,0.4954
2016-06-08,FOODS_1_167,0.4488
2016-06-09,FOODS_1_167,0.4909
2016-06-10,FOODS_1_167,0.4071
2016-06-11,FOODS_1_167,0.4721
2016-06-12,FOODS_1_167,0.4778
2016-06-13,FOODS_1_167,0.4857
2016-06-14,FOODS_1_167,0.4684
2016-06-15,FOODS_1_167,0.4582
2016-06-16,FOODS_1_167,0.4233
2016-06-17,FOODS_1_167,0.4134
2016-06-18,FOODS_1_167,0.4174
2016-06-19,FOODS_1_167,0.4141
2016-06-20,FOODS_1_167,0.4358
2016-06-21,FOODS_1_167,0.3804
2016-05-23,FOODS_1_170,3.1163
2016-05-24,FOODS_1_170,3.2026
2016-05-25,FOODS_1_170,2.6309
2016-05-26,FOODS_1_170,2.6758
2016-05-27,FOODS_1_170,2.7456
2016-05-28,FOODS_1_170,3.0968
2016-05-29,FOODS_1_170,3.1888
2016-05-30,FOODS_1_170,3.3392
2016-05-31,FOODS_1_170,2.6105
2016-06-01,FOODS_1_170,2.2594
2016-06-02,FOODS_1_170,2.3046
2016-06-03,FOODS_1_170,2.2679
2016-06-04,FOODS_1_170,2.7172
2016-06-05,FOODS_1_170,2.5194
2016-06-06,FOODS_1_170,2.9999
2016-06-07,FOODS_1_170,2.2685
2016-06-08,FOODS_1_170,1.6815
2016-06-09,FOODS_1_170,1.898
2016-06-10,FOODS_1_170,2.0595
2016-06-11,FOODS_1_170,2.531
2016-06-12,FOODS_1_170,2.4898
2016-06-13,FOODS_1_170,2.665
2016-06-14,FOODS_1_170,1.8801
2016-06-15,FOODS_1_170,1.4978
2016-06-16,FOODS_1_170,1.71
2016-06-17,FOODS_1_170,1.9367
2016-06-18,FOODS_1_170,2.2039
2016-06-19,FOODS_1_170,1.4691
2016-06-20,FOODS_1_170,2.7065
2016-06-21,FOODS_1_170,1.7706
2016-05-23,FOODS_1_172,3.1551
2016-05-24,FOODS_1_172,2.5442
2016-05-25,FOODS_1_172,2.1503
2016-05-26,FOODS_1_172,2.0615
2016-05-27,FOODS_1_172,2.1112
2016-05-28,FOODS_1_172,2.2823
2016-05-29,FOODS_1_172,1.9849
2016-05-30,FOODS_1_172,3.1616
2016-05-31,FOODS_1_172,2.437
2016-06-01,FOODS_1_172,1.5904
2016-06-02,FOODS_1_172,1.7266
2016-06-03,FOODS_1_172,1.7689
2016-06-04,FOODS_1_172,2.0431
2016-06-05,FOODS_1_172,1.9294
2016-06-06,FOODS_1_172,2.8413
2016-06-07,FOODS_1_172,2.0768
2016-06-08,FOODS_1_172,1.6933
2016-06-09,FOODS_1_172,1.6127
2016-06-10,FOODS_1_172,1.7767
2016-06-11,FOODS_1_172,2.1242
2016-06-12,FOODS_1_172,1.8386
2016-06-13,FOODS_1_172,2.8535
2016-06-14,FOODS_1_172,1.9559
2016-06-15,FOODS_1_172,1.5008
2016-06-16,FOODS_1_172,1.4617
2016-06-17,FOODS_1_172,1.4624
2016-06-18,FOODS_1_172,1.746
2016-06-19,FOODS_1_172,1.7878
2016-06-20,FOODS_1_172,2.9708
2016-06-21,FOODS_1_172,2.0286
2016-05-23,FOODS_1_173,3.2218
2016-05-24,FOODS_1_173,3.3223
2016-05-25,FOODS_1_173,3.1766
2016-05-26,FOODS_1_173,3.2094
2016-05-27,FOODS_1_173,3.3569
2016-05-28,FOODS_1_173,3.704
2016-05-29,FOODS_1_173,3.6631
2016-05-30,FOODS_1_173,4.1181
2016-05-31,FOODS_1_173,3.1044
2016-06-01,FOODS_1_173,2.9585
2016-06-02,FOODS_1_173,2.7333
2016-06-03,FOODS_1_173,3.2793
2016-06-04,FOODS_1_173,3.7125
2016-06-05,FOODS_1_173,3.653
2016-06-06,FOODS_1_173,3.5364
2016-06-07,FOODS_1_173,2.5956
2016-06-08,FOODS_1_173,2.1327
2016-06-09,FOODS_1_173,2.9565
2016-06-10,FOODS_1_173,3.3406
2016-06-11,FOODS_1_173,3.8718
2016-06-12,FOODS_1_173,3.9588
2016-06-13,FOODS_1_173,3.9568
2016-06-14,FOODS_1_173,3.0597
2016-06-15,FOODS_1_173,2.7781
2016-06-16,FOODS_1_173,3.321
2016-06-17,FOODS_1_173,2.9222
2016-06-18,FOODS_1_173,3.8359
2016-06-19,FOODS_1_173,3.7232
2016-06-20,FOODS_1_173,4.0644
2016-06-21,FOODS_1_173,3.1132
2016-05-23,FOODS_1_176,0.449
2016-05-24,FOODS_1_176,0.3732
2016-05-25,FOODS_1_176,0.3248
2016-05-26,FOODS_1_176,0.3175
2016-05-27,FOODS_1_176,0.3082
2016-05-28,FOODS_1_176,0.3336
2016-05-29,FOODS_1_176,0.3146
2016-05-30,FOODS_1_176,0.3867
2016-05-31,FOODS_1_176,0.3226
2016-06-01,FOODS_1_176,0.2727
2016-06-02,FOODS_1_176,0.2651
2016-06-03,FOODS_1_176,0.2604
2016-06-04,FOODS_1_176,0.3122
2016-06-05,FOODS_1_176,0.3126
2016-06-06,FOODS_1_176,0.3597
2016-06-07,FOODS_1_176,0.3081
2016-06-08,FOODS_1_176,0.2761
2016-06-09,FOODS_1_176,0.2596
2016-06-10,FOODS_1_176,0.255
2016-06-11,FOODS_1_176,0.2749
2016-06-12,FOODS_1_176,0.2749
2016-06-13,FOODS_1_176,0.3254
2016-06-14,FOODS_1_176,0.2888
2016-06-15,FOODS_1_176,0.2825
2016-06-16,FOODS_1_176,0.2639
2016-06-17,FOODS_1_176,0.2592
2016-06-18,FOODS_1_176,0.2766
2016-06-19,FOODS_1_176,0.1883
2016-06-20,FOODS_1_176,0.2793
2016-06-21,FOODS_1_176,0.2236
2016-05-23,FOODS_1_181,4.8181
2016-05-24,FOODS_1_181,3.6652
2016-05-25,FOODS_1_181,3.3099
2016-05-26,FOODS_1_181,3.2682
2016-05-27,FOODS_1_181,3.2069
2016-05-28,FOODS_1_181,3.9661
2016-05-29,FOODS_1_181,4.0104
2016-05-30,FOODS_1_181,4.7117
2016-05-31,FOODS_1_181,3.7036
2016-06-01,FOODS_1_181,3.4486
2016-06-02,FOODS_1_181,3.5594
2016-06-03,FOODS_1_181,3.5849
2016-06-04,FOODS_1_181,4.3168
2016-06-05,FOODS_1_181,4.3137
2016-06-06,FOODS_1_181,4.6728
2016-06-07,FOODS_1_181,3.4998
2016-06-08,FOODS_1_181,3.1949
2016-06-09,FOODS_1_181,3.3733
2016-06-10,FOODS_1_181,3.4343
2016-06-11,FOODS_1_181,3.7118
2016-06-12,FOODS_1_181,3.8576
2016-06-13,FOODS_1_181,4.1631
2016-06-14,FOODS_1_181,3.3345
2016-06-15,FOODS_1_181,2.9251
2016-06-16,FOODS_1_181,3.4976
2016-06-17,FOODS_1_181,3.2312
2016-06-18,FOODS_1_181,3.9122
2016-06-19,FOODS_1_181,4.2169
2016-06-20,FOODS_1_181,4.5151
2016-06-21,FOODS_1_181,3.3361
2016-05-23,FOODS_1_183,3.3298
2016-05-24,FOODS_1_183,2.4652
2016-05-25,FOODS_1_183,2.0305
2016-05-26,FOODS_1_183,2.0522
2016-05-27,FOODS_1_183,2.0605
2016-05-28,FOODS_1_183,2.4017
2016-05-29,FOODS_1_183,2.4254
2016-05-30,FOODS_1_183,3.1721
2016-05-31,FOODS_1_183,2.4517
2016-06-01,FOODS_1_183,1.9409
2016-06-02,FOODS_1_183,1.9689
2016-06-03,FOODS_1_183,1.9477
2016-06-04,FOODS_1_183,2.1995
2016-06-05,FOODS_1_183,2.2245
2016-06-06,FOODS_1_183,2.8858
2016-06-07,FOODS_1_183,2.1102
2016-06-08,FOODS_1_183,1.6558
2016-06-09,FOODS_1_183,1.6536
2016-06-10,FOODS_1_183,1.7824
2016-06-11,FOODS_1_183,2.0489
2016-06-12,FOODS_1_183,2.0464
2016-06-13,FOODS_1_183,3.0074
2016-06-14,FOODS_1_183,2.0986
2016-06-15,FOODS_1_183,1.6607
2016-06-16,FOODS_1_183,1.5735
2016-06-17,FOODS_1_183,1.8233
2016-06-18,FOODS_1_183,2.0208
2016-06-19,FOODS_1_183,2.0208
2016-06-20,FOODS_1_183,2.9507
2016-06-21,FOODS_1_183,2.1946
2016-05-23,FOODS_1_184,2.0195
2016-05-24,FOODS_1_184,1.6051
2016-05-25,FOODS_1_184,1.4914
2016-05-26,FOODS_1_184,1.563
2016-05-27,FOODS_1_184,1.6637
2016-05-28,FOODS_1_184,1.7549
2016-05-29,FOODS_1_184,1.8155
2016-05-30,FOODS_1_184,2.082
2016-05-31,FOODS_1_184,1.5925
2016-06-01,FOODS_1_184,1.4399
2016-06-02,FOODS_1_184,1.3962
2016-06-03,FOODS_1_184,1.4988
2016-06-04,FOODS_1_184,1.5073
2016-06-05,FOODS_1_184,1.5855
2016-06-06,FOODS_1_184,2.0697
2016-06-07,FOODS_1_184,1.5665
2016-06-08,FOODS_1_184,1.371
2016-06-09,FOODS_1_184,1.2565
2016-06-10,FOODS_1_184,1.3287
2016-06-11,FOODS_1_184,1.4792
2016-06-12,FOODS_1_184,1.5007
2016-06-13,FOODS_1_184,1.699
2016-06-14,FOODS_1_184,1.4243
2016-06-15,FOODS_1_184,1.3843
2016-06-16,FOODS_1_184,1.2201
2016-06-17,FOODS_1_184,1.2809
2016-06-18,FOODS_1_184,1.4286
2016-06-19,FOODS_1_184,1.6007
2016-06-20,FOODS_1_184,1.8675
2016-06-21,FOODS_1_184,1.3394
2016-05-23,FOODS_1_194,2.7532
2016-05-24,FOODS_1_194,2.2177
2016-05-25,FOODS_1_194,1.9309
2016-05-26,FOODS_1_194,2.0751
2016-05-27,FOODS_1_194,2.0279
2016-05-28,FOODS_1_194,2.3641
2016-05-29,FOODS_1_194,2.419
2016-05-30,FOODS_1_194,3.0389
2016-05-31,FOODS_1_194,2.387
2016-06-01,FOODS_1_194,1.7356
2016-06-02,FOODS_1_194,2.0105
2016-06-03,FOODS_1_194,2.0328
2016-06-04,FOODS_1_194,2.1987
2016-06-05,FOODS_1_194,2.112
2016-06-06,FOODS_1_194,2.4183
2016-06-07,FOODS_1_194,1.5388
2016-06-08,FOODS_1_194,1.2723
2016-06-09,FOODS_1_194,1.362
2016-06-10,FOODS_1_194,1.727
2016-06-11,FOODS_1_194,1.968
2016-06-12,FOODS_1_194,2.1248
2016-06-13,FOODS_1_194,2.6138
2016-06-14,FOODS_1_194,1.9829
2016-06-15,FOODS_1_194,1.7121
2016-06-16,FOODS_1_194,1.6414
2016-06-17,FOODS_1_194,1.6007
2016-06-18,FOODS_1_194,1.8032
2016-06-19,FOODS_1_194,1.8131
2016-06-20,FOODS_1_194,2.2293
2016-06-21,FOODS_1_194,1.4362
2016-05-23,FOODS_1_200,9.0724
2016-05-24,FOODS_1_200,7.4711
2016-05-25,FOODS_1_200,6.9906
2016-05-26,FOODS_1_200,6.8466
2016-05-27,FOODS_1_200,7.7245
2016-05-28,FOODS_1_200,9.0892
2016-05-29,FOODS_1_200,8.3565
2016-05-30,FOODS_1_200,9.9416
2016-05-31,FOODS_1_200,7.7683
2016-06-01,FOODS_1_200,7.4726
2016-06-02,FOODS_1_200,6.7081
2016-06-03,FOODS_1_200,7.1643
2016-06-04,FOODS_1_200,8.3172
2016-06-05,FOODS_1_200,8.0367
2016-06-06,FOODS_1_200,10.0121
2016-06-07,FOODS_1_200,7.9732
2016-06-08,FOODS_1_200,6.9416
2016-06-09,FOODS_1_200,6.8325
2016-06-10,FOODS_1_200,7.4995
2016-06-11,FOODS_1_200,8.2231
2016-06-12,FOODS_1_200,8.2447
2016-06-13,FOODS_1_200,10.0775
2016-06-14,FOODS_1_200,7.9522
2016-06-15,FOODS_1_200,6.9185
2016-06-16,FOODS_1_200,6.7673
2016-06-17,FOODS_1_200,7.0423
2016-06-18,FOODS_1_200,8.709
2016-06-19,FOODS_1_200,8.2513
2016-06-20,FOODS_1_200,10.3537
2016-06-21,FOODS_1_200,7.9915
2016-05-23,FOODS_1_201,2.6967
2016-05-24,FOODS_1_201,2.248
2016-05-25,FOODS_1_201,1.8044
2016-05-26,FOODS_1_201,1.6373
2016-05-27,FOODS_1_201,1.7032
2016-05-28,FOODS_1_201,2.0849
2016-05-29,FOODS_1_201,1.9393
2016-05-30,FOODS_1_201,2.7296
2016-05-31,FOODS_1_201,2.2451
2016-06-01,FOODS_1_201,1.5999
2016-06-02,FOODS_1_201,1.5132
2016-06-03,FOODS_1_201,1.6381
2016-06-04,FOODS_1_201,1.771
2016-06-05,FOODS_1_201,1.7026
2016-06-06,FOODS_1_201,2.1095
2016-06-07,FOODS_1_201,1.8079
2016-06-08,FOODS_1_201,1.1381
2016-06-09,FOODS_1_201,1.0432
2016-06-10,FOODS_1_201,1.2
2016-06-11,FOODS_1_201,1.4696
2016-06-12,FOODS_1_201,1.2646
2016-06-13,FOODS_1_201,1.8241
2016-06-14,FOODS_1_201,1.1984
2016-06-15,FOODS_1_201,0.9037
2016-06-16,FOODS_1_201,0.889
2016-06-17,FOODS_1_201,0.9768
2016-06-18,FOODS_1_201,1.1968
2016-06-19,FOODS_1_201,1.0691
2016-06-20,FOODS_1_201,1.4627
2016-06-21,FOODS_1_201,1.101
2016-05-23,FOODS_1_204,1.1605
2016-05-24,FOODS_1_204,1.2801
2016-05-25,FOODS_1_204,1.2909
2016-05-26,FOODS_1_204,1.4007
2016-05-27,FOODS_1_204,1.4714
2016-05-28,FOODS_1_204,1.7004
2016-05-29,FOODS_1_204,1.8167
2016-05-30,FOODS_1_204,1.3487
2016-05-31,FOODS_1_204,1.1956
2016-06-01,FOODS_1_204,1.2166
2016-06-02,FOODS_1_204,1.249
2016-06-03,FOODS_1_204,0.946
2016-06-04,FOODS_1_204,0.9832
2016-06-05,FOODS_1_204,0.9938
2016-06-06,FOODS_1_204,1.222
2016-06-07,FOODS_1_204,0.955
2016-06-08,FOODS_1_204,0.864
2016-06-09,FOODS_1_204,0.8605
2016-06-10,FOODS_1_204,0.8899
2016-06-11,FOODS_1_204,1.0809
2016-06-12,FOODS_1_204,1.2027
2016-06-13,FOODS_1_204,1.0584
2016-06-14,FOODS_1_204,0.8164
2016-06-15,FOODS_1_204,0.7959
2016-06-16,FOODS_1_204,0.774
2016-06-17,FOODS_1_204,0.7451
2016-06-18,FOODS_1_204,0.862
2016-06-19,FOODS_1_204,0.8775
2016-06-20,FOODS_1_204,0.9665
2016-06-21,FOODS_1_204,0.7519
2016-05-23,FOODS_1_206,3.2636
2016-05-24,FOODS_1_206,2.7257
2016-05-25,FOODS_1_206,2.3646
2016-05-26,FOODS_1_206,2.1836
2016-05-27,FOODS_1_206,2.0848
2016-05-28,FOODS_1_206,2.6329
2016-05-29,FOODS_1_206,2.4734
2016-05-30,FOODS_1_206,3.0311
2016-05-31,FOODS_1_206,2.3544
2016-06-01,FOODS_1_206,2.1137
2016-06-02,FOODS_1_206,2.0107
2016-06-03,FOODS_1_206,2.1278
2016-06-04,FOODS_1_206,2.6467
2016-06-05,FOODS_1_206,2.6167
2016-06-06,FOODS_1_206,2.8011
2016-06-07,FOODS_1_206,2.2383
2016-06-08,FOODS_1_206,1.732
2016-06-09,FOODS_1_206,1.6953
2016-06-10,FOODS_1_206,2.1327
2016-06-11,FOODS_1_206,2.3862
2016-06-12,FOODS_1_206,2.0994
2016-06-13,FOODS_1_206,2.7292
2016-06-14,FOODS_1_206,1.8063
2016-06-15,FOODS_1_206,1.7408
2016-06-16,FOODS_1_206,1.6042
2016-06-17,FOODS_1_206,1.8216
2016-06-18,FOODS_1_206,2.123
2016-06-19,FOODS_1_206,2.1386
2016-06-20,FOODS_1_206,2.7167
2016-06-21,FOODS_1_206,1.7648
2016-05-23,FOODS_1_207,1.9199
2016-05-24,FOODS_1_207,1.6298
2016-05-25,FOODS_1_207,1.3944
2016-05-26,FOODS_1_207,1.4109
2016-05-27,FOODS_1_207,1.4523
2016-05-28,FOODS_1_207,1.5644
2016-05-29,FOODS_1_207,1.558
2016-05-30,FOODS_1_207,1.9045
2016-05-31,FOODS_1_207,1.6412
2016-06-01,FOODS_1_207,1.4197
2016-06-02,FOODS_1_207,1.4229
2016-06-03,FOODS_1_207,1.3642
2016-06-04,FOODS_1_207,1.6138
2016-06-05,FOODS_1_207,1.5547
2016-06-06,FOODS_1_207,1.6726
2016-06-07,FOODS_1_207,1.6427
2016-06-08,FOODS_1_207,1.0907
2016-06-09,FOODS_1_207,1.0372
2016-06-10,FOODS_1_207,1.3457
2016-06-11,FOODS_1_207,1.298
2016-06-12,FOODS_1_207,1.3118
2016-06-13,FOODS_1_207,1.5157
2016-06-14,FOODS_1_207,1.4399
2016-06-15,FOODS_1_207,1.2068
2016-06-16,FOODS_1_207,1.3754
2016-06-17,FOODS_1_207,1.0846
2016-06-18,FOODS_1_207,1.3384
2016-06-19,FOODS_1_207,1.5459
2016-06-20,FOODS_1_207,1.7277
2016-06-21,FOODS_1_207,1.3771
2016-05-23,FOODS_1_208,1.8424
2016-05-24,FOODS_1_208,1.5351
2016-05-25,FOODS_1_208,1.4352
2016-05-26,FOODS_1_208,1.2896
2016-05-27,FOODS_1_208,1.3973
2016-05-28,FOODS_1_208,1.7654
2016-05-29,FOODS_1_208,1.7321
2016-05-30,FOODS_1_208,1.9691
2016-05-31,FOODS_1_208,1.6807
2016-06-01,FOODS_1_208,1.4844
2016-06-02,FOODS_1_208,1.3791
2016-06-03,FOODS_1_208,1.3859
2016-06-04,FOODS_1_208,1.5616
2016-06-05,FOODS_1_208,1.4073
2016-06-06,FOODS_1_208,1.7782
2016-06-07,FOODS_1_208,1.2077
2016-06-08,FOODS_1_208,1.0977
2016-06-09,FOODS_1_208,1.1946
2016-06-10,FOODS_1_208,1.2068
2016-06-11,FOODS_1_208,1.344
2016-06-12,FOODS_1_208,1.2834
2016-06-13,FOODS_1_208,1.4523
2016-06-14,FOODS_1_208,1.2466
2016-06-15,FOODS_1_208,1.14
2016-06-16,FOODS_1_208,1.1425
2016-06-17,FOODS_1_208,1.1651
2016-06-18,FOODS_1_208,1.2882
2016-06-19,FOODS_1_208,1.2564
2016-06-20,FOODS_1_208,1.4806
2016-06-21,FOODS_1_208,1.2291
2016-05-23,FOODS_1_217,3.1759
2016-05-24,FOODS_1_217,2.6176
2016-05-25,FOODS_1_217,2.4389
2016-05-26,FOODS_1_217,2.3497
2016-05-27,FOODS_1_217,2.4499
2016-05-28,FOODS_1_217,3.0699
2016-05-29,FOODS_1_217,2.7191
2016-05-30,FOODS_1_217,3.2343
2016-05-31,FOODS_1_217,2.3075
2016-06-01,FOODS_1_217,2.2832
2016-06-02,FOODS_1_217,2.2283
2016-06-03,FOODS_1_217,1.9564
2016-06-04,FOODS_1_217,2.5113
2016-06-05,FOODS_1_217,2.5916
2016-06-06,FOODS_1_217,2.2865
2016-06-07,FOODS_1_217,1.7022
2016-06-08,FOODS_1_217,1.5297
2016-06-09,FOODS_1_217,1.6474
2016-06-10,FOODS_1_217,2.1911
2016-06-11,FOODS_1_217,2.8744
2016-06-12,FOODS_1_217,2.9261
2016-06-13,FOODS_1_217,2.9988
2016-06-14,FOODS_1_217,2.6898
2016-06-15,FOODS_1_217,2.4886
2016-06-16,FOODS_1_217,2.483
2016-06-17,FOODS_1_217,1.9929
2016-06-18,FOODS_1_217,1.6648
2016-06-19,FOODS_1_217,2.2601
2016-06-20,FOODS_1_217,2.9793
2016-06-21,FOODS_1_217,2.0685
2016-05-23,FOODS_1_218,6.9617
2016-05-24,FOODS_1_218,7.0513
2016-05-25,FOODS_1_218,6.4756
2016-05-26,FOODS_1_218,6.5746
2016-05-27,FOODS_1_218,6.4666
2016-05-28,FOODS_1_218,8.5309
2016-05-29,FOODS_1_218,8.0621
2016-05-30,FOODS_1_218,9.9447
2016-05-31,FOODS_1_218,8.8529
2016-06-01,FOODS_1_218,7.9286
2016-06-02,FOODS_1_218,7.1279
2016-06-03,FOODS_1_218,7.3828
2016-06-04,FOODS_1_218,8.9297
2016-06-05,FOODS_1_218,9.4814
2016-06-06,FOODS_1_218,10.4169
2016-06-07,FOODS_1_218,8.023
2016-06-08,FOODS_1_218,6.999
2016-06-09,FOODS_1_218,7.3446
2016-06-10,FOODS_1_218,7.2757
2016-06-11,FOODS_1_218,9.6385
2016-06-12,FOODS_1_218,9.2479
2016-06-13,FOODS_1_218,10.1592
2016-06-14,FOODS_1_218,8.6183
2016-06-15,FOODS_1_218,7.8217
2016-06-16,FOODS_1_218,6.9539
2016-06-17,FOODS_1_218,6.9584
2016-06-18,FOODS_1_218,8.8091
2016-06-19,FOODS_1_218,8.8685
2016-06-20,FOODS_1_218,10.372
2016-06-21,FOODS_1_218,8.1177
2016-05-23,FOODS_1_219,3.7249
2016-05-24,FOODS_1_219,2.8659
2016-05-25,FOODS_1_219,2.5791
2016-05-26,FOODS_1_219,2.5257
2016-05-27,FOODS_1_219,2.4473
2016-05-28,FOODS_1_219,2.9249
2016-05-29,FOODS_1_219,2.9504
2016-05-30,FOODS_1_219,3.768
2016-05-31,FOODS_1_219,2.8526
2016-06-01,FOODS_1_219,2.1286
2016-06-02,FOODS_1_219,2.089
2016-06-03,FOODS_1_219,2.4628
2016-06-04,FOODS_1_219,2.9359
2016-06-05,FOODS_1_219,2.6612
2016-06-06,FOODS_1_219,3.6066
2016-06-07,FOODS_1_219,2.6914
2016-06-08,FOODS_1_219,2.1096
2016-06-09,FOODS_1_219,1.8451
2016-06-10,FOODS_1_219,2.0426
2016-06-11,FOODS_1_219,2.5246
2016-06-12,FOODS_1_219,2.5149
2016-06-13,FOODS_1_219,3.3099
2016-06-14,FOODS_1_219,2.3294
2016-06-15,FOODS_1_219,1.7908
2016-06-16,FOODS_1_219,1.9071
2016-06-17,FOODS_1_219,1.7956
2016-06-18,FOODS_1_219,2.3748
2016-06-19,FOODS_1_219,2.0878
2016-06-20,FOODS_1_219,3.3759
2016-06-21,FOODS_1_219,2.0505
2016-05-23,FOODS_2_003,1.0562
2016-05-24,FOODS_2_003,0.8052
2016-05-25,FOODS_2_003,0.705
2016-05-26,FOODS_2_003,0.6914
2016-05-27,FOODS_2_003,0.6864
2016-05-28,FOODS_2_003,0.816
2016-05-29,FOODS_2_003,0.8502
2016-05-30,FOODS_2_003,0.9565
2016-05-31,FOODS_2_003,0.8219
2016-06-01,FOODS_2_003,0.6951
2016-06-02,FOODS_2_003,0.6109
2016-06-03,FOODS_2_003,0.5921
2016-06-04,FOODS_2_003,0.6701
2016-06-05,FOODS_2_003,0.6524
2016-06-06,FOODS_2_003,0.7817
2016-06-07,FOODS_2_003,0.6411
2016-06-08,FOODS_2_003,0.5671
2016-06-09,FOODS_2_003,0.5236
2016-06-10,FOODS_2_003,0.5494
2016-06-11,FOODS_2_003,0.6532
2016-06-12,FOODS_2_003,0.6372
2016-06-13,FOODS_2_003,0.6735
2016-06-14,FOODS_2_003,0.7044
2016-06-15,FOODS_2_003,0.5667
2016-06-16,FOODS_2_003,0.4931
2016-06-17,FOODS_2_003,0.49
2016-06-18,FOODS_2_003,0.6157
2016-06-19,FOODS_2_003,0.6134
2016-06-20,FOODS_2_003,0.5483
2016-06-21,FOODS_2_003,0.5304
2016-05-23,FOODS_2_004,1.3897
2016-05-24,FOODS_2_004,1.1274
2016-05-25,FOODS_2_004,1.0097
2016-05-26,FOODS_2_004,0.9893
2016-05-27,FOODS_2_004,0.9019
2016-05-28,FOODS_2_004,1.0659
2016-05-29,FOODS_2_004,0.9799
2016-05-30,FOODS_2_004,1.4593
2016-05-31,FOODS_2_004,1.0015
2016-06-01,FOODS_2_004,0.8918
2016-06-02,FOODS_2_004,0.8435
2016-06-03,FOODS_2_004,0.8213
2016-06-04,FOODS_2_004,1.0002
2016-06-05,FOODS_2_004,0.8779
2016-06-06,FOODS_2_004,1.4314
2016-06-07,FOODS_2_004,0.9315
2016-06-08,FOODS_2_004,0.7506
2016-06-09,FOODS_2_004,0.711
2016-06-10,FOODS_2_004,0.7121
2016-06-11,FOODS_2_004,0.8523
2016-06-12,FOODS_2_004,0.834
2016-06-13,FOODS_2_004,1.2571
2016-06-14,FOODS_2_004,0.7736
2016-06-15,FOODS_2_004,0.6729
2016-06-16,FOODS_2_004,0.6101
2016-06-17,FOODS_2_004,0.6404
2016-06-18,FOODS_2_004,0.7832
2016-06-19,FOODS_2_004,0.7973
2016-06-20,FOODS_2_004,1.0926
2016-06-21,FOODS_2_004,0.7347
2016-05-23,FOODS_2_013,4.4607
2016-05-24,FOODS_2_013,3.5279
2016-05-25,FOODS_2_013,3.0646
2016-05-26,FOODS_2_013,2.8893
2016-05-27,FOODS_2_013,2.9147
2016-05-28,FOODS_2_013,3.7643
2016-05-29,FOODS_2_013,3.6244
2016-05-30,FOODS_2_013,4.5161
2016-05-31,FOODS_2_013,3.6684
2016-06-01,FOODS_2_013,3.0198
2016-06-02,FOODS_2_013,2.8793
2016-06-03,FOODS_2_013,2.8008
2016-06-04,FOODS_2_013,3.3563
2016-06-05,FOODS_2_013,3.3205
2016-06-06,FOODS_2_013,4.1057
2016-06-07,FOODS_2_013,2.9902
2016-06-08,FOODS_2_013,2.3141
2016-06-09,FOODS_2_013,2.5579
2016-06-10,FOODS_2_013,2.7741
2016-06-11,FOODS_2_013,3.2645
2016-06-12,FOODS_2_013,3.1279
2016-06-13,FOODS_2_013,3.8832
2016-06-14,FOODS_2_013,3.054
2016-06-15,FOODS_2_013,2.3529
2016-06-16,FOODS_2_013,2.2702
2016-06-17,FOODS_2_013,2.4397
2016-06-18,FOODS_2_013,2.9563
2016-06-19,FOODS_2_013,2.6847
2016-06-20,FOODS_2_013,3.7743
2016-06-21,FOODS_2_013,2.582
2016-05-23,FOODS_2_014,2.7475
2016-05-24,FOODS_2_014,2.1454
2016-05-25,FOODS_2_014,1.7754
2016-05-26,FOODS_2_014,1.8484
2016-05-27,FOODS_2_014,1.8275
2016-05-28,FOODS_2_014,2.0808
2016-05-29,FOODS_2_014,1.95
2016-05-30,FOODS_2_014,2.7075
2016-05-31,FOODS_2_014,2.1786
2016-06-01,FOODS_2_014,1.7074
2016-06-02,FOODS_2_014,1.7338
2016-06-03,FOODS_2_014,1.7685
2016-06-04,FOODS_2_014,1.846
2016-06-05,FOODS_2_014,1.5365
2016-06-06,FOODS_2_014,2.654
2016-06-07,FOODS_2_014,1.9587
2016-06-08,FOODS_2_014,1.5282
2016-06-09,FOODS_2_014,1.4569
2016-06-10,FOODS_2_014,1.592
2016-06-11,FOODS_2_014,1.8063
2016-06-12,FOODS_2_014,1.7493
2016-06-13,FOODS_2_014,2.1763
2016-06-14,FOODS_2_014,1.7348
2016-06-15,FOODS_2_014,1.4027
2016-06-16,FOODS_2_014,1.3355
2016-06-17,FOODS_2_014,1.5242
2016-06-18,FOODS_2_014,1.591
2016-06-19,FOODS_2_014,1.3909
2016-06-20,FOODS_2_014,2.4811
2016-06-21,FOODS_2_014,1.7093
2016-05-23,FOODS_2_016,5.8682
2016-05-24,FOODS_2_016,4.717
2016-05-25,FOODS_2_016,3.889
2016-05-26,FOODS_2_016,4.2651
2016-05-27,FOODS_2_016,4.4776
2016-05-28,FOODS_2_016,5.3453
2016-05-29,FOODS_2_016,5.066
2016-05-30,FOODS_2_016,5.7433
2016-05-31,FOODS_2_016,4.8701
2016-06-01,FOODS_2_016,4.1926
2016-06-02,FOODS_2_016,4.0713
2016-06-03,FOODS_2_016,4.2618
2016-06-04,FOODS_2_016,5.1198
2016-06-05,FOODS_2_016,6.0407
2016-06-06,FOODS_2_016,6.088
2016-06-07,FOODS_2_016,5.1118
2016-06-08,FOODS_2_016,4.2371
2016-06-09,FOODS_2_016,4.4639
2016-06-10,FOODS_2_016,4.5046
2016-06-11,FOODS_2_016,5.145
2016-06-12,FOODS_2_016,5.1119
2016-06-13,FOODS_2_016,6.0634
2016-06-14,FOODS_2_016,5.0934
2016-06-15,FOODS_2_016,4.0697
2016-06-16,FOODS_2_016,4.2339
2016-06-17,FOODS_2_016,4.2494
2016-06-18,FOODS_2_016,5.1985
2016-06-19,FOODS_2_016,5.6306
2016-06-20,FOODS_2_016,6.0665
2016-06-21,FOODS_2_016,5.0143
2016-05-23,FOODS_2_019,17.63
2016-05-24,FOODS_2_019,13.6731
2016-05-25,FOODS_2_019,11.3061
2016-05-26,FOODS_2_019,11.5534
2016-05-27,FOODS_2_019,10.7502
2016-05-28,FOODS_2_019,12.7
2016-05-29,FOODS_2_019,14.4073
2016-05-30,FOODS_2_019,20.1049
2016-05-31,FOODS_2_019,14.1037
2016-06-01,FOODS_2_019,13.5209
2016-06-02,FOODS_2_019,11.6218
2016-06-03,FOODS_2_019,11.0974
2016-06-04,FOODS_2_019,13.3101
2016-06-05,FOODS_2_019,13.7879
2016-06-06,FOODS_2_019,18.0068
2016-06-07,FOODS_2_019,14.8274
2016-06-08,FOODS_2_019,11.8557
2016-06-09,FOODS_2_019,12.0664
2016-06-10,FOODS_2_019,11.207
2016-06-11,FOODS_2_019,12.5337
2016-06-12,FOODS_2_019,14.0217
2016-06-13,FOODS_2_019,20.0599
2016-06-14,FOODS_2_019,13.7863
2016-06-15,FOODS_2_019,11.6645
2016-06-16,FOODS_2_019,10.9276
2016-06-17,FOODS_2_019,11.4273
2016-06-18,FOODS_2_019,12.3916
2016-06-19,FOODS_2_019,12.9576
2016-06-20,FOODS_2_019,18.5494
2016-06-21,FOODS_2_019,13.3948
2016-05-23,FOODS_2_021,8.1516
2016-05-24,FOODS_2_021,6.3413
2016-05-25,FOODS_2_021,5.7001
2016-05-26,FOODS_2_021,5.3664
2016-05-27,FOODS_2_021,5.2722
2016-05-28,FOODS_2_021,6.5061
2016-05-29,FOODS_2_021,6.857
2016-05-30,FOODS_2_021,7.6049
2016-05-31,FOODS_2_021,5.5487
2016-06-01,FOODS_2_021,5.1543
2016-06-02,FOODS_2_021,4.796
2016-06-03,FOODS_2_021,5.1502
2016-06-04,FOODS_2_021,5.588
2016-06-05,FOODS_2_021,5.8775
2016-06-06,FOODS_2_021,6.7996
2016-06-07,FOODS_2_021,5.2674
2016-06-08,FOODS_2_021,4.6744
2016-06-09,FOODS_2_021,4.7618
2016-06-10,FOODS_2_021,4.7419
2016-06-11,FOODS_2_021,5.6701
2016-06-12,FOODS_2_021,5.8373
2016-06-13,FOODS_2_021,6.8414
2016-06-14,FOODS_2_021,5.3627
2016-06-15,FOODS_2_021,4.5628
2016-06-16,FOODS_2_021,4.4199
2016-06-17,FOODS_2_021,4.3326
2016-06-18,FOODS_2_021,5.2835
2016-06-19,FOODS_2_021,5.2715
2016-06-20,FOODS_2_021,6.6744
2016-06-21,FOODS_2_021,4.8829
2016-05-23,FOODS_2_024,1.8345
2016-05-24,FOODS_2_024,1.4592
2016-05-25,FOODS_2_024,1.1965
2016-05-26,FOODS_2_024,1.21
2016-05-27,FOODS_2_024,1.215
2016-05-28,FOODS_2_024,1.4543
2016-05-29,FOODS_2_024,1.4776
2016-05-30,FOODS_2_024,1.7897
2016-05-31,FOODS_2_024,1.34
2016-06-01,FOODS_2_024,1.2776
2016-06-02,FOODS_2_024,1.165
2016-06-03,FOODS_2_024,1.3557
2016-06-04,FOODS_2_024,1.5595
2016-06-05,FOODS_2_024,1.4894
2016-06-06,FOODS_2_024,1.7381
2016-06-07,FOODS_2_024,1.1808
2016-06-08,FOODS_2_024,0.9285
2016-06-09,FOODS_2_024,0.9682
2016-06-10,FOODS_2_024,0.9598
2016-06-11,FOODS_2_024,1.1041
2016-06-12,FOODS_2_024,1.3128
2016-06-13,FOODS_2_024,1.7157
2016-06-14,FOODS_2_024,1.0369
2016-06-15,FOODS_2_024,1.0054
2016-06-16,FOODS_2_024,0.9916
2016-06-17,FOODS_2_024,1.0574
2016-06-18,FOODS_2_024,1.1787
2016-06-19,FOODS_2_024,1.2078
2016-06-20,FOODS_2_024,1.488
2016-06-21,FOODS_2_024,0.955
2016-05-23,FOODS_2_029,6.9714
2016-05-24,FOODS_2_029,5.0756
2016-05-25,FOODS_2_029,3.9254
2016-05-26,FOODS_2_029,3.8942
2016-05-27,FOODS_2_029,3.864
2016-05-28,FOODS_2_029,4.6314
2016-05-29,FOODS_2_029,4.7397
2016-05-30,FOODS_2_029,6.8912
2016-05-31,FOODS_2_029,4.9109
2016-06-01,FOODS_2_029,3.8944
2016-06-02,FOODS_2_029,3.8451
2016-06-03,FOODS_2_029,4.1711
2016-06-04,FOODS_2_029,4.7242
2016-06-05,FOODS_2_029,4.7097
2016-06-06,FOODS_2_029,6.6582
2016-06-07,FOODS_2_029,4.7387
2016-06-08,FOODS_2_029,3.6752
2016-06-09,FOODS_2_029,3.3299
2016-06-10,FOODS_2_029,3.1451
2016-06-11,FOODS_2_029,4.2467
2016-06-12,FOODS_2_029,4.4246
2016-06-13,FOODS_2_029,6.3875
2016-06-14,FOODS_2_029,4.5639
2016-06-15,FOODS_2_029,3.5155
2016-06-16,FOODS_2_029,3.2573
2016-06-17,FOODS_2_029,3.1822
2016-06-18,FOODS_2_029,4.2028
2016-06-19,FOODS_2_029,4.2481
2016-06-20,FOODS_2_029,6.2556
2016-06-21,FOODS_2_029,4.4829
2016-05-23,FOODS_2_030,3.9264
2016-05-24,FOODS_2_030,3.2878
2016-05-25,FOODS_2_030,2.6364
2016-05-26,FOODS_2_030,2.4419
2016-05-27,FOODS_2_030,2.5692
2016-05-28,FOODS_2_030,2.9479
2016-05-29,FOODS_2_030,2.802
2016-05-30,FOODS_2_030,3.9196
2016-05-31,FOODS_2_030,3.1567
2016-06-01,FOODS_2_030,2.3699
2016-06-02,FOODS_2_030,2.4192
2016-06-03,FOODS_2_030,2.4914
2016-06-04,FOODS_2_030,2.9347
2016-06-05,FOODS_2_030,2.5936
2016-06-06,FOODS_2_030,3.5397
2016-06-07,FOODS_2_030,2.8476
2016-06-08,FOODS_2_030,1.9918
2016-06-09,FOODS_2_030,1.9253
2016-06-10,FOODS_2_030,2.2867
2016-06-11,FOODS_2_030,2.4826
2016-06-12,FOODS_2_030,2.429
2016-06-13,FOODS_2_030,3.2539
2016-06-14,FOODS_2_030,2.4853
2016-06-15,FOODS_2_030,1.8916
2016-06-16,FOODS_2_030,1.9713
2016-06-17,FOODS_2_030,1.8197
2016-06-18,FOODS_2_030,2.5967
2016-06-19,FOODS_2_030,2.5484
2016-06-20,FOODS_2_030,3.4594
2016-06-21,FOODS_2_030,2.1364
2016-05-23,FOODS_2_036,3.3598
2016-05-24,FOODS_2_036,2.6489
2016-05-25,FOODS_2_036,2.2777
2016-05-26,FOODS_2_036,2.4138
2016-05-27,FOODS_2_036,2.3411
2016-05-28,FOODS_2_036,2.6899
2016-05-29,FOODS_2_036,2.773
2016-05-30,FOODS_2_036,3.0102
2016-05-31,FOODS_2_036,2.1077
2016-06-01,FOODS_2_036,1.7444
2016-06-02,FOODS_2_036,2.2002
2016-06-03,FOODS_2_036,2.2213
2016-06-04,FOODS_2_036,2.4859
2016-06-05,FOODS_2_036,2.5293
2016-06-06,FOODS_2_036,2.0945
2016-06-07,FOODS_2_036,1.697
2016-06-08,FOODS_2_036,1.2189
2016-06-09,FOODS_2_036,1.6293
2016-06-10,FOODS_2_036,1.7983
2016-06-11,FOODS_2_036,2.2271
2016-06-12,FOODS_2_036,2.2356
2016-06-13,FOODS_2_036,2.5274
2016-06-14,FOODS_2_036,1.7243
2016-06-15,FOODS_2_036,1.4783
2016-06-16,FOODS_2_036,1.2725
2016-06-17,FOODS_2_036,1.6017
2016-06-18,FOODS_2_036,1.7843
2016-06-19,FOODS_2_036,1.9852
2016-06-20,FOODS_2_036,2.0787
2016-06-21,FOODS_2_036,1.7323
2016-05-23,FOODS_2_047,3.0478
2016-05-24,FOODS_2_047,2.2065
2016-05-25,FOODS_2_047,1.8509
2016-05-26,FOODS_2_047,1.7805
2016-05-27,FOODS_2_047,1.7914
2016-05-28,FOODS_2_047,2.1835
2016-05-29,FOODS_2_047,2.2603
2016-05-30,FOODS_2_047,3.1247
2016-05-31,FOODS_2_047,2.0025
2016-06-01,FOODS_2_047,1.811
2016-06-02,FOODS_2_047,1.6942
2016-06-03,FOODS_2_047,1.783
2016-06-04,FOODS_2_047,2.013
2016-06-05,FOODS_2_047,2.0761
2016-06-06,FOODS_2_047,2.7507
2016-06-07,FOODS_2_047,1.8941
2016-06-08,FOODS_2_047,1.4968
2016-06-09,FOODS_2_047,1.293
2016-06-10,FOODS_2_047,1.349
2016-06-11,FOODS_2_047,1.7483
2016-06-12,FOODS_2_047,1.959
2016-06-13,FOODS_2_047,3.0237
2016-06-14,FOODS_2_047,2.241
2016-06-15,FOODS_2_047,1.808
2016-06-16,FOODS_2_047,1.4802
2016-06-17,FOODS_2_047,1.6173
2016-06-18,FOODS_2_047,1.8432
2016-06-19,FOODS_2_047,1.9897
2016-06-20,FOODS_2_047,2.9367
2016-06-21,FOODS_2_047,1.9028
2016-05-23,FOODS_2_051,2.0404
2016-05-24,FOODS_2_051,1.712
2016-05-25,FOODS_2_051,1.4204
2016-05-26,FOODS_2_051,1.3506
2016-05-27,FOODS_2_051,1.4605
2016-05-28,FOODS_2_051,1.6499
2016-05-29,FOODS_2_051,1.6806
2016-05-30,FOODS_2_051,2.0845
2016-05-31,FOODS_2_051,1.6422
2016-06-01,FOODS_2_051,1.5119
2016-06-02,FOODS_2_051,1.4761
2016-06-03,FOODS_2_051,1.3292
2016-06-04,FOODS_2_051,1.5104
2016-06-05,FOODS_2_051,1.5371
2016-06-06,FOODS_2_051,1.7091
2016-06-07,FOODS_2_051,1.6087
2016-06-08,FOODS_2_051,1.2652
2016-06-09,FOODS_2_051,1.1682
2016-06-10,FOODS_2_051,1.1251
2016-06-11,FOODS_2_051,1.2349
2016-06-12,FOODS_2_051,1.1953
2016-06-13,FOODS_2_051,1.5873
2016-06-14,FOODS_2_051,1.3449
2016-06-15,FOODS_2_051,1.0162
2016-06-16,FOODS_2_051,1.0241
2016-06-17,FOODS_2_051,1.0447
2016-06-18,FOODS_2_051,1.0885
2016-06-19,FOODS_2_051,1.23
2016-06-20,FOODS_2_051,1.4751
2016-06-21,FOODS_2_051,1.117
2016-05-23,FOODS_2_052,3.366
2016-05-24,FOODS_2_052,2.4596
2016-05-25,FOODS_2_052,2.1209
2016-05-26,FOODS_2_052,2.0671
2016-05-27,FOODS_2_052,2.0917
2016-05-28,FOODS_2_052,2.4289
2016-05-29,FOODS_2_052,2.3477
2016-05-30,FOODS_2_052,3.4096
2016-05-31,FOODS_2_052,2.4191
2016-06-01,FOODS_2_052,1.8498
2016-06-02,FOODS_2_052,1.7818
2016-06-03,FOODS_2_052,2.0981
2016-06-04,FOODS_2_052,2.3078
2016-06-05,FOODS_2_052,2.3078
2016-06-06,FOODS_2_052,3.268
2016-06-07,FOODS_2_052,2.5138
2016-06-08,FOODS_2_052,1.9077
2016-06-09,FOODS_2_052,1.8593
2016-06-10,FOODS_2_052,2.0178
2016-06-11,FOODS_2_052,2.4562
2016-06-12,FOODS_2_052,2.5219
2016-06-13,FOODS_2_052,3.2391
2016-06-14,FOODS_2_052,2.1387
2016-06-15,FOODS_2_052,1.748
2016-06-16,FOODS_2_052,1.7671
2016-06-17,FOODS_2_052,2.0835
2016-06-18,FOODS_2_052,2.0733
2016-06-19,FOODS_2_052,2.0534
2016-06-20,FOODS_2_052,3.294
2016-06-21,FOODS_2_052,2.3074
2016-05-23,FOODS_2_053,0.7278
2016-05-24,FOODS_2_053,0.6261
2016-05-25,FOODS_2_053,0.5416
2016-05-26,FOODS_2_053,0.506
2016-05-27,FOODS_2_053,0.538
2016-05-28,FOODS_2_053,0.5297
2016-05-29,FOODS_2_053,0.4825
2016-05-30,FOODS_2_053,0.594
2016-05-31,FOODS_2_053,0.5319
2016-06-01,FOODS_2_053,0.4385
2016-06-02,FOODS_2_053,0.4245
2016-06-03,FOODS_2_053,0.3762
2016-06-04,FOODS_2_053,0.4208
2016-06-05,FOODS_2_053,0.4131
2016-06-06,FOODS_2_053,0.5067
2016-06-07,FOODS_2_053,0.4418
2016-06-08,FOODS_2_053,0.3821
2016-06-09,FOODS_2_053,0.3577
2016-06-10,FOODS_2_053,0.3886
2016-06-11,FOODS_2_053,0.3499
2016-06-12,FOODS_2_053,0.3508
2016-06-13,FOODS_2_053,0.4931
2016-06-14,FOODS_2_053,0.4321
2016-06-15,FOODS_2_053,0.4029
2016-06-16,FOODS_2_053,0.3909
2016-06-17,FOODS_2_053,0.3782
2016-06-18,FOODS_2_053,0.3784
2016-06-19,FOODS_2_053,0.3819
2016-06-20,FOODS_2_053,0.5494
2016-06-21,FOODS_2_053,0.4325
2016-05-23,FOODS_2_054,3.4131
2016-05-24,FOODS_2_054,2.7114
2016-05-25,FOODS_2_054,2.5091
2016-05-26,FOODS_2_054,2.4784
2016-05-27,FOODS_2_054,2.4386
2016-05-28,FOODS_2_054,2.8639
2016-05-29,FOODS_2_054,2.5949
2016-05-30,FOODS_2_054,3.4472
2016-05-31,FOODS_2_054,2.7501
2016-06-01,FOODS_2_054,2.5437
2016-06-02,FOODS_2_054,2.5085
2016-06-03,FOODS_2_054,2.0108
2016-06-04,FOODS_2_054,2.5303
2016-06-05,FOODS_2_054,2.3299
2016-06-06,FOODS_2_054,2.7847
2016-06-07,FOODS_2_054,2.4236
2016-06-08,FOODS_2_054,1.8535
2016-06-09,FOODS_2_054,1.8198
2016-06-10,FOODS_2_054,2.1189
2016-06-11,FOODS_2_054,2.3261
2016-06-12,FOODS_2_054,1.9573
2016-06-13,FOODS_2_054,2.6662
2016-06-14,FOODS_2_054,2.0321
2016-06-15,FOODS_2_054,1.9061
2016-06-16,FOODS_2_054,2.0673
2016-06-17,FOODS_2_054,1.5676
2016-06-18,FOODS_2_054,1.6396
2016-06-19,FOODS_2_054,1.5612
2016-06-20,FOODS_2_054,2.6013
2016-06-21,FOODS_2_054,1.8509
2016-05-23,FOODS_2_056,2.1221
2016-05-24,FOODS_2_056,1.6107
2016-05-25,FOODS_2_056,1.3727
2016-05-26,FOODS_2_056,1.3668
2016-05-27,FOODS_2_056,1.3448
2016-05-28,FOODS_2_056,1.6291
2016-05-29,FOODS_2_056,1.5211
2016-05-30,FOODS_2_056,2.0344
2016-05-31,FOODS_2_056,1.5149
2016-06-01,FOODS_2_056,1.3425
2016-06-02,FOODS_2_056,1.3334
2016-06-03,FOODS_2_056,1.355
2016-06-04,FOODS_2_056,1.5914
2016-06-05,FOODS_2_056,1.4004
2016-06-06,FOODS_2_056,1.4805
2016-06-07,FOODS_2_056,1.2253
2016-06-08,FOODS_2_056,1.207
2016-06-09,FOODS_2_056,1.0477
2016-06-10,FOODS_2_056,1.0796
2016-06-11,FOODS_2_056,1.3313
2016-06-12,FOODS_2_056,1.3159
2016-06-13,FOODS_2_056,1.5882
2016-06-14,FOODS_2_056,1.2563
2016-06-15,FOODS_2_056,1.1097
2016-06-16,FOODS_2_056,1.1677
2016-06-17,FOODS_2_056,1.1547
2016-06-18,FOODS_2_056,1.4081
2016-06-19,FOODS_2_056,1.3281
2016-06-20,FOODS_2_056,1.5557
2016-06-21,FOODS_2_056,1.1539
2016-05-23,FOODS_2_058,0.4327
2016-05-24,FOODS_2_058,0.3762
2016-05-25,FOODS_2_058,0.3142
2016-05-26,FOODS_2_058,0.2976
2016-05-27,FOODS_2_058,0.2898
2016-05-28,FOODS_2_058,0.3415
2016-05-29,FOODS_2_058,0.3557
2016-05-30,FOODS_2_058,0.4061
2016-05-31,FOODS_2_058,0.3792
2016-06-01,FOODS_2_058,0.3355
2016-06-02,FOODS_2_058,0.3159
2016-06-03,FOODS_2_058,0.3103
2016-06-04,FOODS_2_058,0.3645
2016-06-05,FOODS_2_058,0.3641
2016-06-06,FOODS_2_058,0.381
2016-06-07,FOODS_2_058,0.3536
2016-06-08,FOODS_2_058,0.377
2016-06-09,FOODS_2_058,0.3686
2016-06-10,FOODS_2_058,0.3587
2016-06-11,FOODS_2_058,0.4073
2016-06-12,FOODS_2_058,0.3825
2016-06-13,FOODS_2_058,0.4029
2016-06-14,FOODS_2_058,0.3767
2016-06-15,FOODS_2_058,0.3533
2016-06-16,FOODS_2_058,0.3297
2016-06-17,FOODS_2_058,0.3221
2016-06-18,FOODS_2_058,0.3305
2016-06-19,FOODS_2_058,0.2697
2016-06-20,FOODS_2_058,0.412
2016-06-21,FOODS_2_058,0.356
2016-05-23,FOODS_2_060,2.9734
2016-05-24,FOODS_2_060,2.3486
2016-05-25,FOODS_2_060,1.9538
2016-05-26,FOODS_2_060,1.8946
2016-05-27,FOODS_2_060,2.0163
2016-05-28,FOODS_2_060,2.3523
2016-05-29,FOODS_2_060,2.1732
2016-05-30,FOODS_2_060,2.9323
2016-05-31,FOODS_2_060,2.1231
2016-06-01,FOODS_2_060,1.711
2016-06-02,FOODS_2_060,1.6146
2016-06-03,FOODS_2_060,1.6714
2016-06-04,FOODS_2_060,1.8741
2016-06-05,FOODS_2_060,2.0098
2016-06-06,FOODS_2_060,2.6457
2016-06-07,FOODS_2_060,1.8
2016-06-08,FOODS_2_060,1.5404
2016-06-09,FOODS_2_060,1.5394
2016-06-10,FOODS_2_060,1.6463
2016-06-11,FOODS_2_060,1.7873
2016-06-12,FOODS_2_060,1.7037
2016-06-13,FOODS_2_060,2.3431
2016-06-14,FOODS_2_060,1.8507
2016-06-15,FOODS_2_060,1.4549
2016-06-16,FOODS_2_060,1.3298
2016-06-17,FOODS_2_060,1.3344
2016-06-18,FOODS_2_060,1.4169
2016-06-19,FOODS_2_060,1.5365
2016-06-20,FOODS_2_060,2.2559
2016-06-21,FOODS_2_060,1.5768
2016-05-23,FOODS_2_061,2.4085
2016-05-24,FOODS_2_061,1.9926
2016-05-25,FOODS_2_061,1.5704
2016-05-26,FOODS_2_061,1.6135
2016-05-27,FOODS_2_061,1.6559
2016-05-28,FOODS_2_061,1.8664
2016-05-29,FOODS_2_061,1.7513
2016-05-30,FOODS_2_061,2.4927
2016-05-31,FOODS_2_061,2.0308
2016-06-01,FOODS_2_061,1.7226
2016-06-02,FOODS_2_061,1.615
2016-06-03,FOODS_2_061,1.7352
2016-06-04,FOODS_2_061,1.8115
2016-06-05,FOODS_2_061,1.6601
2016-06-06,FOODS_2_061,2.395
2016-06-07,FOODS_2_061,2.0582
2016-06-08,FOODS_2_061,1.5989
2016-06-09,FOODS_2_061,1.5731
2016-06-10,FOODS_2_061,1.5519
2016-06-11,FOODS_2_061,1.7291
2016-06-12,FOODS_2_061,1.74
2016-06-13,FOODS_2_061,2.2098
2016-06-14,FOODS_2_061,1.7703
2016-06-15,FOODS_2_061,1.2873
2016-06-16,FOODS_2_061,1.4251
2016-06-17,FOODS_2_061,1.5042
2016-06-18,FOODS_2_061,1.7509
2016-06-19,FOODS_2_061,1.4891
2016-06-20,FOODS_2_061,1.9666
2016-06-21,FOODS_2_061,1.483
2016-05-23,FOODS_2_063,2.5554
2016-05-24,FOODS_2_063,2.1713
2016-05-25,FOODS_2_063,1.7797
2016-05-26,FOODS_2_063,1.7519
2016-05-27,FOODS_2_063,1.6899
2016-05-28,FOODS_2_063,2.0805
2016-05-29,FOODS_2_063,1.5433
2016-05-30,FOODS_2_063,2.7751
2016-05-31,FOODS_2_063,2.1855
2016-06-01,FOODS_2_063,1.8003
2016-06-02,FOODS_2_063,1.638
2016-06-03,FOODS_2_063,1.6178
2016-06-04,FOODS_2_063,2.055
2016-06-05,FOODS_2_063,1.491
2016-06-06,FOODS_2_063,2.3344
2016-06-07,FOODS_2_063,1.6918
2016-06-08,FOODS_2_063,1.05
2016-06-09,FOODS_2_063,1.4271
2016-06-10,FOODS_2_063,1.4103
2016-06-11,FOODS_2_063,1.6869
2016-06-12,FOODS_2_063,1.3307
2016-06-13,FOODS_2_063,2.387
2016-06-14,FOODS_2_063,1.9073
2016-06-15,FOODS_2_063,1.2209
2016-06-16,FOODS_2_063,1.0936
2016-06-17,FOODS_2_063,1.4335
2016-06-18,FOODS_2_063,1.7627
2016-06-19,FOODS_2_063,1.4927
2016-06-20,FOODS_2_063,2.2357
2016-06-21,FOODS_2_063,1.5733
2016-05-23,FOODS_2_072,0.888
2016-05-24,FOODS_2_072,0.6656
2016-05-25,FOODS_2_072,0.5739
2016-05-26,FOODS_2_072,0.5462
2016-05-27,FOODS_2_072,0.5738
2016-05-28,FOODS_2_072,0.6238
2016-05-29,FOODS_2_072,0.6552
2016-05-30,FOODS_2_072,0.8936
2016-05-31,FOODS_2_072,0.6858
2016-06-01,FOODS_2_072,0.4983
2016-06-02,FOODS_2_072,0.5013
2016-06-03,FOODS_2_072,0.4675
2016-06-04,FOODS_2_072,0.52
2016-06-05,FOODS_2_072,0.5797
2016-06-06,FOODS_2_072,0.8437
2016-06-07,FOODS_2_072,0.6747
2016-06-08,FOODS_2_072,0.4992
2016-06-09,FOODS_2_072,0.4935
2016-06-10,FOODS_2_072,0.465
2016-06-11,FOODS_2_072,0.56
2016-06-12,FOODS_2_072,0.5014
2016-06-13,FOODS_2_072,0.5612
2016-06-14,FOODS_2_072,0.5431
2016-06-15,FOODS_2_072,0.4194
2016-06-16,FOODS_2_072,0.3744
2016-06-17,FOODS_2_072,0.3773
2016-06-18,FOODS_2_072,0.4381
2016-06-19,FOODS_2_072,0.4198
2016-06-20,FOODS_2_072,0.5133
2016-06-21,FOODS_2_072,0.441
2016-05-23,FOODS_2_074,3.6995
2016-05-24,FOODS_2_074,2.8576
2016-05-25,FOODS_2_074,2.6438
2016-05-26,FOODS_2_074,2.4326
2016-05-27,FOODS_2_074,2.4056
2016-05-28,FOODS_2_074,2.7188
2016-05-29,FOODS_2_074,2.7799
2016-05-30,FOODS_2_074,3.8262
2016-05-31,FOODS_2_074,3.0588
2016-06-01,FOODS_2_074,2.4896
2016-06-02,FOODS_2_074,2.4107
2016-06-03,FOODS_2_074,2.5106
2016-06-04,FOODS_2_074,2.7066
2016-06-05,FOODS_2_074,2.3449
2016-06-06,FOODS_2_074,3.1224
2016-06-07,FOODS_2_074,2.3276
2016-06-08,FOODS_2_074,1.97
2016-06-09,FOODS_2_074,2.1478
2016-06-10,FOODS_2_074,2.0492
2016-06-11,FOODS_2_074,2.2849
2016-06-12,FOODS_2_074,1.9522
2016-06-13,FOODS_2_074,3.3046
2016-06-14,FOODS_2_074,2.4452
2016-06-15,FOODS_2_074,2.1294
2016-06-16,FOODS_2_074,2.0063
2016-06-17,FOODS_2_074,1.9939
2016-06-18,FOODS_2_074,2.0347
2016-06-19,FOODS_2_074,1.9882
2016-06-20,FOODS_2_074,2.9862
2016-06-21,FOODS_2_074,1.8219
2016-05-23,FOODS_2_075,3.2351
2016-05-24,FOODS_2_075,2.2597
2016-05-25,FOODS_2_075,2.0193
2016-05-26,FOODS_2_075,1.95
2016-05-27,FOODS_2_075,1.8593
2016-05-28,FOODS_2_075,2.321
2016-05-29,FOODS_2_075,2.4946
2016-05-30,FOODS_2_075,3.182
2016-05-31,FOODS_2_075,2.2425
2016-06-01,FOODS_2_075,1.9374
2016-06-02,FOODS_2_075,1.8562
2016-06-03,FOODS_2_075,1.9697
2016-06-04,FOODS_2_075,2.186
2016-06-05,FOODS_2_075,2.296
2016-06-06,FOODS_2_075,2.7449
2016-06-07,FOODS_2_075,1.8935
2016-06-08,FOODS_2_075,1.4804
2016-06-09,FOODS_2_075,1.3894
2016-06-10,FOODS_2_075,1.7458
2016-06-11,FOODS_2_075,1.9738
2016-06-12,FOODS_2_075,2.0533
2016-06-13,FOODS_2_075,2.9249
2016-06-14,FOODS_2_075,1.9265
2016-06-15,FOODS_2_075,1.6785
2016-06-16,FOODS_2_075,1.6441
2016-06-17,FOODS_2_075,1.6854
2016-06-18,FOODS_2_075,1.9537
2016-06-19,FOODS_2_075,1.9464
2016-06-20,FOODS_2_075,2.6879
2016-06-21,FOODS_2_075,1.6585
2016-05-23,FOODS_2_078,0.056
2016-05-24,FOODS_2_078,0.6926
2016-05-25,FOODS_2_078,0.6351
2016-05-26,FOODS_2_078,0.6018
2016-05-27,FOODS_2_078,0.5814
2016-05-28,FOODS_2_078,0.7907
2016-05-29,FOODS_2_078,0.7752
2016-05-30,FOODS_2_078,0.9715
2016-05-31,FOODS_2_078,0.6882
2016-06-01,FOODS_2_078,0.5771
2016-06-02,FOODS_2_078,0.5647
2016-06-03,FOODS_2_078,0.5758
2016-06-04,FOODS_2_078,0.6685
2016-06-05,FOODS_2_078,0.6239
2016-06-06,FOODS_2_078,0.756
2016-06-07,FOODS_2_078,0.6278
2016-06-08,FOODS_2_078,0.5335
2016-06-09,FOODS_2_078,0.5044
2016-06-10,FOODS_2_078,0.5023
2016-06-11,FOODS_2_078,0.6457
2016-06-12,FOODS_2_078,0.6457
2016-06-13,FOODS_2_078,0.7705
2016-06-14,FOODS_2_078,0.6226
2016-06-15,FOODS_2_078,0.5478
2016-06-16,FOODS_2_078,0.4898
2016-06-17,FOODS_2_078,0.4951
2016-06-18,FOODS_2_078,0.6255
2016-06-19,FOODS_2_078,0.6255
2016-06-20,FOODS_2_078,0.7352
2016-06-21,FOODS_2_078,0.5702
2016-05-23,FOODS_2_081,3.457
2016-05-24,FOODS_2_081,2.56
2016-05-25,FOODS_2_081,2.172
2016-05-26,FOODS_2_081,2.1004
2016-05-27,FOODS_2_081,2.2291
2016-05-28,FOODS_2_081,2.6388
2016-05-29,FOODS_2_081,2.5608
2016-05-30,FOODS_2_081,3.3164
2016-05-31,FOODS_2_081,2.5102
2016-06-01,FOODS_2_081,2.1804
2016-06-02,FOODS_2_081,2.0604
2016-06-03,FOODS_2_081,2.1536
2016-06-04,FOODS_2_081,2.4546
2016-06-05,FOODS_2_081,2.4829
2016-06-06,FOODS_2_081,2.6435
2016-06-07,FOODS_2_081,2.0215
2016-06-08,FOODS_2_081,1.5478
2016-06-09,FOODS_2_081,1.3687
2016-06-10,FOODS_2_081,1.8965
2016-06-11,FOODS_2_081,2.2559
2016-06-12,FOODS_2_081,2.2476
2016-06-13,FOODS_2_081,2.9228
2016-06-14,FOODS_2_081,2.0069
2016-06-15,FOODS_2_081,1.6196
2016-06-16,FOODS_2_081,1.6438
2016-06-17,FOODS_2_081,1.9557
2016-06-18,FOODS_2_081,2.0256
2016-06-19,FOODS_2_081,1.8174
2016-06-20,FOODS_2_081,2.4459
2016-06-21,FOODS_2_081,1.402
2016-05-23,FOODS_2_082,3.1461
2016-05-24,FOODS_2_082,2.2883
2016-05-25,FOODS_2_082,1.9506
2016-05-26,FOODS_2_082,1.8969
2016-05-27,FOODS_2_082,1.9599
2016-05-28,FOODS_2_082,2.2605
2016-05-29,FOODS_2_082,2.2641
2016-05-30,FOODS_2_082,2.8784
2016-05-31,FOODS_2_082,2.4163
2016-06-01,FOODS_2_082,1.8905
2016-06-02,FOODS_2_082,1.7507
2016-06-03,FOODS_2_082,1.6934
2016-06-04,FOODS_2_082,2.1718
2016-06-05,FOODS_2_082,2.0258
2016-06-06,FOODS_2_082,2.6861
2016-06-07,FOODS_2_082,1.9365
2016-06-08,FOODS_2_082,1.4425
2016-06-09,FOODS_2_082,1.4266
2016-06-10,FOODS_2_082,1.8498
2016-06-11,FOODS_2_082,1.8342
2016-06-12,FOODS_2_082,1.7057
2016-06-13,FOODS_2_082,2.6482
2016-06-14,FOODS_2_082,1.9846
2016-06-15,FOODS_2_082,1.6891
2016-06-16,FOODS_2_082,1.4527
2016-06-17,FOODS_2_082,1.4497
2016-06-18,FOODS_2_082,1.7244
2016-06-19,FOODS_2_082,1.9802
2016-06-20,FOODS_2_082,2.8806
2016-06-21,FOODS_2_082,2.0153
2016-05-23,FOODS_2_092,0.5557
2016-05-24,FOODS_2_092,0.4886
2016-05-25,FOODS_2_092,0.4363
2016-05-26,FOODS_2_092,0.405
2016-05-27,FOODS_2_092,0.3903
2016-05-28,FOODS_2_092,0.3821
2016-05-29,FOODS_2_092,0.3979
2016-05-30,FOODS_2_092,0.4525
2016-05-31,FOODS_2_092,0.4264
2016-06-01,FOODS_2_092,0.408
2016-06-02,FOODS_2_092,0.4047
2016-06-03,FOODS_2_092,0.4372
2016-06-04,FOODS_2_092,0.4715
2016-06-05,FOODS_2_092,0.4022
2016-06-06,FOODS_2_092,0.4327
2016-06-07,FOODS_2_092,0.4459
2016-06-08,FOODS_2_092,0.4566
2016-06-09,FOODS_2_092,0.3968
2016-06-10,FOODS_2_092,0.4102
2016-06-11,FOODS_2_092,0.4166
2016-06-12,FOODS_2_092,0.4201
2016-06-13,FOODS_2_092,0.4256
2016-06-14,FOODS_2_092,0.4126
2016-06-15,FOODS_2_092,0.428
2016-06-16,FOODS_2_092,0.3915
2016-06-17,FOODS_2_092,0.3849
2016-06-18,FOODS_2_092,0.3865
2016-06-19,FOODS_2_092,0.3868
2016-06-20,FOODS_2_092,0.3866
2016-06-21,FOODS_2_092,0.312
2016-05-23,FOODS_2_101,3.146
2016-05-24,FOODS_2_101,2.4941
2016-05-25,FOODS_2_101,1.8645
2016-05-26,FOODS_2_101,1.914
2016-05-27,FOODS_2_101,1.9061
2016-05-28,FOODS_2_101,2.2106
2016-05-29,FOODS_2_101,2.249
2016-05-30,FOODS_2_101,3.2287
2016-05-31,FOODS_2_101,2.328
2016-06-01,FOODS_2_101,1.8427
2016-06-02,FOODS_2_101,1.8774
2016-06-03,FOODS_2_101,1.8796
2016-06-04,FOODS_2_101,2.1954
2016-06-05,FOODS_2_101,2.2196
2016-06-06,FOODS_2_101,2.9574
2016-06-07,FOODS_2_101,2.0489
2016-06-08,FOODS_2_101,1.5646
2016-06-09,FOODS_2_101,1.9291
2016-06-10,FOODS_2_101,2.0191
2016-06-11,FOODS_2_101,2.0057
2016-06-12,FOODS_2_101,2.071
2016-06-13,FOODS_2_101,3.132
2016-06-14,FOODS_2_101,2.0404
2016-06-15,FOODS_2_101,1.6926
2016-06-16,FOODS_2_101,1.7477
2016-06-17,FOODS_2_101,1.8287
2016-06-18,FOODS_2_101,2.03
2016-06-19,FOODS_2_101,2.3519
2016-06-20,FOODS_2_101,3.0236
2016-06-21,FOODS_2_101,2.0426
2016-05-23,FOODS_2_107,1.1728
2016-05-24,FOODS_2_107,1.1294
2016-05-25,FOODS_2_107,0.9885
2016-05-26,FOODS_2_107,0.9413
2016-05-27,FOODS_2_107,0.9851
2016-05-28,FOODS_2_107,1.0761
2016-05-29,FOODS_2_107,0.9916
2016-05-30,FOODS_2_107,1.3444
2016-05-31,FOODS_2_107,1.0044
2016-06-01,FOODS_2_107,0.9552
2016-06-02,FOODS_2_107,0.8996
2016-06-03,FOODS_2_107,0.8749
2016-06-04,FOODS_2_107,0.9524
2016-06-05,FOODS_2_107,0.9391
2016-06-06,FOODS_2_107,1.2001
2016-06-07,FOODS_2_107,0.8689
2016-06-08,FOODS_2_107,0.8152
2016-06-09,FOODS_2_107,0.7195
2016-06-10,FOODS_2_107,0.7258
2016-06-11,FOODS_2_107,0.782
2016-06-12,FOODS_2_107,0.7965
2016-06-13,FOODS_2_107,1.0443
2016-06-14,FOODS_2_107,0.7825
2016-06-15,FOODS_2_107,0.7127
2016-06-16,FOODS_2_107,0.6556
2016-06-17,FOODS_2_107,0.634
2016-06-18,FOODS_2_107,0.7293
2016-06-19,FOODS_2_107,0.7277
2016-06-20,FOODS_2_107,0.9958
2016-06-21,FOODS_2_107,0.7036
2016-05-23,FOODS_2_108,0.9698
2016-05-24,FOODS_2_108,0.8082
2016-05-25,FOODS_2_108,0.6288
2016-05-26,FOODS_2_108,0.6096
2016-05-27,FOODS_2_108,0.639
2016-05-28,FOODS_2_108,0.6726
2016-05-29,FOODS_2_108,0.6681
2016-05-30,FOODS_2_108,0.7196
2016-05-31,FOODS_2_108,0.5679
2016-06-01,FOODS_2_108,0.4904
2016-06-02,FOODS_2_108,0.4476
2016-06-03,FOODS_2_108,0.4396
2016-06-04,FOODS_2_108,0.5371
2016-06-05,FOODS_2_108,0.5332
2016-06-06,FOODS_2_108,0.6929
2016-06-07,FOODS_2_108,0.6275
2016-06-08,FOODS_2_108,0.5008
2016-06-09,FOODS_2_108,0.4823
2016-06-10,FOODS_2_108,0.4912
2016-06-11,FOODS_2_108,0.4113
2016-06-12,FOODS_2_108,0.4087
2016-06-13,FOODS_2_108,0.6296
2016-06-14,FOODS_2_108,0.5056
2016-06-15,FOODS_2_108,0.4292
2016-06-16,FOODS_2_108,0.3838
2016-06-17,FOODS_2_108,0.3779
2016-06-18,FOODS_2_108,0.3616
2016-06-19,FOODS_2_108,0.362
2016-06-20,FOODS_2_108,0.5581
2016-06-21,FOODS_2_108,0.463
2016-05-23,FOODS_2_109,2.0734
2016-05-24,FOODS_2_109,1.7257
2016-05-25,FOODS_2_109,1.4183
2016-05-26,FOODS_2_109,1.3841
2016-05-27,FOODS_2_109,1.3812
2016-05-28,FOODS_2_109,1.6084
2016-05-29,FOODS_2_109,1.638
2016-05-30,FOODS_2_109,2.0947
2016-05-31,FOODS_2_109,1.6682
2016-06-01,FOODS_2_109,1.4221
2016-06-02,FOODS_2_109,1.3414
2016-06-03,FOODS_2_109,1.3401
2016-06-04,FOODS_2_109,1.6053
2016-06-05,FOODS_2_109,1.588
2016-06-06,FOODS_2_109,1.7868
2016-06-07,FOODS_2_109,1.5574
2016-06-08,FOODS_2_109,1.2107
2016-06-09,FOODS_2_109,1.1296
2016-06-10,FOODS_2_109,1.0755
2016-06-11,FOODS_2_109,1.3575
2016-06-12,FOODS_2_109,1.3349
2016-06-13,FOODS_2_109,1.799
2016-06-14,FOODS_2_109,1.3145
2016-06-15,FOODS_2_109,1.1157
2016-06-16,FOODS_2_109,1.2111
2016-06-17,FOODS_2_109,1.2174
2016-06-18,FOODS_2_109,1.2519
2016-06-19,FOODS_2_109,1.3971
2016-06-20,FOODS_2_109,1.7121
2016-06-21,FOODS_2_109,1.2598
2016-05-23,FOODS_2_112,2.6401
2016-05-24,FOODS_2_112,1.9585
2016-05-25,FOODS_2_112,1.6411
2016-05-26,FOODS_2_112,1.5964
2016-05-27,FOODS_2_112,1.7216
2016-05-28,FOODS_2_112,1.7725
2016-05-29,FOODS_2_112,1.7309
2016-05-30,FOODS_2_112,2.5229
2016-05-31,FOODS_2_112,1.9829
2016-06-01,FOODS_2_112,1.5309
2016-06-02,FOODS_2_112,1.348
2016-06-03,FOODS_2_112,1.3245
2016-06-04,FOODS_2_112,1.6568
2016-06-05,FOODS_2_112,1.6645
2016-06-06,FOODS_2_112,2.0881
2016-06-07,FOODS_2_112,1.5607
2016-06-08,FOODS_2_112,1.3332
2016-06-09,FOODS_2_112,1.3161
2016-06-10,FOODS_2_112,1.2844
2016-06-11,FOODS_2_112,1.6598
2016-06-12,FOODS_2_112,1.6349
2016-06-13,FOODS_2_112,1.9498
2016-06-14,FOODS_2_112,1.1996
2016-06-15,FOODS_2_112,1.1461
2016-06-16,FOODS_2_112,1.2279
2016-06-17,FOODS_2_112,1.0853
2016-06-18,FOODS_2_112,1.3701
2016-06-19,FOODS_2_112,1.3701
2016-06-20,FOODS_2_112,2.2276
2016-06-21,FOODS_2_112,1.3768
2016-05-23,FOODS_2_116,1.4037
2016-05-24,FOODS_2_116,1.1966
2016-05-25,FOODS_2_116,1.225
2016-05-26,FOODS_2_116,1.1841
2016-05-27,FOODS_2_116,1.2197
2016-05-28,FOODS_2_116,1.3629
2016-05-29,FOODS_2_116,1.3587
2016-05-30,FOODS_2_116,1.6432
2016-05-31,FOODS_2_116,1.2658
2016-06-01,FOODS_2_116,1.2024
2016-06-02,FOODS_2_116,1.1793
2016-06-03,FOODS_2_116,1.1664
2016-06-04,FOODS_2_116,1.2965
2016-06-05,FOODS_2_116,1.1563
2016-06-06,FOODS_2_116,1.2884
2016-06-07,FOODS_2_116,1.1649
2016-06-08,FOODS_2_116,1.09
2016-06-09,FOODS_2_116,1.076
2016-06-10,FOODS_2_116,1.2106
2016-06-11,FOODS_2_116,1.0555
2016-06-12,FOODS_2_116,1.0801
2016-06-13,FOODS_2_116,1.1998
2016-06-14,FOODS_2_116,1.0848
2016-06-15,FOODS_2_116,0.989
2016-06-16,FOODS_2_116,0.9823
2016-06-17,FOODS_2_116,0.9677
2016-06-18,FOODS_2_116,1.2286
2016-06-19,FOODS_2_116,1.0634
2016-06-20,FOODS_2_116,1.311
2016-06-21,FOODS_2_116,1.1122
2016-05-23,FOODS_2_119,3.0572
2016-05-24,FOODS_2_119,2.6528
2016-05-25,FOODS_2_119,2.2291
2016-05-26,FOODS_2_119,1.9815
2016-05-27,FOODS_2_119,2.0692
2016-05-28,FOODS_2_119,2.4001
2016-05-29,FOODS_2_119,2.4007
2016-05-30,FOODS_2_119,2.9618
2016-05-31,FOODS_2_119,2.5085
2016-06-01,FOODS_2_119,1.9888
2016-06-02,FOODS_2_119,1.739
2016-06-03,FOODS_2_119,1.8428
2016-06-04,FOODS_2_119,2.2222
2016-06-05,FOODS_2_119,1.8658
2016-06-06,FOODS_2_119,2.3881
2016-06-07,FOODS_2_119,1.7372
2016-06-08,FOODS_2_119,1.4706
2016-06-09,FOODS_2_119,1.3512
2016-06-10,FOODS_2_119,1.4349
2016-06-11,FOODS_2_119,1.6501
2016-06-12,FOODS_2_119,1.8492
2016-06-13,FOODS_2_119,2.4698
2016-06-14,FOODS_2_119,1.9995
2016-06-15,FOODS_2_119,1.3415
2016-06-16,FOODS_2_119,1.4553
2016-06-17,FOODS_2_119,1.3208
2016-06-18,FOODS_2_119,1.7476
2016-06-19,FOODS_2_119,1.5496
2016-06-20,FOODS_2_119,2.2121
2016-06-21,FOODS_2_119,1.6993
2016-05-23,FOODS_2_125,0.7731
2016-05-24,FOODS_2_125,0.7836
2016-05-25,FOODS_2_125,0.7138
2016-05-26,FOODS_2_125,0.6773
2016-05-27,FOODS_2_125,0.68
2016-05-28,FOODS_2_125,0.7728
2016-05-29,FOODS_2_125,0.7792
2016-05-30,FOODS_2_125,0.873
2016-05-31,FOODS_2_125,0.7236
2016-06-01,FOODS_2_125,0.6905
2016-06-02,FOODS_2_125,0.7005
2016-06-03,FOODS_2_125,0.6187
2016-06-04,FOODS_2_125,0.6052
2016-06-05,FOODS_2_125,0.6695
2016-06-06,FOODS_2_125,0.8554
2016-06-07,FOODS_2_125,0.6878
2016-06-08,FOODS_2_125,0.6003
2016-06-09,FOODS_2_125,0.584
2016-06-10,FOODS_2_125,0.5909
2016-06-11,FOODS_2_125,0.6628
2016-06-12,FOODS_2_125,0.6234
2016-06-13,FOODS_2_125,0.6978
2016-06-14,FOODS_2_125,0.5903
2016-06-15,FOODS_2_125,0.5243
2016-06-16,FOODS_2_125,0.4953
2016-06-17,FOODS_2_125,0.4839
2016-06-18,FOODS_2_125,0.5574
2016-06-19,FOODS_2_125,0.5574
2016-06-20,FOODS_2_125,0.6946
2016-06-21,FOODS_2_125,0.5414
2016-05-23,FOODS_2_126,1.0511
2016-05-24,FOODS_2_126,0.8213
2016-05-25,FOODS_2_126,0.7269
2016-05-26,FOODS_2_126,0.672
2016-05-27,FOODS_2_126,0.6806
2016-05-28,FOODS_2_126,0.8415
2016-05-29,FOODS_2_126,0.8172
2016-05-30,FOODS_2_126,1.059
2016-05-31,FOODS_2_126,0.7914
2016-06-01,FOODS_2_126,0.6731
2016-06-02,FOODS_2_126,0.6168
2016-06-03,FOODS_2_126,0.6101
2016-06-04,FOODS_2_126,0.7579
2016-06-05,FOODS_2_126,0.6856
2016-06-06,FOODS_2_126,0.874
2016-06-07,FOODS_2_126,0.6897
2016-06-08,FOODS_2_126,0.596
2016-06-09,FOODS_2_126,0.5975
2016-06-10,FOODS_2_126,0.5927
2016-06-11,FOODS_2_126,0.664
2016-06-12,FOODS_2_126,0.664
2016-06-13,FOODS_2_126,0.8838
2016-06-14,FOODS_2_126,0.6874
2016-06-15,FOODS_2_126,0.5791
2016-06-16,FOODS_2_126,0.5473
2016-06-17,FOODS_2_126,0.5598
2016-06-18,FOODS_2_126,0.6358
2016-06-19,FOODS_2_126,0.6115
2016-06-20,FOODS_2_126,0.7408
2016-06-21,FOODS_2_126,0.5901
2016-05-23,FOODS_2_128,10.807
2016-05-24,FOODS_2_128,8.7971
2016-05-25,FOODS_2_128,7.7743
2016-05-26,FOODS_2_128,7.6557
2016-05-27,FOODS_2_128,7.0467
2016-05-28,FOODS_2_128,8.0284
2016-05-29,FOODS_2_128,7.8326
2016-05-30,FOODS_2_128,10.3566
2016-05-31,FOODS_2_128,7.596
2016-06-01,FOODS_2_128,7.65
2016-06-02,FOODS_2_128,7.1095
2016-06-03,FOODS_2_128,6.8039
2016-06-04,FOODS_2_128,7.5835
2016-06-05,FOODS_2_128,8.1472
2016-06-06,FOODS_2_128,10.4518
2016-06-07,FOODS_2_128,8.5616
2016-06-08,FOODS_2_128,6.7865
2016-06-09,FOODS_2_128,6.4312
2016-06-10,FOODS_2_128,6.3281
2016-06-11,FOODS_2_128,7.0923
2016-06-12,FOODS_2_128,7.0994
2016-06-13,FOODS_2_128,9.1076
2016-06-14,FOODS_2_128,7.0067
2016-06-15,FOODS_2_128,6.7494
2016-06-16,FOODS_2_128,6.5882
2016-06-17,FOODS_2_128,6.275
2016-06-18,FOODS_2_128,7.3665
2016-06-19,FOODS_2_128,7.0274
2016-06-20,FOODS_2_128,9.4936
2016-06-21,FOODS_2_128,7.1402
2016-05-23,FOODS_2_131,6.9604
2016-05-24,FOODS_2_131,5.5173
2016-05-25,FOODS_2_131,4.9771
2016-05-26,FOODS_2_131,4.6725
2016-05-27,FOODS_2_131,4.6103
2016-05-28,FOODS_2_131,5.4657
2016-05-29,FOODS_2_131,5.4826
2016-05-30,FOODS_2_131,5.9804
2016-05-31,FOODS_2_131,4.1666
2016-06-01,FOODS_2_131,4.007
2016-06-02,FOODS_2_131,4.1159
2016-06-03,FOODS_2_131,4.1521
2016-06-04,FOODS_2_131,4.8383
2016-06-05,FOODS_2_131,5.208
2016-06-06,FOODS_2_131,6.2935
2016-06-07,FOODS_2_131,4.7313
2016-06-08,FOODS_2_131,3.9963
2016-06-09,FOODS_2_131,3.9758
2016-06-10,FOODS_2_131,3.8015
2016-06-11,FOODS_2_131,4.5745
2016-06-12,FOODS_2_131,4.6558
2016-06-13,FOODS_2_131,6.1187
2016-06-14,FOODS_2_131,4.8206
2016-06-15,FOODS_2_131,3.9241
2016-06-16,FOODS_2_131,3.8526
2016-06-17,FOODS_2_131,3.8406
2016-06-18,FOODS_2_131,4.799
2016-06-19,FOODS_2_131,4.8483
2016-06-20,FOODS_2_131,6.1369
2016-06-21,FOODS_2_131,4.6965
2016-05-23,FOODS_2_132,0.769
2016-05-24,FOODS_2_132,0.6239
2016-05-25,FOODS_2_132,0.5174
2016-05-26,FOODS_2_132,0.5214
2016-05-27,FOODS_2_132,0.4818
2016-05-28,FOODS_2_132,0.6176
2016-05-29,FOODS_2_132,0.5354
2016-05-30,FOODS_2_132,0.6665
2016-05-31,FOODS_2_132,0.6016
2016-06-01,FOODS_2_132,0.4824
2016-06-02,FOODS_2_132,0.4151
2016-06-03,FOODS_2_132,0.4649
2016-06-04,FOODS_2_132,0.4779
2016-06-05,FOODS_2_132,0.4736
2016-06-06,FOODS_2_132,0.5875
2016-06-07,FOODS_2_132,0.5244
2016-06-08,FOODS_2_132,0.4288
2016-06-09,FOODS_2_132,0.3712
2016-06-10,FOODS_2_132,0.3819
2016-06-11,FOODS_2_132,0.3852
2016-06-12,FOODS_2_132,0.3793
2016-06-13,FOODS_2_132,0.4418
2016-06-14,FOODS_2_132,0.4454
2016-06-15,FOODS_2_132,0.3717
2016-06-16,FOODS_2_132,0.3114
2016-06-17,FOODS_2_132,0.309
2016-06-18,FOODS_2_132,0.3006
2016-06-19,FOODS_2_132,0.3006
2016-06-20,FOODS_2_132,0.3996
2016-06-21,FOODS_2_132,0.3863
2016-05-23,FOODS_2_138,2.1464
2016-05-24,FOODS_2_138,2.0617
2016-05-25,FOODS_2_138,1.8631
2016-05-26,FOODS_2_138,1.91
2016-05-27,FOODS_2_138,1.7322
2016-05-28,FOODS_2_138,2.2529
2016-05-29,FOODS_2_138,2.1423
2016-05-30,FOODS_2_138,2.6013
2016-05-31,FOODS_2_138,2.0462
2016-06-01,FOODS_2_138,1.7158
2016-06-02,FOODS_2_138,1.6998
2016-06-03,FOODS_2_138,1.6619
2016-06-04,FOODS_2_138,1.6571
2016-06-05,FOODS_2_138,1.6332
2016-06-06,FOODS_2_138,2.175
2016-06-07,FOODS_2_138,1.8519
2016-06-08,FOODS_2_138,1.5092
2016-06-09,FOODS_2_138,1.4735
2016-06-10,FOODS_2_138,1.3763
2016-06-11,FOODS_2_138,1.3823
2016-06-12,FOODS_2_138,1.4732
2016-06-13,FOODS_2_138,2.0312
2016-06-14,FOODS_2_138,1.4003
2016-06-15,FOODS_2_138,1.0962
2016-06-16,FOODS_2_138,1.2865
2016-06-17,FOODS_2_138,1.2486
2016-06-18,FOODS_2_138,1.3635
2016-06-19,FOODS_2_138,1.2701
2016-06-20,FOODS_2_138,1.7403
2016-06-21,FOODS_2_138,1.1272
2016-05-23,FOODS_2_139,2.0992
2016-05-24,FOODS_2_139,2.0001
2016-05-25,FOODS_2_139,1.9249
2016-05-26,FOODS_2_139,1.8341
2016-05-27,FOODS_2_139,1.8448
2016-05-28,FOODS_2_139,2.2686
2016-05-29,FOODS_2_139,2.1773
2016-05-30,FOODS_2_139,2.6006
2016-05-31,FOODS_2_139,2.0967
2016-06-01,FOODS_2_139,1.6776
2016-06-02,FOODS_2_139,1.5314
2016-06-03,FOODS_2_139,1.5454
2016-06-04,FOODS_2_139,2.02
2016-06-05,FOODS_2_139,1.6856
2016-06-06,FOODS_2_139,1.9284
2016-06-07,FOODS_2_139,1.5287
2016-06-08,FOODS_2_139,1.2138
2016-06-09,FOODS_2_139,1.1687
2016-06-10,FOODS_2_139,1.3057
2016-06-11,FOODS_2_139,1.3037
2016-06-12,FOODS_2_139,1.2971
2016-06-13,FOODS_2_139,1.8322
2016-06-14,FOODS_2_139,1.3682
2016-06-15,FOODS_2_139,1.0896
2016-06-16,FOODS_2_139,1.0009
2016-06-17,FOODS_2_139,0.9922
2016-06-18,FOODS_2_139,1.1083
2016-06-19,FOODS_2_139,1.0427
2016-06-20,FOODS_2_139,1.6005
2016-06-21,FOODS_2_139,1.1052
2016-05-23,FOODS_2_145,2.0785
2016-05-24,FOODS_2_145,1.7007
2016-05-25,FOODS_2_145,1.5078
2016-05-26,FOODS_2_145,1.4434
2016-05-27,FOODS_2_145,1.4831
2016-05-28,FOODS_2_145,1.6371
2016-05-29,FOODS_2_145,1.7338
2016-05-30,FOODS_2_145,2.126
2016-05-31,FOODS_2_145,1.5514
2016-06-01,FOODS_2_145,1.3729
2016-06-02,FOODS_2_145,1.3267
2016-06-03,FOODS_2_145,1.2925
2016-06-04,FOODS_2_145,1.427
2016-06-05,FOODS_2_145,1.461
2016-06-06,FOODS_2_145,1.6103
2016-06-07,FOODS_2_145,1.2325
2016-06-08,FOODS_2_145,1.0904
2016-06-09,FOODS_2_145,1.0618
2016-06-10,FOODS_2_145,1.0855
2016-06-11,FOODS_2_145,1.3406
2016-06-12,FOODS_2_145,1.292
2016-06-13,FOODS_2_145,1.4921
2016-06-14,FOODS_2_145,1.1764
2016-06-15,FOODS_2_145,0.9941
2016-06-16,FOODS_2_145,1.0235
2016-06-17,FOODS_2_145,1.0975
2016-06-18,FOODS_2_145,1.0289
2016-06-19,FOODS_2_145,1.065
2016-06-20,FOODS_2_145,1.4558
2016-06-21,FOODS_2_145,1.0962
2016-05-23,FOODS_2_146,1.6754
2016-05-24,FOODS_2_146,1.4494
2016-05-25,FOODS_2_146,1.1987
2016-05-26,FOODS_2_146,1.214
2016-05-27,FOODS_2_146,1.1993
2016-05-28,FOODS_2_146,1.3449
2016-05-29,FOODS_2_146,1.3765
2016-05-30,FOODS_2_146,1.6767
2016-05-31,FOODS_2_146,1.1747
2016-06-01,FOODS_2_146,1.1411
2016-06-02,FOODS_2_146,1.0855
2016-06-03,FOODS_2_146,1.0677
2016-06-04,FOODS_2_146,1.2066
2016-06-05,FOODS_2_146,1.2073
2016-06-06,FOODS_2_146,1.4573
2016-06-07,FOODS_2_146,1.1764
2016-06-08,FOODS_2_146,0.928
2016-06-09,FOODS_2_146,0.8832
2016-06-10,FOODS_2_146,0.9698
2016-06-11,FOODS_2_146,1.0519
2016-06-12,FOODS_2_146,0.9728
2016-06-13,FOODS_2_146,1.3218
2016-06-14,FOODS_2_146,0.9672
2016-06-15,FOODS_2_146,0.8955
2016-06-16,FOODS_2_146,0.8992
2016-06-17,FOODS_2_146,0.9604
2016-06-18,FOODS_2_146,0.9282
2016-06-19,FOODS_2_146,0.9602
2016-06-20,FOODS_2_146,1.3656
2016-06-21,FOODS_2_146,0.96
2016-05-23,FOODS_2_150,3.3663
2016-05-24,FOODS_2_150,2.5079
2016-05-25,FOODS_2_150,2.1666
2016-05-26,FOODS_2_150,2.1161
2016-05-27,FOODS_2_150,2.1623
2016-05-28,FOODS_2_150,2.3424
2016-05-29,FOODS_2_150,2.4179
2016-05-30,FOODS_2_150,3.2915
2016-05-31,FOODS_2_150,2.473
2016-06-01,FOODS_2_150,1.7848
2016-06-02,FOODS_2_150,1.957
2016-06-03,FOODS_2_150,2.0248
2016-06-04,FOODS_2_150,2.2724
2016-06-05,FOODS_2_150,2.2808
2016-06-06,FOODS_2_150,2.9475
2016-06-07,FOODS_2_150,2.035
2016-06-08,FOODS_2_150,1.5375
2016-06-09,FOODS_2_150,1.786
2016-06-10,FOODS_2_150,1.8488
2016-06-11,FOODS_2_150,2.0503
2016-06-12,FOODS_2_150,2.1239
2016-06-13,FOODS_2_150,3.2444
2016-06-14,FOODS_2_150,2.2726
2016-06-15,FOODS_2_150,2.0201
2016-06-16,FOODS_2_150,1.9403
2016-06-17,FOODS_2_150,2.1383
2016-06-18,FOODS_2_150,2.1104
2016-06-19,FOODS_2_150,2.4193
2016-06-20,FOODS_2_150,3.3036
2016-06-21,FOODS_2_150,2.1927
2016-05-23,FOODS_2_152,2.3846
2016-05-24,FOODS_2_152,1.7968
2016-05-25,FOODS_2_152,1.5197
2016-05-26,FOODS_2_152,1.5405
2016-05-27,FOODS_2_152,1.5304
2016-05-28,FOODS_2_152,1.7058
2016-05-29,FOODS_2_152,1.6645
2016-05-30,FOODS_2_152,2.4805
2016-05-31,FOODS_2_152,1.8523
2016-06-01,FOODS_2_152,1.5037
2016-06-02,FOODS_2_152,1.5362
2016-06-03,FOODS_2_152,1.3245
2016-06-04,FOODS_2_152,1.4618
2016-06-05,FOODS_2_152,1.5439
2016-06-06,FOODS_2_152,2.3709
2016-06-07,FOODS_2_152,1.8216
2016-06-08,FOODS_2_152,1.4854
2016-06-09,FOODS_2_152,1.3315
2016-06-10,FOODS_2_152,1.384
2016-06-11,FOODS_2_152,1.4397
2016-06-12,FOODS_2_152,1.3257
2016-06-13,FOODS_2_152,2.0447
2016-06-14,FOODS_2_152,1.7238
2016-06-15,FOODS_2_152,1.4024
2016-06-16,FOODS_2_152,1.1858
2016-06-17,FOODS_2_152,1.2604
2016-06-18,FOODS_2_152,1.4253
2016-06-19,FOODS_2_152,1.4367
2016-06-20,FOODS_2_152,2.1163
2016-06-21,FOODS_2_152,1.6831
2016-05-23,FOODS_2_153,4.2
2016-05-24,FOODS_2_153,3.3021
2016-05-25,FOODS_2_153,2.693
2016-05-26,FOODS_2_153,2.8568
2016-05-27,FOODS_2_153,2.8278
2016-05-28,FOODS_2_153,3.3059
2016-05-29,FOODS_2_153,3.4693
2016-05-30,FOODS_2_153,3.8965
2016-05-31,FOODS_2_153,3.0451
2016-06-01,FOODS_2_153,2.805
2016-06-02,FOODS_2_153,2.8298
2016-06-03,FOODS_2_153,2.943
2016-06-04,FOODS_2_153,3.2475
2016-06-05,FOODS_2_153,3.05
2016-06-06,FOODS_2_153,3.9364
2016-06-07,FOODS_2_153,2.9652
2016-06-08,FOODS_2_153,2.2984
2016-06-09,FOODS_2_153,2.4881
2016-06-10,FOODS_2_153,2.7233
2016-06-11,FOODS_2_153,3.3179
2016-06-12,FOODS_2_153,3.314
2016-06-13,FOODS_2_153,3.7019
2016-06-14,FOODS_2_153,2.578
2016-06-15,FOODS_2_153,2.4675
2016-06-16,FOODS_2_153,2.4319
2016-06-17,FOODS_2_153,2.542
2016-06-18,FOODS_2_153,2.5603
2016-06-19,FOODS_2_153,2.8266
2016-06-20,FOODS_2_153,3.5677
2016-06-21,FOODS_2_153,2.611
2016-05-23,FOODS_2_156,0.9782
2016-05-24,FOODS_2_156,0.9408
2016-05-25,FOODS_2_156,0.8695
2016-05-26,FOODS_2_156,0.8047
2016-05-27,FOODS_2_156,0.7953
2016-05-28,FOODS_2_156,0.8891
2016-05-29,FOODS_2_156,0.7926
2016-05-30,FOODS_2_156,0.941
2016-05-31,FOODS_2_156,0.9408
2016-06-01,FOODS_2_156,0.7209
2016-06-02,FOODS_2_156,0.6445
2016-06-03,FOODS_2_156,0.6762
2016-06-04,FOODS_2_156,0.7859
2016-06-05,FOODS_2_156,0.7328
2016-06-06,FOODS_2_156,0.8104
2016-06-07,FOODS_2_156,0.7173
2016-06-08,FOODS_2_156,0.6251
2016-06-09,FOODS_2_156,0.6291
2016-06-10,FOODS_2_156,0.6849
2016-06-11,FOODS_2_156,0.7309
2016-06-12,FOODS_2_156,0.5559
2016-06-13,FOODS_2_156,0.6967
2016-06-14,FOODS_2_156,0.7087
2016-06-15,FOODS_2_156,0.63
2016-06-16,FOODS_2_156,0.5908
2016-06-17,FOODS_2_156,0.5198
2016-06-18,FOODS_2_156,0.5461
2016-06-19,FOODS_2_156,0.5552
2016-06-20,FOODS_2_156,0.7286
2016-06-21,FOODS_2_156,0.5799
2016-05-23,FOODS_2_164,2.3523
2016-05-24,FOODS_2_164,1.9726
2016-05-25,FOODS_2_164,1.634
2016-05-26,FOODS_2_164,1.5785
2016-05-27,FOODS_2_164,1.5823
2016-05-28,FOODS_2_164,1.8956
2016-05-29,FOODS_2_164,1.9379
2016-05-30,FOODS_2_164,2.4289
2016-05-31,FOODS_2_164,1.8671
2016-06-01,FOODS_2_164,1.5417
2016-06-02,FOODS_2_164,1.4615
2016-06-03,FOODS_2_164,1.4155
2016-06-04,FOODS_2_164,1.4196
2016-06-05,FOODS_2_164,1.4031
2016-06-06,FOODS_2_164,2.176
2016-06-07,FOODS_2_164,1.7951
2016-06-08,FOODS_2_164,1.3341
2016-06-09,FOODS_2_164,1.3114
2016-06-10,FOODS_2_164,1.4388
2016-06-11,FOODS_2_164,1.6226
2016-06-12,FOODS_2_164,1.6748
2016-06-13,FOODS_2_164,2.0101
2016-06-14,FOODS_2_164,1.734
2016-06-15,FOODS_2_164,1.531
2016-06-16,FOODS_2_164,1.2382
2016-06-17,FOODS_2_164,1.2205
2016-06-18,FOODS_2_164,1.4041
2016-06-19,FOODS_2_164,1.4167
2016-06-20,FOODS_2_164,1.9288
2016-06-21,FOODS_2_164,1.5313
2016-05-23,FOODS_2_170,2.2935
2016-05-24,FOODS_2_170,1.7062
2016-05-25,FOODS_2_170,1.4025
2016-05-26,FOODS_2_170,1.3207
2016-05-27,FOODS_2_170,1.275
2016-05-28,FOODS_2_170,1.4934
2016-05-29,FOODS_2_170,1.5104
2016-05-30,FOODS_2_170,2.2565
2016-05-31,FOODS_2_170,1.4728
2016-06-01,FOODS_2_170,1.2837
2016-06-02,FOODS_2_170,1.2343
2016-06-03,FOODS_2_170,1.1384
2016-06-04,FOODS_2_170,1.3301
2016-06-05,FOODS_2_170,1.3271
2016-06-06,FOODS_2_170,1.8355
2016-06-07,FOODS_2_170,1.4249
2016-06-08,FOODS_2_170,1.1766
2016-06-09,FOODS_2_170,1.0742
2016-06-10,FOODS_2_170,1.0728
2016-06-11,FOODS_2_170,1.2691
2016-06-12,FOODS_2_170,1.2454
2016-06-13,FOODS_2_170,1.8151
2016-06-14,FOODS_2_170,1.0321
2016-06-15,FOODS_2_170,0.8063
2016-06-16,FOODS_2_170,1.0444
2016-06-17,FOODS_2_170,0.9005
2016-06-18,FOODS_2_170,1.094
2016-06-19,FOODS_2_170,1.0687
2016-06-20,FOODS_2_170,1.5025
2016-06-21,FOODS_2_170,1.0428
2016-05-23,FOODS_2_173,1.6712
2016-05-24,FOODS_2_173,1.296
2016-05-25,FOODS_2_173,1.1897
2016-05-26,FOODS_2_173,1.0732
2016-05-27,FOODS_2_173,1.1003
2016-05-28,FOODS_2_173,1.2645
2016-05-29,FOODS_2_173,1.2481
2016-05-30,FOODS_2_173,1.6507
2016-05-31,FOODS_2_173,1.226
2016-06-01,FOODS_2_173,1.0317
2016-06-02,FOODS_2_173,0.9828
2016-06-03,FOODS_2_173,0.952
2016-06-04,FOODS_2_173,1.1902
2016-06-05,FOODS_2_173,0.9886
2016-06-06,FOODS_2_173,1.5674
2016-06-07,FOODS_2_173,1.0252
2016-06-08,FOODS_2_173,0.8169
2016-06-09,FOODS_2_173,0.8432
2016-06-10,FOODS_2_173,0.8335
2016-06-11,FOODS_2_173,0.9582
2016-06-12,FOODS_2_173,0.9455
2016-06-13,FOODS_2_173,1.4264
2016-06-14,FOODS_2_173,1.019
2016-06-15,FOODS_2_173,0.8892
2016-06-16,FOODS_2_173,0.7332
2016-06-17,FOODS_2_173,0.7107
2016-06-18,FOODS_2_173,0.9128
2016-06-19,FOODS_2_173,0.888
2016-06-20,FOODS_2_173,1.3009
2016-06-21,FOODS_2_173,0.7607
2016-05-23,FOODS_2_174,1.515
2016-05-24,FOODS_2_174,1.0715
2016-05-25,FOODS_2_174,0.9193
2016-05-26,FOODS_2_174,1.0698
2016-05-27,FOODS_2_174,0.8976
2016-05-28,FOODS_2_174,1.047
2016-05-29,FOODS_2_174,1.0471
2016-05-30,FOODS_2_174,1.3596
2016-05-31,FOODS_2_174,1.1438
2016-06-01,FOODS_2_174,1.0553
2016-06-02,FOODS_2_174,1.0325
2016-06-03,FOODS_2_174,1.0455
2016-06-04,FOODS_2_174,1.2156
2016-06-05,FOODS_2_174,1.0543
2016-06-06,FOODS_2_174,1.3012
2016-06-07,FOODS_2_174,1.0626
2016-06-08,FOODS_2_174,0.8224
2016-06-09,FOODS_2_174,0.8513
2016-06-10,FOODS_2_174,0.8048
2016-06-11,FOODS_2_174,0.8692
2016-06-12,FOODS_2_174,0.8944
2016-06-13,FOODS_2_174,1.1027
2016-06-14,FOODS_2_174,1.0422
2016-06-15,FOODS_2_174,0.8844
2016-06-16,FOODS_2_174,0.8728
2016-06-17,FOODS_2_174,0.9722
2016-06-18,FOODS_2_174,1.0097
2016-06-19,FOODS_2_174,0.9035
2016-06-20,FOODS_2_174,1.1642
2016-06-21,FOODS_2_174,0.9937
2016-05-23,FOODS_2_175,2.785
2016-05-24,FOODS_2_175,2.4614
2016-05-25,FOODS_2_175,2.0294
2016-05-26,FOODS_2_175,1.94
2016-05-27,FOODS_2_175,2.0738
2016-05-28,FOODS_2_175,2.3399
2016-05-29,FOODS_2_175,2.3959
2016-05-30,FOODS_2_175,3.0102
2016-05-31,FOODS_2_175,2.0437
2016-06-01,FOODS_2_175,1.5726
2016-06-02,FOODS_2_175,2.0505
2016-06-03,FOODS_2_175,1.9813
2016-06-04,FOODS_2_175,1.9585
2016-06-05,FOODS_2_175,2.0756
2016-06-06,FOODS_2_175,2.2886
2016-06-07,FOODS_2_175,1.5226
2016-06-08,FOODS_2_175,1.1707
2016-06-09,FOODS_2_175,1.217
2016-06-10,FOODS_2_175,1.69
2016-06-11,FOODS_2_175,1.9068
2016-06-12,FOODS_2_175,1.9541
2016-06-13,FOODS_2_175,2.5933
2016-06-14,FOODS_2_175,1.8521
2016-06-15,FOODS_2_175,1.6457
2016-06-16,FOODS_2_175,1.63
2016-06-17,FOODS_2_175,1.4057
2016-06-18,FOODS_2_175,1.4654
2016-06-19,FOODS_2_175,1.4668
2016-06-20,FOODS_2_175,2.4349
2016-06-21,FOODS_2_175,1.5509
2016-05-23,FOODS_2_177,0.9529
2016-05-24,FOODS_2_177,0.8097
2016-05-25,FOODS_2_177,0.6916
2016-05-26,FOODS_2_177,0.6587
2016-05-27,FOODS_2_177,0.697
2016-05-28,FOODS_2_177,0.8238
2016-05-29,FOODS_2_177,0.7668
2016-05-30,FOODS_2_177,0.951
2016-05-31,FOODS_2_177,0.7769
2016-06-01,FOODS_2_177,0.6311
2016-06-02,FOODS_2_177,0.5776
2016-06-03,FOODS_2_177,0.621
2016-06-04,FOODS_2_177,0.7143
2016-06-05,FOODS_2_177,0.6791
2016-06-06,FOODS_2_177,0.8854
2016-06-07,FOODS_2_177,0.8087
2016-06-08,FOODS_2_177,0.5984
2016-06-09,FOODS_2_177,0.5689
2016-06-10,FOODS_2_177,0.5798
2016-06-11,FOODS_2_177,0.608
2016-06-12,FOODS_2_177,0.608
2016-06-13,FOODS_2_177,0.8806
2016-06-14,FOODS_2_177,0.631
2016-06-15,FOODS_2_177,0.5724
2016-06-16,FOODS_2_177,0.5349
2016-06-17,FOODS_2_177,0.4876
2016-06-18,FOODS_2_177,0.6015
2016-06-19,FOODS_2_177,0.5029
2016-06-20,FOODS_2_177,0.543
2016-06-21,FOODS_2_177,0.4997
2016-05-23,FOODS_2_181,6.3646
2016-05-24,FOODS_2_181,4.6114
2016-05-25,FOODS_2_181,3.822
2016-05-26,FOODS_2_181,3.7011
2016-05-27,FOODS_2_181,3.6522
2016-05-28,FOODS_2_181,4.5299
2016-05-29,FOODS_2_181,4.4847
2016-05-30,FOODS_2_181,6.1895
2016-05-31,FOODS_2_181,4.5574
2016-06-01,FOODS_2_181,3.7662
2016-06-02,FOODS_2_181,3.6827
2016-06-03,FOODS_2_181,3.6568
2016-06-04,FOODS_2_181,4.7149
2016-06-05,FOODS_2_181,4.5401
2016-06-06,FOODS_2_181,6.084
2016-06-07,FOODS_2_181,4.5544
2016-06-08,FOODS_2_181,3.6455
2016-06-09,FOODS_2_181,3.5822
2016-06-10,FOODS_2_181,3.5689
2016-06-11,FOODS_2_181,4.4066
2016-06-12,FOODS_2_181,4.3438
2016-06-13,FOODS_2_181,6.0449
2016-06-14,FOODS_2_181,4.5572
2016-06-15,FOODS_2_181,3.6839
2016-06-16,FOODS_2_181,3.6319
2016-06-17,FOODS_2_181,3.5724
2016-06-18,FOODS_2_181,4.1959
2016-06-19,FOODS_2_181,4.1975
2016-06-20,FOODS_2_181,6.0042
2016-06-21,FOODS_2_181,4.5105
2016-05-23,FOODS_2_183,3.8305
2016-05-24,FOODS_2_183,2.9764
2016-05-25,FOODS_2_183,2.5765
2016-05-26,FOODS_2_183,2.3998
2016-05-27,FOODS_2_183,2.4093
2016-05-28,FOODS_2_183,2.8858
2016-05-29,FOODS_2_183,2.7603
2016-05-30,FOODS_2_183,3.5236
2016-05-31,FOODS_2_183,2.7426
2016-06-01,FOODS_2_183,2.2768
2016-06-02,FOODS_2_183,2.4406
2016-06-03,FOODS_2_183,2.4578
2016-06-04,FOODS_2_183,2.7939
2016-06-05,FOODS_2_183,2.3423
2016-06-06,FOODS_2_183,3.4767
2016-06-07,FOODS_2_183,2.2566
2016-06-08,FOODS_2_183,2.0179
2016-06-09,FOODS_2_183,2.1614
2016-06-10,FOODS_2_183,2.4069
2016-06-11,FOODS_2_183,2.7599
2016-06-12,FOODS_2_183,2.7333
2016-06-13,FOODS_2_183,3.4536
2016-06-14,FOODS_2_183,2.3221
2016-06-15,FOODS_2_183,2.1693
2016-06-16,FOODS_2_183,2.2884
2016-06-17,FOODS_2_183,2.2943
2016-06-18,FOODS_2_183,2.6392
2016-06-19,FOODS_2_183,2.1615
2016-06-20,FOODS_2_183,3.2592
2016-06-21,FOODS_2_183,1.992
2016-05-23,FOODS_2_184,1.6621
2016-05-24,FOODS_2_184,1.4281
2016-05-25,FOODS_2_184,1.3325
2016-05-26,FOODS_2_184,1.2718
2016-05-27,FOODS_2_184,1.2857
2016-05-28,FOODS_2_184,1.4391
2016-05-29,FOODS_2_184,1.4111
2016-05-30,FOODS_2_184,1.988
2016-05-31,FOODS_2_184,1.3534
2016-06-01,FOODS_2_184,1.363
2016-06-02,FOODS_2_184,1.1572
2016-06-03,FOODS_2_184,1.1282
2016-06-04,FOODS_2_184,1.1562
2016-06-05,FOODS_2_184,1.1562
2016-06-06,FOODS_2_184,1.5903
2016-06-07,FOODS_2_184,1.2013
2016-06-08,FOODS_2_184,1.0987
2016-06-09,FOODS_2_184,1.04
2016-06-10,FOODS_2_184,1.0846
2016-06-11,FOODS_2_184,1.1441
2016-06-12,FOODS_2_184,1.117
2016-06-13,FOODS_2_184,1.5062
2016-06-14,FOODS_2_184,1.2632
2016-06-15,FOODS_2_184,1.1534
2016-06-16,FOODS_2_184,0.9898
2016-06-17,FOODS_2_184,0.9892
2016-06-18,FOODS_2_184,1.1324
2016-06-19,FOODS_2_184,1.1022
2016-06-20,FOODS_2_184,1.5528
2016-06-21,FOODS_2_184,1.056
2016-05-23,FOODS_2_188,0.6109
2016-05-24,FOODS_2_188,0.5109
2016-05-25,FOODS_2_188,0.4067
2016-05-26,FOODS_2_188,0.3497
2016-05-27,FOODS_2_188,0.3417
2016-05-28,FOODS_2_188,0.3866
2016-05-29,FOODS_2_188,0.4079
2016-05-30,FOODS_2_188,0.5054
2016-05-31,FOODS_2_188,0.4454
2016-06-01,FOODS_2_188,0.3772
2016-06-02,FOODS_2_188,0.3367
2016-06-03,FOODS_2_188,0.3389
2016-06-04,FOODS_2_188,0.3853
2016-06-05,FOODS_2_188,0.3727
2016-06-06,FOODS_2_188,0.4235
2016-06-07,FOODS_2_188,0.3959
2016-06-08,FOODS_2_188,0.3505
2016-06-09,FOODS_2_188,0.3151
2016-06-10,FOODS_2_188,0.3088
2016-06-11,FOODS_2_188,0.2948
2016-06-12,FOODS_2_188,0.2939
2016-06-13,FOODS_2_188,0.3864
2016-06-14,FOODS_2_188,0.3588
2016-06-15,FOODS_2_188,0.3439
2016-06-16,FOODS_2_188,0.3074
2016-06-17,FOODS_2_188,0.301
2016-06-18,FOODS_2_188,0.2937
2016-06-19,FOODS_2_188,0.2985
2016-06-20,FOODS_2_188,0.3589
2016-06-21,FOODS_2_188,0.2746
2016-05-23,FOODS_2_189,1.9166
2016-05-24,FOODS_2_189,1.5593
2016-05-25,FOODS_2_189,1.2715
2016-05-26,FOODS_2_189,1.3429
2016-05-27,FOODS_2_189,1.212
2016-05-28,FOODS_2_189,1.3848
2016-05-29,FOODS_2_189,1.366
2016-05-30,FOODS_2_189,1.7855
2016-05-31,FOODS_2_189,1.4657
2016-06-01,FOODS_2_189,1.1726
2016-06-02,FOODS_2_189,1.1494
2016-06-03,FOODS_2_189,1.1715
2016-06-04,FOODS_2_189,1.4486
2016-06-05,FOODS_2_189,1.2998
2016-06-06,FOODS_2_189,1.7174
2016-06-07,FOODS_2_189,1.2457
2016-06-08,FOODS_2_189,0.9342
2016-06-09,FOODS_2_189,0.8931
2016-06-10,FOODS_2_189,0.7713
2016-06-11,FOODS_2_189,1.1132
2016-06-12,FOODS_2_189,1.2064
2016-06-13,FOODS_2_189,1.3822
2016-06-14,FOODS_2_189,0.9518
2016-06-15,FOODS_2_189,0.8108
2016-06-16,FOODS_2_189,0.7223
2016-06-17,FOODS_2_189,0.8338
2016-06-18,FOODS_2_189,1.2176
2016-06-19,FOODS_2_189,0.9366
2016-06-20,FOODS_2_189,1.2683
2016-06-21,FOODS_2_189,0.9423
2016-05-23,FOODS_2_192,2.8904
2016-05-24,FOODS_2_192,2.2002
2016-05-25,FOODS_2_192,1.8399
2016-05-26,FOODS_2_192,1.8122
2016-05-27,FOODS_2_192,1.9492
2016-05-28,FOODS_2_192,2.2929
2016-05-29,FOODS_2_192,1.6828
2016-05-30,FOODS_2_192,2.8423
2016-05-31,FOODS_2_192,2.3566
2016-06-01,FOODS_2_192,1.9162
2016-06-02,FOODS_2_192,1.5395
2016-06-03,FOODS_2_192,1.9239
2016-06-04,FOODS_2_192,2.1477
2016-06-05,FOODS_2_192,1.8794
2016-06-06,FOODS_2_192,2.5464
2016-06-07,FOODS_2_192,1.5094
2016-06-08,FOODS_2_192,1.2424
2016-06-09,FOODS_2_192,1.6362
2016-06-10,FOODS_2_192,1.5574
2016-06-11,FOODS_2_192,2.0956
2016-06-12,FOODS_2_192,1.9644
2016-06-13,FOODS_2_192,2.2542
2016-06-14,FOODS_2_192,1.4096
2016-06-15,FOODS_2_192,1.0495
2016-06-16,FOODS_2_192,1.4154
2016-06-17,FOODS_2_192,1.5391
2016-06-18,FOODS_2_192,1.81
2016-06-19,FOODS_2_192,1.1119
2016-06-20,FOODS_2_192,2.264
2016-06-21,FOODS_2_192,1.5885
2016-05-23,FOODS_2_194,4.4179
2016-05-24,FOODS_2_194,3.3286
2016-05-25,FOODS_2_194,2.799
2016-05-26,FOODS_2_194,2.907
2016-05-27,FOODS_2_194,2.8091
2016-05-28,FOODS_2_194,3.3262
2016-05-29,FOODS_2_194,3.5203
2016-05-30,FOODS_2_194,4.259
2016-05-31,FOODS_2_194,3.2356
2016-06-01,FOODS_2_194,2.7634
2016-06-02,FOODS_2_194,2.644
2016-06-03,FOODS_2_194,2.7339
2016-06-04,FOODS_2_194,2.9722
2016-06-05,FOODS_2_194,2.8903
2016-06-06,FOODS_2_194,3.7333
2016-06-07,FOODS_2_194,2.573
2016-06-08,FOODS_2_194,2.0331
2016-06-09,FOODS_2_194,2.3469
2016-06-10,FOODS_2_194,2.3273
2016-06-11,FOODS_2_194,2.9898
2016-06-12,FOODS_2_194,2.6794
2016-06-13,FOODS_2_194,3.2874
2016-06-14,FOODS_2_194,2.2642
2016-06-15,FOODS_2_194,1.7998
2016-06-16,FOODS_2_194,1.9185
2016-06-17,FOODS_2_194,2.105
2016-06-18,FOODS_2_194,2.217
2016-06-19,FOODS_2_194,2.439
2016-06-20,FOODS_2_194,3.3467
2016-06-21,FOODS_2_194,2.3682
2016-05-23,FOODS_2_196,0.3667
2016-05-24,FOODS_2_196,0.3311
2016-05-25,FOODS_2_196,0.311
2016-05-26,FOODS_2_196,0.3034
2016-05-27,FOODS_2_196,0.2831
2016-05-28,FOODS_2_196,0.261
2016-05-29,FOODS_2_196,0.2621
2016-05-30,FOODS_2_196,0.3317
2016-05-31,FOODS_2_196,0.2766
2016-06-01,FOODS_2_196,0.289
2016-06-02,FOODS_2_196,0.2856
2016-06-03,FOODS_2_196,0.2805
2016-06-04,FOODS_2_196,0.2689
2016-06-05,FOODS_2_196,0.2882
2016-06-06,FOODS_2_196,0.3661
2016-06-07,FOODS_2_196,0.31
2016-06-08,FOODS_2_196,0.3177
2016-06-09,FOODS_2_196,0.3124
2016-06-10,FOODS_2_196,0.3072
2016-06-11,FOODS_2_196,0.2878
2016-06-12,FOODS_2_196,0.2881
2016-06-13,FOODS_2_196,0.3679
2016-06-14,FOODS_2_196,0.3163
2016-06-15,FOODS_2_196,0.3194
2016-06-16,FOODS_2_196,0.314
2016-06-17,FOODS_2_196,0.3031
2016-06-18,FOODS_2_196,0.2089
2016-06-19,FOODS_2_196,0.2089
2016-06-20,FOODS_2_196,0.3573
2016-06-21,FOODS_2_196,0.2842
2016-05-23,FOODS_2_197,23.4425
2016-05-24,FOODS_2_197,19.7713
2016-05-25,FOODS_2_197,15.924
2016-05-26,FOODS_2_197,14.7307
2016-05-27,FOODS_2_197,15.7029
2016-05-28,FOODS_2_197,17.9289
2016-05-29,FOODS_2_197,17.9481
2016-05-30,FOODS_2_197,22.951
2016-05-31,FOODS_2_197,18.3362
2016-06-01,FOODS_2_197,15.1779
2016-06-02,FOODS_2_197,14.4348
2016-06-03,FOODS_2_197,15.5019
2016-06-04,FOODS_2_197,17.3955
2016-06-05,FOODS_2_197,15.1086
2016-06-06,FOODS_2_197,23.2103
2016-06-07,FOODS_2_197,17.944
2016-06-08,FOODS_2_197,14.2026
2016-06-09,FOODS_2_197,14.4346
2016-06-10,FOODS_2_197,14.5912
2016-06-11,FOODS_2_197,16.5972
2016-06-12,FOODS_2_197,16.4763
2016-06-13,FOODS_2_197,22.6858
2016-06-14,FOODS_2_197,17.926
2016-06-15,FOODS_2_197,13.965
2016-06-16,FOODS_2_197,14.977
2016-06-17,FOODS_2_197,14.6176
2016-06-18,FOODS_2_197,16.5892
2016-06-19,FOODS_2_197,16.1282
2016-06-20,FOODS_2_197,22.6009
2016-06-21,FOODS_2_197,17.2905
2016-05-23,FOODS_2_199,2.0811
2016-05-24,FOODS_2_199,1.581
2016-05-25,FOODS_2_199,1.4345
2016-05-26,FOODS_2_199,1.4911
2016-05-27,FOODS_2_199,1.4581
2016-05-28,FOODS_2_199,1.7199
2016-05-29,FOODS_2_199,1.7783
2016-05-30,FOODS_2_199,2.2361
2016-05-31,FOODS_2_199,1.7891
2016-06-01,FOODS_2_199,1.4843
2016-06-02,FOODS_2_199,1.4471
2016-06-03,FOODS_2_199,1.4181
2016-06-04,FOODS_2_199,1.6525
2016-06-05,FOODS_2_199,1.6863
2016-06-06,FOODS_2_199,1.9851
2016-06-07,FOODS_2_199,1.4062
2016-06-08,FOODS_2_199,1.0478
2016-06-09,FOODS_2_199,1.3026
2016-06-10,FOODS_2_199,1.3012
2016-06-11,FOODS_2_199,1.5831
2016-06-12,FOODS_2_199,1.5815
2016-06-13,FOODS_2_199,1.8413
2016-06-14,FOODS_2_199,1.3671
2016-06-15,FOODS_2_199,1.0811
2016-06-16,FOODS_2_199,1.0849
2016-06-17,FOODS_2_199,1.2124
2016-06-18,FOODS_2_199,1.4176
2016-06-19,FOODS_2_199,1.4164
2016-06-20,FOODS_2_199,1.5979
2016-06-21,FOODS_2_199,1.1632
2016-05-23,FOODS_2_204,6.7309
2016-05-24,FOODS_2_204,4.9951
2016-05-25,FOODS_2_204,4.1461
2016-05-26,FOODS_2_204,3.9489
2016-05-27,FOODS_2_204,3.9796
2016-05-28,FOODS_2_204,5.5558
2016-05-29,FOODS_2_204,5.6324
2016-05-30,FOODS_2_204,6.1932
2016-05-31,FOODS_2_204,4.8883
2016-06-01,FOODS_2_204,4.5735
2016-06-02,FOODS_2_204,4.1002
2016-06-03,FOODS_2_204,4.1273
2016-06-04,FOODS_2_204,4.9598
2016-06-05,FOODS_2_204,5.2228
2016-06-06,FOODS_2_204,6.8737
2016-06-07,FOODS_2_204,5.0307
2016-06-08,FOODS_2_204,4.1335
2016-06-09,FOODS_2_204,4.0354
2016-06-10,FOODS_2_204,4.0036
2016-06-11,FOODS_2_204,5.1781
2016-06-12,FOODS_2_204,5.1912
2016-06-13,FOODS_2_204,5.9285
2016-06-14,FOODS_2_204,4.5739
2016-06-15,FOODS_2_204,3.9535
2016-06-16,FOODS_2_204,3.7511
2016-06-17,FOODS_2_204,3.7031
2016-06-18,FOODS_2_204,4.434
2016-06-19,FOODS_2_204,4.5152
2016-06-20,FOODS_2_204,6.1172
2016-06-21,FOODS_2_204,4.4292
2016-05-23,FOODS_2_212,2.0276
2016-05-24,FOODS_2_212,1.6313
2016-05-25,FOODS_2_212,1.2148
2016-05-26,FOODS_2_212,1.2424
2016-05-27,FOODS_2_212,1.2099
2016-05-28,FOODS_2_212,1.3295
2016-05-29,FOODS_2_212,1.383
2016-05-30,FOODS_2_212,1.8632
2016-05-31,FOODS_2_212,1.4255
2016-06-01,FOODS_2_212,1.1772
2016-06-02,FOODS_2_212,1.1414
2016-06-03,FOODS_2_212,1.0812
2016-06-04,FOODS_2_212,1.3127
2016-06-05,FOODS_2_212,1.3131
2016-06-06,FOODS_2_212,1.4834
2016-06-07,FOODS_2_212,1.0654
2016-06-08,FOODS_2_212,0.8838
2016-06-09,FOODS_2_212,0.9009
2016-06-10,FOODS_2_212,0.9076
2016-06-11,FOODS_2_212,1.1118
2016-06-12,FOODS_2_212,1.0817
2016-06-13,FOODS_2_212,1.4203
2016-06-14,FOODS_2_212,0.9485
2016-06-15,FOODS_2_212,0.8634
2016-06-16,FOODS_2_212,0.7385
2016-06-17,FOODS_2_212,0.7689
2016-06-18,FOODS_2_212,0.7739
2016-06-19,FOODS_2_212,0.8395
2016-06-20,FOODS_2_212,1.1028
2016-06-21,FOODS_2_212,0.7702
2016-05-23,FOODS_2_218,0.9706
2016-05-24,FOODS_2_218,0.7399
2016-05-25,FOODS_2_218,0.6228
2016-05-26,FOODS_2_218,0.6081
2016-05-27,FOODS_2_218,0.6231
2016-05-28,FOODS_2_218,0.6819
2016-05-29,FOODS_2_218,0.6586
2016-05-30,FOODS_2_218,0.8889
2016-05-31,FOODS_2_218,0.7545
2016-06-01,FOODS_2_218,0.5833
2016-06-02,FOODS_2_218,0.5552
2016-06-03,FOODS_2_218,0.5208
2016-06-04,FOODS_2_218,0.5814
2016-06-05,FOODS_2_218,0.5955
2016-06-06,FOODS_2_218,0.7348
2016-06-07,FOODS_2_218,0.6356
2016-06-08,FOODS_2_218,0.5056
2016-06-09,FOODS_2_218,0.4935
2016-06-10,FOODS_2_218,0.4943
2016-06-11,FOODS_2_218,0.5219
2016-06-12,FOODS_2_218,0.5407
2016-06-13,FOODS_2_218,0.666
2016-06-14,FOODS_2_218,0.5256
2016-06-15,FOODS_2_218,0.4469
2016-06-16,FOODS_2_218,0.4092
2016-06-17,FOODS_2_218,0.3974
2016-06-18,FOODS_2_218,0.4601
2016-06-19,FOODS_2_218,0.4605
2016-06-20,FOODS_2_218,0.5645
2016-06-21,FOODS_2_218,0.4788
2016-05-23,FOODS_2_220,2.3203
2016-05-24,FOODS_2_220,1.8728
2016-05-25,FOODS_2_220,1.6423
2016-05-26,FOODS_2_220,1.6593
2016-05-27,FOODS_2_220,1.6733
2016-05-28,FOODS_2_220,1.5731
2016-05-29,FOODS_2_220,1.5412
2016-05-30,FOODS_2_220,2.3156
2016-05-31,FOODS_2_220,1.6028
2016-06-01,FOODS_2_220,1.4043
2016-06-02,FOODS_2_220,1.3543
2016-06-03,FOODS_2_220,1.4302
2016-06-04,FOODS_2_220,1.467
2016-06-05,FOODS_2_220,1.4162
2016-06-06,FOODS_2_220,1.8293
2016-06-07,FOODS_2_220,1.4028
2016-06-08,FOODS_2_220,1.1605
2016-06-09,FOODS_2_220,1.1127
2016-06-10,FOODS_2_220,1.2615
2016-06-11,FOODS_2_220,1.3701
2016-06-12,FOODS_2_220,1.3691
2016-06-13,FOODS_2_220,1.6915
2016-06-14,FOODS_2_220,1.22
2016-06-15,FOODS_2_220,1.0898
2016-06-16,FOODS_2_220,0.9977
2016-06-17,FOODS_2_220,1.0359
2016-06-18,FOODS_2_220,1.0643
2016-06-19,FOODS_2_220,1.0993
2016-06-20,FOODS_2_220,1.4091
2016-06-21,FOODS_2_220,1.1546
2016-05-23,FOODS_2_222,7.2373
2016-05-24,FOODS_2_222,5.3559
2016-05-25,FOODS_2_222,4.8881
2016-05-26,FOODS_2_222,4.5307
2016-05-27,FOODS_2_222,4.4213
2016-05-28,FOODS_2_222,5.5752
2016-05-29,FOODS_2_222,5.7443
2016-05-30,FOODS_2_222,6.2838
2016-05-31,FOODS_2_222,4.9542
2016-06-01,FOODS_2_222,4.6924
2016-06-02,FOODS_2_222,4.7047
2016-06-03,FOODS_2_222,4.4346
2016-06-04,FOODS_2_222,5.4954
2016-06-05,FOODS_2_222,5.3959
2016-06-06,FOODS_2_222,7.1523
2016-06-07,FOODS_2_222,5.3579
2016-06-08,FOODS_2_222,4.5441
2016-06-09,FOODS_2_222,4.6076
2016-06-10,FOODS_2_222,4.3077
2016-06-11,FOODS_2_222,5.5095
2016-06-12,FOODS_2_222,5.4956
2016-06-13,FOODS_2_222,6.7094
2016-06-14,FOODS_2_222,5.2896
2016-06-15,FOODS_2_222,4.4868
2016-06-16,FOODS_2_222,4.5947
2016-06-17,FOODS_2_222,4.3964
2016-06-18,FOODS_2_222,5.3316
2016-06-19,FOODS_2_222,5.0486
2016-06-20,FOODS_2_222,6.8874
2016-06-21,FOODS_2_222,5.3641
2016-05-23,FOODS_2_225,2.1247
2016-05-24,FOODS_2_225,1.6886
2016-05-25,FOODS_2_225,1.4934
2016-05-26,FOODS_2_225,1.4979
2016-05-27,FOODS_2_225,1.4255
2016-05-28,FOODS_2_225,1.6643
2016-05-29,FOODS_2_225,1.5479
2016-05-30,FOODS_2_225,2.0619
2016-05-31,FOODS_2_225,1.7614
2016-06-01,FOODS_2_225,1.3837
2016-06-02,FOODS_2_225,1.4027
2016-06-03,FOODS_2_225,1.2678
2016-06-04,FOODS_2_225,1.4888
2016-06-05,FOODS_2_225,1.5098
2016-06-06,FOODS_2_225,2.039
2016-06-07,FOODS_2_225,1.3667
2016-06-08,FOODS_2_225,0.9512
2016-06-09,FOODS_2_225,1.179
2016-06-10,FOODS_2_225,1.1059
2016-06-11,FOODS_2_225,1.2432
2016-06-12,FOODS_2_225,1.1624
2016-06-13,FOODS_2_225,1.5433
2016-06-14,FOODS_2_225,1.23
2016-06-15,FOODS_2_225,0.8949
2016-06-16,FOODS_2_225,1.0465
2016-06-17,FOODS_2_225,0.9585
2016-06-18,FOODS_2_225,1.1861
2016-06-19,FOODS_2_225,1.0769
2016-06-20,FOODS_2_225,1.4555
2016-06-21,FOODS_2_225,1.0264
2016-05-23,FOODS_2_232,1.7954
2016-05-24,FOODS_2_232,1.5637
2016-05-25,FOODS_2_232,1.368
2016-05-26,FOODS_2_232,1.3872
2016-05-27,FOODS_2_232,1.4635
2016-05-28,FOODS_2_232,1.4604
2016-05-29,FOODS_2_232,1.4597
2016-05-30,FOODS_2_232,1.7362
2016-05-31,FOODS_2_232,1.4008
2016-06-01,FOODS_2_232,1.2238
2016-06-02,FOODS_2_232,1.2423
2016-06-03,FOODS_2_232,1.2866
2016-06-04,FOODS_2_232,1.413
2016-06-05,FOODS_2_232,1.428
2016-06-06,FOODS_2_232,1.6428
2016-06-07,FOODS_2_232,1.4174
2016-06-08,FOODS_2_232,1.2703
2016-06-09,FOODS_2_232,1.1485
2016-06-10,FOODS_2_232,1.1292
2016-06-11,FOODS_2_232,1.3443
2016-06-12,FOODS_2_232,1.3618
2016-06-13,FOODS_2_232,1.5279
2016-06-14,FOODS_2_232,1.4611
2016-06-15,FOODS_2_232,1.1332
2016-06-16,FOODS_2_232,1.1838
2016-06-17,FOODS_2_232,1.1929
2016-06-18,FOODS_2_232,1.3618
2016-06-19,FOODS_2_232,1.3931
2016-06-20,FOODS_2_232,1.6523
2016-06-21,FOODS_2_232,1.3274
2016-05-23,FOODS_2_233,2.5985
2016-05-24,FOODS_2_233,1.9641
2016-05-25,FOODS_2_233,1.5776
2016-05-26,FOODS_2_233,1.5517
2016-05-27,FOODS_2_233,1.6511
2016-05-28,FOODS_2_233,1.9134
2016-05-29,FOODS_2_233,1.6456
2016-05-30,FOODS_2_233,2.6142
2016-05-31,FOODS_2_233,2.0995
2016-06-01,FOODS_2_233,1.7252
2016-06-02,FOODS_2_233,1.5293
2016-06-03,FOODS_2_233,1.6592
2016-06-04,FOODS_2_233,1.8672
2016-06-05,FOODS_2_233,1.4415
2016-06-06,FOODS_2_233,2.185
2016-06-07,FOODS_2_233,1.7382
2016-06-08,FOODS_2_233,1.5001
2016-06-09,FOODS_2_233,1.3813
2016-06-10,FOODS_2_233,1.4947
2016-06-11,FOODS_2_233,1.5385
2016-06-12,FOODS_2_233,1.5291
2016-06-13,FOODS_2_233,2.2804
2016-06-14,FOODS_2_233,1.7461
2016-06-15,FOODS_2_233,1.1331
2016-06-16,FOODS_2_233,1.3248
2016-06-17,FOODS_2_233,1.3241
2016-06-18,FOODS_2_233,1.4997
2016-06-19,FOODS_2_233,1.3585
2016-06-20,FOODS_2_233,2.2841
2016-06-21,FOODS_2_233,1.5744
2016-05-23,FOODS_2_237,1.7512
2016-05-24,FOODS_2_237,1.4085
2016-05-25,FOODS_2_237,1.1264
2016-05-26,FOODS_2_237,1.0913
2016-05-27,FOODS_2_237,1.1055
2016-05-28,FOODS_2_237,1.211
2016-05-29,FOODS_2_237,1.1479
2016-05-30,FOODS_2_237,1.7706
2016-05-31,FOODS_2_237,1.2421
2016-06-01,FOODS_2_237,1.0078
2016-06-02,FOODS_2_237,1.007
2016-06-03,FOODS_2_237,0.9746
2016-06-04,FOODS_2_237,1.0594
2016-06-05,FOODS_2_237,0.9543
2016-06-06,FOODS_2_237,1.6108
2016-06-07,FOODS_2_237,1.1793
2016-06-08,FOODS_2_237,0.8513
2016-06-09,FOODS_2_237,0.8234
2016-06-10,FOODS_2_237,0.7642
2016-06-11,FOODS_2_237,0.9967
2016-06-12,FOODS_2_237,1.0439
2016-06-13,FOODS_2_237,1.5022
2016-06-14,FOODS_2_237,0.8924
2016-06-15,FOODS_2_237,0.7445
2016-06-16,FOODS_2_237,0.6929
2016-06-17,FOODS_2_237,0.6786
2016-06-18,FOODS_2_237,0.9332
2016-06-19,FOODS_2_237,0.943
2016-06-20,FOODS_2_237,1.2698
2016-06-21,FOODS_2_237,0.7721
2016-05-23,FOODS_2_240,0.7281
2016-05-24,FOODS_2_240,1.0124
2016-05-25,FOODS_2_240,0.9137
2016-05-26,FOODS_2_240,0.908
2016-05-27,FOODS_2_240,0.8152
2016-05-28,FOODS_2_240,0.9706
2016-05-29,FOODS_2_240,0.7977
2016-05-30,FOODS_2_240,0.9916
2016-05-31,FOODS_2_240,0.8669
2016-06-01,FOODS_2_240,0.7377
2016-06-02,FOODS_2_240,0.7405
2016-06-03,FOODS_2_240,0.6613
2016-06-04,FOODS_2_240,0.7585
2016-06-05,FOODS_2_240,0.6712
2016-06-06,FOODS_2_240,0.9351
2016-06-07,FOODS_2_240,0.6917
2016-06-08,FOODS_2_240,0.6389
2016-06-09,FOODS_2_240,0.6275
2016-06-10,FOODS_2_240,0.6052
2016-06-11,FOODS_2_240,0.6729
2016-06-12,FOODS_2_240,0.6762
2016-06-13,FOODS_2_240,0.6385
2016-06-14,FOODS_2_240,0.6549
2016-06-15,FOODS_2_240,0.4795
2016-06-16,FOODS_2_240,0.4583
2016-06-17,FOODS_2_240,0.4509
2016-06-18,FOODS_2_240,0.4861
2016-06-19,FOODS_2_240,0.5323
2016-06-20,FOODS_2_240,0.6723
2016-06-21,FOODS_2_240,0.5119
2016-05-23,FOODS_2_241,9.3824
2016-05-24,FOODS_2_241,6.3782
2016-05-25,FOODS_2_241,5.5765
2016-05-26,FOODS_2_241,5.4175
2016-05-27,FOODS_2_241,5.6049
2016-05-28,FOODS_2_241,6.4748
2016-05-29,FOODS_2_241,7.3721
2016-05-30,FOODS_2_241,8.0053
2016-05-31,FOODS_2_241,5.5821
2016-06-01,FOODS_2_241,5.2841
2016-06-02,FOODS_2_241,5.3732
2016-06-03,FOODS_2_241,5.2824
2016-06-04,FOODS_2_241,5.7671
2016-06-05,FOODS_2_241,6.6236
2016-06-06,FOODS_2_241,8.0316
2016-06-07,FOODS_2_241,5.709
2016-06-08,FOODS_2_241,5.1464
2016-06-09,FOODS_2_241,4.8543
2016-06-10,FOODS_2_241,5.0055
2016-06-11,FOODS_2_241,5.9622
2016-06-12,FOODS_2_241,6.2916
2016-06-13,FOODS_2_241,7.5292
2016-06-14,FOODS_2_241,5.6038
2016-06-15,FOODS_2_241,4.7329
2016-06-16,FOODS_2_241,4.9589
2016-06-17,FOODS_2_241,4.7398
2016-06-18,FOODS_2_241,5.3299
2016-06-19,FOODS_2_241,6.082
2016-06-20,FOODS_2_241,7.3774
2016-06-21,FOODS_2_241,5.0151
2016-05-23,FOODS_2_244,7.9684
2016-05-24,FOODS_2_244,5.7949
2016-05-25,FOODS_2_244,5.038
2016-05-26,FOODS_2_244,4.6082
2016-05-27,FOODS_2_244,4.5327
2016-05-28,FOODS_2_244,5.663
2016-05-29,FOODS_2_244,5.3726
2016-05-30,FOODS_2_244,7.3673
2016-05-31,FOODS_2_244,5.6393
2016-06-01,FOODS_2_244,4.8711
2016-06-02,FOODS_2_244,4.6998
2016-06-03,FOODS_2_244,4.4844
2016-06-04,FOODS_2_244,5.7034
2016-06-05,FOODS_2_244,5.5794
2016-06-06,FOODS_2_244,7.2562
2016-06-07,FOODS_2_244,5.2669
2016-06-08,FOODS_2_244,4.392
2016-06-09,FOODS_2_244,4.4306
2016-06-10,FOODS_2_244,4.3547
2016-06-11,FOODS_2_244,5.5902
2016-06-12,FOODS_2_244,5.2051
2016-06-13,FOODS_2_244,6.7239
2016-06-14,FOODS_2_244,5.2068
2016-06-15,FOODS_2_244,4.2719
2016-06-16,FOODS_2_244,4.1936
2016-06-17,FOODS_2_244,4.1901
2016-06-18,FOODS_2_244,5.5883
2016-06-19,FOODS_2_244,5.63
2016-06-20,FOODS_2_244,6.84
2016-06-21,FOODS_2_244,4.8694
2016-05-23,FOODS_2_245,0.9591
2016-05-24,FOODS_2_245,0.7309
2016-05-25,FOODS_2_245,0.6476
2016-05-26,FOODS_2_245,0.6343
2016-05-27,FOODS_2_245,0.6312
2016-05-28,FOODS_2_245,0.7474
2016-05-29,FOODS_2_245,0.7264
2016-05-30,FOODS_2_245,0.8014
2016-05-31,FOODS_2_245,0.6446
2016-06-01,FOODS_2_245,0.6241
2016-06-02,FOODS_2_245,0.6023
2016-06-03,FOODS_2_245,0.6002
2016-06-04,FOODS_2_245,0.7419
2016-06-05,FOODS_2_245,0.697
2016-06-06,FOODS_2_245,0.7986
2016-06-07,FOODS_2_245,0.6563
2016-06-08,FOODS_2_245,0.5921
2016-06-09,FOODS_2_245,0.5529
2016-06-10,FOODS_2_245,0.5531
2016-06-11,FOODS_2_245,0.6453
2016-06-12,FOODS_2_245,0.6525
2016-06-13,FOODS_2_245,0.7584
2016-06-14,FOODS_2_245,0.6315
2016-06-15,FOODS_2_245,0.5612
2016-06-16,FOODS_2_245,0.5338
2016-06-17,FOODS_2_245,0.5441
2016-06-18,FOODS_2_245,0.6815
2016-06-19,FOODS_2_245,0.5942
2016-06-20,FOODS_2_245,0.5072
2016-06-21,FOODS_2_245,0.3655
2016-05-23,FOODS_2_247,2.8652
2016-05-24,FOODS_2_247,2.2805
2016-05-25,FOODS_2_247,1.9005
2016-05-26,FOODS_2_247,1.872
2016-05-27,FOODS_2_247,1.8507
2016-05-28,FOODS_2_247,2.3271
2016-05-29,FOODS_2_247,2.1736
2016-05-30,FOODS_2_247,3.1708
2016-05-31,FOODS_2_247,2.2048
2016-06-01,FOODS_2_247,1.9066
2016-06-02,FOODS_2_247,1.9106
2016-06-03,FOODS_2_247,1.7635
2016-06-04,FOODS_2_247,2.2421
2016-06-05,FOODS_2_247,2.2309
2016-06-06,FOODS_2_247,2.4117
2016-06-07,FOODS_2_247,1.648
2016-06-08,FOODS_2_247,1.4527
2016-06-09,FOODS_2_247,1.3272
2016-06-10,FOODS_2_247,1.6139
2016-06-11,FOODS_2_247,1.9959
2016-06-12,FOODS_2_247,1.7988
2016-06-13,FOODS_2_247,3.1913
2016-06-14,FOODS_2_247,1.9494
2016-06-15,FOODS_2_247,1.5964
2016-06-16,FOODS_2_247,1.55
2016-06-17,FOODS_2_247,1.4899
2016-06-18,FOODS_2_247,1.7781
2016-06-19,FOODS_2_247,2.0783
2016-06-20,FOODS_2_247,2.8972
2016-06-21,FOODS_2_247,1.9096
2016-05-23,FOODS_2_255,1.2672
2016-05-24,FOODS_2_255,1.0607
2016-05-25,FOODS_2_255,1.023
2016-05-26,FOODS_2_255,0.9708
2016-05-27,FOODS_2_255,1.0564
2016-05-28,FOODS_2_255,1.1052
2016-05-29,FOODS_2_255,0.9812
2016-05-30,FOODS_2_255,1.0843
2016-05-31,FOODS_2_255,0.8738
2016-06-01,FOODS_2_255,0.8789
2016-06-02,FOODS_2_255,0.919
2016-06-03,FOODS_2_255,0.8886
2016-06-04,FOODS_2_255,1.0179
2016-06-05,FOODS_2_255,1.0424
2016-06-06,FOODS_2_255,1.1511
2016-06-07,FOODS_2_255,0.9208
2016-06-08,FOODS_2_255,0.7904
2016-06-09,FOODS_2_255,0.8267
2016-06-10,FOODS_2_255,0.8741
2016-06-11,FOODS_2_255,0.8867
2016-06-12,FOODS_2_255,0.9103
2016-06-13,FOODS_2_255,0.9959
2016-06-14,FOODS_2_255,0.8178
2016-06-15,FOODS_2_255,0.7649
2016-06-16,FOODS_2_255,0.7473
2016-06-17,FOODS_2_255,0.7824
2016-06-18,FOODS_2_255,0.8548
2016-06-19,FOODS_2_255,0.8882
2016-06-20,FOODS_2_255,0.9697
2016-06-21,FOODS_2_255,0.7696
2016-05-23,FOODS_2_257,1.2232
2016-05-24,FOODS_2_257,1.9577
2016-05-25,FOODS_2_257,1.6063
2016-05-26,FOODS_2_257,1.5475
2016-05-27,FOODS_2_257,1.5919
2016-05-28,FOODS_2_257,1.6531
2016-05-29,FOODS_2_257,1.638
2016-05-30,FOODS_2_257,1.7808
2016-05-31,FOODS_2_257,1.6727
2016-06-01,FOODS_2_257,1.2833
2016-06-02,FOODS_2_257,1.3312
2016-06-03,FOODS_2_257,1.2958
2016-06-04,FOODS_2_257,1.5255
2016-06-05,FOODS_2_257,1.5247
2016-06-06,FOODS_2_257,1.6061
2016-06-07,FOODS_2_257,1.7187
2016-06-08,FOODS_2_257,1.1182
2016-06-09,FOODS_2_257,1.0894
2016-06-10,FOODS_2_257,1.1701
2016-06-11,FOODS_2_257,1.2551
2016-06-12,FOODS_2_257,1.2429
2016-06-13,FOODS_2_257,1.6305
2016-06-14,FOODS_2_257,1.5668
2016-06-15,FOODS_2_257,0.8923
2016-06-16,FOODS_2_257,0.8706
2016-06-17,FOODS_2_257,0.8595
2016-06-18,FOODS_2_257,1.0828
2016-06-19,FOODS_2_257,1.0925
2016-06-20,FOODS_2_257,1.3799
2016-06-21,FOODS_2_257,1.0973
2016-05-23,FOODS_2_260,0.6871
2016-05-24,FOODS_2_260,0.5976
2016-05-25,FOODS_2_260,0.4988
2016-05-26,FOODS_2_260,0.4775
2016-05-27,FOODS_2_260,0.4858
2016-05-28,FOODS_2_260,0.5383
2016-05-29,FOODS_2_260,0.3926
2016-05-30,FOODS_2_260,0.5755
2016-05-31,FOODS_2_260,0.4628
2016-06-01,FOODS_2_260,0.3717
2016-06-02,FOODS_2_260,0.3484
2016-06-03,FOODS_2_260,0.3479
2016-06-04,FOODS_2_260,0.3665
2016-06-05,FOODS_2_260,0.4063
2016-06-06,FOODS_2_260,0.4665
2016-06-07,FOODS_2_260,0.4267
2016-06-08,FOODS_2_260,0.349
2016-06-09,FOODS_2_260,0.3184
2016-06-10,FOODS_2_260,0.309
2016-06-11,FOODS_2_260,0.2909
2016-06-12,FOODS_2_260,0.2906
2016-06-13,FOODS_2_260,0.4374
2016-06-14,FOODS_2_260,0.4215
2016-06-15,FOODS_2_260,0.3233
2016-06-16,FOODS_2_260,0.2871
2016-06-17,FOODS_2_260,0.2813
2016-06-18,FOODS_2_260,0.2991
2016-06-19,FOODS_2_260,0.2711
2016-06-20,FOODS_2_260,0.3932
2016-06-21,FOODS_2_260,0.3418
2016-05-23,FOODS_2_267,2.5641
2016-05-24,FOODS_2_267,2.2342
2016-05-25,FOODS_2_267,1.9726
2016-05-26,FOODS_2_267,1.8858
2016-05-27,FOODS_2_267,1.8776
2016-05-28,FOODS_2_267,2.2591
2016-05-29,FOODS_2_267,2.2428
2016-05-30,FOODS_2_267,3.1892
2016-05-31,FOODS_2_267,2.2251
2016-06-01,FOODS_2_267,2.0733
2016-06-02,FOODS_2_267,1.8377
2016-06-03,FOODS_2_267,1.9159
2016-06-04,FOODS_2_267,2.1484
2016-06-05,FOODS_2_267,2.0724
2016-06-06,FOODS_2_267,2.3214
2016-06-07,FOODS_2_267,1.5249
2016-06-08,FOODS_2_267,1.1678
2016-06-09,FOODS_2_267,1.3545
2016-06-10,FOODS_2_267,1.7685
2016-06-11,FOODS_2_267,2.0818
2016-06-12,FOODS_2_267,2.0333
2016-06-13,FOODS_2_267,2.8482
2016-06-14,FOODS_2_267,1.9653
2016-06-15,FOODS_2_267,1.7286
2016-06-16,FOODS_2_267,1.6688
2016-06-17,FOODS_2_267,1.2367
2016-06-18,FOODS_2_267,2.0149
2016-06-19,FOODS_2_267,1.6386
2016-06-20,FOODS_2_267,2.4827
2016-06-21,FOODS_2_267,1.4471
2016-05-23,FOODS_2_273,0.7835
2016-05-24,FOODS_2_273,0.6441
2016-05-25,FOODS_2_273,0.5531
2016-05-26,FOODS_2_273,0.5109
2016-05-27,FOODS_2_273,0.577
2016-05-28,FOODS_2_273,0.7308
2016-05-29,FOODS_2_273,0.6754
2016-05-30,FOODS_2_273,0.8345
2016-05-31,FOODS_2_273,0.684
2016-06-01,FOODS_2_273,0.6155
2016-06-02,FOODS_2_273,0.5221
2016-06-03,FOODS_2_273,0.494
2016-06-04,FOODS_2_273,0.7321
2016-06-05,FOODS_2_273,0.5612
2016-06-06,FOODS_2_273,0.6127
2016-06-07,FOODS_2_273,0.5942
2016-06-08,FOODS_2_273,0.4913
2016-06-09,FOODS_2_273,0.4756
2016-06-10,FOODS_2_273,0.4811
2016-06-11,FOODS_2_273,0.553
2016-06-12,FOODS_2_273,0.5862
2016-06-13,FOODS_2_273,0.636
2016-06-14,FOODS_2_273,0.5404
2016-06-15,FOODS_2_273,0.5266
2016-06-16,FOODS_2_273,0.4363
2016-06-17,FOODS_2_273,0.4369
2016-06-18,FOODS_2_273,0.5094
2016-06-19,FOODS_2_273,0.478
2016-06-20,FOODS_2_273,0.4972
2016-06-21,FOODS_2_273,0.491
2016-05-23,FOODS_2_274,1.8258
2016-05-24,FOODS_2_274,1.4025
2016-05-25,FOODS_2_274,1.252
2016-05-26,FOODS_2_274,1.1029
2016-05-27,FOODS_2_274,1.1541
2016-05-28,FOODS_2_274,1.216
2016-05-29,FOODS_2_274,1.1898
2016-05-30,FOODS_2_274,1.7362
2016-05-31,FOODS_2_274,1.2271
2016-06-01,FOODS_2_274,1.0375
2016-06-02,FOODS_2_274,0.9248
2016-06-03,FOODS_2_274,0.9398
2016-06-04,FOODS_2_274,0.9739
2016-06-05,FOODS_2_274,1.015
2016-06-06,FOODS_2_274,1.3786
2016-06-07,FOODS_2_274,1.0601
2016-06-08,FOODS_2_274,0.8146
2016-06-09,FOODS_2_274,0.794
2016-06-10,FOODS_2_274,0.8122
2016-06-11,FOODS_2_274,0.9409
2016-06-12,FOODS_2_274,0.9409
2016-06-13,FOODS_2_274,1.2534
2016-06-14,FOODS_2_274,0.9091
2016-06-15,FOODS_2_274,0.7701
2016-06-16,FOODS_2_274,0.7101
2016-06-17,FOODS_2_274,0.6675
2016-06-18,FOODS_2_274,0.864
2016-06-19,FOODS_2_274,0.8518
2016-06-20,FOODS_2_274,1.218
2016-06-21,FOODS_2_274,0.7812
2016-05-23,FOODS_2_276,12.6754
2016-05-24,FOODS_2_276,8.5345
2016-05-25,FOODS_2_276,7.1867
2016-05-26,FOODS_2_276,7.0028
2016-05-27,FOODS_2_276,7.3908
2016-05-28,FOODS_2_276,8.9041
2016-05-29,FOODS_2_276,9.7353
2016-05-30,FOODS_2_276,11.6701
2016-05-31,FOODS_2_276,8.5954
2016-06-01,FOODS_2_276,7.2003
2016-06-02,FOODS_2_276,6.843
2016-06-03,FOODS_2_276,6.8308
2016-06-04,FOODS_2_276,8.0277
2016-06-05,FOODS_2_276,8.5382
2016-06-06,FOODS_2_276,11.5625
2016-06-07,FOODS_2_276,8.5657
2016-06-08,FOODS_2_276,7.1508
2016-06-09,FOODS_2_276,6.7774
2016-06-10,FOODS_2_276,7.0294
2016-06-11,FOODS_2_276,7.9616
2016-06-12,FOODS_2_276,8.8677
2016-06-13,FOODS_2_276,11.3552
2016-06-14,FOODS_2_276,7.8938
2016-06-15,FOODS_2_276,6.7478
2016-06-16,FOODS_2_276,6.6958
2016-06-17,FOODS_2_276,6.6491
2016-06-18,FOODS_2_276,7.8099
2016-06-19,FOODS_2_276,8.7182
2016-06-20,FOODS_2_276,11.2511
2016-06-21,FOODS_2_276,7.9912
2016-05-23,FOODS_2_283,1.6472
2016-05-24,FOODS_2_283,1.5747
2016-05-25,FOODS_2_283,1.5593
2016-05-26,FOODS_2_283,1.5271
2016-05-27,FOODS_2_283,1.4836
2016-05-28,FOODS_2_283,1.7214
2016-05-29,FOODS_2_283,1.6781
2016-05-30,FOODS_2_283,1.8242
2016-05-31,FOODS_2_283,1.5091
2016-06-01,FOODS_2_283,1.3014
2016-06-02,FOODS_2_283,1.3084
2016-06-03,FOODS_2_283,1.3112
2016-06-04,FOODS_2_283,1.582
2016-06-05,FOODS_2_283,1.3879
2016-06-06,FOODS_2_283,1.4754
2016-06-07,FOODS_2_283,1.1877
2016-06-08,FOODS_2_283,1.0596
2016-06-09,FOODS_2_283,0.8369
2016-06-10,FOODS_2_283,1.002
2016-06-11,FOODS_2_283,1.0513
2016-06-12,FOODS_2_283,1.1827
2016-06-13,FOODS_2_283,1.1696
2016-06-14,FOODS_2_283,1.0141
2016-06-15,FOODS_2_283,0.8639
2016-06-16,FOODS_2_283,0.848
2016-06-17,FOODS_2_283,0.8239
2016-06-18,FOODS_2_283,0.8994
2016-06-19,FOODS_2_283,0.9527
2016-06-20,FOODS_2_283,1.0299
2016-06-21,FOODS_2_283,0.9025
2016-05-23,FOODS_2_285,2.3758
2016-05-24,FOODS_2_285,1.7897
2016-05-25,FOODS_2_285,1.5895
2016-05-26,FOODS_2_285,1.5822
2016-05-27,FOODS_2_285,1.6077
2016-05-28,FOODS_2_285,1.8145
2016-05-29,FOODS_2_285,1.8175
2016-05-30,FOODS_2_285,2.5931
2016-05-31,FOODS_2_285,1.9397
2016-06-01,FOODS_2_285,1.6656
2016-06-02,FOODS_2_285,1.6624
2016-06-03,FOODS_2_285,1.4649
2016-06-04,FOODS_2_285,1.6506
2016-06-05,FOODS_2_285,1.546
2016-06-06,FOODS_2_285,2.0083
2016-06-07,FOODS_2_285,1.7316
2016-06-08,FOODS_2_285,1.4699
2016-06-09,FOODS_2_285,1.4048
2016-06-10,FOODS_2_285,1.3686
2016-06-11,FOODS_2_285,1.4369
2016-06-12,FOODS_2_285,1.574
2016-06-13,FOODS_2_285,2.047
2016-06-14,FOODS_2_285,1.816
2016-06-15,FOODS_2_285,1.4913
2016-06-16,FOODS_2_285,1.4074
2016-06-17,FOODS_2_285,1.3169
2016-06-18,FOODS_2_285,1.5876
2016-06-19,FOODS_2_285,1.7156
2016-06-20,FOODS_2_285,1.6933
2016-06-21,FOODS_2_285,1.4326
2016-05-23,FOODS_2_289,1.5961
2016-05-24,FOODS_2_289,1.3172
2016-05-25,FOODS_2_289,1.1153
2016-05-26,FOODS_2_289,1.0888
2016-05-27,FOODS_2_289,1.0856
2016-05-28,FOODS_2_289,1.3513
2016-05-29,FOODS_2_289,1.173
2016-05-30,FOODS_2_289,1.4682
2016-05-31,FOODS_2_289,1.0577
2016-06-01,FOODS_2_289,0.9069
2016-06-02,FOODS_2_289,0.8594
2016-06-03,FOODS_2_289,0.895
2016-06-04,FOODS_2_289,1.0356
2016-06-05,FOODS_2_289,0.9773
2016-06-06,FOODS_2_289,1.1795
2016-06-07,FOODS_2_289,0.9702
2016-06-08,FOODS_2_289,0.7362
2016-06-09,FOODS_2_289,0.7145
2016-06-10,FOODS_2_289,0.6933
2016-06-11,FOODS_2_289,0.8403
2016-06-12,FOODS_2_289,0.8171
2016-06-13,FOODS_2_289,1.211
2016-06-14,FOODS_2_289,0.8454
2016-06-15,FOODS_2_289,0.6777
2016-06-16,FOODS_2_289,0.6143
2016-06-17,FOODS_2_289,0.5988
2016-06-18,FOODS_2_289,0.7501
2016-06-19,FOODS_2_289,0.7413
2016-06-20,FOODS_2_289,0.9813
2016-06-21,FOODS_2_289,0.7782
2016-05-23,FOODS_2_293,3.4572
2016-05-24,FOODS_2_293,2.7777
2016-05-25,FOODS_2_293,2.4405
2016-05-26,FOODS_2_293,2.3504
2016-05-27,FOODS_2_293,2.5478
2016-05-28,FOODS_2_293,3.0851
2016-05-29,FOODS_2_293,2.2992
2016-05-30,FOODS_2_293,3.6403
2016-05-31,FOODS_2_293,2.8956
2016-06-01,FOODS_2_293,2.3119
2016-06-02,FOODS_2_293,2.2948
2016-06-03,FOODS_2_293,2.5424
2016-06-04,FOODS_2_293,3.5435
2016-06-05,FOODS_2_293,3.3328
2016-06-06,FOODS_2_293,3.679
2016-06-07,FOODS_2_293,3.0997
2016-06-08,FOODS_2_293,2.6373
2016-06-09,FOODS_2_293,2.7977
2016-06-10,FOODS_2_293,2.5696
2016-06-11,FOODS_2_293,3.2201
2016-06-12,FOODS_2_293,2.7242
2016-06-13,FOODS_2_293,3.988
2016-06-14,FOODS_2_293,3.1742
2016-06-15,FOODS_2_293,2.6662
2016-06-16,FOODS_2_293,2.7113
2016-06-17,FOODS_2_293,2.6283
2016-06-18,FOODS_2_293,3.66
2016-06-19,FOODS_2_293,3.5218
2016-06-20,FOODS_2_293,4.1978
2016-06-21,FOODS_2_293,3.2615
2016-05-23,FOODS_2_294,3.5308
2016-05-24,FOODS_2_294,2.7822
2016-05-25,FOODS_2_294,2.5169
2016-05-26,FOODS_2_294,2.6199
2016-05-27,FOODS_2_294,2.5824
2016-05-28,FOODS_2_294,3.3153
2016-05-29,FOODS_2_294,3.203
2016-05-30,FOODS_2_294,3.2302
2016-05-31,FOODS_2_294,2.2262
2016-06-01,FOODS_2_294,2.333
2016-06-02,FOODS_2_294,2.1407
2016-06-03,FOODS_2_294,2.1477
2016-06-04,FOODS_2_294,2.5227
2016-06-05,FOODS_2_294,2.4916
2016-06-06,FOODS_2_294,2.8847
2016-06-07,FOODS_2_294,1.8726
2016-06-08,FOODS_2_294,1.2451
2016-06-09,FOODS_2_294,2.0849
2016-06-10,FOODS_2_294,2.2213
2016-06-11,FOODS_2_294,2.3242
2016-06-12,FOODS_2_294,2.3454
2016-06-13,FOODS_2_294,2.5197
2016-06-14,FOODS_2_294,1.908
2016-06-15,FOODS_2_294,1.7281
2016-06-16,FOODS_2_294,1.4349
2016-06-17,FOODS_2_294,1.4539
2016-06-18,FOODS_2_294,2.3217
2016-06-19,FOODS_2_294,2.2896
2016-06-20,FOODS_2_294,2.7634
2016-06-21,FOODS_2_294,2.0361
2016-05-23,FOODS_2_297,0.7423
2016-05-24,FOODS_2_297,0.6105
2016-05-25,FOODS_2_297,0.5292
2016-05-26,FOODS_2_297,0.502
2016-05-27,FOODS_2_297,0.5104
2016-05-28,FOODS_2_297,0.6523
2016-05-29,FOODS_2_297,0.6334
2016-05-30,FOODS_2_297,0.706
2016-05-31,FOODS_2_297,0.6241
2016-06-01,FOODS_2_297,0.4645
2016-06-02,FOODS_2_297,0.4521
2016-06-03,FOODS_2_297,0.429
2016-06-04,FOODS_2_297,0.517
2016-06-05,FOODS_2_297,0.5101
2016-06-06,FOODS_2_297,0.5259
2016-06-07,FOODS_2_297,0.5082
2016-06-08,FOODS_2_297,0.4513
2016-06-09,FOODS_2_297,0.439
2016-06-10,FOODS_2_297,0.4467
2016-06-11,FOODS_2_297,0.5249
2016-06-12,FOODS_2_297,0.4508
2016-06-13,FOODS_2_297,0.4519
2016-06-14,FOODS_2_297,0.4709
2016-06-15,FOODS_2_297,0.4329
2016-06-16,FOODS_2_297,0.4002
2016-06-17,FOODS_2_297,0.39
2016-06-18,FOODS_2_297,0.4377
2016-06-19,FOODS_2_297,0.3559
2016-06-20,FOODS_2_297,0.4224
2016-06-21,FOODS_2_297,0.336
2016-05-23,FOODS_2_299,4.3143
2016-05-24,FOODS_2_299,3.3042
2016-05-25,FOODS_2_299,2.974
2016-05-26,FOODS_2_299,2.9428
2016-05-27,FOODS_2_299,3.1781
2016-05-28,FOODS_2_299,3.6331
2016-05-29,FOODS_2_299,3.1356
2016-05-30,FOODS_2_299,4.2122
2016-05-31,FOODS_2_299,3.0819
2016-06-01,FOODS_2_299,2.6505
2016-06-02,FOODS_2_299,2.5623
2016-06-03,FOODS_2_299,2.8771
2016-06-04,FOODS_2_299,3.5252
2016-06-05,FOODS_2_299,3.1086
2016-06-06,FOODS_2_299,3.6956
2016-06-07,FOODS_2_299,2.4406
2016-06-08,FOODS_2_299,2.2036
2016-06-09,FOODS_2_299,2.5247
2016-06-10,FOODS_2_299,2.617
2016-06-11,FOODS_2_299,2.864
2016-06-12,FOODS_2_299,2.7931
2016-06-13,FOODS_2_299,3.7769
2016-06-14,FOODS_2_299,2.5759
2016-06-15,FOODS_2_299,2.1362
2016-06-16,FOODS_2_299,1.982
2016-06-17,FOODS_2_299,2.4091
2016-06-18,FOODS_2_299,2.7484
2016-06-19,FOODS_2_299,2.7131
2016-06-20,FOODS_2_299,3.4692
2016-06-21,FOODS_2_299,2.2827
2016-05-23,FOODS_2_304,3.1362
2016-05-24,FOODS_2_304,2.283
2016-05-25,FOODS_2_304,1.9386
2016-05-26,FOODS_2_304,1.8066
2016-05-27,FOODS_2_304,1.7981
2016-05-28,FOODS_2_304,2.2685
2016-05-29,FOODS_2_304,2.2429
2016-05-30,FOODS_2_304,3.0147
2016-05-31,FOODS_2_304,2.276
2016-06-01,FOODS_2_304,1.8697
2016-06-02,FOODS_2_304,1.7509
2016-06-03,FOODS_2_304,1.7918
2016-06-04,FOODS_2_304,2.0506
2016-06-05,FOODS_2_304,2.0533
2016-06-06,FOODS_2_304,2.534
2016-06-07,FOODS_2_304,1.7731
2016-06-08,FOODS_2_304,1.253
2016-06-09,FOODS_2_304,1.2226
2016-06-10,FOODS_2_304,1.5061
2016-06-11,FOODS_2_304,1.9909
2016-06-12,FOODS_2_304,1.9909
2016-06-13,FOODS_2_304,2.7425
2016-06-14,FOODS_2_304,2.0663
2016-06-15,FOODS_2_304,1.6365
2016-06-16,FOODS_2_304,1.4083
2016-06-17,FOODS_2_304,1.4469
2016-06-18,FOODS_2_304,1.7538
2016-06-19,FOODS_2_304,1.9972
2016-06-20,FOODS_2_304,2.7652
2016-06-21,FOODS_2_304,1.9326
2016-05-23,FOODS_2_307,3.4642
2016-05-24,FOODS_2_307,2.7469
2016-05-25,FOODS_2_307,2.4646
2016-05-26,FOODS_2_307,2.4028
2016-05-27,FOODS_2_307,2.351
2016-05-28,FOODS_2_307,2.6121
2016-05-29,FOODS_2_307,2.4463
2016-05-30,FOODS_2_307,3.539
2016-05-31,FOODS_2_307,2.7455
2016-06-01,FOODS_2_307,2.5238
2016-06-02,FOODS_2_307,2.3737
2016-06-03,FOODS_2_307,2.3366
2016-06-04,FOODS_2_307,2.6058
2016-06-05,FOODS_2_307,2.6543
2016-06-06,FOODS_2_307,2.6942
2016-06-07,FOODS_2_307,2.5291
2016-06-08,FOODS_2_307,1.8543
2016-06-09,FOODS_2_307,1.8416
2016-06-10,FOODS_2_307,1.8335
2016-06-11,FOODS_2_307,2.5737
2016-06-12,FOODS_2_307,2.4298
2016-06-13,FOODS_2_307,3.4281
2016-06-14,FOODS_2_307,2.3575
2016-06-15,FOODS_2_307,2.1343
2016-06-16,FOODS_2_307,2.1879
2016-06-17,FOODS_2_307,2.0138
2016-06-18,FOODS_2_307,2.6689
2016-06-19,FOODS_2_307,2.5219
2016-06-20,FOODS_2_307,2.9902
2016-06-21,FOODS_2_307,2.5587
2016-05-23,FOODS_2_309,2.4466
2016-05-24,FOODS_2_309,2.1266
2016-05-25,FOODS_2_309,1.7559
2016-05-26,FOODS_2_309,1.7449
2016-05-27,FOODS_2_309,1.8626
2016-05-28,FOODS_2_309,2.1188
2016-05-29,FOODS_2_309,2.1177
2016-05-30,FOODS_2_309,2.6742
2016-05-31,FOODS_2_309,2.052
2016-06-01,FOODS_2_309,1.6689
2016-06-02,FOODS_2_309,1.602
2016-06-03,FOODS_2_309,1.7348
2016-06-04,FOODS_2_309,1.8374
2016-06-05,FOODS_2_309,1.7916
2016-06-06,FOODS_2_309,2.1201
2016-06-07,FOODS_2_309,1.6759
2016-06-08,FOODS_2_309,1.4165
2016-06-09,FOODS_2_309,1.4155
2016-06-10,FOODS_2_309,1.3447
2016-06-11,FOODS_2_309,1.6008
2016-06-12,FOODS_2_309,1.5184
2016-06-13,FOODS_2_309,2.1401
2016-06-14,FOODS_2_309,1.4002
2016-06-15,FOODS_2_309,1.1166
2016-06-16,FOODS_2_309,1.2499
2016-06-17,FOODS_2_309,1.3715
2016-06-18,FOODS_2_309,1.5955
2016-06-19,FOODS_2_309,1.301
2016-06-20,FOODS_2_309,1.744
2016-06-21,FOODS_2_309,1.2539
2016-05-23,FOODS_2_311,2.328
2016-05-24,FOODS_2_311,1.7319
2016-05-25,FOODS_2_311,1.6235
2016-05-26,FOODS_2_311,1.5762
2016-05-27,FOODS_2_311,1.636
2016-05-28,FOODS_2_311,1.7917
2016-05-29,FOODS_2_311,1.8192
2016-05-30,FOODS_2_311,1.99
2016-05-31,FOODS_2_311,1.4428
2016-06-01,FOODS_2_311,1.1801
2016-06-02,FOODS_2_311,1.1067
2016-06-03,FOODS_2_311,1.1437
2016-06-04,FOODS_2_311,1.3654
2016-06-05,FOODS_2_311,1.4341
2016-06-06,FOODS_2_311,1.4738
2016-06-07,FOODS_2_311,0.9926
2016-06-08,FOODS_2_311,0.9687
2016-06-09,FOODS_2_311,0.9567
2016-06-10,FOODS_2_311,0.9353
2016-06-11,FOODS_2_311,1.0414
2016-06-12,FOODS_2_311,1.0755
2016-06-13,FOODS_2_311,1.434
2016-06-14,FOODS_2_311,1.0302
2016-06-15,FOODS_2_311,0.8227
2016-06-16,FOODS_2_311,0.8059
2016-06-17,FOODS_2_311,0.8896
2016-06-18,FOODS_2_311,0.9973
2016-06-19,FOODS_2_311,1.1107
2016-06-20,FOODS_2_311,1.4861
2016-06-21,FOODS_2_311,1.0574
2016-05-23,FOODS_2_315,3.6019
2016-05-24,FOODS_2_315,2.8471
2016-05-25,FOODS_2_315,2.5047
2016-05-26,FOODS_2_315,2.362
2016-05-27,FOODS_2_315,2.4186
2016-05-28,FOODS_2_315,2.8316
2016-05-29,FOODS_2_315,2.7891
2016-05-30,FOODS_2_315,3.0835
2016-05-31,FOODS_2_315,2.4466
2016-06-01,FOODS_2_315,1.9162
2016-06-02,FOODS_2_315,1.7846
2016-06-03,FOODS_2_315,1.8488
2016-06-04,FOODS_2_315,2.3655
2016-06-05,FOODS_2_315,2.182
2016-06-06,FOODS_2_315,2.866
2016-06-07,FOODS_2_315,1.7405
2016-06-08,FOODS_2_315,1.5164
2016-06-09,FOODS_2_315,1.9009
2016-06-10,FOODS_2_315,1.8834
2016-06-11,FOODS_2_315,2.1152
2016-06-12,FOODS_2_315,2.2733
2016-06-13,FOODS_2_315,2.6853
2016-06-14,FOODS_2_315,1.7678
2016-06-15,FOODS_2_315,1.4724
2016-06-16,FOODS_2_315,1.2518
2016-06-17,FOODS_2_315,1.6699
2016-06-18,FOODS_2_315,1.8525
2016-06-19,FOODS_2_315,1.8228
2016-06-20,FOODS_2_315,3.0626
2016-06-21,FOODS_2_315,2.057
2016-05-23,FOODS_2_319,0.8511
2016-05-24,FOODS_2_319,0.6474
2016-05-25,FOODS_2_319,0.5806
2016-05-26,FOODS_2_319,0.5638
2016-05-27,FOODS_2_319,0.5428
2016-05-28,FOODS_2_319,0.6721
2016-05-29,FOODS_2_319,0.6521
2016-05-30,FOODS_2_319,0.8076
2016-05-31,FOODS_2_319,0.6421
2016-06-01,FOODS_2_319,0.5177
2016-06-02,FOODS_2_319,0.4712
2016-06-03,FOODS_2_319,0.4673
2016-06-04,FOODS_2_319,0.5757
2016-06-05,FOODS_2_319,0.4713
2016-06-06,FOODS_2_319,0.6183
2016-06-07,FOODS_2_319,0.4727
2016-06-08,FOODS_2_319,0.4574
2016-06-09,FOODS_2_319,0.4394
2016-06-10,FOODS_2_319,0.3987
2016-06-11,FOODS_2_319,0.4775
2016-06-12,FOODS_2_319,0.4557
2016-06-13,FOODS_2_319,0.531
2016-06-14,FOODS_2_319,0.4818
2016-06-15,FOODS_2_319,0.4036
2016-06-16,FOODS_2_319,0.3694
2016-06-17,FOODS_2_319,0.3617
2016-06-18,FOODS_2_319,0.4187
2016-06-19,FOODS_2_319,0.4002
2016-06-20,FOODS_2_319,0.4607
2016-06-21,FOODS_2_319,0.4088
2016-05-23,FOODS_2_325,6.2798
2016-05-24,FOODS_2_325,4.777
2016-05-25,FOODS_2_325,3.9582
2016-05-26,FOODS_2_325,3.9358
2016-05-27,FOODS_2_325,4.4617
2016-05-28,FOODS_2_325,4.9128
2016-05-29,FOODS_2_325,4.7372
2016-05-30,FOODS_2_325,6.0374
2016-05-31,FOODS_2_325,4.7727
2016-06-01,FOODS_2_325,4.0111
2016-06-02,FOODS_2_325,3.8954
2016-06-03,FOODS_2_325,4.0256
2016-06-04,FOODS_2_325,4.4658
2016-06-05,FOODS_2_325,4.387
2016-06-06,FOODS_2_325,6.0618
2016-06-07,FOODS_2_325,4.6268
2016-06-08,FOODS_2_325,3.6601
2016-06-09,FOODS_2_325,3.7241
2016-06-10,FOODS_2_325,3.7156
2016-06-11,FOODS_2_325,4.4826
2016-06-12,FOODS_2_325,4.3328
2016-06-13,FOODS_2_325,5.887
2016-06-14,FOODS_2_325,4.498
2016-06-15,FOODS_2_325,3.6128
2016-06-16,FOODS_2_325,3.6661
2016-06-17,FOODS_2_325,3.653
2016-06-18,FOODS_2_325,4.2324
2016-06-19,FOODS_2_325,4.1567
2016-06-20,FOODS_2_325,5.9221
2016-06-21,FOODS_2_325,4.4624
2016-05-23,FOODS_2_326,8.4073
2016-05-24,FOODS_2_326,6.7798
2016-05-25,FOODS_2_326,5.6761
2016-05-26,FOODS_2_326,5.5335
2016-05-27,FOODS_2_326,5.1619
2016-05-28,FOODS_2_326,6.035
2016-05-29,FOODS_2_326,6.5962
2016-05-30,FOODS_2_326,6.9452
2016-05-31,FOODS_2_326,5.8727
2016-06-01,FOODS_2_326,5.6229
2016-06-02,FOODS_2_326,5.4362
2016-06-03,FOODS_2_326,5.2422
2016-06-04,FOODS_2_326,6.6444
2016-06-05,FOODS_2_326,6.4199
2016-06-06,FOODS_2_326,8.7271
2016-06-07,FOODS_2_326,6.9457
2016-06-08,FOODS_2_326,5.2957
2016-06-09,FOODS_2_326,5.4311
2016-06-10,FOODS_2_326,5.0994
2016-06-11,FOODS_2_326,5.6335
2016-06-12,FOODS_2_326,6.0907
2016-06-13,FOODS_2_326,7.2866
2016-06-14,FOODS_2_326,5.5462
2016-06-15,FOODS_2_326,5.4032
2016-06-16,FOODS_2_326,5.0404
2016-06-17,FOODS_2_326,4.9582
2016-06-18,FOODS_2_326,5.8638
2016-06-19,FOODS_2_326,5.8775
2016-06-20,FOODS_2_326,7.2942
2016-06-21,FOODS_2_326,5.2772
2016-05-23,FOODS_2_327,2.8103
2016-05-24,FOODS_2_327,2.2076
2016-05-25,FOODS_2_327,1.9538
2016-05-26,FOODS_2_327,1.8595
2016-05-27,FOODS_2_327,2.0528
2016-05-28,FOODS_2_327,2.3105
2016-05-29,FOODS_2_327,1.9928
2016-05-30,FOODS_2_327,3.1449
2016-05-31,FOODS_2_327,2.3213
2016-06-01,FOODS_2_327,1.9033
2016-06-02,FOODS_2_327,1.9094
2016-06-03,FOODS_2_327,2.0186
2016-06-04,FOODS_2_327,2.128
2016-06-05,FOODS_2_327,1.6278
2016-06-06,FOODS_2_327,2.3555
2016-06-07,FOODS_2_327,1.6581
2016-06-08,FOODS_2_327,1.4637
2016-06-09,FOODS_2_327,1.3953
2016-06-10,FOODS_2_327,1.6351
2016-06-11,FOODS_2_327,1.8375
2016-06-12,FOODS_2_327,1.8375
2016-06-13,FOODS_2_327,2.4415
2016-06-14,FOODS_2_327,1.7597
2016-06-15,FOODS_2_327,1.4056
2016-06-16,FOODS_2_327,1.1939
2016-06-17,FOODS_2_327,1.3788
2016-06-18,FOODS_2_327,1.3585
2016-06-19,FOODS_2_327,1.4087
2016-06-20,FOODS_2_327,1.9299
2016-06-21,FOODS_2_327,1.4186
2016-05-23,FOODS_2_330,0.6351
2016-05-24,FOODS_2_330,0.5365
2016-05-25,FOODS_2_330,0.4174
2016-05-26,FOODS_2_330,0.3809
2016-05-27,FOODS_2_330,0.3677
2016-05-28,FOODS_2_330,0.3826
2016-05-29,FOODS_2_330,0.3851
2016-05-30,FOODS_2_330,0.4554
2016-05-31,FOODS_2_330,0.4162
2016-06-01,FOODS_2_330,0.3767
2016-06-02,FOODS_2_330,0.345
2016-06-03,FOODS_2_330,0.3323
2016-06-04,FOODS_2_330,0.3486
2016-06-05,FOODS_2_330,0.3722
2016-06-06,FOODS_2_330,0.4291
2016-06-07,FOODS_2_330,0.3825
2016-06-08,FOODS_2_330,0.3437
2016-06-09,FOODS_2_330,0.3209
2016-06-10,FOODS_2_330,0.3145
2016-06-11,FOODS_2_330,0.3465
2016-06-12,FOODS_2_330,0.3371
2016-06-13,FOODS_2_330,0.4096
2016-06-14,FOODS_2_330,0.3558
2016-06-15,FOODS_2_330,0.3274
2016-06-16,FOODS_2_330,0.3032
2016-06-17,FOODS_2_330,0.2966
2016-06-18,FOODS_2_330,0.2871
2016-06-19,FOODS_2_330,0.285
2016-06-20,FOODS_2_330,0.3984
2016-06-21,FOODS_2_330,0.2791
2016-05-23,FOODS_2_340,0.8822
2016-05-24,FOODS_2_340,0.8396
2016-05-25,FOODS_2_340,0.7105
2016-05-26,FOODS_2_340,0.7102
2016-05-27,FOODS_2_340,0.7353
2016-05-28,FOODS_2_340,0.7959
2016-05-29,FOODS_2_340,0.7847
2016-05-30,FOODS_2_340,0.897
2016-05-31,FOODS_2_340,0.7708
2016-06-01,FOODS_2_340,0.612
2016-06-02,FOODS_2_340,0.5839
2016-06-03,FOODS_2_340,0.5836
2016-06-04,FOODS_2_340,0.6654
2016-06-05,FOODS_2_340,0.6993
2016-06-06,FOODS_2_340,0.8813
2016-06-07,FOODS_2_340,0.7242
2016-06-08,FOODS_2_340,0.599
2016-06-09,FOODS_2_340,0.5696
2016-06-10,FOODS_2_340,0.5575
2016-06-11,FOODS_2_340,0.603
2016-06-12,FOODS_2_340,0.603
2016-06-13,FOODS_2_340,0.7319
2016-06-14,FOODS_2_340,0.5826
2016-06-15,FOODS_2_340,0.5163
2016-06-16,FOODS_2_340,0.4809
2016-06-17,FOODS_2_340,0.4772
2016-06-18,FOODS_2_340,0.5682
2016-06-19,FOODS_2_340,0.5586
2016-06-20,FOODS_2_340,0.7159
2016-06-21,FOODS_2_340,0.57
2016-05-23,FOODS_2_342,2.7678
2016-05-24,FOODS_2_342,2.2831
2016-05-25,FOODS_2_342,1.7488
2016-05-26,FOODS_2_342,1.758
2016-05-27,FOODS_2_342,1.7516
2016-05-28,FOODS_2_342,1.8969
2016-05-29,FOODS_2_342,2.0381
2016-05-30,FOODS_2_342,2.8899
2016-05-31,FOODS_2_342,2.0354
2016-06-01,FOODS_2_342,1.754
2016-06-02,FOODS_2_342,1.7234
2016-06-03,FOODS_2_342,1.6282
2016-06-04,FOODS_2_342,1.8599
2016-06-05,FOODS_2_342,1.9722
2016-06-06,FOODS_2_342,2.1841
2016-06-07,FOODS_2_342,1.9189
2016-06-08,FOODS_2_342,1.5321
2016-06-09,FOODS_2_342,1.5001
2016-06-10,FOODS_2_342,1.406
2016-06-11,FOODS_2_342,1.6479
2016-06-12,FOODS_2_342,1.5784
2016-06-13,FOODS_2_342,2.71
2016-06-14,FOODS_2_342,1.7472
2016-06-15,FOODS_2_342,1.4117
2016-06-16,FOODS_2_342,1.2958
2016-06-17,FOODS_2_342,1.2849
2016-06-18,FOODS_2_342,1.4795
2016-06-19,FOODS_2_342,1.7099
2016-06-20,FOODS_2_342,2.5251
2016-06-21,FOODS_2_342,1.7936
2016-05-23,FOODS_2_346,7.0506
2016-05-24,FOODS_2_346,5.0697
2016-05-25,FOODS_2_346,4.5146
2016-05-26,FOODS_2_346,4.4489
2016-05-27,FOODS_2_346,4.328
2016-05-28,FOODS_2_346,5.1452
2016-05-29,FOODS_2_346,5.7339
2016-05-30,FOODS_2_346,6.7019
2016-05-31,FOODS_2_346,5.1067
2016-06-01,FOODS_2_346,4.6243
2016-06-02,FOODS_2_346,4.2982
2016-06-03,FOODS_2_346,4.2623
2016-06-04,FOODS_2_346,5.1
2016-06-05,FOODS_2_346,5.1167
2016-06-06,FOODS_2_346,6.3202
2016-06-07,FOODS_2_346,4.7873
2016-06-08,FOODS_2_346,4.0676
2016-06-09,FOODS_2_346,3.9939
2016-06-10,FOODS_2_346,3.9851
2016-06-11,FOODS_2_346,4.6179
2016-06-12,FOODS_2_346,4.9147
2016-06-13,FOODS_2_346,6.2258
2016-06-14,FOODS_2_346,4.7041
2016-06-15,FOODS_2_346,3.9229
2016-06-16,FOODS_2_346,3.8232
2016-06-17,FOODS_2_346,3.8068
2016-06-18,FOODS_2_346,4.6312
2016-06-19,FOODS_2_346,4.6746
2016-06-20,FOODS_2_346,5.9296
2016-06-21,FOODS_2_346,4.6883
2016-05-23,FOODS_2_347,12.5983
2016-05-24,FOODS_2_347,9.6603
2016-05-25,FOODS_2_347,8.8403
2016-05-26,FOODS_2_347,8.2751
2016-05-27,FOODS_2_347,9.1302
2016-05-28,FOODS_2_347,9.9595
2016-05-29,FOODS_2_347,10.3607
2016-05-30,FOODS_2_347,12.4746
2016-05-31,FOODS_2_347,9.4723
2016-06-01,FOODS_2_347,8.5011
2016-06-02,FOODS_2_347,8.4366
2016-06-03,FOODS_2_347,8.5854
2016-06-04,FOODS_2_347,8.945
2016-06-05,FOODS_2_347,9.0729
2016-06-06,FOODS_2_347,11.4653
2016-06-07,FOODS_2_347,8.5677
2016-06-08,FOODS_2_347,8.0906
2016-06-09,FOODS_2_347,7.3916
2016-06-10,FOODS_2_347,8.021
2016-06-11,FOODS_2_347,8.8093
2016-06-12,FOODS_2_347,9.2724
2016-06-13,FOODS_2_347,11.3833
2016-06-14,FOODS_2_347,8.6678
2016-06-15,FOODS_2_347,7.5341
2016-06-16,FOODS_2_347,7.0716
2016-06-17,FOODS_2_347,6.9706
2016-06-18,FOODS_2_347,8.3926
2016-06-19,FOODS_2_347,8.2312
2016-06-20,FOODS_2_347,11.1046
2016-06-21,FOODS_2_347,8.2146
2016-05-23,FOODS_2_349,5.2023
2016-05-24,FOODS_2_349,3.7049
2016-05-25,FOODS_2_349,3.2181
2016-05-26,FOODS_2_349,3.0461
2016-05-27,FOODS_2_349,2.9095
2016-05-28,FOODS_2_349,3.8414
2016-05-29,FOODS_2_349,3.8187
2016-05-30,FOODS_2_349,4.6853
2016-05-31,FOODS_2_349,3.6116
2016-06-01,FOODS_2_349,3.1055
2016-06-02,FOODS_2_349,3.0778
2016-06-03,FOODS_2_349,2.9806
2016-06-04,FOODS_2_349,3.4987
2016-06-05,FOODS_2_349,3.5638
2016-06-06,FOODS_2_349,4.8741
2016-06-07,FOODS_2_349,3.5632
2016-06-08,FOODS_2_349,3.0149
2016-06-09,FOODS_2_349,2.9142
2016-06-10,FOODS_2_349,2.9004
2016-06-11,FOODS_2_349,3.5365
2016-06-12,FOODS_2_349,3.4992
2016-06-13,FOODS_2_349,4.5751
2016-06-14,FOODS_2_349,3.3447
2016-06-15,FOODS_2_349,2.7111
2016-06-16,FOODS_2_349,2.93
2016-06-17,FOODS_2_349,2.9208
2016-06-18,FOODS_2_349,3.4932
2016-06-19,FOODS_2_349,3.5626
2016-06-20,FOODS_2_349,4.6648
2016-06-21,FOODS_2_349,3.3142
2016-05-23,FOODS_2_356,1.5414
2016-05-24,FOODS_2_356,1.2573
2016-05-25,FOODS_2_356,1.0347
2016-05-26,FOODS_2_356,1.023
2016-05-27,FOODS_2_356,1.0216
2016-05-28,FOODS_2_356,1.1926
2016-05-29,FOODS_2_356,1.1476
2016-05-30,FOODS_2_356,1.5573
2016-05-31,FOODS_2_356,1.1679
2016-06-01,FOODS_2_356,1.0051
2016-06-02,FOODS_2_356,1.0464
2016-06-03,FOODS_2_356,0.9402
2016-06-04,FOODS_2_356,0.9201
2016-06-05,FOODS_2_356,0.9579
2016-06-06,FOODS_2_356,1.303
2016-06-07,FOODS_2_356,0.9588
2016-06-08,FOODS_2_356,0.7711
2016-06-09,FOODS_2_356,0.7494
2016-06-10,FOODS_2_356,0.7393
2016-06-11,FOODS_2_356,0.9295
2016-06-12,FOODS_2_356,0.9792
2016-06-13,FOODS_2_356,1.3234
2016-06-14,FOODS_2_356,0.8608
2016-06-15,FOODS_2_356,0.6983
2016-06-16,FOODS_2_356,0.6755
2016-06-17,FOODS_2_356,0.7633
2016-06-18,FOODS_2_356,0.8242
2016-06-19,FOODS_2_356,0.8169
2016-06-20,FOODS_2_356,1.1981
2016-06-21,FOODS_2_356,0.7827
2016-05-23,FOODS_2_357,3.6594
2016-05-24,FOODS_2_357,2.5765
2016-05-25,FOODS_2_357,2.3069
2016-05-26,FOODS_2_357,2.1593
2016-05-27,FOODS_2_357,2.1474
2016-05-28,FOODS_2_357,2.5802
2016-05-29,FOODS_2_357,2.5284
2016-05-30,FOODS_2_357,3.5358
2016-05-31,FOODS_2_357,2.5656
2016-06-01,FOODS_2_357,2.2629
2016-06-02,FOODS_2_357,2.0793
2016-06-03,FOODS_2_357,2.1236
2016-06-04,FOODS_2_357,2.4904
2016-06-05,FOODS_2_357,2.5166
2016-06-06,FOODS_2_357,3.337
2016-06-07,FOODS_2_357,2.1079
2016-06-08,FOODS_2_357,1.9962
2016-06-09,FOODS_2_357,2.0583
2016-06-10,FOODS_2_357,2.0905
2016-06-11,FOODS_2_357,2.443
2016-06-12,FOODS_2_357,2.4429
2016-06-13,FOODS_2_357,3.1377
2016-06-14,FOODS_2_357,2.4332
2016-06-15,FOODS_2_357,1.8846
2016-06-16,FOODS_2_357,1.9351
2016-06-17,FOODS_2_357,1.9601
2016-06-18,FOODS_2_357,2.4875
2016-06-19,FOODS_2_357,2.5288
2016-06-20,FOODS_2_357,3.3181
2016-06-21,FOODS_2_357,2.2214
2016-05-23,FOODS_2_358,0.7352
2016-05-24,FOODS_2_358,0.6225
2016-05-25,FOODS_2_358,0.5281
2016-05-26,FOODS_2_358,0.5174
2016-05-27,FOODS_2_358,0.5289
2016-05-28,FOODS_2_358,0.5837
2016-05-29,FOODS_2_358,0.6072
2016-05-30,FOODS_2_358,0.5984
2016-05-31,FOODS_2_358,0.5279
2016-06-01,FOODS_2_358,0.5088
2016-06-02,FOODS_2_358,0.5096
2016-06-03,FOODS_2_358,0.4698
2016-06-04,FOODS_2_358,0.4482
2016-06-05,FOODS_2_358,0.4276
2016-06-06,FOODS_2_358,0.5269
2016-06-07,FOODS_2_358,0.5156
2016-06-08,FOODS_2_358,0.5038
2016-06-09,FOODS_2_358,0.486
2016-06-10,FOODS_2_358,0.4732
2016-06-11,FOODS_2_358,0.425
2016-06-12,FOODS_2_358,0.4233
2016-06-13,FOODS_2_358,0.5469
2016-06-14,FOODS_2_358,0.5233
2016-06-15,FOODS_2_358,0.4542
2016-06-16,FOODS_2_358,0.4369
2016-06-17,FOODS_2_358,0.4159
2016-06-18,FOODS_2_358,0.3539
2016-06-19,FOODS_2_358,0.3567
2016-06-20,FOODS_2_358,0.4148
2016-06-21,FOODS_2_358,0.33
2016-05-23,FOODS_2_359,3.2561
2016-05-24,FOODS_2_359,3.1256
2016-05-25,FOODS_2_359,2.6595
2016-05-26,FOODS_2_359,2.6171
2016-05-27,FOODS_2_359,2.6778
2016-05-28,FOODS_2_359,3.3519
2016-05-29,FOODS_2_359,3.2749
2016-05-30,FOODS_2_359,3.8303
2016-05-31,FOODS_2_359,3.2013
2016-06-01,FOODS_2_359,2.6856
2016-06-02,FOODS_2_359,2.6929
2016-06-03,FOODS_2_359,2.8132
2016-06-04,FOODS_2_359,3.5231
2016-06-05,FOODS_2_359,3.1458
2016-06-06,FOODS_2_359,3.0708
2016-06-07,FOODS_2_359,2.6392
2016-06-08,FOODS_2_359,1.9562
2016-06-09,FOODS_2_359,2.3481
2016-06-10,FOODS_2_359,2.2692
2016-06-11,FOODS_2_359,2.9244
2016-06-12,FOODS_2_359,2.9871
2016-06-13,FOODS_2_359,3.3775
2016-06-14,FOODS_2_359,2.4101
2016-06-15,FOODS_2_359,2.0018
2016-06-16,FOODS_2_359,2.2156
2016-06-17,FOODS_2_359,2.2121
2016-06-18,FOODS_2_359,2.8437
2016-06-19,FOODS_2_359,2.5911
2016-06-20,FOODS_2_359,2.7298
2016-06-21,FOODS_2_359,2.0549
2016-05-23,FOODS_2_360,14.1683
2016-05-24,FOODS_2_360,10.0353
2016-05-25,FOODS_2_360,8.5268
2016-05-26,FOODS_2_360,8.5227
2016-05-27,FOODS_2_360,7.6192
2016-05-28,FOODS_2_360,9.404
2016-05-29,FOODS_2_360,10.2501
2016-05-30,FOODS_2_360,12.1501
2016-05-31,FOODS_2_360,9.1969
2016-06-01,FOODS_2_360,8.5825
2016-06-02,FOODS_2_360,8.3913
2016-06-03,FOODS_2_360,8.4977
2016-06-04,FOODS_2_360,9.5826
2016-06-05,FOODS_2_360,9.3249
2016-06-06,FOODS_2_360,12.1014
2016-06-07,FOODS_2_360,9.3793
2016-06-08,FOODS_2_360,7.7217
2016-06-09,FOODS_2_360,7.3159
2016-06-10,FOODS_2_360,7.145
2016-06-11,FOODS_2_360,8.8088
2016-06-12,FOODS_2_360,8.561
2016-06-13,FOODS_2_360,10.7397
2016-06-14,FOODS_2_360,8.1094
2016-06-15,FOODS_2_360,7.4641
2016-06-16,FOODS_2_360,7.2012
2016-06-17,FOODS_2_360,6.8927
2016-06-18,FOODS_2_360,8.4226
2016-06-19,FOODS_2_360,8.5098
2016-06-20,FOODS_2_360,10.6794
2016-06-21,FOODS_2_360,7.9848
2016-05-23,FOODS_2_371,9.6538
2016-05-24,FOODS_2_371,7.0819
2016-05-25,FOODS_2_371,6.1789
2016-05-26,FOODS_2_371,6.2116
2016-05-27,FOODS_2_371,6.423
2016-05-28,FOODS_2_371,7.9828
2016-05-29,FOODS_2_371,8.0186
2016-05-30,FOODS_2_371,10.7079
2016-05-31,FOODS_2_371,7.7167
2016-06-01,FOODS_2_371,6.5078
2016-06-02,FOODS_2_371,6.6077
2016-06-03,FOODS_2_371,6.62
2016-06-04,FOODS_2_371,7.7673
2016-06-05,FOODS_2_371,7.9169
2016-06-06,FOODS_2_371,9.9019
2016-06-07,FOODS_2_371,7.4094
2016-06-08,FOODS_2_371,6.3471
2016-06-09,FOODS_2_371,6.3061
2016-06-10,FOODS_2_371,6.3028
2016-06-11,FOODS_2_371,7.7773
2016-06-12,FOODS_2_371,7.8583
2016-06-13,FOODS_2_371,9.9068
2016-06-14,FOODS_2_371,7.4814
2016-06-15,FOODS_2_371,6.3903
2016-06-16,FOODS_2_371,6.3655
2016-06-17,FOODS_2_371,6.3003
2016-06-18,FOODS_2_371,7.5118
2016-06-19,FOODS_2_371,7.6034
2016-06-20,FOODS_2_371,10.0271
2016-06-21,FOODS_2_371,7.4892
2016-05-23,FOODS_2_374,3.2408
2016-05-24,FOODS_2_374,2.3981
2016-05-25,FOODS_2_374,2.1984
2016-05-26,FOODS_2_374,2.1826
2016-05-27,FOODS_2_374,2.3104
2016-05-28,FOODS_2_374,2.4343
2016-05-29,FOODS_2_374,2.3457
2016-05-30,FOODS_2_374,3.1966
2016-05-31,FOODS_2_374,2.6224
2016-06-01,FOODS_2_374,2.1446
2016-06-02,FOODS_2_374,2.078
2016-06-03,FOODS_2_374,2.3492
2016-06-04,FOODS_2_374,2.2901
2016-06-05,FOODS_2_374,2.2661
2016-06-06,FOODS_2_374,2.668
2016-06-07,FOODS_2_374,2.0609
2016-06-08,FOODS_2_374,1.7103
2016-06-09,FOODS_2_374,1.6226
2016-06-10,FOODS_2_374,1.7389
2016-06-11,FOODS_2_374,1.7357
2016-06-12,FOODS_2_374,1.7464
2016-06-13,FOODS_2_374,3.1072
2016-06-14,FOODS_2_374,2.1407
2016-06-15,FOODS_2_374,1.8508
2016-06-16,FOODS_2_374,1.8275
2016-06-17,FOODS_2_374,1.9199
2016-06-18,FOODS_2_374,2.1008
2016-06-19,FOODS_2_374,2.0364
2016-06-20,FOODS_2_374,2.9068
2016-06-21,FOODS_2_374,2.2061
2016-05-23,FOODS_2_376,1.5842
2016-05-24,FOODS_2_376,1.5372
2016-05-25,FOODS_2_376,1.353
2016-05-26,FOODS_2_376,1.3421
2016-05-27,FOODS_2_376,1.2257
2016-05-28,FOODS_2_376,1.3945
2016-05-29,FOODS_2_376,1.3081
2016-05-30,FOODS_2_376,1.9984
2016-05-31,FOODS_2_376,1.2764
2016-06-01,FOODS_2_376,1.1
2016-06-02,FOODS_2_376,1.0639
2016-06-03,FOODS_2_376,1.0438
2016-06-04,FOODS_2_376,1.1315
2016-06-05,FOODS_2_376,1.1703
2016-06-06,FOODS_2_376,1.4816
2016-06-07,FOODS_2_376,1.2989
2016-06-08,FOODS_2_376,0.9966
2016-06-09,FOODS_2_376,0.9793
2016-06-10,FOODS_2_376,0.9632
2016-06-11,FOODS_2_376,1.1044
2016-06-12,FOODS_2_376,1.0992
2016-06-13,FOODS_2_376,1.3906
2016-06-14,FOODS_2_376,1.1673
2016-06-15,FOODS_2_376,1.0116
2016-06-16,FOODS_2_376,0.9866
2016-06-17,FOODS_2_376,0.8885
2016-06-18,FOODS_2_376,1.0535
2016-06-19,FOODS_2_376,0.9769
2016-06-20,FOODS_2_376,1.4418
2016-06-21,FOODS_2_376,1.1674
2016-05-23,FOODS_2_380,2.0299
2016-05-24,FOODS_2_380,1.6505
2016-05-25,FOODS_2_380,1.4179
2016-05-26,FOODS_2_380,1.3485
2016-05-27,FOODS_2_380,1.3442
2016-05-28,FOODS_2_380,1.5839
2016-05-29,FOODS_2_380,1.6332
2016-05-30,FOODS_2_380,2.1563
2016-05-31,FOODS_2_380,1.5759
2016-06-01,FOODS_2_380,1.4107
2016-06-02,FOODS_2_380,1.4139
2016-06-03,FOODS_2_380,1.3672
2016-06-04,FOODS_2_380,1.639
2016-06-05,FOODS_2_380,1.5438
2016-06-06,FOODS_2_380,1.9153
2016-06-07,FOODS_2_380,1.6795
2016-06-08,FOODS_2_380,1.3122
2016-06-09,FOODS_2_380,1.2164
2016-06-10,FOODS_2_380,1.1827
2016-06-11,FOODS_2_380,1.4405
2016-06-12,FOODS_2_380,1.4064
2016-06-13,FOODS_2_380,1.9995
2016-06-14,FOODS_2_380,1.5185
2016-06-15,FOODS_2_380,1.2295
2016-06-16,FOODS_2_380,1.171
2016-06-17,FOODS_2_380,1.2066
2016-06-18,FOODS_2_380,1.5375
2016-06-19,FOODS_2_380,1.3272
2016-06-20,FOODS_2_380,1.957
2016-06-21,FOODS_2_380,1.5815
2016-05-23,FOODS_2_385,2.0939
2016-05-24,FOODS_2_385,1.6227
2016-05-25,FOODS_2_385,1.4508
2016-05-26,FOODS_2_385,1.4419
2016-05-27,FOODS_2_385,1.4309
2016-05-28,FOODS_2_385,1.627
2016-05-29,FOODS_2_385,1.631
2016-05-30,FOODS_2_385,2.0335
2016-05-31,FOODS_2_385,1.6575
2016-06-01,FOODS_2_385,1.4336
2016-06-02,FOODS_2_385,1.3549
2016-06-03,FOODS_2_385,1.3424
2016-06-04,FOODS_2_385,1.4504
2016-06-05,FOODS_2_385,1.3984
2016-06-06,FOODS_2_385,1.6306
2016-06-07,FOODS_2_385,1.2869
2016-06-08,FOODS_2_385,1.0429
2016-06-09,FOODS_2_385,1.0468
2016-06-10,FOODS_2_385,1.0593
2016-06-11,FOODS_2_385,1.2083
2016-06-12,FOODS_2_385,1.2011
2016-06-13,FOODS_2_385,1.5318
2016-06-14,FOODS_2_385,1.1152
2016-06-15,FOODS_2_385,0.8273
2016-06-16,FOODS_2_385,0.801
2016-06-17,FOODS_2_385,0.8403
2016-06-18,FOODS_2_385,0.9881
2016-06-19,FOODS_2_385,0.9775
2016-06-20,FOODS_2_385,1.3304
2016-06-21,FOODS_2_385,0.9686
2016-05-23,FOODS_2_388,2.828
2016-05-24,FOODS_2_388,2.0776
2016-05-25,FOODS_2_388,1.7422
2016-05-26,FOODS_2_388,1.6938
2016-05-27,FOODS_2_388,1.7203
2016-05-28,FOODS_2_388,1.8975
2016-05-29,FOODS_2_388,2.0747
2016-05-30,FOODS_2_388,2.6826
2016-05-31,FOODS_2_388,1.9359
2016-06-01,FOODS_2_388,1.5741
2016-06-02,FOODS_2_388,1.5278
2016-06-03,FOODS_2_388,1.4954
2016-06-04,FOODS_2_388,1.9906
2016-06-05,FOODS_2_388,2.0276
2016-06-06,FOODS_2_388,2.3793
2016-06-07,FOODS_2_388,1.5799
2016-06-08,FOODS_2_388,1.1535
2016-06-09,FOODS_2_388,1.4049
2016-06-10,FOODS_2_388,1.3605
2016-06-11,FOODS_2_388,1.5865
2016-06-12,FOODS_2_388,1.5883
2016-06-13,FOODS_2_388,2.1383
2016-06-14,FOODS_2_388,1.483
2016-06-15,FOODS_2_388,1.1922
2016-06-16,FOODS_2_388,1.182
2016-06-17,FOODS_2_388,1.258
2016-06-18,FOODS_2_388,1.4923
2016-06-19,FOODS_2_388,1.413
2016-06-20,FOODS_2_388,1.8486
2016-06-21,FOODS_2_388,1.2051
2016-05-23,FOODS_2_391,2.0679
2016-05-24,FOODS_2_391,1.8068
2016-05-25,FOODS_2_391,1.5115
2016-05-26,FOODS_2_391,1.4754
2016-05-27,FOODS_2_391,1.5454
2016-05-28,FOODS_2_391,1.6372
2016-05-29,FOODS_2_391,1.4705
2016-05-30,FOODS_2_391,2.1106
2016-05-31,FOODS_2_391,1.7004
2016-06-01,FOODS_2_391,1.3745
2016-06-02,FOODS_2_391,1.3501
2016-06-03,FOODS_2_391,1.3501
2016-06-04,FOODS_2_391,1.5022
2016-06-05,FOODS_2_391,1.275
2016-06-06,FOODS_2_391,1.7136
2016-06-07,FOODS_2_391,1.6134
2016-06-08,FOODS_2_391,1.1942
2016-06-09,FOODS_2_391,1.209
2016-06-10,FOODS_2_391,1.1838
2016-06-11,FOODS_2_391,1.3174
2016-06-12,FOODS_2_391,1.0692
2016-06-13,FOODS_2_391,1.5077
2016-06-14,FOODS_2_391,1.2662
2016-06-15,FOODS_2_391,1.0612
2016-06-16,FOODS_2_391,1.0428
2016-06-17,FOODS_2_391,1.0422
2016-06-18,FOODS_2_391,1.0884
2016-06-19,FOODS_2_391,1.1684
2016-06-20,FOODS_2_391,1.5774
2016-06-21,FOODS_2_391,1.4281
2016-05-23,FOODS_2_394,0.5388
2016-05-24,FOODS_2_394,0.4218
2016-05-25,FOODS_2_394,0.4431
2016-05-26,FOODS_2_394,0.4483
2016-05-27,FOODS_2_394,0.4319
2016-05-28,FOODS_2_394,0.4985
2016-05-29,FOODS_2_394,0.5284
2016-05-30,FOODS_2_394,0.5458
2016-05-31,FOODS_2_394,0.4165
2016-06-01,FOODS_2_394,0.4212
2016-06-02,FOODS_2_394,0.419
2016-06-03,FOODS_2_394,0.3894
2016-06-04,FOODS_2_394,0.4178
2016-06-05,FOODS_2_394,0.4248
2016-06-06,FOODS_2_394,0.5154
2016-06-07,FOODS_2_394,0.4893
2016-06-08,FOODS_2_394,0.4632
2016-06-09,FOODS_2_394,0.459
2016-06-10,FOODS_2_394,0.4597
2016-06-11,FOODS_2_394,0.4857
2016-06-12,FOODS_2_394,0.4857
2016-06-13,FOODS_2_394,0.5537
2016-06-14,FOODS_2_394,0.464
2016-06-15,FOODS_2_394,0.4268
2016-06-16,FOODS_2_394,0.3616
2016-06-17,FOODS_2_394,0.3512
2016-06-18,FOODS_2_394,0.3972
2016-06-19,FOODS_2_394,0.3726
2016-06-20,FOODS_2_394,0.3972
2016-06-21,FOODS_2_394,0.3351
2016-05-23,FOODS_2_396,3.1679
2016-05-24,FOODS_2_396,2.287
2016-05-25,FOODS_2_396,1.9086
2016-05-26,FOODS_2_396,1.8704
2016-05-27,FOODS_2_396,1.9488
2016-05-28,FOODS_2_396,2.1767
2016-05-29,FOODS_2_396,2.2564
2016-05-30,FOODS_2_396,3.1129
2016-05-31,FOODS_2_396,2.229
2016-06-01,FOODS_2_396,1.8549
2016-06-02,FOODS_2_396,1.7604
2016-06-03,FOODS_2_396,1.7528
2016-06-04,FOODS_2_396,2.1229
2016-06-05,FOODS_2_396,1.9347
2016-06-06,FOODS_2_396,2.7262
2016-06-07,FOODS_2_396,1.9661
2016-06-08,FOODS_2_396,1.3359
2016-06-09,FOODS_2_396,1.4388
2016-06-10,FOODS_2_396,1.5266
2016-06-11,FOODS_2_396,1.8117
2016-06-12,FOODS_2_396,2.005
2016-06-13,FOODS_2_396,2.6373
2016-06-14,FOODS_2_396,1.9026
2016-06-15,FOODS_2_396,1.6362
2016-06-16,FOODS_2_396,1.3135
2016-06-17,FOODS_2_396,1.4133
2016-06-18,FOODS_2_396,2.102
2016-06-19,FOODS_2_396,1.9804
2016-06-20,FOODS_2_396,2.8079
2016-06-21,FOODS_2_396,1.9537
2016-05-23,FOODS_2_399,2.4144
2016-05-24,FOODS_2_399,2.0196
2016-05-25,FOODS_2_399,1.5668
2016-05-26,FOODS_2_399,1.5851
2016-05-27,FOODS_2_399,1.7298
2016-05-28,FOODS_2_399,1.8176
2016-05-29,FOODS_2_399,1.8822
2016-05-30,FOODS_2_399,2.0907
2016-05-31,FOODS_2_399,1.6166
2016-06-01,FOODS_2_399,1.3507
2016-06-02,FOODS_2_399,1.3652
2016-06-03,FOODS_2_399,1.3898
2016-06-04,FOODS_2_399,1.6436
2016-06-05,FOODS_2_399,1.5847
2016-06-06,FOODS_2_399,2.1128
2016-06-07,FOODS_2_399,1.4593
2016-06-08,FOODS_2_399,1.0747
2016-06-09,FOODS_2_399,1.4142
2016-06-10,FOODS_2_399,1.3991
2016-06-11,FOODS_2_399,1.4745
2016-06-12,FOODS_2_399,1.6127
2016-06-13,FOODS_2_399,1.5736
2016-06-14,FOODS_2_399,1.0936
2016-06-15,FOODS_2_399,0.9455
2016-06-16,FOODS_2_399,1.0443
2016-06-17,FOODS_2_399,1.0626
2016-06-18,FOODS_2_399,1.1935
2016-06-19,FOODS_2_399,1.479
2016-06-20,FOODS_2_399,1.4774
2016-06-21,FOODS_2_399,0.9803
2016-05-23,HOUSEHOLD_1_004,2.3253
2016-05-24,HOUSEHOLD_1_004,2.0335
2016-05-25,HOUSEHOLD_1_004,1.7951
2016-05-26,HOUSEHOLD_1_004,1.772
2016-05-27,HOUSEHOLD_1_004,2.0191
2016-05-28,HOUSEHOLD_1_004,1.9575
2016-05-29,HOUSEHOLD_1_004,1.8146
2016-05-30,HOUSEHOLD_1_004,2.4021
2016-05-31,HOUSEHOLD_1_004,1.965
2016-06-01,HOUSEHOLD_1_004,1.5273
2016-06-02,HOUSEHOLD_1_004,1.5305
2016-06-03,HOUSEHOLD_1_004,1.6273
2016-06-04,HOUSEHOLD_1_004,1.7903
2016-06-05,HOUSEHOLD_1_004,1.4224
2016-06-06,HOUSEHOLD_1_004,1.9757
2016-06-07,HOUSEHOLD_1_004,1.7615
2016-06-08,HOUSEHOLD_1_004,1.3586
2016-06-09,HOUSEHOLD_1_004,1.4274
2016-06-10,HOUSEHOLD_1_004,1.4013
2016-06-11,HOUSEHOLD_1_004,1.4953
2016-06-12,HOUSEHOLD_1_004,1.5606
2016-06-13,HOUSEHOLD_1_004,1.8466
2016-06-14,HOUSEHOLD_1_004,1.6685
2016-06-15,HOUSEHOLD_1_004,1.3785
2016-06-16,HOUSEHOLD_1_004,1.406
2016-06-17,HOUSEHOLD_1_004,1.5339
2016-06-18,HOUSEHOLD_1_004,1.697
2016-06-19,HOUSEHOLD_1_004,1.2445
2016-06-20,HOUSEHOLD_1_004,1.6939
2016-06-21,HOUSEHOLD_1_004,1.3353
2016-05-23,HOUSEHOLD_1_007,2.8173
2016-05-24,HOUSEHOLD_1_007,2.3174
2016-05-25,HOUSEHOLD_1_007,1.8474
2016-05-26,HOUSEHOLD_1_007,1.7978
2016-05-27,HOUSEHOLD_1_007,1.8999
2016-05-28,HOUSEHOLD_1_007,2.1702
2016-05-29,HOUSEHOLD_1_007,1.9169
2016-05-30,HOUSEHOLD_1_007,2.7495
2016-05-31,HOUSEHOLD_1_007,2.2535
2016-06-01,HOUSEHOLD_1_007,1.8861
2016-06-02,HOUSEHOLD_1_007,1.6963
2016-06-03,HOUSEHOLD_1_007,1.7348
2016-06-04,HOUSEHOLD_1_007,1.7967
2016-06-05,HOUSEHOLD_1_007,1.6581
2016-06-06,HOUSEHOLD_1_007,2.5627
2016-06-07,HOUSEHOLD_1_007,2.1183
2016-06-08,HOUSEHOLD_1_007,1.4985
2016-06-09,HOUSEHOLD_1_007,1.5527
2016-06-10,HOUSEHOLD_1_007,1.5318
2016-06-11,HOUSEHOLD_1_007,1.5788
2016-06-12,HOUSEHOLD_1_007,1.57
2016-06-13,HOUSEHOLD_1_007,2.466
2016-06-14,HOUSEHOLD_1_007,1.9145
2016-06-15,HOUSEHOLD_1_007,1.5234
2016-06-16,HOUSEHOLD_1_007,1.3282
2016-06-17,HOUSEHOLD_1_007,1.4978
2016-06-18,HOUSEHOLD_1_007,1.4626
2016-06-19,HOUSEHOLD_1_007,1.5028
2016-06-20,HOUSEHOLD_1_007,2.6112
2016-06-21,HOUSEHOLD_1_007,1.9189
2016-05-23,HOUSEHOLD_1_008,0.5162
2016-05-24,HOUSEHOLD_1_008,0.4478
2016-05-25,HOUSEHOLD_1_008,0.3674
2016-05-26,HOUSEHOLD_1_008,0.362
2016-05-27,HOUSEHOLD_1_008,0.3322
2016-05-28,HOUSEHOLD_1_008,0.3405
2016-05-29,HOUSEHOLD_1_008,0.3343
2016-05-30,HOUSEHOLD_1_008,0.4288
2016-05-31,HOUSEHOLD_1_008,0.371
2016-06-01,HOUSEHOLD_1_008,0.3528
2016-06-02,HOUSEHOLD_1_008,0.3507
2016-06-03,HOUSEHOLD_1_008,0.3657
2016-06-04,HOUSEHOLD_1_008,0.3541
2016-06-05,HOUSEHOLD_1_008,0.3538
2016-06-06,HOUSEHOLD_1_008,0.4611
2016-06-07,HOUSEHOLD_1_008,0.4058
2016-06-08,HOUSEHOLD_1_008,0.3817
2016-06-09,HOUSEHOLD_1_008,0.37
2016-06-10,HOUSEHOLD_1_008,0.3623
2016-06-11,HOUSEHOLD_1_008,0.3559
2016-06-12,HOUSEHOLD_1_008,0.3581
2016-06-13,HOUSEHOLD_1_008,0.4662
2016-06-14,HOUSEHOLD_1_008,0.3911
2016-06-15,HOUSEHOLD_1_008,0.3618
2016-06-16,HOUSEHOLD_1_008,0.3492
2016-06-17,HOUSEHOLD_1_008,0.3487
2016-06-18,HOUSEHOLD_1_008,0.3581
2016-06-19,HOUSEHOLD_1_008,0.2887
2016-06-20,HOUSEHOLD_1_008,0.4647
2016-06-21,HOUSEHOLD_1_008,0.3482
2016-05-23,HOUSEHOLD_1_014,0.4785
2016-05-24,HOUSEHOLD_1_014,0.3704
2016-05-25,HOUSEHOLD_1_014,0.3116
2016-05-26,HOUSEHOLD_1_014,0.3059
2016-05-27,HOUSEHOLD_1_014,0.3138
2016-05-28,HOUSEHOLD_1_014,0.3267
2016-05-29,HOUSEHOLD_1_014,0.3361
2016-05-30,HOUSEHOLD_1_014,0.454
2016-05-31,HOUSEHOLD_1_014,0.3738
2016-06-01,HOUSEHOLD_1_014,0.3411
2016-06-02,HOUSEHOLD_1_014,0.3459
2016-06-03,HOUSEHOLD_1_014,0.3466
2016-06-04,HOUSEHOLD_1_014,0.3276
2016-06-05,HOUSEHOLD_1_014,0.3279
2016-06-06,HOUSEHOLD_1_014,0.4449
2016-06-07,HOUSEHOLD_1_014,0.3716
2016-06-08,HOUSEHOLD_1_014,0.3484
2016-06-09,HOUSEHOLD_1_014,0.337
2016-06-10,HOUSEHOLD_1_014,0.3301
2016-06-11,HOUSEHOLD_1_014,0.3137
2016-06-12,HOUSEHOLD_1_014,0.3153
2016-06-13,HOUSEHOLD_1_014,0.4303
2016-06-14,HOUSEHOLD_1_014,0.335
2016-06-15,HOUSEHOLD_1_014,0.3113
2016-06-16,HOUSEHOLD_1_014,0.2868
2016-06-17,HOUSEHOLD_1_014,0.2815
2016-06-18,HOUSEHOLD_1_014,0.3094
2016-06-19,HOUSEHOLD_1_014,0.2704
2016-06-20,HOUSEHOLD_1_014,0.4425
2016-06-21,HOUSEHOLD_1_014,0.3212
2016-05-23,HOUSEHOLD_1_016,1.9586
2016-05-24,HOUSEHOLD_1_016,1.4164
2016-05-25,HOUSEHOLD_1_016,1.2785
2016-05-26,HOUSEHOLD_1_016,1.3581
2016-05-27,HOUSEHOLD_1_016,1.3562
2016-05-28,HOUSEHOLD_1_016,1.5971
2016-05-29,HOUSEHOLD_1_016,1.6345
2016-05-30,HOUSEHOLD_1_016,2.1637
2016-05-31,HOUSEHOLD_1_016,1.5161
2016-06-01,HOUSEHOLD_1_016,1.1141
2016-06-02,HOUSEHOLD_1_016,1.1474
2016-06-03,HOUSEHOLD_1_016,1.2258
2016-06-04,HOUSEHOLD_1_016,1.4038
2016-06-05,HOUSEHOLD_1_016,1.2808
2016-06-06,HOUSEHOLD_1_016,1.4209
2016-06-07,HOUSEHOLD_1_016,0.954
2016-06-08,HOUSEHOLD_1_016,0.9379
2016-06-09,HOUSEHOLD_1_016,0.8419
2016-06-10,HOUSEHOLD_1_016,0.8693
2016-06-11,HOUSEHOLD_1_016,1.0579
2016-06-12,HOUSEHOLD_1_016,0.9758
2016-06-13,HOUSEHOLD_1_016,1.514
2016-06-14,HOUSEHOLD_1_016,0.9013
2016-06-15,HOUSEHOLD_1_016,0.7926
2016-06-16,HOUSEHOLD_1_016,0.7857
2016-06-17,HOUSEHOLD_1_016,0.7401
2016-06-18,HOUSEHOLD_1_016,1.0569
2016-06-19,HOUSEHOLD_1_016,0.9576
2016-06-20,HOUSEHOLD_1_016,1.255
2016-06-21,HOUSEHOLD_1_016,0.8488
2016-05-23,HOUSEHOLD_1_017,1.1582
2016-05-24,HOUSEHOLD_1_017,0.945
2016-05-25,HOUSEHOLD_1_017,0.7846
2016-05-26,HOUSEHOLD_1_017,0.7904
2016-05-27,HOUSEHOLD_1_017,0.7796
2016-05-28,HOUSEHOLD_1_017,0.7872
2016-05-29,HOUSEHOLD_1_017,0.7496
2016-05-30,HOUSEHOLD_1_017,0.9456
2016-05-31,HOUSEHOLD_1_017,0.7175
2016-06-01,HOUSEHOLD_1_017,0.648
2016-06-02,HOUSEHOLD_1_017,0.6196
2016-06-03,HOUSEHOLD_1_017,0.673
2016-06-04,HOUSEHOLD_1_017,0.6492
2016-06-05,HOUSEHOLD_1_017,0.5783
2016-06-06,HOUSEHOLD_1_017,0.7315
2016-06-07,HOUSEHOLD_1_017,0.6016
2016-06-08,HOUSEHOLD_1_017,0.5051
2016-06-09,HOUSEHOLD_1_017,0.4815
2016-06-10,HOUSEHOLD_1_017,0.5107
2016-06-11,HOUSEHOLD_1_017,0.539
2016-06-12,HOUSEHOLD_1_017,0.4907
2016-06-13,HOUSEHOLD_1_017,0.6507
2016-06-14,HOUSEHOLD_1_017,0.5425
2016-06-15,HOUSEHOLD_1_017,0.4597
2016-06-16,HOUSEHOLD_1_017,0.4282
2016-06-17,HOUSEHOLD_1_017,0.4404
2016-06-18,HOUSEHOLD_1_017,0.4907
2016-06-19,HOUSEHOLD_1_017,0.4458
2016-06-20,HOUSEHOLD_1_017,0.5077
2016-06-21,HOUSEHOLD_1_017,0.4091
2016-05-23,HOUSEHOLD_1_019,0.8053
2016-05-24,HOUSEHOLD_1_019,1.165
2016-05-25,HOUSEHOLD_1_019,1.5047
2016-05-26,HOUSEHOLD_1_019,1.603
2016-05-27,HOUSEHOLD_1_019,1.991
2016-05-28,HOUSEHOLD_1_019,2.2859
2016-05-29,HOUSEHOLD_1_019,2.3829
2016-05-30,HOUSEHOLD_1_019,2.5493
2016-05-31,HOUSEHOLD_1_019,2.2972
2016-06-01,HOUSEHOLD_1_019,1.8699
2016-06-02,HOUSEHOLD_1_019,1.7366
2016-06-03,HOUSEHOLD_1_019,1.8842
2016-06-04,HOUSEHOLD_1_019,2.1186
2016-06-05,HOUSEHOLD_1_019,2.0871
2016-06-06,HOUSEHOLD_1_019,2.5086
2016-06-07,HOUSEHOLD_1_019,1.7293
2016-06-08,HOUSEHOLD_1_019,1.5252
2016-06-09,HOUSEHOLD_1_019,1.4627
2016-06-10,HOUSEHOLD_1_019,1.4924
2016-06-11,HOUSEHOLD_1_019,1.5934
2016-06-12,HOUSEHOLD_1_019,1.6235
2016-06-13,HOUSEHOLD_1_019,2.5349
2016-06-14,HOUSEHOLD_1_019,1.8515
2016-06-15,HOUSEHOLD_1_019,1.5851
2016-06-16,HOUSEHOLD_1_019,1.4535
2016-06-17,HOUSEHOLD_1_019,1.4818
2016-06-18,HOUSEHOLD_1_019,1.411
2016-06-19,HOUSEHOLD_1_019,1.4634
2016-06-20,HOUSEHOLD_1_019,2.4156
2016-06-21,HOUSEHOLD_1_019,1.8444
2016-05-23,HOUSEHOLD_1_025,0.7683
2016-05-24,HOUSEHOLD_1_025,0.6659
2016-05-25,HOUSEHOLD_1_025,0.5382
2016-05-26,HOUSEHOLD_1_025,0.5697
2016-05-27,HOUSEHOLD_1_025,0.5179
2016-05-28,HOUSEHOLD_1_025,0.5732
2016-05-29,HOUSEHOLD_1_025,0.5232
2016-05-30,HOUSEHOLD_1_025,0.6565
2016-05-31,HOUSEHOLD_1_025,0.5817
2016-06-01,HOUSEHOLD_1_025,0.5038
2016-06-02,HOUSEHOLD_1_025,0.4866
2016-06-03,HOUSEHOLD_1_025,0.454
2016-06-04,HOUSEHOLD_1_025,0.4983
2016-06-05,HOUSEHOLD_1_025,0.4846
2016-06-06,HOUSEHOLD_1_025,0.6592
2016-06-07,HOUSEHOLD_1_025,0.5056
2016-06-08,HOUSEHOLD_1_025,0.4409
2016-06-09,HOUSEHOLD_1_025,0.4658
2016-06-10,HOUSEHOLD_1_025,0.3964
2016-06-11,HOUSEHOLD_1_025,0.4219
2016-06-12,HOUSEHOLD_1_025,0.425
2016-06-13,HOUSEHOLD_1_025,0.6308
2016-06-14,HOUSEHOLD_1_025,0.5051
2016-06-15,HOUSEHOLD_1_025,0.4404
2016-06-16,HOUSEHOLD_1_025,0.404
2016-06-17,HOUSEHOLD_1_025,0.3838
2016-06-18,HOUSEHOLD_1_025,0.4278
2016-06-19,HOUSEHOLD_1_025,0.4275
2016-06-20,HOUSEHOLD_1_025,0.5294
2016-06-21,HOUSEHOLD_1_025,0.3845
2016-05-23,HOUSEHOLD_1_027,3.1613
2016-05-24,HOUSEHOLD_1_027,2.5175
2016-05-25,HOUSEHOLD_1_027,2.1533
2016-05-26,HOUSEHOLD_1_027,2.0557
2016-05-27,HOUSEHOLD_1_027,2.0702
2016-05-28,HOUSEHOLD_1_027,2.4512
2016-05-29,HOUSEHOLD_1_027,2.2699
2016-05-30,HOUSEHOLD_1_027,3.2249
2016-05-31,HOUSEHOLD_1_027,2.5332
2016-06-01,HOUSEHOLD_1_027,2.096
2016-06-02,HOUSEHOLD_1_027,2.026
2016-06-03,HOUSEHOLD_1_027,2.074
2016-06-04,HOUSEHOLD_1_027,2.2416
2016-06-05,HOUSEHOLD_1_027,2.2048
2016-06-06,HOUSEHOLD_1_027,2.778
2016-06-07,HOUSEHOLD_1_027,2.1513
2016-06-08,HOUSEHOLD_1_027,1.6158
2016-06-09,HOUSEHOLD_1_027,1.5436
2016-06-10,HOUSEHOLD_1_027,1.8401
2016-06-11,HOUSEHOLD_1_027,2.1797
2016-06-12,HOUSEHOLD_1_027,2.1151
2016-06-13,HOUSEHOLD_1_027,2.8524
2016-06-14,HOUSEHOLD_1_027,2.3419
2016-06-15,HOUSEHOLD_1_027,1.769
2016-06-16,HOUSEHOLD_1_027,1.7077
2016-06-17,HOUSEHOLD_1_027,1.3869
2016-06-18,HOUSEHOLD_1_027,1.6158
2016-06-19,HOUSEHOLD_1_027,2.1054
2016-06-20,HOUSEHOLD_1_027,2.9692
2016-06-21,HOUSEHOLD_1_027,2.1115
2016-05-23,HOUSEHOLD_1_028,1.6166
2016-05-24,HOUSEHOLD_1_028,1.2148
2016-05-25,HOUSEHOLD_1_028,1.0941
2016-05-26,HOUSEHOLD_1_028,1.0803
2016-05-27,HOUSEHOLD_1_028,1.064
2016-05-28,HOUSEHOLD_1_028,1.2538
2016-05-29,HOUSEHOLD_1_028,1.2489
2016-05-30,HOUSEHOLD_1_028,1.5385
2016-05-31,HOUSEHOLD_1_028,1.171
2016-06-01,HOUSEHOLD_1_028,1.0118
2016-06-02,HOUSEHOLD_1_028,1.0972
2016-06-03,HOUSEHOLD_1_028,1.0201
2016-06-04,HOUSEHOLD_1_028,1.0177
2016-06-05,HOUSEHOLD_1_028,1.0588
2016-06-06,HOUSEHOLD_1_028,1.3066
2016-06-07,HOUSEHOLD_1_028,0.9284
2016-06-08,HOUSEHOLD_1_028,0.8291
2016-06-09,HOUSEHOLD_1_028,0.7893
2016-06-10,HOUSEHOLD_1_028,0.8102
2016-06-11,HOUSEHOLD_1_028,0.9196
2016-06-12,HOUSEHOLD_1_028,0.9425
2016-06-13,HOUSEHOLD_1_028,1.3115
2016-06-14,HOUSEHOLD_1_028,0.9097
2016-06-15,HOUSEHOLD_1_028,0.8796
2016-06-16,HOUSEHOLD_1_028,0.8599
2016-06-17,HOUSEHOLD_1_028,0.8254
2016-06-18,HOUSEHOLD_1_028,0.9089
2016-06-19,HOUSEHOLD_1_028,0.8666
2016-06-20,HOUSEHOLD_1_028,1.4087
2016-06-21,HOUSEHOLD_1_028,0.9356
2016-05-23,HOUSEHOLD_1_032,12.0137
2016-05-24,HOUSEHOLD_1_032,8.7957
2016-05-25,HOUSEHOLD_1_032,7.7245
2016-05-26,HOUSEHOLD_1_032,7.3593
2016-05-27,HOUSEHOLD_1_032,8.0469
2016-05-28,HOUSEHOLD_1_032,9.7553
2016-05-29,HOUSEHOLD_1_032,9.5492
2016-05-30,HOUSEHOLD_1_032,12.1499
2016-05-31,HOUSEHOLD_1_032,8.254
2016-06-01,HOUSEHOLD_1_032,7.306
2016-06-02,HOUSEHOLD_1_032,6.8209
2016-06-03,HOUSEHOLD_1_032,7.176
2016-06-04,HOUSEHOLD_1_032,8.9364
2016-06-05,HOUSEHOLD_1_032,9.0522
2016-06-06,HOUSEHOLD_1_032,11.0841
2016-06-07,HOUSEHOLD_1_032,8.1273
2016-06-08,HOUSEHOLD_1_032,7.0114
2016-06-09,HOUSEHOLD_1_032,6.7162
2016-06-10,HOUSEHOLD_1_032,6.7952
2016-06-11,HOUSEHOLD_1_032,8.342
2016-06-12,HOUSEHOLD_1_032,8.5909
2016-06-13,HOUSEHOLD_1_032,10.4874
2016-06-14,HOUSEHOLD_1_032,7.6256
2016-06-15,HOUSEHOLD_1_032,6.693
2016-06-16,HOUSEHOLD_1_032,6.4685
2016-06-17,HOUSEHOLD_1_032,6.541
2016-06-18,HOUSEHOLD_1_032,8.291
2016-06-19,HOUSEHOLD_1_032,8.2274
2016-06-20,HOUSEHOLD_1_032,10.5449
2016-06-21,HOUSEHOLD_1_032,7.7214
2016-05-23,HOUSEHOLD_1_038,2.7844
2016-05-24,HOUSEHOLD_1_038,2.155
2016-05-25,HOUSEHOLD_1_038,1.666
2016-05-26,HOUSEHOLD_1_038,1.6564
2016-05-27,HOUSEHOLD_1_038,1.5945
2016-05-28,HOUSEHOLD_1_038,1.8047
2016-05-29,HOUSEHOLD_1_038,1.8628
2016-05-30,HOUSEHOLD_1_038,2.779
2016-05-31,HOUSEHOLD_1_038,2.2212
2016-06-01,HOUSEHOLD_1_038,1.7019
2016-06-02,HOUSEHOLD_1_038,1.5317
2016-06-03,HOUSEHOLD_1_038,1.5328
2016-06-04,HOUSEHOLD_1_038,1.7915
2016-06-05,HOUSEHOLD_1_038,1.7241
2016-06-06,HOUSEHOLD_1_038,2.4554
2016-06-07,HOUSEHOLD_1_038,1.8116
2016-06-08,HOUSEHOLD_1_038,1.3648
2016-06-09,HOUSEHOLD_1_038,1.3054
2016-06-10,HOUSEHOLD_1_038,1.2504
2016-06-11,HOUSEHOLD_1_038,1.5055
2016-06-12,HOUSEHOLD_1_038,1.561
2016-06-13,HOUSEHOLD_1_038,2.7878
2016-06-14,HOUSEHOLD_1_038,1.8727
2016-06-15,HOUSEHOLD_1_038,1.2752
2016-06-16,HOUSEHOLD_1_038,1.3456
2016-06-17,HOUSEHOLD_1_038,1.3442
2016-06-18,HOUSEHOLD_1_038,1.593
2016-06-19,HOUSEHOLD_1_038,1.5054
2016-06-20,HOUSEHOLD_1_038,2.391
2016-06-21,HOUSEHOLD_1_038,1.7349
2016-05-23,HOUSEHOLD_1_040,3.2779
2016-05-24,HOUSEHOLD_1_040,2.3618
2016-05-25,HOUSEHOLD_1_040,1.8802
2016-05-26,HOUSEHOLD_1_040,1.761
2016-05-27,HOUSEHOLD_1_040,1.8185
2016-05-28,HOUSEHOLD_1_040,2.1809
2016-05-29,HOUSEHOLD_1_040,2.2069
2016-05-30,HOUSEHOLD_1_040,3.235
2016-05-31,HOUSEHOLD_1_040,2.2822
2016-06-01,HOUSEHOLD_1_040,1.88
2016-06-02,HOUSEHOLD_1_040,1.7822
2016-06-03,HOUSEHOLD_1_040,1.8678
2016-06-04,HOUSEHOLD_1_040,2.1036
2016-06-05,HOUSEHOLD_1_040,2.0734
2016-06-06,HOUSEHOLD_1_040,3.0705
2016-06-07,HOUSEHOLD_1_040,2.2582
2016-06-08,HOUSEHOLD_1_040,1.71
2016-06-09,HOUSEHOLD_1_040,1.6086
2016-06-10,HOUSEHOLD_1_040,1.7203
2016-06-11,HOUSEHOLD_1_040,1.9693
2016-06-12,HOUSEHOLD_1_040,1.9211
2016-06-13,HOUSEHOLD_1_040,3.0865
2016-06-14,HOUSEHOLD_1_040,2.2539
2016-06-15,HOUSEHOLD_1_040,1.6847
2016-06-16,HOUSEHOLD_1_040,1.6146
2016-06-17,HOUSEHOLD_1_040,1.5667
2016-06-18,HOUSEHOLD_1_040,1.767
2016-06-19,HOUSEHOLD_1_040,1.9882
2016-06-20,HOUSEHOLD_1_040,3.0457
2016-06-21,HOUSEHOLD_1_040,2.0829
2016-05-23,HOUSEHOLD_1_045,2.4305
2016-05-24,HOUSEHOLD_1_045,1.9223
2016-05-25,HOUSEHOLD_1_045,1.6279
2016-05-26,HOUSEHOLD_1_045,1.6689
2016-05-27,HOUSEHOLD_1_045,1.5751
2016-05-28,HOUSEHOLD_1_045,1.8601
2016-05-29,HOUSEHOLD_1_045,1.8579
2016-05-30,HOUSEHOLD_1_045,2.3394
2016-05-31,HOUSEHOLD_1_045,1.7173
2016-06-01,HOUSEHOLD_1_045,1.5051
2016-06-02,HOUSEHOLD_1_045,1.5432
2016-06-03,HOUSEHOLD_1_045,1.5006
2016-06-04,HOUSEHOLD_1_045,1.7524
2016-06-05,HOUSEHOLD_1_045,1.5297
2016-06-06,HOUSEHOLD_1_045,1.8284
2016-06-07,HOUSEHOLD_1_045,1.5322
2016-06-08,HOUSEHOLD_1_045,1.2202
2016-06-09,HOUSEHOLD_1_045,1.1548
2016-06-10,HOUSEHOLD_1_045,1.3556
2016-06-11,HOUSEHOLD_1_045,1.5981
2016-06-12,HOUSEHOLD_1_045,1.6028
2016-06-13,HOUSEHOLD_1_045,1.7702
2016-06-14,HOUSEHOLD_1_045,1.3364
2016-06-15,HOUSEHOLD_1_045,1.1913
2016-06-16,HOUSEHOLD_1_045,1.2838
2016-06-17,HOUSEHOLD_1_045,1.2343
2016-06-18,HOUSEHOLD_1_045,1.4329
2016-06-19,HOUSEHOLD_1_045,1.4013
2016-06-20,HOUSEHOLD_1_045,1.8269
2016-06-21,HOUSEHOLD_1_045,1.4546
2016-05-23,HOUSEHOLD_1_047,1.1549
2016-05-24,HOUSEHOLD_1_047,0.9005
2016-05-25,HOUSEHOLD_1_047,0.805
2016-05-26,HOUSEHOLD_1_047,0.8401
2016-05-27,HOUSEHOLD_1_047,0.8472
2016-05-28,HOUSEHOLD_1_047,0.9741
2016-05-29,HOUSEHOLD_1_047,0.9743
2016-05-30,HOUSEHOLD_1_047,1.1527
2016-05-31,HOUSEHOLD_1_047,0.8976
2016-06-01,HOUSEHOLD_1_047,0.7844
2016-06-02,HOUSEHOLD_1_047,0.6974
2016-06-03,HOUSEHOLD_1_047,0.719
2016-06-04,HOUSEHOLD_1_047,0.7939
2016-06-05,HOUSEHOLD_1_047,0.8515
2016-06-06,HOUSEHOLD_1_047,1.002
2016-06-07,HOUSEHOLD_1_047,0.7702
2016-06-08,HOUSEHOLD_1_047,0.6591
2016-06-09,HOUSEHOLD_1_047,0.6618
2016-06-10,HOUSEHOLD_1_047,0.6486
2016-06-11,HOUSEHOLD_1_047,0.7742
2016-06-12,HOUSEHOLD_1_047,0.7799
2016-06-13,HOUSEHOLD_1_047,0.9484
2016-06-14,HOUSEHOLD_1_047,0.7385
2016-06-15,HOUSEHOLD_1_047,0.6425
2016-06-16,HOUSEHOLD_1_047,0.6031
2016-06-17,HOUSEHOLD_1_047,0.5948
2016-06-18,HOUSEHOLD_1_047,0.7092
2016-06-19,HOUSEHOLD_1_047,0.7076
2016-06-20,HOUSEHOLD_1_047,0.9306
2016-06-21,HOUSEHOLD_1_047,0.6752
2016-05-23,HOUSEHOLD_1_048,3.2062
2016-05-24,HOUSEHOLD_1_048,2.4725
2016-05-25,HOUSEHOLD_1_048,2.0733
2016-05-26,HOUSEHOLD_1_048,2.1102
2016-05-27,HOUSEHOLD_1_048,2.1166
2016-05-28,HOUSEHOLD_1_048,2.3792
2016-05-29,HOUSEHOLD_1_048,2.3876
2016-05-30,HOUSEHOLD_1_048,3.059
2016-05-31,HOUSEHOLD_1_048,2.4365
2016-06-01,HOUSEHOLD_1_048,2.0595
2016-06-02,HOUSEHOLD_1_048,2.0191
2016-06-03,HOUSEHOLD_1_048,2.0744
2016-06-04,HOUSEHOLD_1_048,2.0439
2016-06-05,HOUSEHOLD_1_048,1.8511
2016-06-06,HOUSEHOLD_1_048,2.7442
2016-06-07,HOUSEHOLD_1_048,2.0857
2016-06-08,HOUSEHOLD_1_048,1.6535
2016-06-09,HOUSEHOLD_1_048,1.6686
2016-06-10,HOUSEHOLD_1_048,1.5665
2016-06-11,HOUSEHOLD_1_048,1.724
2016-06-12,HOUSEHOLD_1_048,1.9894
2016-06-13,HOUSEHOLD_1_048,2.8483
2016-06-14,HOUSEHOLD_1_048,2.2319
2016-06-15,HOUSEHOLD_1_048,1.7771
2016-06-16,HOUSEHOLD_1_048,1.8643
2016-06-17,HOUSEHOLD_1_048,1.8938
2016-06-18,HOUSEHOLD_1_048,1.9171
2016-06-19,HOUSEHOLD_1_048,1.588
2016-06-20,HOUSEHOLD_1_048,2.897
2016-06-21,HOUSEHOLD_1_048,2.0774
2016-05-23,HOUSEHOLD_1_050,2.9036
2016-05-24,HOUSEHOLD_1_050,2.2143
2016-05-25,HOUSEHOLD_1_050,1.7939
2016-05-26,HOUSEHOLD_1_050,1.7346
2016-05-27,HOUSEHOLD_1_050,1.7791
2016-05-28,HOUSEHOLD_1_050,2.0184
2016-05-29,HOUSEHOLD_1_050,2.0691
2016-05-30,HOUSEHOLD_1_050,2.9382
2016-05-31,HOUSEHOLD_1_050,2.3647
2016-06-01,HOUSEHOLD_1_050,1.9461
2016-06-02,HOUSEHOLD_1_050,1.8307
2016-06-03,HOUSEHOLD_1_050,1.6824
2016-06-04,HOUSEHOLD_1_050,2.0817
2016-06-05,HOUSEHOLD_1_050,1.9666
2016-06-06,HOUSEHOLD_1_050,2.759
2016-06-07,HOUSEHOLD_1_050,2.0787
2016-06-08,HOUSEHOLD_1_050,1.4712
2016-06-09,HOUSEHOLD_1_050,1.5094
2016-06-10,HOUSEHOLD_1_050,1.6432
2016-06-11,HOUSEHOLD_1_050,1.9369
2016-06-12,HOUSEHOLD_1_050,1.8146
2016-06-13,HOUSEHOLD_1_050,2.5905
2016-06-14,HOUSEHOLD_1_050,1.8447
2016-06-15,HOUSEHOLD_1_050,1.471
2016-06-16,HOUSEHOLD_1_050,1.4723
2016-06-17,HOUSEHOLD_1_050,1.2848
2016-06-18,HOUSEHOLD_1_050,1.5159
2016-06-19,HOUSEHOLD_1_050,1.5344
2016-06-20,HOUSEHOLD_1_050,2.628
2016-06-21,HOUSEHOLD_1_050,1.9122
2016-05-23,HOUSEHOLD_1_051,4.622
2016-05-24,HOUSEHOLD_1_051,3.53
2016-05-25,HOUSEHOLD_1_051,3.065
2016-05-26,HOUSEHOLD_1_051,2.8954
2016-05-27,HOUSEHOLD_1_051,2.7946
2016-05-28,HOUSEHOLD_1_051,3.5204
2016-05-29,HOUSEHOLD_1_051,3.8228
2016-05-30,HOUSEHOLD_1_051,4.5043
2016-05-31,HOUSEHOLD_1_051,3.2333
2016-06-01,HOUSEHOLD_1_051,2.9128
2016-06-02,HOUSEHOLD_1_051,2.8558
2016-06-03,HOUSEHOLD_1_051,2.7189
2016-06-04,HOUSEHOLD_1_051,3.2062
2016-06-05,HOUSEHOLD_1_051,3.2053
2016-06-06,HOUSEHOLD_1_051,4.2955
2016-06-07,HOUSEHOLD_1_051,2.9812
2016-06-08,HOUSEHOLD_1_051,2.5587
2016-06-09,HOUSEHOLD_1_051,2.4561
2016-06-10,HOUSEHOLD_1_051,2.4904
2016-06-11,HOUSEHOLD_1_051,2.8993
2016-06-12,HOUSEHOLD_1_051,2.8849
2016-06-13,HOUSEHOLD_1_051,4.0927
2016-06-14,HOUSEHOLD_1_051,2.8034
2016-06-15,HOUSEHOLD_1_051,2.3783
2016-06-16,HOUSEHOLD_1_051,2.4062
2016-06-17,HOUSEHOLD_1_051,2.3307
2016-06-18,HOUSEHOLD_1_051,2.774
2016-06-19,HOUSEHOLD_1_051,2.7858
2016-06-20,HOUSEHOLD_1_051,3.954
2016-06-21,HOUSEHOLD_1_051,2.693
2016-05-23,HOUSEHOLD_1_053,3.7132
2016-05-24,HOUSEHOLD_1_053,2.8921
2016-05-25,HOUSEHOLD_1_053,2.3172
2016-05-26,HOUSEHOLD_1_053,2.291
2016-05-27,HOUSEHOLD_1_053,2.3851
2016-05-28,HOUSEHOLD_1_053,2.8207
2016-05-29,HOUSEHOLD_1_053,2.8687
2016-05-30,HOUSEHOLD_1_053,3.9716
2016-05-31,HOUSEHOLD_1_053,3.0048
2016-06-01,HOUSEHOLD_1_053,2.3341
2016-06-02,HOUSEHOLD_1_053,2.2506
2016-06-03,HOUSEHOLD_1_053,2.2492
2016-06-04,HOUSEHOLD_1_053,2.7598
2016-06-05,HOUSEHOLD_1_053,2.574
2016-06-06,HOUSEHOLD_1_053,3.3831
2016-06-07,HOUSEHOLD_1_053,2.5074
2016-06-08,HOUSEHOLD_1_053,1.6271
2016-06-09,HOUSEHOLD_1_053,1.9964
2016-06-10,HOUSEHOLD_1_053,2.0483
2016-06-11,HOUSEHOLD_1_053,2.5222
2016-06-12,HOUSEHOLD_1_053,2.5682
2016-06-13,HOUSEHOLD_1_053,3.5393
2016-06-14,HOUSEHOLD_1_053,2.7322
2016-06-15,HOUSEHOLD_1_053,1.8739
2016-06-16,HOUSEHOLD_1_053,1.9157
2016-06-17,HOUSEHOLD_1_053,1.9176
2016-06-18,HOUSEHOLD_1_053,2.3717
2016-06-19,HOUSEHOLD_1_053,2.2888
2016-06-20,HOUSEHOLD_1_053,3.3446
2016-06-21,HOUSEHOLD_1_053,2.2755
2016-05-23,HOUSEHOLD_1_055,2.2898
2016-05-24,HOUSEHOLD_1_055,1.8084
2016-05-25,HOUSEHOLD_1_055,1.5405
2016-05-26,HOUSEHOLD_1_055,1.4808
2016-05-27,HOUSEHOLD_1_055,1.4886
2016-05-28,HOUSEHOLD_1_055,1.7756
2016-05-29,HOUSEHOLD_1_055,1.5136
2016-05-30,HOUSEHOLD_1_055,2.2336
2016-05-31,HOUSEHOLD_1_055,1.7033
2016-06-01,HOUSEHOLD_1_055,1.2606
2016-06-02,HOUSEHOLD_1_055,1.2016
2016-06-03,HOUSEHOLD_1_055,1.1965
2016-06-04,HOUSEHOLD_1_055,1.7281
2016-06-05,HOUSEHOLD_1_055,1.3137
2016-06-06,HOUSEHOLD_1_055,2.1149
2016-06-07,HOUSEHOLD_1_055,1.6323
2016-06-08,HOUSEHOLD_1_055,1.4014
2016-06-09,HOUSEHOLD_1_055,1.1128
2016-06-10,HOUSEHOLD_1_055,1.1122
2016-06-11,HOUSEHOLD_1_055,1.4114
2016-06-12,HOUSEHOLD_1_055,1.3832
2016-06-13,HOUSEHOLD_1_055,1.8207
2016-06-14,HOUSEHOLD_1_055,1.4626
2016-06-15,HOUSEHOLD_1_055,1.2066
2016-06-16,HOUSEHOLD_1_055,1.1382
2016-06-17,HOUSEHOLD_1_055,1.1375
2016-06-18,HOUSEHOLD_1_055,1.5314
2016-06-19,HOUSEHOLD_1_055,1.3081
2016-06-20,HOUSEHOLD_1_055,1.8107
2016-06-21,HOUSEHOLD_1_055,1.4308
2016-05-23,HOUSEHOLD_1_058,1.1695
2016-05-24,HOUSEHOLD_1_058,0.914
2016-05-25,HOUSEHOLD_1_058,0.798
2016-05-26,HOUSEHOLD_1_058,0.7441
2016-05-27,HOUSEHOLD_1_058,0.7057
2016-05-28,HOUSEHOLD_1_058,0.8146
2016-05-29,HOUSEHOLD_1_058,0.7743
2016-05-30,HOUSEHOLD_1_058,0.8937
2016-05-31,HOUSEHOLD_1_058,0.7222
2016-06-01,HOUSEHOLD_1_058,0.6378
2016-06-02,HOUSEHOLD_1_058,0.6112
2016-06-03,HOUSEHOLD_1_058,0.6273
2016-06-04,HOUSEHOLD_1_058,0.7449
2016-06-05,HOUSEHOLD_1_058,0.7311
2016-06-06,HOUSEHOLD_1_058,0.9032
2016-06-07,HOUSEHOLD_1_058,0.7374
2016-06-08,HOUSEHOLD_1_058,0.6915
2016-06-09,HOUSEHOLD_1_058,0.6358
2016-06-10,HOUSEHOLD_1_058,0.6578
2016-06-11,HOUSEHOLD_1_058,0.6174
2016-06-12,HOUSEHOLD_1_058,0.6128
2016-06-13,HOUSEHOLD_1_058,0.8633
2016-06-14,HOUSEHOLD_1_058,0.6891
2016-06-15,HOUSEHOLD_1_058,0.6458
2016-06-16,HOUSEHOLD_1_058,0.5808
2016-06-17,HOUSEHOLD_1_058,0.5557
2016-06-18,HOUSEHOLD_1_058,0.6185
2016-06-19,HOUSEHOLD_1_058,0.5942
2016-06-20,HOUSEHOLD_1_058,0.7608
2016-06-21,HOUSEHOLD_1_058,0.5969
2016-05-23,HOUSEHOLD_1_065,1.0564
2016-05-24,HOUSEHOLD_1_065,0.9477
2016-05-25,HOUSEHOLD_1_065,1.0941
2016-05-26,HOUSEHOLD_1_065,1.0153
2016-05-27,HOUSEHOLD_1_065,1.1089
2016-05-28,HOUSEHOLD_1_065,1.1799
2016-05-29,HOUSEHOLD_1_065,1.1843
2016-05-30,HOUSEHOLD_1_065,1.3958
2016-05-31,HOUSEHOLD_1_065,0.8901
2016-06-01,HOUSEHOLD_1_065,0.9159
2016-06-02,HOUSEHOLD_1_065,0.9072
2016-06-03,HOUSEHOLD_1_065,0.9382
2016-06-04,HOUSEHOLD_1_065,1.1473
2016-06-05,HOUSEHOLD_1_065,1.1534
2016-06-06,HOUSEHOLD_1_065,1.4502
2016-06-07,HOUSEHOLD_1_065,1.1294
2016-06-08,HOUSEHOLD_1_065,1.073
2016-06-09,HOUSEHOLD_1_065,0.9073
2016-06-10,HOUSEHOLD_1_065,0.94
2016-06-11,HOUSEHOLD_1_065,1.0716
2016-06-12,HOUSEHOLD_1_065,1.0578
2016-06-13,HOUSEHOLD_1_065,1.2459
2016-06-14,HOUSEHOLD_1_065,0.8629
2016-06-15,HOUSEHOLD_1_065,0.8108
2016-06-16,HOUSEHOLD_1_065,0.813
2016-06-17,HOUSEHOLD_1_065,0.8794
2016-06-18,HOUSEHOLD_1_065,0.9906
2016-06-19,HOUSEHOLD_1_065,1.0564
2016-06-20,HOUSEHOLD_1_065,1.1567
2016-06-21,HOUSEHOLD_1_065,0.9472
2016-05-23,HOUSEHOLD_1_066,9.0192
2016-05-24,HOUSEHOLD_1_066,6.694
2016-05-25,HOUSEHOLD_1_066,5.4679
2016-05-26,HOUSEHOLD_1_066,5.5573
2016-05-27,HOUSEHOLD_1_066,5.4658
2016-05-28,HOUSEHOLD_1_066,6.7232
2016-05-29,HOUSEHOLD_1_066,6.7303
2016-05-30,HOUSEHOLD_1_066,9.1946
2016-05-31,HOUSEHOLD_1_066,6.3952
2016-06-01,HOUSEHOLD_1_066,5.3599
2016-06-02,HOUSEHOLD_1_066,5.4572
2016-06-03,HOUSEHOLD_1_066,5.0831
2016-06-04,HOUSEHOLD_1_066,6.645
2016-06-05,HOUSEHOLD_1_066,6.2252
2016-06-06,HOUSEHOLD_1_066,8.6726
2016-06-07,HOUSEHOLD_1_066,5.9929
2016-06-08,HOUSEHOLD_1_066,5.0199
2016-06-09,HOUSEHOLD_1_066,5.1175
2016-06-10,HOUSEHOLD_1_066,5.3244
2016-06-11,HOUSEHOLD_1_066,6.4449
2016-06-12,HOUSEHOLD_1_066,5.9898
2016-06-13,HOUSEHOLD_1_066,8.2406
2016-06-14,HOUSEHOLD_1_066,5.9623
2016-06-15,HOUSEHOLD_1_066,5.0612
2016-06-16,HOUSEHOLD_1_066,5.402
2016-06-17,HOUSEHOLD_1_066,4.8246
2016-06-18,HOUSEHOLD_1_066,5.8996
2016-06-19,HOUSEHOLD_1_066,5.9441
2016-06-20,HOUSEHOLD_1_066,8.0428
2016-06-21,HOUSEHOLD_1_066,5.8511
2016-05-23,HOUSEHOLD_1_068,2.5098
2016-05-24,HOUSEHOLD_1_068,2.138
2016-05-25,HOUSEHOLD_1_068,1.7408
2016-05-26,HOUSEHOLD_1_068,1.6315
2016-05-27,HOUSEHOLD_1_068,1.7631
2016-05-28,HOUSEHOLD_1_068,1.8597
2016-05-29,HOUSEHOLD_1_068,1.8859
2016-05-30,HOUSEHOLD_1_068,2.7787
2016-05-31,HOUSEHOLD_1_068,2.2112
2016-06-01,HOUSEHOLD_1_068,1.6007
2016-06-02,HOUSEHOLD_1_068,1.6707
2016-06-03,HOUSEHOLD_1_068,1.5869
2016-06-04,HOUSEHOLD_1_068,1.9117
2016-06-05,HOUSEHOLD_1_068,1.9543
2016-06-06,HOUSEHOLD_1_068,2.0519
2016-06-07,HOUSEHOLD_1_068,1.8576
2016-06-08,HOUSEHOLD_1_068,1.2194
2016-06-09,HOUSEHOLD_1_068,1.1999
2016-06-10,HOUSEHOLD_1_068,1.3743
2016-06-11,HOUSEHOLD_1_068,1.6466
2016-06-12,HOUSEHOLD_1_068,1.6465
2016-06-13,HOUSEHOLD_1_068,2.1325
2016-06-14,HOUSEHOLD_1_068,1.6207
2016-06-15,HOUSEHOLD_1_068,1.2777
2016-06-16,HOUSEHOLD_1_068,1.161
2016-06-17,HOUSEHOLD_1_068,1.2484
2016-06-18,HOUSEHOLD_1_068,1.2588
2016-06-19,HOUSEHOLD_1_068,1.474
2016-06-20,HOUSEHOLD_1_068,2.0001
2016-06-21,HOUSEHOLD_1_068,1.3665
2016-05-23,HOUSEHOLD_1_071,4.1117
2016-05-24,HOUSEHOLD_1_071,3.262
2016-05-25,HOUSEHOLD_1_071,2.7062
2016-05-26,HOUSEHOLD_1_071,2.6897
2016-05-27,HOUSEHOLD_1_071,2.6592
2016-05-28,HOUSEHOLD_1_071,3.3062
2016-05-29,HOUSEHOLD_1_071,3.1673
2016-05-30,HOUSEHOLD_1_071,4.0608
2016-05-31,HOUSEHOLD_1_071,3.2606
2016-06-01,HOUSEHOLD_1_071,2.5467
2016-06-02,HOUSEHOLD_1_071,2.497
2016-06-03,HOUSEHOLD_1_071,2.3884
2016-06-04,HOUSEHOLD_1_071,2.8478
2016-06-05,HOUSEHOLD_1_071,2.8184
2016-06-06,HOUSEHOLD_1_071,3.7535
2016-06-07,HOUSEHOLD_1_071,3.1291
2016-06-08,HOUSEHOLD_1_071,2.3898
2016-06-09,HOUSEHOLD_1_071,2.2547
2016-06-10,HOUSEHOLD_1_071,2.3095
2016-06-11,HOUSEHOLD_1_071,2.7079
2016-06-12,HOUSEHOLD_1_071,2.8271
2016-06-13,HOUSEHOLD_1_071,3.6551
2016-06-14,HOUSEHOLD_1_071,3.0384
2016-06-15,HOUSEHOLD_1_071,2.2987
2016-06-16,HOUSEHOLD_1_071,2.0922
2016-06-17,HOUSEHOLD_1_071,2.2754
2016-06-18,HOUSEHOLD_1_071,2.8853
2016-06-19,HOUSEHOLD_1_071,2.3795
2016-06-20,HOUSEHOLD_1_071,3.6963
2016-06-21,HOUSEHOLD_1_071,2.5513
2016-05-23,HOUSEHOLD_1_072,2.2322
2016-05-24,HOUSEHOLD_1_072,1.817
2016-05-25,HOUSEHOLD_1_072,1.4769
2016-05-26,HOUSEHOLD_1_072,1.4199
2016-05-27,HOUSEHOLD_1_072,1.4284
2016-05-28,HOUSEHOLD_1_072,1.6752
2016-05-29,HOUSEHOLD_1_072,1.5441
2016-05-30,HOUSEHOLD_1_072,2.1317
2016-05-31,HOUSEHOLD_1_072,1.5155
2016-06-01,HOUSEHOLD_1_072,1.271
2016-06-02,HOUSEHOLD_1_072,1.2917
2016-06-03,HOUSEHOLD_1_072,1.2434
2016-06-04,HOUSEHOLD_1_072,1.4448
2016-06-05,HOUSEHOLD_1_072,1.4369
2016-06-06,HOUSEHOLD_1_072,1.7785
2016-06-07,HOUSEHOLD_1_072,1.4102
2016-06-08,HOUSEHOLD_1_072,1.1436
2016-06-09,HOUSEHOLD_1_072,1.1264
2016-06-10,HOUSEHOLD_1_072,1.1036
2016-06-11,HOUSEHOLD_1_072,1.3634
2016-06-12,HOUSEHOLD_1_072,1.3489
2016-06-13,HOUSEHOLD_1_072,1.6209
2016-06-14,HOUSEHOLD_1_072,1.2621
2016-06-15,HOUSEHOLD_1_072,1.07
2016-06-16,HOUSEHOLD_1_072,1.0024
2016-06-17,HOUSEHOLD_1_072,0.9628
2016-06-18,HOUSEHOLD_1_072,1.1636
2016-06-19,HOUSEHOLD_1_072,1.1958
2016-06-20,HOUSEHOLD_1_072,1.7733
2016-06-21,HOUSEHOLD_1_072,1.2772
2016-05-23,HOUSEHOLD_1_079,2.5874
2016-05-24,HOUSEHOLD_1_079,2.1069
2016-05-25,HOUSEHOLD_1_079,1.611
2016-05-26,HOUSEHOLD_1_079,1.6204
2016-05-27,HOUSEHOLD_1_079,1.5998
2016-05-28,HOUSEHOLD_1_079,1.77
2016-05-29,HOUSEHOLD_1_079,1.7199
2016-05-30,HOUSEHOLD_1_079,2.4934
2016-05-31,HOUSEHOLD_1_079,1.7832
2016-06-01,HOUSEHOLD_1_079,1.4089
2016-06-02,HOUSEHOLD_1_079,1.2652
2016-06-03,HOUSEHOLD_1_079,1.3089
2016-06-04,HOUSEHOLD_1_079,1.7337
2016-06-05,HOUSEHOLD_1_079,1.5714
2016-06-06,HOUSEHOLD_1_079,2.3053
2016-06-07,HOUSEHOLD_1_079,1.5734
2016-06-08,HOUSEHOLD_1_079,1.2941
2016-06-09,HOUSEHOLD_1_079,1.2812
2016-06-10,HOUSEHOLD_1_079,1.1293
2016-06-11,HOUSEHOLD_1_079,1.4172
2016-06-12,HOUSEHOLD_1_079,1.5568
2016-06-13,HOUSEHOLD_1_079,1.8642
2016-06-14,HOUSEHOLD_1_079,1.5234
2016-06-15,HOUSEHOLD_1_079,1.2171
2016-06-16,HOUSEHOLD_1_079,1.1308
2016-06-17,HOUSEHOLD_1_079,1.3159
2016-06-18,HOUSEHOLD_1_079,1.3688
2016-06-19,HOUSEHOLD_1_079,1.3557
2016-06-20,HOUSEHOLD_1_079,2.0226
2016-06-21,HOUSEHOLD_1_079,1.3675
2016-05-23,HOUSEHOLD_1_082,1.1615
2016-05-24,HOUSEHOLD_1_082,1.1847
2016-05-25,HOUSEHOLD_1_082,1.154
2016-05-26,HOUSEHOLD_1_082,1.1415
2016-05-27,HOUSEHOLD_1_082,1.2119
2016-05-28,HOUSEHOLD_1_082,1.2993
2016-05-29,HOUSEHOLD_1_082,1.2524
2016-05-30,HOUSEHOLD_1_082,1.5895
2016-05-31,HOUSEHOLD_1_082,1.1944
2016-06-01,HOUSEHOLD_1_082,1.0271
2016-06-02,HOUSEHOLD_1_082,1.0045
2016-06-03,HOUSEHOLD_1_082,1.0332
2016-06-04,HOUSEHOLD_1_082,1.2229
2016-06-05,HOUSEHOLD_1_082,1.184
2016-06-06,HOUSEHOLD_1_082,1.5763
2016-06-07,HOUSEHOLD_1_082,1.2113
2016-06-08,HOUSEHOLD_1_082,1.033
2016-06-09,HOUSEHOLD_1_082,0.9927
2016-06-10,HOUSEHOLD_1_082,1.0718
2016-06-11,HOUSEHOLD_1_082,1.1806
2016-06-12,HOUSEHOLD_1_082,1.1628
2016-06-13,HOUSEHOLD_1_082,1.6058
2016-06-14,HOUSEHOLD_1_082,1.1054
2016-06-15,HOUSEHOLD_1_082,0.9689
2016-06-16,HOUSEHOLD_1_082,0.9423
2016-06-17,HOUSEHOLD_1_082,0.9002
2016-06-18,HOUSEHOLD_1_082,1.1022
2016-06-19,HOUSEHOLD_1_082,1.099
2016-06-20,HOUSEHOLD_1_082,1.5016
2016-06-21,HOUSEHOLD_1_082,1.0582
2016-05-23,HOUSEHOLD_1_083,3.8406
2016-05-24,HOUSEHOLD_1_083,3.3495
2016-05-25,HOUSEHOLD_1_083,2.9187
2016-05-26,HOUSEHOLD_1_083,2.8013
2016-05-27,HOUSEHOLD_1_083,2.7808
2016-05-28,HOUSEHOLD_1_083,2.9348
2016-05-29,HOUSEHOLD_1_083,2.6361
2016-05-30,HOUSEHOLD_1_083,3.3153
2016-05-31,HOUSEHOLD_1_083,2.4315
2016-06-01,HOUSEHOLD_1_083,1.7322
2016-06-02,HOUSEHOLD_1_083,2.0402
2016-06-03,HOUSEHOLD_1_083,2.5403
2016-06-04,HOUSEHOLD_1_083,2.8114
2016-06-05,HOUSEHOLD_1_083,2.5448
2016-06-06,HOUSEHOLD_1_083,3.3985
2016-06-07,HOUSEHOLD_1_083,2.4167
2016-06-08,HOUSEHOLD_1_083,2.3557
2016-06-09,HOUSEHOLD_1_083,1.9764
2016-06-10,HOUSEHOLD_1_083,1.9731
2016-06-11,HOUSEHOLD_1_083,2.1639
2016-06-12,HOUSEHOLD_1_083,2.1813
2016-06-13,HOUSEHOLD_1_083,2.7223
2016-06-14,HOUSEHOLD_1_083,1.7329
2016-06-15,HOUSEHOLD_1_083,1.5683
2016-06-16,HOUSEHOLD_1_083,1.6198
2016-06-17,HOUSEHOLD_1_083,1.6873
2016-06-18,HOUSEHOLD_1_083,1.7756
2016-06-19,HOUSEHOLD_1_083,2.0243
2016-06-20,HOUSEHOLD_1_083,3.004
2016-06-21,HOUSEHOLD_1_083,1.6584
2016-05-23,HOUSEHOLD_1_086,1.9187
2016-05-24,HOUSEHOLD_1_086,1.5534
2016-05-25,HOUSEHOLD_1_086,1.3518
2016-05-26,HOUSEHOLD_1_086,1.2716
2016-05-27,HOUSEHOLD_1_086,1.273
2016-05-28,HOUSEHOLD_1_086,1.5694
2016-05-29,HOUSEHOLD_1_086,1.449
2016-05-30,HOUSEHOLD_1_086,1.7692
2016-05-31,HOUSEHOLD_1_086,1.3659
2016-06-01,HOUSEHOLD_1_086,1.2617
2016-06-02,HOUSEHOLD_1_086,1.1831
2016-06-03,HOUSEHOLD_1_086,1.153
2016-06-04,HOUSEHOLD_1_086,1.442
2016-06-05,HOUSEHOLD_1_086,1.3865
2016-06-06,HOUSEHOLD_1_086,1.4635
2016-06-07,HOUSEHOLD_1_086,1.2113
2016-06-08,HOUSEHOLD_1_086,0.9992
2016-06-09,HOUSEHOLD_1_086,1.0556
2016-06-10,HOUSEHOLD_1_086,1.0506
2016-06-11,HOUSEHOLD_1_086,1.4296
2016-06-12,HOUSEHOLD_1_086,1.1583
2016-06-13,HOUSEHOLD_1_086,1.4931
2016-06-14,HOUSEHOLD_1_086,1.1971
2016-06-15,HOUSEHOLD_1_086,0.9984
2016-06-16,HOUSEHOLD_1_086,1.0376
2016-06-17,HOUSEHOLD_1_086,1.0601
2016-06-18,HOUSEHOLD_1_086,1.4323
2016-06-19,HOUSEHOLD_1_086,1.4226
2016-06-20,HOUSEHOLD_1_086,1.5023
2016-06-21,HOUSEHOLD_1_086,1.2223
2016-05-23,HOUSEHOLD_1_087,1.457
2016-05-24,HOUSEHOLD_1_087,1.0418
2016-05-25,HOUSEHOLD_1_087,0.9845
2016-05-26,HOUSEHOLD_1_087,0.9823
2016-05-27,HOUSEHOLD_1_087,0.9982
2016-05-28,HOUSEHOLD_1_087,1.1454
2016-05-29,HOUSEHOLD_1_087,1.1454
2016-05-30,HOUSEHOLD_1_087,1.5052
2016-05-31,HOUSEHOLD_1_087,1.0148
2016-06-01,HOUSEHOLD_1_087,0.9262
2016-06-02,HOUSEHOLD_1_087,0.8484
2016-06-03,HOUSEHOLD_1_087,0.9118
2016-06-04,HOUSEHOLD_1_087,1.0106
2016-06-05,HOUSEHOLD_1_087,1.0228
2016-06-06,HOUSEHOLD_1_087,1.1753
2016-06-07,HOUSEHOLD_1_087,0.8711
2016-06-08,HOUSEHOLD_1_087,0.7364
2016-06-09,HOUSEHOLD_1_087,0.7278
2016-06-10,HOUSEHOLD_1_087,0.7317
2016-06-11,HOUSEHOLD_1_087,0.8447
2016-06-12,HOUSEHOLD_1_087,0.8921
2016-06-13,HOUSEHOLD_1_087,1.1111
2016-06-14,HOUSEHOLD_1_087,0.8077
2016-06-15,HOUSEHOLD_1_087,0.7421
2016-06-16,HOUSEHOLD_1_087,0.7193
2016-06-17,HOUSEHOLD_1_087,0.7297
2016-06-18,HOUSEHOLD_1_087,0.846
2016-06-19,HOUSEHOLD_1_087,0.9789
2016-06-20,HOUSEHOLD_1_087,1.1524
2016-06-21,HOUSEHOLD_1_087,0.7588
2016-05-23,HOUSEHOLD_1_090,1.8662
2016-05-24,HOUSEHOLD_1_090,1.522
2016-05-25,HOUSEHOLD_1_090,1.4017
2016-05-26,HOUSEHOLD_1_090,1.3969
2016-05-27,HOUSEHOLD_1_090,1.3919
2016-05-28,HOUSEHOLD_1_090,1.4649
2016-05-29,HOUSEHOLD_1_090,1.3843
2016-05-30,HOUSEHOLD_1_090,1.802
2016-05-31,HOUSEHOLD_1_090,1.3465
2016-06-01,HOUSEHOLD_1_090,1.2516
2016-06-02,HOUSEHOLD_1_090,1.2895
2016-06-03,HOUSEHOLD_1_090,1.2888
2016-06-04,HOUSEHOLD_1_090,1.2879
2016-06-05,HOUSEHOLD_1_090,1.3047
2016-06-06,HOUSEHOLD_1_090,1.8104
2016-06-07,HOUSEHOLD_1_090,1.3802
2016-06-08,HOUSEHOLD_1_090,1.1376
2016-06-09,HOUSEHOLD_1_090,1.152
2016-06-10,HOUSEHOLD_1_090,1.1207
2016-06-11,HOUSEHOLD_1_090,1.3092
2016-06-12,HOUSEHOLD_1_090,1.3787
2016-06-13,HOUSEHOLD_1_090,1.5924
2016-06-14,HOUSEHOLD_1_090,1.1972
2016-06-15,HOUSEHOLD_1_090,1.0524
2016-06-16,HOUSEHOLD_1_090,1.0225
2016-06-17,HOUSEHOLD_1_090,0.9946
2016-06-18,HOUSEHOLD_1_090,1.2504
2016-06-19,HOUSEHOLD_1_090,1.2851
2016-06-20,HOUSEHOLD_1_090,1.9025
2016-06-21,HOUSEHOLD_1_090,1.2843
2016-05-23,HOUSEHOLD_1_093,2.4092
2016-05-24,HOUSEHOLD_1_093,1.8137
2016-05-25,HOUSEHOLD_1_093,1.5561
2016-05-26,HOUSEHOLD_1_093,1.4673
2016-05-27,HOUSEHOLD_1_093,1.5227
2016-05-28,HOUSEHOLD_1_093,1.7287
2016-05-29,HOUSEHOLD_1_093,1.8277
2016-05-30,HOUSEHOLD_1_093,2.278
2016-05-31,HOUSEHOLD_1_093,1.6899
2016-06-01,HOUSEHOLD_1_093,1.4327
2016-06-02,HOUSEHOLD_1_093,1.4572
2016-06-03,HOUSEHOLD_1_093,1.3571
2016-06-04,HOUSEHOLD_1_093,1.6924
2016-06-05,HOUSEHOLD_1_093,1.6924
2016-06-06,HOUSEHOLD_1_093,1.7686
2016-06-07,HOUSEHOLD_1_093,1.2755
2016-06-08,HOUSEHOLD_1_093,1.0134
2016-06-09,HOUSEHOLD_1_093,1.0312
2016-06-10,HOUSEHOLD_1_093,1.1107
2016-06-11,HOUSEHOLD_1_093,1.2049
2016-06-12,HOUSEHOLD_1_093,1.4037
2016-06-13,HOUSEHOLD_1_093,1.7363
2016-06-14,HOUSEHOLD_1_093,1.1498
2016-06-15,HOUSEHOLD_1_093,1.0847
2016-06-16,HOUSEHOLD_1_093,0.8736
2016-06-17,HOUSEHOLD_1_093,1.2054
2016-06-18,HOUSEHOLD_1_093,1.2097
2016-06-19,HOUSEHOLD_1_093,1.3766
2016-06-20,HOUSEHOLD_1_093,1.5619
2016-06-21,HOUSEHOLD_1_093,1.209
2016-05-23,HOUSEHOLD_1_094,1.7496
2016-05-24,HOUSEHOLD_1_094,1.3876
2016-05-25,HOUSEHOLD_1_094,1.267
2016-05-26,HOUSEHOLD_1_094,1.2195
2016-05-27,HOUSEHOLD_1_094,1.2236
2016-05-28,HOUSEHOLD_1_094,1.4508
2016-05-29,HOUSEHOLD_1_094,1.4756
2016-05-30,HOUSEHOLD_1_094,1.5769
2016-05-31,HOUSEHOLD_1_094,1.1677
2016-06-01,HOUSEHOLD_1_094,1.004
2016-06-02,HOUSEHOLD_1_094,1.0404
2016-06-03,HOUSEHOLD_1_094,1.0822
2016-06-04,HOUSEHOLD_1_094,1.3783
2016-06-05,HOUSEHOLD_1_094,1.3291
2016-06-06,HOUSEHOLD_1_094,1.4444
2016-06-07,HOUSEHOLD_1_094,1.0658
2016-06-08,HOUSEHOLD_1_094,0.8768
2016-06-09,HOUSEHOLD_1_094,0.8622
2016-06-10,HOUSEHOLD_1_094,0.8972
2016-06-11,HOUSEHOLD_1_094,1.0058
2016-06-12,HOUSEHOLD_1_094,0.9561
2016-06-13,HOUSEHOLD_1_094,1.4077
2016-06-14,HOUSEHOLD_1_094,1.0233
2016-06-15,HOUSEHOLD_1_094,0.8678
2016-06-16,HOUSEHOLD_1_094,0.8134
2016-06-17,HOUSEHOLD_1_094,0.8338
2016-06-18,HOUSEHOLD_1_094,0.99
2016-06-19,HOUSEHOLD_1_094,0.9171
2016-06-20,HOUSEHOLD_1_094,1.2829
2016-06-21,HOUSEHOLD_1_094,0.9507
2016-05-23,HOUSEHOLD_1_096,11.3907
2016-05-24,HOUSEHOLD_1_096,8.3563
2016-05-25,HOUSEHOLD_1_096,6.6953
2016-05-26,HOUSEHOLD_1_096,6.439
2016-05-27,HOUSEHOLD_1_096,6.5927
2016-05-28,HOUSEHOLD_1_096,8.4101
2016-05-29,HOUSEHOLD_1_096,9.1775
2016-05-30,HOUSEHOLD_1_096,10.724
2016-05-31,HOUSEHOLD_1_096,8.3607
2016-06-01,HOUSEHOLD_1_096,6.6993
2016-06-02,HOUSEHOLD_1_096,6.4301
2016-06-03,HOUSEHOLD_1_096,6.4913
2016-06-04,HOUSEHOLD_1_096,8.098
2016-06-05,HOUSEHOLD_1_096,7.9372
2016-06-06,HOUSEHOLD_1_096,10.7078
2016-06-07,HOUSEHOLD_1_096,8.4082
2016-06-08,HOUSEHOLD_1_096,6.6285
2016-06-09,HOUSEHOLD_1_096,6.4524
2016-06-10,HOUSEHOLD_1_096,6.488
2016-06-11,HOUSEHOLD_1_096,7.7531
2016-06-12,HOUSEHOLD_1_096,7.6561
2016-06-13,HOUSEHOLD_1_096,10.5515
2016-06-14,HOUSEHOLD_1_096,7.9706
2016-06-15,HOUSEHOLD_1_096,6.5693
2016-06-16,HOUSEHOLD_1_096,6.3804
2016-06-17,HOUSEHOLD_1_096,6.3735
2016-06-18,HOUSEHOLD_1_096,7.5798
2016-06-19,HOUSEHOLD_1_096,7.9111
2016-06-20,HOUSEHOLD_1_096,10.8869
2016-06-21,HOUSEHOLD_1_096,7.8303
2016-05-23,HOUSEHOLD_1_097,0.4833
2016-05-24,HOUSEHOLD_1_097,0.4187
2016-05-25,HOUSEHOLD_1_097,0.3652
2016-05-26,HOUSEHOLD_1_097,0.3542
2016-05-27,HOUSEHOLD_1_097,0.3483
2016-05-28,HOUSEHOLD_1_097,0.3195
2016-05-29,HOUSEHOLD_1_097,0.3393
2016-05-30,HOUSEHOLD_1_097,0.412
2016-05-31,HOUSEHOLD_1_097,0.374
2016-06-01,HOUSEHOLD_1_097,0.3484
2016-06-02,HOUSEHOLD_1_097,0.3444
2016-06-03,HOUSEHOLD_1_097,0.3466
2016-06-04,HOUSEHOLD_1_097,0.3257
2016-06-05,HOUSEHOLD_1_097,0.3254
2016-06-06,HOUSEHOLD_1_097,0.4217
2016-06-07,HOUSEHOLD_1_097,0.3666
2016-06-08,HOUSEHOLD_1_097,0.355
2016-06-09,HOUSEHOLD_1_097,0.3396
2016-06-10,HOUSEHOLD_1_097,0.3336
2016-06-11,HOUSEHOLD_1_097,0.3257
2016-06-12,HOUSEHOLD_1_097,0.327
2016-06-13,HOUSEHOLD_1_097,0.4348
2016-06-14,HOUSEHOLD_1_097,0.3521
2016-06-15,HOUSEHOLD_1_097,0.3405
2016-06-16,HOUSEHOLD_1_097,0.3203
2016-06-17,HOUSEHOLD_1_097,0.3146
2016-06-18,HOUSEHOLD_1_097,0.327
2016-06-19,HOUSEHOLD_1_097,0.3273
2016-06-20,HOUSEHOLD_1_097,0.4395
2016-06-21,HOUSEHOLD_1_097,0.3291
2016-05-23,HOUSEHOLD_1_100,2.0393
2016-05-24,HOUSEHOLD_1_100,1.5758
2016-05-25,HOUSEHOLD_1_100,1.413
2016-05-26,HOUSEHOLD_1_100,1.3827
2016-05-27,HOUSEHOLD_1_100,1.4172
2016-05-28,HOUSEHOLD_1_100,1.715
2016-05-29,HOUSEHOLD_1_100,1.6536
2016-05-30,HOUSEHOLD_1_100,1.9935
2016-05-31,HOUSEHOLD_1_100,1.6364
2016-06-01,HOUSEHOLD_1_100,1.4014
2016-06-02,HOUSEHOLD_1_100,1.3358
2016-06-03,HOUSEHOLD_1_100,1.2683
2016-06-04,HOUSEHOLD_1_100,1.488
2016-06-05,HOUSEHOLD_1_100,1.5419
2016-06-06,HOUSEHOLD_1_100,1.8052
2016-06-07,HOUSEHOLD_1_100,1.3899
2016-06-08,HOUSEHOLD_1_100,1.1462
2016-06-09,HOUSEHOLD_1_100,1.0753
2016-06-10,HOUSEHOLD_1_100,1.1437
2016-06-11,HOUSEHOLD_1_100,1.2933
2016-06-12,HOUSEHOLD_1_100,1.3502
2016-06-13,HOUSEHOLD_1_100,1.5389
2016-06-14,HOUSEHOLD_1_100,1.2579
2016-06-15,HOUSEHOLD_1_100,1.0901
2016-06-16,HOUSEHOLD_1_100,1.0484
2016-06-17,HOUSEHOLD_1_100,1.0704
2016-06-18,HOUSEHOLD_1_100,1.2429
2016-06-19,HOUSEHOLD_1_100,1.3735
2016-06-20,HOUSEHOLD_1_100,1.6597
2016-06-21,HOUSEHOLD_1_100,1.3298
2016-05-23,HOUSEHOLD_1_101,1.5662
2016-05-24,HOUSEHOLD_1_101,1.2116
2016-05-25,HOUSEHOLD_1_101,1.0909
2016-05-26,HOUSEHOLD_1_101,1.0505
2016-05-27,HOUSEHOLD_1_101,1.0424
2016-05-28,HOUSEHOLD_1_101,1.21
2016-05-29,HOUSEHOLD_1_101,1.0766
2016-05-30,HOUSEHOLD_1_101,1.3957
2016-05-31,HOUSEHOLD_1_101,1.0415
2016-06-01,HOUSEHOLD_1_101,0.9732
2016-06-02,HOUSEHOLD_1_101,0.9915
2016-06-03,HOUSEHOLD_1_101,0.9817
2016-06-04,HOUSEHOLD_1_101,1.1069
2016-06-05,HOUSEHOLD_1_101,1.1138
2016-06-06,HOUSEHOLD_1_101,1.3377
2016-06-07,HOUSEHOLD_1_101,0.974
2016-06-08,HOUSEHOLD_1_101,0.7966
2016-06-09,HOUSEHOLD_1_101,0.7746
2016-06-10,HOUSEHOLD_1_101,0.7939
2016-06-11,HOUSEHOLD_1_101,0.946
2016-06-12,HOUSEHOLD_1_101,0.8613
2016-06-13,HOUSEHOLD_1_101,1.1283
2016-06-14,HOUSEHOLD_1_101,0.7956
2016-06-15,HOUSEHOLD_1_101,0.695
2016-06-16,HOUSEHOLD_1_101,0.6351
2016-06-17,HOUSEHOLD_1_101,0.6229
2016-06-18,HOUSEHOLD_1_101,0.7885
2016-06-19,HOUSEHOLD_1_101,0.8006
2016-06-20,HOUSEHOLD_1_101,1.1552
2016-06-21,HOUSEHOLD_1_101,0.7292
2016-05-23,HOUSEHOLD_1_106,5.1128
2016-05-24,HOUSEHOLD_1_106,3.816
2016-05-25,HOUSEHOLD_1_106,3.1097
2016-05-26,HOUSEHOLD_1_106,3.012
2016-05-27,HOUSEHOLD_1_106,3.0297
2016-05-28,HOUSEHOLD_1_106,3.8817
2016-05-29,HOUSEHOLD_1_106,3.8104
2016-05-30,HOUSEHOLD_1_106,4.8534
2016-05-31,HOUSEHOLD_1_106,3.6644
2016-06-01,HOUSEHOLD_1_106,3.0751
2016-06-02,HOUSEHOLD_1_106,2.9887
2016-06-03,HOUSEHOLD_1_106,2.9751
2016-06-04,HOUSEHOLD_1_106,3.5588
2016-06-05,HOUSEHOLD_1_106,3.5599
2016-06-06,HOUSEHOLD_1_106,4.6817
2016-06-07,HOUSEHOLD_1_106,3.5329
2016-06-08,HOUSEHOLD_1_106,3.0062
2016-06-09,HOUSEHOLD_1_106,2.694
2016-06-10,HOUSEHOLD_1_106,2.7203
2016-06-11,HOUSEHOLD_1_106,3.5893
2016-06-12,HOUSEHOLD_1_106,3.5732
2016-06-13,HOUSEHOLD_1_106,4.7031
2016-06-14,HOUSEHOLD_1_106,3.5421
2016-06-15,HOUSEHOLD_1_106,2.996
2016-06-16,HOUSEHOLD_1_106,2.7431
2016-06-17,HOUSEHOLD_1_106,2.7299
2016-06-18,HOUSEHOLD_1_106,3.4917
2016-06-19,HOUSEHOLD_1_106,3.2598
2016-06-20,HOUSEHOLD_1_106,4.5931
2016-06-21,HOUSEHOLD_1_106,3.3501
2016-05-23,HOUSEHOLD_1_109,1.8394
2016-05-24,HOUSEHOLD_1_109,1.3379
2016-05-25,HOUSEHOLD_1_109,1.1152
2016-05-26,HOUSEHOLD_1_109,1.1055
2016-05-27,HOUSEHOLD_1_109,1.0549
2016-05-28,HOUSEHOLD_1_109,1.2878
2016-05-29,HOUSEHOLD_1_109,1.1635
2016-05-30,HOUSEHOLD_1_109,1.697
2016-05-31,HOUSEHOLD_1_109,1.1614
2016-06-01,HOUSEHOLD_1_109,0.9201
2016-06-02,HOUSEHOLD_1_109,0.9573
2016-06-03,HOUSEHOLD_1_109,0.8883
2016-06-04,HOUSEHOLD_1_109,1.2002
2016-06-05,HOUSEHOLD_1_109,1.0367
2016-06-06,HOUSEHOLD_1_109,1.6055
2016-06-07,HOUSEHOLD_1_109,1.0849
2016-06-08,HOUSEHOLD_1_109,0.8269
2016-06-09,HOUSEHOLD_1_109,0.7684
2016-06-10,HOUSEHOLD_1_109,0.8146
2016-06-11,HOUSEHOLD_1_109,1.0872
2016-06-12,HOUSEHOLD_1_109,1.0496
2016-06-13,HOUSEHOLD_1_109,1.4615
2016-06-14,HOUSEHOLD_1_109,1.0776
2016-06-15,HOUSEHOLD_1_109,0.846
2016-06-16,HOUSEHOLD_1_109,0.7945
2016-06-17,HOUSEHOLD_1_109,0.8035
2016-06-18,HOUSEHOLD_1_109,1.0372
2016-06-19,HOUSEHOLD_1_109,0.8983
2016-06-20,HOUSEHOLD_1_109,1.4207
2016-06-21,HOUSEHOLD_1_109,0.9252
2016-05-23,HOUSEHOLD_1_110,12.4225
2016-05-24,HOUSEHOLD_1_110,8.6867
2016-05-25,HOUSEHOLD_1_110,8.2385
2016-05-26,HOUSEHOLD_1_110,7.9005
2016-05-27,HOUSEHOLD_1_110,7.4153
2016-05-28,HOUSEHOLD_1_110,8.9209
2016-05-29,HOUSEHOLD_1_110,8.8622
2016-05-30,HOUSEHOLD_1_110,11.7059
2016-05-31,HOUSEHOLD_1_110,8.3699
2016-06-01,HOUSEHOLD_1_110,7.5842
2016-06-02,HOUSEHOLD_1_110,7.4003
2016-06-03,HOUSEHOLD_1_110,6.8711
2016-06-04,HOUSEHOLD_1_110,8.3683
2016-06-05,HOUSEHOLD_1_110,8.3981
2016-06-06,HOUSEHOLD_1_110,10.891
2016-06-07,HOUSEHOLD_1_110,7.9493
2016-06-08,HOUSEHOLD_1_110,6.8184
2016-06-09,HOUSEHOLD_1_110,6.6203
2016-06-10,HOUSEHOLD_1_110,6.4238
2016-06-11,HOUSEHOLD_1_110,8.0121
2016-06-12,HOUSEHOLD_1_110,8.03
2016-06-13,HOUSEHOLD_1_110,11.039
2016-06-14,HOUSEHOLD_1_110,7.7315
2016-06-15,HOUSEHOLD_1_110,6.7716
2016-06-16,HOUSEHOLD_1_110,6.8962
2016-06-17,HOUSEHOLD_1_110,6.8127
2016-06-18,HOUSEHOLD_1_110,7.893
2016-06-19,HOUSEHOLD_1_110,7.9756
2016-06-20,HOUSEHOLD_1_110,10.8705
2016-06-21,HOUSEHOLD_1_110,7.8224
2016-05-23,HOUSEHOLD_1_112,1.686
2016-05-24,HOUSEHOLD_1_112,1.2612
2016-05-25,HOUSEHOLD_1_112,1.133
2016-05-26,HOUSEHOLD_1_112,1.1133
2016-05-27,HOUSEHOLD_1_112,1.1087
2016-05-28,HOUSEHOLD_1_112,1.2597
2016-05-29,HOUSEHOLD_1_112,1.195
2016-05-30,HOUSEHOLD_1_112,1.6806
2016-05-31,HOUSEHOLD_1_112,1.1438
2016-06-01,HOUSEHOLD_1_112,1.0178
2016-06-02,HOUSEHOLD_1_112,1.0373
2016-06-03,HOUSEHOLD_1_112,1.0049
2016-06-04,HOUSEHOLD_1_112,1.1449
2016-06-05,HOUSEHOLD_1_112,1.1937
2016-06-06,HOUSEHOLD_1_112,1.507
2016-06-07,HOUSEHOLD_1_112,0.9832
2016-06-08,HOUSEHOLD_1_112,0.8501
2016-06-09,HOUSEHOLD_1_112,0.8261
2016-06-10,HOUSEHOLD_1_112,0.8118
2016-06-11,HOUSEHOLD_1_112,0.9613
2016-06-12,HOUSEHOLD_1_112,0.9794
2016-06-13,HOUSEHOLD_1_112,1.3682
2016-06-14,HOUSEHOLD_1_112,0.9372
2016-06-15,HOUSEHOLD_1_112,0.8351
2016-06-16,HOUSEHOLD_1_112,0.7843
2016-06-17,HOUSEHOLD_1_112,0.7707
2016-06-18,HOUSEHOLD_1_112,0.9465
2016-06-19,HOUSEHOLD_1_112,0.9371
2016-06-20,HOUSEHOLD_1_112,1.3379
2016-06-21,HOUSEHOLD_1_112,0.8043
2016-05-23,HOUSEHOLD_1_114,2.6878
2016-05-24,HOUSEHOLD_1_114,2.2167
2016-05-25,HOUSEHOLD_1_114,1.9382
2016-05-26,HOUSEHOLD_1_114,2.1077
2016-05-27,HOUSEHOLD_1_114,2.0888
2016-05-28,HOUSEHOLD_1_114,2.4008
2016-05-29,HOUSEHOLD_1_114,2.3607
2016-05-30,HOUSEHOLD_1_114,2.8944
2016-05-31,HOUSEHOLD_1_114,2.3141
2016-06-01,HOUSEHOLD_1_114,1.7975
2016-06-02,HOUSEHOLD_1_114,1.7981
2016-06-03,HOUSEHOLD_1_114,1.8572
2016-06-04,HOUSEHOLD_1_114,2.4845
2016-06-05,HOUSEHOLD_1_114,2.3084
2016-06-06,HOUSEHOLD_1_114,2.2772
2016-06-07,HOUSEHOLD_1_114,1.8473
2016-06-08,HOUSEHOLD_1_114,1.4543
2016-06-09,HOUSEHOLD_1_114,1.5707
2016-06-10,HOUSEHOLD_1_114,1.843
2016-06-11,HOUSEHOLD_1_114,1.8147
2016-06-12,HOUSEHOLD_1_114,1.7335
2016-06-13,HOUSEHOLD_1_114,2.1887
2016-06-14,HOUSEHOLD_1_114,1.8501
2016-06-15,HOUSEHOLD_1_114,1.4721
2016-06-16,HOUSEHOLD_1_114,1.4089
2016-06-17,HOUSEHOLD_1_114,1.4268
2016-06-18,HOUSEHOLD_1_114,1.7425
2016-06-19,HOUSEHOLD_1_114,1.7466
2016-06-20,HOUSEHOLD_1_114,2.1066
2016-06-21,HOUSEHOLD_1_114,1.52
2016-05-23,HOUSEHOLD_1_118,11.883
2016-05-24,HOUSEHOLD_1_118,9.7954
2016-05-25,HOUSEHOLD_1_118,7.6048
2016-05-26,HOUSEHOLD_1_118,7.2138
2016-05-27,HOUSEHOLD_1_118,7.4344
2016-05-28,HOUSEHOLD_1_118,9.383
2016-05-29,HOUSEHOLD_1_118,9.9462
2016-05-30,HOUSEHOLD_1_118,11.6204
2016-05-31,HOUSEHOLD_1_118,8.1549
2016-06-01,HOUSEHOLD_1_118,6.8166
2016-06-02,HOUSEHOLD_1_118,6.941
2016-06-03,HOUSEHOLD_1_118,6.7801
2016-06-04,HOUSEHOLD_1_118,8.4587
2016-06-05,HOUSEHOLD_1_118,8.2754
2016-06-06,HOUSEHOLD_1_118,10.6365
2016-06-07,HOUSEHOLD_1_118,7.9268
2016-06-08,HOUSEHOLD_1_118,7.0361
2016-06-09,HOUSEHOLD_1_118,6.6441
2016-06-10,HOUSEHOLD_1_118,6.6372
2016-06-11,HOUSEHOLD_1_118,8.5469
2016-06-12,HOUSEHOLD_1_118,8.8562
2016-06-13,HOUSEHOLD_1_118,11.1127
2016-06-14,HOUSEHOLD_1_118,7.8041
2016-06-15,HOUSEHOLD_1_118,6.6359
2016-06-16,HOUSEHOLD_1_118,6.6807
2016-06-17,HOUSEHOLD_1_118,6.4978
2016-06-18,HOUSEHOLD_1_118,8.1745
2016-06-19,HOUSEHOLD_1_118,8.4436
2016-06-20,HOUSEHOLD_1_118,10.7838
2016-06-21,HOUSEHOLD_1_118,7.8479
2016-05-23,HOUSEHOLD_1_119,2.6029
2016-05-24,HOUSEHOLD_1_119,1.9457
2016-05-25,HOUSEHOLD_1_119,1.615
2016-05-26,HOUSEHOLD_1_119,1.5173
2016-05-27,HOUSEHOLD_1_119,1.5989
2016-05-28,HOUSEHOLD_1_119,1.8297
2016-05-29,HOUSEHOLD_1_119,1.8888
2016-05-30,HOUSEHOLD_1_119,2.5078
2016-05-31,HOUSEHOLD_1_119,2.0602
2016-06-01,HOUSEHOLD_1_119,1.5397
2016-06-02,HOUSEHOLD_1_119,1.4358
2016-06-03,HOUSEHOLD_1_119,1.4521
2016-06-04,HOUSEHOLD_1_119,1.6338
2016-06-05,HOUSEHOLD_1_119,1.7096
2016-06-06,HOUSEHOLD_1_119,2.3242
2016-06-07,HOUSEHOLD_1_119,1.7929
2016-06-08,HOUSEHOLD_1_119,1.3482
2016-06-09,HOUSEHOLD_1_119,1.3181
2016-06-10,HOUSEHOLD_1_119,1.4078
2016-06-11,HOUSEHOLD_1_119,1.5863
2016-06-12,HOUSEHOLD_1_119,1.5632
2016-06-13,HOUSEHOLD_1_119,2.1271
2016-06-14,HOUSEHOLD_1_119,1.7459
2016-06-15,HOUSEHOLD_1_119,1.3477
2016-06-16,HOUSEHOLD_1_119,1.3035
2016-06-17,HOUSEHOLD_1_119,1.2511
2016-06-18,HOUSEHOLD_1_119,1.5958
2016-06-19,HOUSEHOLD_1_119,1.6732
2016-06-20,HOUSEHOLD_1_119,2.1669
2016-06-21,HOUSEHOLD_1_119,1.5407
2016-05-23,HOUSEHOLD_1_122,1.9331
2016-05-24,HOUSEHOLD_1_122,1.5003
2016-05-25,HOUSEHOLD_1_122,1.317
2016-05-26,HOUSEHOLD_1_122,1.2945
2016-05-27,HOUSEHOLD_1_122,1.2871
2016-05-28,HOUSEHOLD_1_122,1.5127
2016-05-29,HOUSEHOLD_1_122,1.3409
2016-05-30,HOUSEHOLD_1_122,1.8386
2016-05-31,HOUSEHOLD_1_122,1.3265
2016-06-01,HOUSEHOLD_1_122,1.1345
2016-06-02,HOUSEHOLD_1_122,1.1175
2016-06-03,HOUSEHOLD_1_122,1.1514
2016-06-04,HOUSEHOLD_1_122,1.2925
2016-06-05,HOUSEHOLD_1_122,1.2217
2016-06-06,HOUSEHOLD_1_122,1.7394
2016-06-07,HOUSEHOLD_1_122,1.3725
2016-06-08,HOUSEHOLD_1_122,1.0378
2016-06-09,HOUSEHOLD_1_122,1.0133
2016-06-10,HOUSEHOLD_1_122,1.111
2016-06-11,HOUSEHOLD_1_122,1.3332
2016-06-12,HOUSEHOLD_1_122,1.2155
2016-06-13,HOUSEHOLD_1_122,1.7092
2016-06-14,HOUSEHOLD_1_122,1.1803
2016-06-15,HOUSEHOLD_1_122,1.0627
2016-06-16,HOUSEHOLD_1_122,1.0903
2016-06-17,HOUSEHOLD_1_122,0.9838
2016-06-18,HOUSEHOLD_1_122,1.1611
2016-06-19,HOUSEHOLD_1_122,1.1692
2016-06-20,HOUSEHOLD_1_122,1.7683
2016-06-21,HOUSEHOLD_1_122,1.1572
2016-05-23,HOUSEHOLD_1_124,1.1569
2016-05-24,HOUSEHOLD_1_124,1.0476
2016-05-25,HOUSEHOLD_1_124,0.7785
2016-05-26,HOUSEHOLD_1_124,0.7573
2016-05-27,HOUSEHOLD_1_124,0.7267
2016-05-28,HOUSEHOLD_1_124,0.7821
2016-05-29,HOUSEHOLD_1_124,0.7171
2016-05-30,HOUSEHOLD_1_124,1.0268
2016-05-31,HOUSEHOLD_1_124,0.814
2016-06-01,HOUSEHOLD_1_124,0.7458
2016-06-02,HOUSEHOLD_1_124,0.7576
2016-06-03,HOUSEHOLD_1_124,0.8265
2016-06-04,HOUSEHOLD_1_124,0.8538
2016-06-05,HOUSEHOLD_1_124,0.8114
2016-06-06,HOUSEHOLD_1_124,0.883
2016-06-07,HOUSEHOLD_1_124,0.7444
2016-06-08,HOUSEHOLD_1_124,0.6566
2016-06-09,HOUSEHOLD_1_124,0.6443
2016-06-10,HOUSEHOLD_1_124,0.6682
2016-06-11,HOUSEHOLD_1_124,0.7262
2016-06-12,HOUSEHOLD_1_124,0.6175
2016-06-13,HOUSEHOLD_1_124,0.7563
2016-06-14,HOUSEHOLD_1_124,0.6183
2016-06-15,HOUSEHOLD_1_124,0.5038
2016-06-16,HOUSEHOLD_1_124,0.492
2016-06-17,HOUSEHOLD_1_124,0.473
2016-06-18,HOUSEHOLD_1_124,0.5411
2016-06-19,HOUSEHOLD_1_124,0.5345
2016-06-20,HOUSEHOLD_1_124,0.6554
2016-06-21,HOUSEHOLD_1_124,0.5057
2016-05-23,HOUSEHOLD_1_129,1.7987
2016-05-24,HOUSEHOLD_1_129,1.4187
2016-05-25,HOUSEHOLD_1_129,1.2606
2016-05-26,HOUSEHOLD_1_129,1.2073
2016-05-27,HOUSEHOLD_1_129,1.2448
2016-05-28,HOUSEHOLD_1_129,1.4614
2016-05-29,HOUSEHOLD_1_129,1.3086
2016-05-30,HOUSEHOLD_1_129,1.8942
2016-05-31,HOUSEHOLD_1_129,1.3539
2016-06-01,HOUSEHOLD_1_129,1.1874
2016-06-02,HOUSEHOLD_1_129,1.1863
2016-06-03,HOUSEHOLD_1_129,1.2183
2016-06-04,HOUSEHOLD_1_129,1.3683
2016-06-05,HOUSEHOLD_1_129,1.2047
2016-06-06,HOUSEHOLD_1_129,1.6836
2016-06-07,HOUSEHOLD_1_129,1.3165
2016-06-08,HOUSEHOLD_1_129,1.1191
2016-06-09,HOUSEHOLD_1_129,1.0844
2016-06-10,HOUSEHOLD_1_129,1.0838
2016-06-11,HOUSEHOLD_1_129,1.3427
2016-06-12,HOUSEHOLD_1_129,1.2133
2016-06-13,HOUSEHOLD_1_129,1.6546
2016-06-14,HOUSEHOLD_1_129,1.3129
2016-06-15,HOUSEHOLD_1_129,1.0883
2016-06-16,HOUSEHOLD_1_129,1.0656
2016-06-17,HOUSEHOLD_1_129,1.1828
2016-06-18,HOUSEHOLD_1_129,1.2013
2016-06-19,HOUSEHOLD_1_129,1.2247
2016-06-20,HOUSEHOLD_1_129,1.7715
2016-06-21,HOUSEHOLD_1_129,1.2599
2016-05-23,HOUSEHOLD_1_130,2.5831
2016-05-24,HOUSEHOLD_1_130,2.1839
2016-05-25,HOUSEHOLD_1_130,1.8198
2016-05-26,HOUSEHOLD_1_130,1.8027
2016-05-27,HOUSEHOLD_1_130,1.7901
2016-05-28,HOUSEHOLD_1_130,2.2125
2016-05-29,HOUSEHOLD_1_130,2.146
2016-05-30,HOUSEHOLD_1_130,2.8256
2016-05-31,HOUSEHOLD_1_130,2.3808
2016-06-01,HOUSEHOLD_1_130,1.8729
2016-06-02,HOUSEHOLD_1_130,1.62
2016-06-03,HOUSEHOLD_1_130,1.4793
2016-06-04,HOUSEHOLD_1_130,1.9957
2016-06-05,HOUSEHOLD_1_130,1.8649
2016-06-06,HOUSEHOLD_1_130,2.4598
2016-06-07,HOUSEHOLD_1_130,2.0188
2016-06-08,HOUSEHOLD_1_130,1.6142
2016-06-09,HOUSEHOLD_1_130,1.5446
2016-06-10,HOUSEHOLD_1_130,1.3073
2016-06-11,HOUSEHOLD_1_130,1.7507
2016-06-12,HOUSEHOLD_1_130,1.7067
2016-06-13,HOUSEHOLD_1_130,2.4606
2016-06-14,HOUSEHOLD_1_130,2.0503
2016-06-15,HOUSEHOLD_1_130,1.5867
2016-06-16,HOUSEHOLD_1_130,1.2811
2016-06-17,HOUSEHOLD_1_130,1.4074
2016-06-18,HOUSEHOLD_1_130,1.7639
2016-06-19,HOUSEHOLD_1_130,1.2358
2016-06-20,HOUSEHOLD_1_130,2.2334
2016-06-21,HOUSEHOLD_1_130,1.5968
2016-05-23,HOUSEHOLD_1_132,1.7797
2016-05-24,HOUSEHOLD_1_132,1.4894
2016-05-25,HOUSEHOLD_1_132,1.2628
2016-05-26,HOUSEHOLD_1_132,1.28
2016-05-27,HOUSEHOLD_1_132,1.2468
2016-05-28,HOUSEHOLD_1_132,1.4826
2016-05-29,HOUSEHOLD_1_132,1.4555
2016-05-30,HOUSEHOLD_1_132,1.9237
2016-05-31,HOUSEHOLD_1_132,1.6051
2016-06-01,HOUSEHOLD_1_132,1.349
2016-06-02,HOUSEHOLD_1_132,1.1931
2016-06-03,HOUSEHOLD_1_132,1.373
2016-06-04,HOUSEHOLD_1_132,1.4084
2016-06-05,HOUSEHOLD_1_132,1.1459
2016-06-06,HOUSEHOLD_1_132,1.7743
2016-06-07,HOUSEHOLD_1_132,1.186
2016-06-08,HOUSEHOLD_1_132,1.0786
2016-06-09,HOUSEHOLD_1_132,1.0603
2016-06-10,HOUSEHOLD_1_132,1.0424
2016-06-11,HOUSEHOLD_1_132,1.2592
2016-06-12,HOUSEHOLD_1_132,1.2185
2016-06-13,HOUSEHOLD_1_132,1.4715
2016-06-14,HOUSEHOLD_1_132,1.4874
2016-06-15,HOUSEHOLD_1_132,1.0286
2016-06-16,HOUSEHOLD_1_132,1.0709
2016-06-17,HOUSEHOLD_1_132,1.1036
2016-06-18,HOUSEHOLD_1_132,1.3813
2016-06-19,HOUSEHOLD_1_132,1.2611
2016-06-20,HOUSEHOLD_1_132,1.6149
2016-06-21,HOUSEHOLD_1_132,1.2506
2016-05-23,HOUSEHOLD_1_140,2.0031
2016-05-24,HOUSEHOLD_1_140,1.6245
2016-05-25,HOUSEHOLD_1_140,1.3461
2016-05-26,HOUSEHOLD_1_140,1.2699
2016-05-27,HOUSEHOLD_1_140,1.2509
2016-05-28,HOUSEHOLD_1_140,1.5175
2016-05-29,HOUSEHOLD_1_140,1.471
2016-05-30,HOUSEHOLD_1_140,1.894
2016-05-31,HOUSEHOLD_1_140,1.2257
2016-06-01,HOUSEHOLD_1_140,1.111
2016-06-02,HOUSEHOLD_1_140,1.0899
2016-06-03,HOUSEHOLD_1_140,1.1097
2016-06-04,HOUSEHOLD_1_140,1.3689
2016-06-05,HOUSEHOLD_1_140,1.3516
2016-06-06,HOUSEHOLD_1_140,1.6671
2016-06-07,HOUSEHOLD_1_140,1.1791
2016-06-08,HOUSEHOLD_1_140,0.8676
2016-06-09,HOUSEHOLD_1_140,0.896
2016-06-10,HOUSEHOLD_1_140,0.9994
2016-06-11,HOUSEHOLD_1_140,1.2168
2016-06-12,HOUSEHOLD_1_140,1.2118
2016-06-13,HOUSEHOLD_1_140,1.7892
2016-06-14,HOUSEHOLD_1_140,1.0174
2016-06-15,HOUSEHOLD_1_140,0.8833
2016-06-16,HOUSEHOLD_1_140,0.9611
2016-06-17,HOUSEHOLD_1_140,0.9294
2016-06-18,HOUSEHOLD_1_140,1.1173
2016-06-19,HOUSEHOLD_1_140,1.2088
2016-06-20,HOUSEHOLD_1_140,1.6521
2016-06-21,HOUSEHOLD_1_140,1.1115
2016-05-23,HOUSEHOLD_1_147,3.1775
2016-05-24,HOUSEHOLD_1_147,2.4024
2016-05-25,HOUSEHOLD_1_147,2.0504
2016-05-26,HOUSEHOLD_1_147,1.9641
2016-05-27,HOUSEHOLD_1_147,1.9029
2016-05-28,HOUSEHOLD_1_147,2.2209
2016-05-29,HOUSEHOLD_1_147,2.3274
2016-05-30,HOUSEHOLD_1_147,3.0774
2016-05-31,HOUSEHOLD_1_147,2.1259
2016-06-01,HOUSEHOLD_1_147,1.8465
2016-06-02,HOUSEHOLD_1_147,2.0044
2016-06-03,HOUSEHOLD_1_147,1.9163
2016-06-04,HOUSEHOLD_1_147,2.2863
2016-06-05,HOUSEHOLD_1_147,2.0305
2016-06-06,HOUSEHOLD_1_147,2.7952
2016-06-07,HOUSEHOLD_1_147,1.8393
2016-06-08,HOUSEHOLD_1_147,1.6027
2016-06-09,HOUSEHOLD_1_147,1.5208
2016-06-10,HOUSEHOLD_1_147,1.8054
2016-06-11,HOUSEHOLD_1_147,1.9685
2016-06-12,HOUSEHOLD_1_147,2.2162
2016-06-13,HOUSEHOLD_1_147,2.4471
2016-06-14,HOUSEHOLD_1_147,2.0207
2016-06-15,HOUSEHOLD_1_147,1.6393
2016-06-16,HOUSEHOLD_1_147,1.5221
2016-06-17,HOUSEHOLD_1_147,1.3691
2016-06-18,HOUSEHOLD_1_147,1.5061
2016-06-19,HOUSEHOLD_1_147,1.9228
2016-06-20,HOUSEHOLD_1_147,2.4017
2016-06-21,HOUSEHOLD_1_147,1.5955
2016-05-23,HOUSEHOLD_1_149,1.6352
2016-05-24,HOUSEHOLD_1_149,1.4581
2016-05-25,HOUSEHOLD_1_149,1.2669
2016-05-26,HOUSEHOLD_1_149,1.3245
2016-05-27,HOUSEHOLD_1_149,1.3341
2016-05-28,HOUSEHOLD_1_149,1.5561
2016-05-29,HOUSEHOLD_1_149,1.5271
2016-05-30,HOUSEHOLD_1_149,1.7769
2016-05-31,HOUSEHOLD_1_149,1.4382
2016-06-01,HOUSEHOLD_1_149,1.4646
2016-06-02,HOUSEHOLD_1_149,1.4004
2016-06-03,HOUSEHOLD_1_149,1.4546
2016-06-04,HOUSEHOLD_1_149,1.433
2016-06-05,HOUSEHOLD_1_149,1.375
2016-06-06,HOUSEHOLD_1_149,1.5712
2016-06-07,HOUSEHOLD_1_149,1.3111
2016-06-08,HOUSEHOLD_1_149,1.2661
2016-06-09,HOUSEHOLD_1_149,1.1857
2016-06-10,HOUSEHOLD_1_149,1.1986
2016-06-11,HOUSEHOLD_1_149,1.3726
2016-06-12,HOUSEHOLD_1_149,1.2489
2016-06-13,HOUSEHOLD_1_149,1.3987
2016-06-14,HOUSEHOLD_1_149,1.2597
2016-06-15,HOUSEHOLD_1_149,1.1316
2016-06-16,HOUSEHOLD_1_149,1.137
2016-06-17,HOUSEHOLD_1_149,1.1678
2016-06-18,HOUSEHOLD_1_149,1.2967
2016-06-19,HOUSEHOLD_1_149,1.2833
2016-06-20,HOUSEHOLD_1_149,1.5004
2016-06-21,HOUSEHOLD_1_149,1.2357
2016-05-23,HOUSEHOLD_1_151,7.7205
2016-05-24,HOUSEHOLD_1_151,5.9076
2016-05-25,HOUSEHOLD_1_151,5.4785
2016-05-26,HOUSEHOLD_1_151,5.2215
2016-05-27,HOUSEHOLD_1_151,5.5033
2016-05-28,HOUSEHOLD_1_151,6.8622
2016-05-29,HOUSEHOLD_1_151,6.6853
2016-05-30,HOUSEHOLD_1_151,7.2561
2016-05-31,HOUSEHOLD_1_151,5.8745
2016-06-01,HOUSEHOLD_1_151,5.3193
2016-06-02,HOUSEHOLD_1_151,4.8264
2016-06-03,HOUSEHOLD_1_151,5.0232
2016-06-04,HOUSEHOLD_1_151,6.4429
2016-06-05,HOUSEHOLD_1_151,5.6713
2016-06-06,HOUSEHOLD_1_151,8.3121
2016-06-07,HOUSEHOLD_1_151,5.896
2016-06-08,HOUSEHOLD_1_151,4.8924
2016-06-09,HOUSEHOLD_1_151,4.9251
2016-06-10,HOUSEHOLD_1_151,4.8859
2016-06-11,HOUSEHOLD_1_151,6.1363
2016-06-12,HOUSEHOLD_1_151,5.6165
2016-06-13,HOUSEHOLD_1_151,7.2393
2016-06-14,HOUSEHOLD_1_151,5.5788
2016-06-15,HOUSEHOLD_1_151,4.8774
2016-06-16,HOUSEHOLD_1_151,4.6712
2016-06-17,HOUSEHOLD_1_151,4.6479
2016-06-18,HOUSEHOLD_1_151,5.6605
2016-06-19,HOUSEHOLD_1_151,5.4444
2016-06-20,HOUSEHOLD_1_151,7.4709
2016-06-21,HOUSEHOLD_1_151,5.2216
2016-05-23,HOUSEHOLD_1_153,3.3403
2016-05-24,HOUSEHOLD_1_153,2.4415
2016-05-25,HOUSEHOLD_1_153,2.1451
2016-05-26,HOUSEHOLD_1_153,2.0168
2016-05-27,HOUSEHOLD_1_153,2.1082
2016-05-28,HOUSEHOLD_1_153,2.2813
2016-05-29,HOUSEHOLD_1_153,2.2728
2016-05-30,HOUSEHOLD_1_153,3.1391
2016-05-31,HOUSEHOLD_1_153,2.5137
2016-06-01,HOUSEHOLD_1_153,1.976
2016-06-02,HOUSEHOLD_1_153,1.9451
2016-06-03,HOUSEHOLD_1_153,1.9727
2016-06-04,HOUSEHOLD_1_153,2.2866
2016-06-05,HOUSEHOLD_1_153,2.2807
2016-06-06,HOUSEHOLD_1_153,2.7755
2016-06-07,HOUSEHOLD_1_153,1.9199
2016-06-08,HOUSEHOLD_1_153,1.4742
2016-06-09,HOUSEHOLD_1_153,1.4835
2016-06-10,HOUSEHOLD_1_153,1.8471
2016-06-11,HOUSEHOLD_1_153,2.0436
2016-06-12,HOUSEHOLD_1_153,2.033
2016-06-13,HOUSEHOLD_1_153,3.0473
2016-06-14,HOUSEHOLD_1_153,2.2317
2016-06-15,HOUSEHOLD_1_153,1.7178
2016-06-16,HOUSEHOLD_1_153,1.6599
2016-06-17,HOUSEHOLD_1_153,1.706
2016-06-18,HOUSEHOLD_1_153,2.1227
2016-06-19,HOUSEHOLD_1_153,2.2072
2016-06-20,HOUSEHOLD_1_153,3.1574
2016-06-21,HOUSEHOLD_1_153,2.1777
2016-05-23,HOUSEHOLD_1_165,0.8301
2016-05-24,HOUSEHOLD_1_165,0.6
2016-05-25,HOUSEHOLD_1_165,0.4472
2016-05-26,HOUSEHOLD_1_165,0.4354
2016-05-27,HOUSEHOLD_1_165,0.3752
2016-05-28,HOUSEHOLD_1_165,0.4505
2016-05-29,HOUSEHOLD_1_165,0.4509
2016-05-30,HOUSEHOLD_1_165,0.7494
2016-05-31,HOUSEHOLD_1_165,0.4678
2016-06-01,HOUSEHOLD_1_165,0.3887
2016-06-02,HOUSEHOLD_1_165,0.3809
2016-06-03,HOUSEHOLD_1_165,0.3806
2016-06-04,HOUSEHOLD_1_165,0.4291
2016-06-05,HOUSEHOLD_1_165,0.4413
2016-06-06,HOUSEHOLD_1_165,0.7776
2016-06-07,HOUSEHOLD_1_165,0.5051
2016-06-08,HOUSEHOLD_1_165,0.4162
2016-06-09,HOUSEHOLD_1_165,0.4023
2016-06-10,HOUSEHOLD_1_165,0.3939
2016-06-11,HOUSEHOLD_1_165,0.4428
2016-06-12,HOUSEHOLD_1_165,0.4424
2016-06-13,HOUSEHOLD_1_165,0.7222
2016-06-14,HOUSEHOLD_1_165,0.4956
2016-06-15,HOUSEHOLD_1_165,0.4027
2016-06-16,HOUSEHOLD_1_165,0.3718
2016-06-17,HOUSEHOLD_1_165,0.3641
2016-06-18,HOUSEHOLD_1_165,0.4424
2016-06-19,HOUSEHOLD_1_165,0.443
2016-06-20,HOUSEHOLD_1_165,0.7237
2016-06-21,HOUSEHOLD_1_165,0.4685
2016-05-23,HOUSEHOLD_1_169,3.3905
2016-05-24,HOUSEHOLD_1_169,2.5123
2016-05-25,HOUSEHOLD_1_169,2.0621
2016-05-26,HOUSEHOLD_1_169,1.9938
2016-05-27,HOUSEHOLD_1_169,2.0671
2016-05-28,HOUSEHOLD_1_169,2.4241
2016-05-29,HOUSEHOLD_1_169,2.47
2016-05-30,HOUSEHOLD_1_169,3.2261
2016-05-31,HOUSEHOLD_1_169,2.424
2016-06-01,HOUSEHOLD_1_169,1.9984
2016-06-02,HOUSEHOLD_1_169,1.9346
2016-06-03,HOUSEHOLD_1_169,1.9464
2016-06-04,HOUSEHOLD_1_169,2.3139
2016-06-05,HOUSEHOLD_1_169,2.0575
2016-06-06,HOUSEHOLD_1_169,3.0825
2016-06-07,HOUSEHOLD_1_169,2.0344
2016-06-08,HOUSEHOLD_1_169,1.638
2016-06-09,HOUSEHOLD_1_169,1.6765
2016-06-10,HOUSEHOLD_1_169,1.706
2016-06-11,HOUSEHOLD_1_169,2.0412
2016-06-12,HOUSEHOLD_1_169,2.1989
2016-06-13,HOUSEHOLD_1_169,2.8147
2016-06-14,HOUSEHOLD_1_169,1.8928
2016-06-15,HOUSEHOLD_1_169,1.3954
2016-06-16,HOUSEHOLD_1_169,1.5218
2016-06-17,HOUSEHOLD_1_169,1.5295
2016-06-18,HOUSEHOLD_1_169,1.811
2016-06-19,HOUSEHOLD_1_169,1.9714
2016-06-20,HOUSEHOLD_1_169,2.9423
2016-06-21,HOUSEHOLD_1_169,2.0548
2016-05-23,HOUSEHOLD_1_170,1.3261
2016-05-24,HOUSEHOLD_1_170,1.0608
2016-05-25,HOUSEHOLD_1_170,0.9334
2016-05-26,HOUSEHOLD_1_170,0.894
2016-05-27,HOUSEHOLD_1_170,0.8691
2016-05-28,HOUSEHOLD_1_170,1.0459
2016-05-29,HOUSEHOLD_1_170,1.1
2016-05-30,HOUSEHOLD_1_170,1.3669
2016-05-31,HOUSEHOLD_1_170,0.9761
2016-06-01,HOUSEHOLD_1_170,0.9148
2016-06-02,HOUSEHOLD_1_170,0.8877
2016-06-03,HOUSEHOLD_1_170,0.8718
2016-06-04,HOUSEHOLD_1_170,1.0538
2016-06-05,HOUSEHOLD_1_170,0.9632
2016-06-06,HOUSEHOLD_1_170,1.2805
2016-06-07,HOUSEHOLD_1_170,0.9172
2016-06-08,HOUSEHOLD_1_170,0.7018
2016-06-09,HOUSEHOLD_1_170,0.7301
2016-06-10,HOUSEHOLD_1_170,0.7297
2016-06-11,HOUSEHOLD_1_170,0.8687
2016-06-12,HOUSEHOLD_1_170,0.8516
2016-06-13,HOUSEHOLD_1_170,1.1655
2016-06-14,HOUSEHOLD_1_170,0.8102
2016-06-15,HOUSEHOLD_1_170,0.721
2016-06-16,HOUSEHOLD_1_170,0.6597
2016-06-17,HOUSEHOLD_1_170,0.6874
2016-06-18,HOUSEHOLD_1_170,0.7608
2016-06-19,HOUSEHOLD_1_170,0.7456
2016-06-20,HOUSEHOLD_1_170,1.0237
2016-06-21,HOUSEHOLD_1_170,0.7329
2016-05-23,HOUSEHOLD_1_173,4.679
2016-05-24,HOUSEHOLD_1_173,3.8752
2016-05-25,HOUSEHOLD_1_173,3.4376
2016-05-26,HOUSEHOLD_1_173,3.152
2016-05-27,HOUSEHOLD_1_173,3.0615
2016-05-28,HOUSEHOLD_1_173,3.8979
2016-05-29,HOUSEHOLD_1_173,3.9751
2016-05-30,HOUSEHOLD_1_173,4.9328
2016-05-31,HOUSEHOLD_1_173,3.7095
2016-06-01,HOUSEHOLD_1_173,3.2564
2016-06-02,HOUSEHOLD_1_173,3.0949
2016-06-03,HOUSEHOLD_1_173,3.2164
2016-06-04,HOUSEHOLD_1_173,3.6213
2016-06-05,HOUSEHOLD_1_173,3.6575
2016-06-06,HOUSEHOLD_1_173,4.5537
2016-06-07,HOUSEHOLD_1_173,3.5048
2016-06-08,HOUSEHOLD_1_173,3.0947
2016-06-09,HOUSEHOLD_1_173,3.0932
2016-06-10,HOUSEHOLD_1_173,2.8642
2016-06-11,HOUSEHOLD_1_173,3.4832
2016-06-12,HOUSEHOLD_1_173,3.5009
2016-06-13,HOUSEHOLD_1_173,4.4426
2016-06-14,HOUSEHOLD_1_173,3.1541
2016-06-15,HOUSEHOLD_1_173,2.5776
2016-06-16,HOUSEHOLD_1_173,2.8147
2016-06-17,HOUSEHOLD_1_173,2.608
2016-06-18,HOUSEHOLD_1_173,3.1971
2016-06-19,HOUSEHOLD_1_173,3.1724
2016-06-20,HOUSEHOLD_1_173,4.4423
2016-06-21,HOUSEHOLD_1_173,3.2292
2016-05-23,HOUSEHOLD_1_175,1.9401
2016-05-24,HOUSEHOLD_1_175,1.4336
2016-05-25,HOUSEHOLD_1_175,1.2571
2016-05-26,HOUSEHOLD_1_175,1.2783
2016-05-27,HOUSEHOLD_1_175,1.2624
2016-05-28,HOUSEHOLD_1_175,1.3948
2016-05-29,HOUSEHOLD_1_175,1.418
2016-05-30,HOUSEHOLD_1_175,1.8688
2016-05-31,HOUSEHOLD_1_175,1.337
2016-06-01,HOUSEHOLD_1_175,1.1947
2016-06-02,HOUSEHOLD_1_175,1.1329
2016-06-03,HOUSEHOLD_1_175,1.1281
2016-06-04,HOUSEHOLD_1_175,1.3175
2016-06-05,HOUSEHOLD_1_175,1.4193
2016-06-06,HOUSEHOLD_1_175,1.6886
2016-06-07,HOUSEHOLD_1_175,1.3453
2016-06-08,HOUSEHOLD_1_175,1.1835
2016-06-09,HOUSEHOLD_1_175,1.1702
2016-06-10,HOUSEHOLD_1_175,1.1696
2016-06-11,HOUSEHOLD_1_175,1.3223
2016-06-12,HOUSEHOLD_1_175,1.3223
2016-06-13,HOUSEHOLD_1_175,1.7398
2016-06-14,HOUSEHOLD_1_175,1.3745
2016-06-15,HOUSEHOLD_1_175,1.2238
2016-06-16,HOUSEHOLD_1_175,1.1697
2016-06-17,HOUSEHOLD_1_175,1.169
2016-06-18,HOUSEHOLD_1_175,1.2505
2016-06-19,HOUSEHOLD_1_175,1.3817
2016-06-20,HOUSEHOLD_1_175,1.4451
2016-06-21,HOUSEHOLD_1_175,1.3157
2016-05-23,HOUSEHOLD_1_177,0.0043
2016-05-24,HOUSEHOLD_1_177,0.4937
2016-05-25,HOUSEHOLD_1_177,0.4258
2016-05-26,HOUSEHOLD_1_177,0.5226
2016-05-27,HOUSEHOLD_1_177,0.4786
2016-05-28,HOUSEHOLD_1_177,0.6786
2016-05-29,HOUSEHOLD_1_177,0.6884
2016-05-30,HOUSEHOLD_1_177,1.0217
2016-05-31,HOUSEHOLD_1_177,0.7839
2016-06-01,HOUSEHOLD_1_177,0.7523
2016-06-02,HOUSEHOLD_1_177,0.7486
2016-06-03,HOUSEHOLD_1_177,0.7603
2016-06-04,HOUSEHOLD_1_177,0.941
2016-06-05,HOUSEHOLD_1_177,1.0343
2016-06-06,HOUSEHOLD_1_177,1.1779
2016-06-07,HOUSEHOLD_1_177,0.8833
2016-06-08,HOUSEHOLD_1_177,0.7847
2016-06-09,HOUSEHOLD_1_177,0.763
2016-06-10,HOUSEHOLD_1_177,0.7586
2016-06-11,HOUSEHOLD_1_177,0.9705
2016-06-12,HOUSEHOLD_1_177,0.932
2016-06-13,HOUSEHOLD_1_177,1.1083
2016-06-14,HOUSEHOLD_1_177,0.8576
2016-06-15,HOUSEHOLD_1_177,0.7976
2016-06-16,HOUSEHOLD_1_177,0.7811
2016-06-17,HOUSEHOLD_1_177,0.8212
2016-06-18,HOUSEHOLD_1_177,1.0264
2016-06-19,HOUSEHOLD_1_177,1.0169
2016-06-20,HOUSEHOLD_1_177,1.3027
2016-06-21,HOUSEHOLD_1_177,0.9188
2016-05-23,HOUSEHOLD_1_179,3.7773
2016-05-24,HOUSEHOLD_1_179,3.073
2016-05-25,HOUSEHOLD_1_179,2.734
2016-05-26,HOUSEHOLD_1_179,2.7772
2016-05-27,HOUSEHOLD_1_179,2.7587
2016-05-28,HOUSEHOLD_1_179,3.2801
2016-05-29,HOUSEHOLD_1_179,2.9683
2016-05-30,HOUSEHOLD_1_179,3.9903
2016-05-31,HOUSEHOLD_1_179,2.9746
2016-06-01,HOUSEHOLD_1_179,2.644
2016-06-02,HOUSEHOLD_1_179,2.5989
2016-06-03,HOUSEHOLD_1_179,2.6927
2016-06-04,HOUSEHOLD_1_179,3.2043
2016-06-05,HOUSEHOLD_1_179,2.5013
2016-06-06,HOUSEHOLD_1_179,3.1283
2016-06-07,HOUSEHOLD_1_179,2.4882
2016-06-08,HOUSEHOLD_1_179,1.9883
2016-06-09,HOUSEHOLD_1_179,2.1617
2016-06-10,HOUSEHOLD_1_179,2.1785
2016-06-11,HOUSEHOLD_1_179,2.6645
2016-06-12,HOUSEHOLD_1_179,2.4622
2016-06-13,HOUSEHOLD_1_179,3.4903
2016-06-14,HOUSEHOLD_1_179,2.1016
2016-06-15,HOUSEHOLD_1_179,1.8008
2016-06-16,HOUSEHOLD_1_179,1.9735
2016-06-17,HOUSEHOLD_1_179,2.2709
2016-06-18,HOUSEHOLD_1_179,2.4279
2016-06-19,HOUSEHOLD_1_179,2.0715
2016-06-20,HOUSEHOLD_1_179,3.3584
2016-06-21,HOUSEHOLD_1_179,2.3699
2016-05-23,HOUSEHOLD_1_180,3.2657
2016-05-24,HOUSEHOLD_1_180,2.5103
2016-05-25,HOUSEHOLD_1_180,2.0961
2016-05-26,HOUSEHOLD_1_180,1.9541
2016-05-27,HOUSEHOLD_1_180,2.0118
2016-05-28,HOUSEHOLD_1_180,2.3915
2016-05-29,HOUSEHOLD_1_180,2.3169
2016-05-30,HOUSEHOLD_1_180,3.0347
2016-05-31,HOUSEHOLD_1_180,2.2872
2016-06-01,HOUSEHOLD_1_180,1.5855
2016-06-02,HOUSEHOLD_1_180,1.8342
2016-06-03,HOUSEHOLD_1_180,1.7393
2016-06-04,HOUSEHOLD_1_180,2.1171
2016-06-05,HOUSEHOLD_1_180,1.8479
2016-06-06,HOUSEHOLD_1_180,2.7498
2016-06-07,HOUSEHOLD_1_180,1.9297
2016-06-08,HOUSEHOLD_1_180,1.3102
2016-06-09,HOUSEHOLD_1_180,1.8941
2016-06-10,HOUSEHOLD_1_180,1.9075
2016-06-11,HOUSEHOLD_1_180,2.1424
2016-06-12,HOUSEHOLD_1_180,2.1012
2016-06-13,HOUSEHOLD_1_180,2.5101
2016-06-14,HOUSEHOLD_1_180,1.9113
2016-06-15,HOUSEHOLD_1_180,1.2085
2016-06-16,HOUSEHOLD_1_180,1.2802
2016-06-17,HOUSEHOLD_1_180,1.5652
2016-06-18,HOUSEHOLD_1_180,1.7287
2016-06-19,HOUSEHOLD_1_180,1.5176
2016-06-20,HOUSEHOLD_1_180,2.8337
2016-06-21,HOUSEHOLD_1_180,1.9927
2016-05-23,HOUSEHOLD_1_186,2.7787
2016-05-24,HOUSEHOLD_1_186,2.0998
2016-05-25,HOUSEHOLD_1_186,1.7219
2016-05-26,HOUSEHOLD_1_186,1.7935
2016-05-27,HOUSEHOLD_1_186,1.7442
2016-05-28,HOUSEHOLD_1_186,1.9725
2016-05-29,HOUSEHOLD_1_186,1.5618
2016-05-30,HOUSEHOLD_1_186,2.6361
2016-05-31,HOUSEHOLD_1_186,1.8555
2016-06-01,HOUSEHOLD_1_186,1.4794
2016-06-02,HOUSEHOLD_1_186,1.3659
2016-06-03,HOUSEHOLD_1_186,1.6758
2016-06-04,HOUSEHOLD_1_186,1.9205
2016-06-05,HOUSEHOLD_1_186,1.6394
2016-06-06,HOUSEHOLD_1_186,2.5065
2016-06-07,HOUSEHOLD_1_186,1.6694
2016-06-08,HOUSEHOLD_1_186,1.286
2016-06-09,HOUSEHOLD_1_186,1.2588
2016-06-10,HOUSEHOLD_1_186,1.5626
2016-06-11,HOUSEHOLD_1_186,1.6766
2016-06-12,HOUSEHOLD_1_186,1.6728
2016-06-13,HOUSEHOLD_1_186,2.4206
2016-06-14,HOUSEHOLD_1_186,1.5169
2016-06-15,HOUSEHOLD_1_186,1.2051
2016-06-16,HOUSEHOLD_1_186,1.0783
2016-06-17,HOUSEHOLD_1_186,1.4661
2016-06-18,HOUSEHOLD_1_186,1.6939
2016-06-19,HOUSEHOLD_1_186,1.3988
2016-06-20,HOUSEHOLD_1_186,2.3861
2016-06-21,HOUSEHOLD_1_186,1.6268
2016-05-23,HOUSEHOLD_1_188,1.4606
2016-05-24,HOUSEHOLD_1_188,1.1649
2016-05-25,HOUSEHOLD_1_188,1.0834
2016-05-26,HOUSEHOLD_1_188,1.0323
2016-05-27,HOUSEHOLD_1_188,1.0495
2016-05-28,HOUSEHOLD_1_188,1.1734
2016-05-29,HOUSEHOLD_1_188,1.152
2016-05-30,HOUSEHOLD_1_188,1.449
2016-05-31,HOUSEHOLD_1_188,0.9864
2016-06-01,HOUSEHOLD_1_188,0.8903
2016-06-02,HOUSEHOLD_1_188,0.825
2016-06-03,HOUSEHOLD_1_188,0.8675
2016-06-04,HOUSEHOLD_1_188,1.0632
2016-06-05,HOUSEHOLD_1_188,1.0467
2016-06-06,HOUSEHOLD_1_188,1.3762
2016-06-07,HOUSEHOLD_1_188,1.0653
2016-06-08,HOUSEHOLD_1_188,0.9385
2016-06-09,HOUSEHOLD_1_188,0.8454
2016-06-10,HOUSEHOLD_1_188,0.8283
2016-06-11,HOUSEHOLD_1_188,1.0038
2016-06-12,HOUSEHOLD_1_188,0.9671
2016-06-13,HOUSEHOLD_1_188,1.2737
2016-06-14,HOUSEHOLD_1_188,0.9264
2016-06-15,HOUSEHOLD_1_188,0.7895
2016-06-16,HOUSEHOLD_1_188,0.7282
2016-06-17,HOUSEHOLD_1_188,0.696
2016-06-18,HOUSEHOLD_1_188,0.8877
2016-06-19,HOUSEHOLD_1_188,0.8235
2016-06-20,HOUSEHOLD_1_188,1.2031
2016-06-21,HOUSEHOLD_1_188,0.7643
2016-05-23,HOUSEHOLD_1_191,12.2265
2016-05-24,HOUSEHOLD_1_191,9.3789
2016-05-25,HOUSEHOLD_1_191,8.2222
2016-05-26,HOUSEHOLD_1_191,7.9169
2016-05-27,HOUSEHOLD_1_191,7.6103
2016-05-28,HOUSEHOLD_1_191,9.7655
2016-05-29,HOUSEHOLD_1_191,9.2395
2016-05-30,HOUSEHOLD_1_191,11.2733
2016-05-31,HOUSEHOLD_1_191,8.8555
2016-06-01,HOUSEHOLD_1_191,7.8607
2016-06-02,HOUSEHOLD_1_191,7.6775
2016-06-03,HOUSEHOLD_1_191,7.1978
2016-06-04,HOUSEHOLD_1_191,8.6545
2016-06-05,HOUSEHOLD_1_191,8.5892
2016-06-06,HOUSEHOLD_1_191,10.8118
2016-06-07,HOUSEHOLD_1_191,8.1095
2016-06-08,HOUSEHOLD_1_191,7.0702
2016-06-09,HOUSEHOLD_1_191,6.8374
2016-06-10,HOUSEHOLD_1_191,6.911
2016-06-11,HOUSEHOLD_1_191,8.2589
2016-06-12,HOUSEHOLD_1_191,7.9429
2016-06-13,HOUSEHOLD_1_191,10.6646
2016-06-14,HOUSEHOLD_1_191,8.0593
2016-06-15,HOUSEHOLD_1_191,6.8745
2016-06-16,HOUSEHOLD_1_191,7.1138
2016-06-17,HOUSEHOLD_1_191,6.574
2016-06-18,HOUSEHOLD_1_191,8.0815
2016-06-19,HOUSEHOLD_1_191,8.4739
2016-06-20,HOUSEHOLD_1_191,10.6702
2016-06-21,HOUSEHOLD_1_191,7.9216
2016-05-23,HOUSEHOLD_1_196,2.2468
2016-05-24,HOUSEHOLD_1_196,2.0256
2016-05-25,HOUSEHOLD_1_196,1.5364
2016-05-26,HOUSEHOLD_1_196,1.5752
2016-05-27,HOUSEHOLD_1_196,1.5512
2016-05-28,HOUSEHOLD_1_196,1.6532
2016-05-29,HOUSEHOLD_1_196,1.7997
2016-05-30,HOUSEHOLD_1_196,2.2517
2016-05-31,HOUSEHOLD_1_196,1.9316
2016-06-01,HOUSEHOLD_1_196,1.4721
2016-06-02,HOUSEHOLD_1_196,1.5333
2016-06-03,HOUSEHOLD_1_196,1.4441
2016-06-04,HOUSEHOLD_1_196,1.5946
2016-06-05,HOUSEHOLD_1_196,1.5008
2016-06-06,HOUSEHOLD_1_196,1.9919
2016-06-07,HOUSEHOLD_1_196,1.7001
2016-06-08,HOUSEHOLD_1_196,1.392
2016-06-09,HOUSEHOLD_1_196,1.3557
2016-06-10,HOUSEHOLD_1_196,1.4415
2016-06-11,HOUSEHOLD_1_196,1.6374
2016-06-12,HOUSEHOLD_1_196,1.7068
2016-06-13,HOUSEHOLD_1_196,1.9874
2016-06-14,HOUSEHOLD_1_196,1.6972
2016-06-15,HOUSEHOLD_1_196,1.3908
2016-06-16,HOUSEHOLD_1_196,1.4714
2016-06-17,HOUSEHOLD_1_196,1.2567
2016-06-18,HOUSEHOLD_1_196,1.563
2016-06-19,HOUSEHOLD_1_196,1.5557
2016-06-20,HOUSEHOLD_1_196,2.0041
2016-06-21,HOUSEHOLD_1_196,1.6835
2016-05-23,HOUSEHOLD_1_197,2.1091
2016-05-24,HOUSEHOLD_1_197,1.7087
2016-05-25,HOUSEHOLD_1_197,1.4227
2016-05-26,HOUSEHOLD_1_197,1.3845
2016-05-27,HOUSEHOLD_1_197,1.3909
2016-05-28,HOUSEHOLD_1_197,1.618
2016-05-29,HOUSEHOLD_1_197,1.6625
2016-05-30,HOUSEHOLD_1_197,2.0907
2016-05-31,HOUSEHOLD_1_197,1.7027
2016-06-01,HOUSEHOLD_1_197,1.2931
2016-06-02,HOUSEHOLD_1_197,1.1879
2016-06-03,HOUSEHOLD_1_197,1.2344
2016-06-04,HOUSEHOLD_1_197,1.6294
2016-06-05,HOUSEHOLD_1_197,1.6761
2016-06-06,HOUSEHOLD_1_197,1.9043
2016-06-07,HOUSEHOLD_1_197,1.5063
2016-06-08,HOUSEHOLD_1_197,1.1129
2016-06-09,HOUSEHOLD_1_197,1.1417
2016-06-10,HOUSEHOLD_1_197,1.1092
2016-06-11,HOUSEHOLD_1_197,1.4228
2016-06-12,HOUSEHOLD_1_197,1.378
2016-06-13,HOUSEHOLD_1_197,2.063
2016-06-14,HOUSEHOLD_1_197,1.4208
2016-06-15,HOUSEHOLD_1_197,1.0629
2016-06-16,HOUSEHOLD_1_197,1.0851
2016-06-17,HOUSEHOLD_1_197,1.0844
2016-06-18,HOUSEHOLD_1_197,1.5115
2016-06-19,HOUSEHOLD_1_197,1.5011
2016-06-20,HOUSEHOLD_1_197,1.8688
2016-06-21,HOUSEHOLD_1_197,1.4274
2016-05-23,HOUSEHOLD_1_198,4.1046
2016-05-24,HOUSEHOLD_1_198,3.0826
2016-05-25,HOUSEHOLD_1_198,2.7552
2016-05-26,HOUSEHOLD_1_198,2.7954
2016-05-27,HOUSEHOLD_1_198,2.9793
2016-05-28,HOUSEHOLD_1_198,3.5416
2016-05-29,HOUSEHOLD_1_198,3.5425
2016-05-30,HOUSEHOLD_1_198,3.9473
2016-05-31,HOUSEHOLD_1_198,2.8358
2016-06-01,HOUSEHOLD_1_198,2.3765
2016-06-02,HOUSEHOLD_1_198,2.6026
2016-06-03,HOUSEHOLD_1_198,2.6308
2016-06-04,HOUSEHOLD_1_198,3.2011
2016-06-05,HOUSEHOLD_1_198,3.0649
2016-06-06,HOUSEHOLD_1_198,3.4242
2016-06-07,HOUSEHOLD_1_198,2.5031
2016-06-08,HOUSEHOLD_1_198,2.0524
2016-06-09,HOUSEHOLD_1_198,2.2936
2016-06-10,HOUSEHOLD_1_198,2.381
2016-06-11,HOUSEHOLD_1_198,2.6763
2016-06-12,HOUSEHOLD_1_198,2.6489
2016-06-13,HOUSEHOLD_1_198,3.4593
2016-06-14,HOUSEHOLD_1_198,2.2895
2016-06-15,HOUSEHOLD_1_198,1.8495
2016-06-16,HOUSEHOLD_1_198,2.2303
2016-06-17,HOUSEHOLD_1_198,2.1961
2016-06-18,HOUSEHOLD_1_198,2.6573
2016-06-19,HOUSEHOLD_1_198,2.6157
2016-06-20,HOUSEHOLD_1_198,3.1462
2016-06-21,HOUSEHOLD_1_198,2.0697
2016-05-23,HOUSEHOLD_1_202,3.2087
2016-05-24,HOUSEHOLD_1_202,2.4892
2016-05-25,HOUSEHOLD_1_202,2.0706
2016-05-26,HOUSEHOLD_1_202,2.0603
2016-05-27,HOUSEHOLD_1_202,2.0792
2016-05-28,HOUSEHOLD_1_202,2.2954
2016-05-29,HOUSEHOLD_1_202,2.295
2016-05-30,HOUSEHOLD_1_202,3.3897
2016-05-31,HOUSEHOLD_1_202,2.4976
2016-06-01,HOUSEHOLD_1_202,2.0266
2016-06-02,HOUSEHOLD_1_202,2.0378
2016-06-03,HOUSEHOLD_1_202,1.9353
2016-06-04,HOUSEHOLD_1_202,2.0618
2016-06-05,HOUSEHOLD_1_202,2.0889
2016-06-06,HOUSEHOLD_1_202,3.032
2016-06-07,HOUSEHOLD_1_202,2.1864
2016-06-08,HOUSEHOLD_1_202,1.623
2016-06-09,HOUSEHOLD_1_202,1.8163
2016-06-10,HOUSEHOLD_1_202,1.8898
2016-06-11,HOUSEHOLD_1_202,2.0782
2016-06-12,HOUSEHOLD_1_202,2.0285
2016-06-13,HOUSEHOLD_1_202,2.9767
2016-06-14,HOUSEHOLD_1_202,2.1314
2016-06-15,HOUSEHOLD_1_202,1.657
2016-06-16,HOUSEHOLD_1_202,1.7011
2016-06-17,HOUSEHOLD_1_202,1.5177
2016-06-18,HOUSEHOLD_1_202,1.8398
2016-06-19,HOUSEHOLD_1_202,2.0217
2016-06-20,HOUSEHOLD_1_202,3.0027
2016-06-21,HOUSEHOLD_1_202,2.1218
2016-05-23,HOUSEHOLD_1_203,0.2006
2016-05-24,HOUSEHOLD_1_203,0.6467
2016-05-25,HOUSEHOLD_1_203,0.5956
2016-05-26,HOUSEHOLD_1_203,0.5537
2016-05-27,HOUSEHOLD_1_203,0.5433
2016-05-28,HOUSEHOLD_1_203,0.6799
2016-05-29,HOUSEHOLD_1_203,0.7194
2016-05-30,HOUSEHOLD_1_203,0.8069
2016-05-31,HOUSEHOLD_1_203,0.6569
2016-06-01,HOUSEHOLD_1_203,0.5986
2016-06-02,HOUSEHOLD_1_203,0.5608
2016-06-03,HOUSEHOLD_1_203,0.5437
2016-06-04,HOUSEHOLD_1_203,0.6303
2016-06-05,HOUSEHOLD_1_203,0.6199
2016-06-06,HOUSEHOLD_1_203,0.7923
2016-06-07,HOUSEHOLD_1_203,0.5882
2016-06-08,HOUSEHOLD_1_203,0.5179
2016-06-09,HOUSEHOLD_1_203,0.4956
2016-06-10,HOUSEHOLD_1_203,0.4853
2016-06-11,HOUSEHOLD_1_203,0.5779
2016-06-12,HOUSEHOLD_1_203,0.5815
2016-06-13,HOUSEHOLD_1_203,0.8201
2016-06-14,HOUSEHOLD_1_203,0.5804
2016-06-15,HOUSEHOLD_1_203,0.5009
2016-06-16,HOUSEHOLD_1_203,0.4589
2016-06-17,HOUSEHOLD_1_203,0.4499
2016-06-18,HOUSEHOLD_1_203,0.5713
2016-06-19,HOUSEHOLD_1_203,0.5713
2016-06-20,HOUSEHOLD_1_203,0.8287
2016-06-21,HOUSEHOLD_1_203,0.5498
2016-05-23,HOUSEHOLD_1_204,4.8099
2016-05-24,HOUSEHOLD_1_204,3.8955
2016-05-25,HOUSEHOLD_1_204,3.2892
2016-05-26,HOUSEHOLD_1_204,3.3958
2016-05-27,HOUSEHOLD_1_204,3.552
2016-05-28,HOUSEHOLD_1_204,4.1281
2016-05-29,HOUSEHOLD_1_204,4.3773
2016-05-30,HOUSEHOLD_1_204,5.0688
2016-05-31,HOUSEHOLD_1_204,3.8488
2016-06-01,HOUSEHOLD_1_204,3.2913
2016-06-02,HOUSEHOLD_1_204,3.2663
2016-06-03,HOUSEHOLD_1_204,3.6071
2016-06-04,HOUSEHOLD_1_204,3.9108
2016-06-05,HOUSEHOLD_1_204,3.8772
2016-06-06,HOUSEHOLD_1_204,4.7666
2016-06-07,HOUSEHOLD_1_204,3.8077
2016-06-08,HOUSEHOLD_1_204,3.319
2016-06-09,HOUSEHOLD_1_204,3.2767
2016-06-10,HOUSEHOLD_1_204,3.4535
2016-06-11,HOUSEHOLD_1_204,4.0851
2016-06-12,HOUSEHOLD_1_204,4.13
2016-06-13,HOUSEHOLD_1_204,4.572
2016-06-14,HOUSEHOLD_1_204,3.5226
2016-06-15,HOUSEHOLD_1_204,3.1209
2016-06-16,HOUSEHOLD_1_204,2.9615
2016-06-17,HOUSEHOLD_1_204,3.4138
2016-06-18,HOUSEHOLD_1_204,3.8638
2016-06-19,HOUSEHOLD_1_204,3.7625
2016-06-20,HOUSEHOLD_1_204,4.6344
2016-06-21,HOUSEHOLD_1_204,3.3778
2016-05-23,HOUSEHOLD_1_205,0.9565
2016-05-24,HOUSEHOLD_1_205,0.7995
2016-05-25,HOUSEHOLD_1_205,0.6783
2016-05-26,HOUSEHOLD_1_205,0.6836
2016-05-27,HOUSEHOLD_1_205,0.6826
2016-05-28,HOUSEHOLD_1_205,0.7693
2016-05-29,HOUSEHOLD_1_205,0.7266
2016-05-30,HOUSEHOLD_1_205,0.82
2016-05-31,HOUSEHOLD_1_205,0.6908
2016-06-01,HOUSEHOLD_1_205,0.6072
2016-06-02,HOUSEHOLD_1_205,0.5969
2016-06-03,HOUSEHOLD_1_205,0.5818
2016-06-04,HOUSEHOLD_1_205,0.6612
2016-06-05,HOUSEHOLD_1_205,0.6491
2016-06-06,HOUSEHOLD_1_205,0.7618
2016-06-07,HOUSEHOLD_1_205,0.6797
2016-06-08,HOUSEHOLD_1_205,0.5929
2016-06-09,HOUSEHOLD_1_205,0.5914
2016-06-10,HOUSEHOLD_1_205,0.5759
2016-06-11,HOUSEHOLD_1_205,0.6645
2016-06-12,HOUSEHOLD_1_205,0.587
2016-06-13,HOUSEHOLD_1_205,0.7834
2016-06-14,HOUSEHOLD_1_205,0.6592
2016-06-15,HOUSEHOLD_1_205,0.5951
2016-06-16,HOUSEHOLD_1_205,0.5298
2016-06-17,HOUSEHOLD_1_205,0.5187
2016-06-18,HOUSEHOLD_1_205,0.5473
2016-06-19,HOUSEHOLD_1_205,0.5406
2016-06-20,HOUSEHOLD_1_205,0.7063
2016-06-21,HOUSEHOLD_1_205,0.4583
2016-05-23,HOUSEHOLD_1_214,5.6673
2016-05-24,HOUSEHOLD_1_214,4.0088
2016-05-25,HOUSEHOLD_1_214,3.3258
2016-05-26,HOUSEHOLD_1_214,3.3111
2016-05-27,HOUSEHOLD_1_214,3.2983
2016-05-28,HOUSEHOLD_1_214,4.0471
2016-05-29,HOUSEHOLD_1_214,4.1067
2016-05-30,HOUSEHOLD_1_214,5.3069
2016-05-31,HOUSEHOLD_1_214,3.7706
2016-06-01,HOUSEHOLD_1_214,3.3393
2016-06-02,HOUSEHOLD_1_214,3.3031
2016-06-03,HOUSEHOLD_1_214,3.2037
2016-06-04,HOUSEHOLD_1_214,3.732
2016-06-05,HOUSEHOLD_1_214,4.103
2016-06-06,HOUSEHOLD_1_214,5.2004
2016-06-07,HOUSEHOLD_1_214,3.7948
2016-06-08,HOUSEHOLD_1_214,3.2241
2016-06-09,HOUSEHOLD_1_214,3.052
2016-06-10,HOUSEHOLD_1_214,3.0771
2016-06-11,HOUSEHOLD_1_214,3.589
2016-06-12,HOUSEHOLD_1_214,3.7735
2016-06-13,HOUSEHOLD_1_214,5.0516
2016-06-14,HOUSEHOLD_1_214,3.6782
2016-06-15,HOUSEHOLD_1_214,3.018
2016-06-16,HOUSEHOLD_1_214,2.9172
2016-06-17,HOUSEHOLD_1_214,2.9144
2016-06-18,HOUSEHOLD_1_214,3.5889
2016-06-19,HOUSEHOLD_1_214,3.6451
2016-06-20,HOUSEHOLD_1_214,4.9367
2016-06-21,HOUSEHOLD_1_214,3.5439
2016-05-23,HOUSEHOLD_1_215,1.1524
2016-05-24,HOUSEHOLD_1_215,0.9347
2016-05-25,HOUSEHOLD_1_215,0.873
2016-05-26,HOUSEHOLD_1_215,0.8113
2016-05-27,HOUSEHOLD_1_215,0.7795
2016-05-28,HOUSEHOLD_1_215,0.9186
2016-05-29,HOUSEHOLD_1_215,0.8473
2016-05-30,HOUSEHOLD_1_215,1.0146
2016-05-31,HOUSEHOLD_1_215,0.7693
2016-06-01,HOUSEHOLD_1_215,0.6718
2016-06-02,HOUSEHOLD_1_215,0.662
2016-06-03,HOUSEHOLD_1_215,0.6758
2016-06-04,HOUSEHOLD_1_215,0.8438
2016-06-05,HOUSEHOLD_1_215,0.8535
2016-06-06,HOUSEHOLD_1_215,1.1161
2016-06-07,HOUSEHOLD_1_215,0.7947
2016-06-08,HOUSEHOLD_1_215,0.7294
2016-06-09,HOUSEHOLD_1_215,0.7124
2016-06-10,HOUSEHOLD_1_215,0.7163
2016-06-11,HOUSEHOLD_1_215,0.8709
2016-06-12,HOUSEHOLD_1_215,0.746
2016-06-13,HOUSEHOLD_1_215,0.9738
2016-06-14,HOUSEHOLD_1_215,0.7287
2016-06-15,HOUSEHOLD_1_215,0.6368
2016-06-16,HOUSEHOLD_1_215,0.5884
2016-06-17,HOUSEHOLD_1_215,0.574
2016-06-18,HOUSEHOLD_1_215,0.7645
2016-06-19,HOUSEHOLD_1_215,0.7276
2016-06-20,HOUSEHOLD_1_215,0.9483
2016-06-21,HOUSEHOLD_1_215,0.636
2016-05-23,HOUSEHOLD_1_223,1.015
2016-05-24,HOUSEHOLD_1_223,0.7627
2016-05-25,HOUSEHOLD_1_223,0.6801
2016-05-26,HOUSEHOLD_1_223,0.6556
2016-05-27,HOUSEHOLD_1_223,0.6629
2016-05-28,HOUSEHOLD_1_223,0.6704
2016-05-29,HOUSEHOLD_1_223,0.6678
2016-05-30,HOUSEHOLD_1_223,0.8141
2016-05-31,HOUSEHOLD_1_223,0.6877
2016-06-01,HOUSEHOLD_1_223,0.5987
2016-06-02,HOUSEHOLD_1_223,0.5723
2016-06-03,HOUSEHOLD_1_223,0.5541
2016-06-04,HOUSEHOLD_1_223,0.6534
2016-06-05,HOUSEHOLD_1_223,0.675
2016-06-06,HOUSEHOLD_1_223,0.6745
2016-06-07,HOUSEHOLD_1_223,0.4856
2016-06-08,HOUSEHOLD_1_223,0.4271
2016-06-09,HOUSEHOLD_1_223,0.3977
2016-06-10,HOUSEHOLD_1_223,0.4351
2016-06-11,HOUSEHOLD_1_223,0.4344
2016-06-12,HOUSEHOLD_1_223,0.4344
2016-06-13,HOUSEHOLD_1_223,0.5651
2016-06-14,HOUSEHOLD_1_223,0.4472
2016-06-15,HOUSEHOLD_1_223,0.3936
2016-06-16,HOUSEHOLD_1_223,0.3626
2016-06-17,HOUSEHOLD_1_223,0.3547
2016-06-18,HOUSEHOLD_1_223,0.422
2016-06-19,HOUSEHOLD_1_223,0.4359
2016-06-20,HOUSEHOLD_1_223,0.5225
2016-06-21,HOUSEHOLD_1_223,0.424
2016-05-23,HOUSEHOLD_1_225,3.3776
2016-05-24,HOUSEHOLD_1_225,2.5275
2016-05-25,HOUSEHOLD_1_225,2.1315
2016-05-26,HOUSEHOLD_1_225,2.0524
2016-05-27,HOUSEHOLD_1_225,2.1301
2016-05-28,HOUSEHOLD_1_225,2.3265
2016-05-29,HOUSEHOLD_1_225,2.3129
2016-05-30,HOUSEHOLD_1_225,3.3641
2016-05-31,HOUSEHOLD_1_225,2.4426
2016-06-01,HOUSEHOLD_1_225,2.0864
2016-06-02,HOUSEHOLD_1_225,1.973
2016-06-03,HOUSEHOLD_1_225,2.113
2016-06-04,HOUSEHOLD_1_225,2.2907
2016-06-05,HOUSEHOLD_1_225,2.0737
2016-06-06,HOUSEHOLD_1_225,3.1051
2016-06-07,HOUSEHOLD_1_225,2.2519
2016-06-08,HOUSEHOLD_1_225,1.7857
2016-06-09,HOUSEHOLD_1_225,1.7984
2016-06-10,HOUSEHOLD_1_225,1.9403
2016-06-11,HOUSEHOLD_1_225,2.1796
2016-06-12,HOUSEHOLD_1_225,2.1735
2016-06-13,HOUSEHOLD_1_225,2.9604
2016-06-14,HOUSEHOLD_1_225,2.1739
2016-06-15,HOUSEHOLD_1_225,1.6731
2016-06-16,HOUSEHOLD_1_225,1.7187
2016-06-17,HOUSEHOLD_1_225,1.7996
2016-06-18,HOUSEHOLD_1_225,2.0403
2016-06-19,HOUSEHOLD_1_225,1.8614
2016-06-20,HOUSEHOLD_1_225,2.8403
2016-06-21,HOUSEHOLD_1_225,2.0929
2016-05-23,HOUSEHOLD_1_230,0.416
2016-05-24,HOUSEHOLD_1_230,0.3374
2016-05-25,HOUSEHOLD_1_230,0.2752
2016-05-26,HOUSEHOLD_1_230,0.2299
2016-05-27,HOUSEHOLD_1_230,0.2339
2016-05-28,HOUSEHOLD_1_230,0.2588
2016-05-29,HOUSEHOLD_1_230,0.2726
2016-05-30,HOUSEHOLD_1_230,0.3804
2016-05-31,HOUSEHOLD_1_230,0.3157
2016-06-01,HOUSEHOLD_1_230,0.2843
2016-06-02,HOUSEHOLD_1_230,0.2739
2016-06-03,HOUSEHOLD_1_230,0.2691
2016-06-04,HOUSEHOLD_1_230,0.3014
2016-06-05,HOUSEHOLD_1_230,0.3055
2016-06-06,HOUSEHOLD_1_230,0.4298
2016-06-07,HOUSEHOLD_1_230,0.3555
2016-06-08,HOUSEHOLD_1_230,0.3059
2016-06-09,HOUSEHOLD_1_230,0.3006
2016-06-10,HOUSEHOLD_1_230,0.2952
2016-06-11,HOUSEHOLD_1_230,0.3173
2016-06-12,HOUSEHOLD_1_230,0.3126
2016-06-13,HOUSEHOLD_1_230,0.4214
2016-06-14,HOUSEHOLD_1_230,0.3363
2016-06-15,HOUSEHOLD_1_230,0.3014
2016-06-16,HOUSEHOLD_1_230,0.2737
2016-06-17,HOUSEHOLD_1_230,0.2827
2016-06-18,HOUSEHOLD_1_230,0.196
2016-06-19,HOUSEHOLD_1_230,0.196
2016-06-20,HOUSEHOLD_1_230,0.331
2016-06-21,HOUSEHOLD_1_230,0.2435
2016-05-23,HOUSEHOLD_1_232,1.017
2016-05-24,HOUSEHOLD_1_232,0.8529
2016-05-25,HOUSEHOLD_1_232,0.7534
2016-05-26,HOUSEHOLD_1_232,0.6772
2016-05-27,HOUSEHOLD_1_232,0.6584
2016-05-28,HOUSEHOLD_1_232,0.7585
2016-05-29,HOUSEHOLD_1_232,0.7276
2016-05-30,HOUSEHOLD_1_232,0.8194
2016-05-31,HOUSEHOLD_1_232,0.6921
2016-06-01,HOUSEHOLD_1_232,0.5953
2016-06-02,HOUSEHOLD_1_232,0.5983
2016-06-03,HOUSEHOLD_1_232,0.5676
2016-06-04,HOUSEHOLD_1_232,0.6577
2016-06-05,HOUSEHOLD_1_232,0.6381
2016-06-06,HOUSEHOLD_1_232,0.6787
2016-06-07,HOUSEHOLD_1_232,0.6389
2016-06-08,HOUSEHOLD_1_232,0.5743
2016-06-09,HOUSEHOLD_1_232,0.5216
2016-06-10,HOUSEHOLD_1_232,0.4846
2016-06-11,HOUSEHOLD_1_232,0.553
2016-06-12,HOUSEHOLD_1_232,0.5493
2016-06-13,HOUSEHOLD_1_232,0.5866
2016-06-14,HOUSEHOLD_1_232,0.5777
2016-06-15,HOUSEHOLD_1_232,0.5549
2016-06-16,HOUSEHOLD_1_232,0.5079
2016-06-17,HOUSEHOLD_1_232,0.5047
2016-06-18,HOUSEHOLD_1_232,0.5302
2016-06-19,HOUSEHOLD_1_232,0.5297
2016-06-20,HOUSEHOLD_1_232,0.5703
2016-06-21,HOUSEHOLD_1_232,0.5617
2016-05-23,HOUSEHOLD_1_234,3.9031
2016-05-24,HOUSEHOLD_1_234,3.0803
2016-05-25,HOUSEHOLD_1_234,2.8102
2016-05-26,HOUSEHOLD_1_234,2.8391
2016-05-27,HOUSEHOLD_1_234,2.8251
2016-05-28,HOUSEHOLD_1_234,3.3039
2016-05-29,HOUSEHOLD_1_234,3.1993
2016-05-30,HOUSEHOLD_1_234,3.7292
2016-05-31,HOUSEHOLD_1_234,3.0686
2016-06-01,HOUSEHOLD_1_234,2.3344
2016-06-02,HOUSEHOLD_1_234,2.5349
2016-06-03,HOUSEHOLD_1_234,2.5384
2016-06-04,HOUSEHOLD_1_234,3.2455
2016-06-05,HOUSEHOLD_1_234,2.9929
2016-06-06,HOUSEHOLD_1_234,3.3636
2016-06-07,HOUSEHOLD_1_234,2.3318
2016-06-08,HOUSEHOLD_1_234,1.9818
2016-06-09,HOUSEHOLD_1_234,2.1806
2016-06-10,HOUSEHOLD_1_234,2.4229
2016-06-11,HOUSEHOLD_1_234,2.9844
2016-06-12,HOUSEHOLD_1_234,2.7359
2016-06-13,HOUSEHOLD_1_234,3.1748
2016-06-14,HOUSEHOLD_1_234,2.44
2016-06-15,HOUSEHOLD_1_234,1.8596
2016-06-16,HOUSEHOLD_1_234,2.0929
2016-06-17,HOUSEHOLD_1_234,2.3497
2016-06-18,HOUSEHOLD_1_234,2.7109
2016-06-19,HOUSEHOLD_1_234,2.2919
2016-06-20,HOUSEHOLD_1_234,3.1688
2016-06-21,HOUSEHOLD_1_234,1.9218
2016-05-23,HOUSEHOLD_1_235,1.7912
2016-05-24,HOUSEHOLD_1_235,1.4932
2016-05-25,HOUSEHOLD_1_235,1.2903
2016-05-26,HOUSEHOLD_1_235,1.2699
2016-05-27,HOUSEHOLD_1_235,1.2683
2016-05-28,HOUSEHOLD_1_235,1.4039
2016-05-29,HOUSEHOLD_1_235,1.4659
2016-05-30,HOUSEHOLD_1_235,1.7897
2016-05-31,HOUSEHOLD_1_235,1.3318
2016-06-01,HOUSEHOLD_1_235,1.1753
2016-06-02,HOUSEHOLD_1_235,1.1837
2016-06-03,HOUSEHOLD_1_235,1.1765
2016-06-04,HOUSEHOLD_1_235,1.3314
2016-06-05,HOUSEHOLD_1_235,1.1973
2016-06-06,HOUSEHOLD_1_235,1.5892
2016-06-07,HOUSEHOLD_1_235,1.1572
2016-06-08,HOUSEHOLD_1_235,1.0697
2016-06-09,HOUSEHOLD_1_235,1.0536
2016-06-10,HOUSEHOLD_1_235,1.0232
2016-06-11,HOUSEHOLD_1_235,1.1918
2016-06-12,HOUSEHOLD_1_235,1.1993
2016-06-13,HOUSEHOLD_1_235,1.4631
2016-06-14,HOUSEHOLD_1_235,1.1937
2016-06-15,HOUSEHOLD_1_235,0.9345
2016-06-16,HOUSEHOLD_1_235,0.9907
2016-06-17,HOUSEHOLD_1_235,0.9149
2016-06-18,HOUSEHOLD_1_235,1.0592
2016-06-19,HOUSEHOLD_1_235,1.0235
2016-06-20,HOUSEHOLD_1_235,1.3668
2016-06-21,HOUSEHOLD_1_235,1.0281
2016-05-23,HOUSEHOLD_1_236,2.3509
2016-05-24,HOUSEHOLD_1_236,1.9011
2016-05-25,HOUSEHOLD_1_236,1.6605
2016-05-26,HOUSEHOLD_1_236,1.6096
2016-05-27,HOUSEHOLD_1_236,1.6609
2016-05-28,HOUSEHOLD_1_236,1.8594
2016-05-29,HOUSEHOLD_1_236,1.8146
2016-05-30,HOUSEHOLD_1_236,2.5672
2016-05-31,HOUSEHOLD_1_236,1.9827
2016-06-01,HOUSEHOLD_1_236,1.6262
2016-06-02,HOUSEHOLD_1_236,1.4861
2016-06-03,HOUSEHOLD_1_236,1.4334
2016-06-04,HOUSEHOLD_1_236,1.6712
2016-06-05,HOUSEHOLD_1_236,1.5391
2016-06-06,HOUSEHOLD_1_236,2.4334
2016-06-07,HOUSEHOLD_1_236,1.7106
2016-06-08,HOUSEHOLD_1_236,1.3707
2016-06-09,HOUSEHOLD_1_236,1.273
2016-06-10,HOUSEHOLD_1_236,1.2905
2016-06-11,HOUSEHOLD_1_236,1.5013
2016-06-12,HOUSEHOLD_1_236,1.4368
2016-06-13,HOUSEHOLD_1_236,2.3422
2016-06-14,HOUSEHOLD_1_236,1.7518
2016-06-15,HOUSEHOLD_1_236,1.5488
2016-06-16,HOUSEHOLD_1_236,1.1956
2016-06-17,HOUSEHOLD_1_236,1.2266
2016-06-18,HOUSEHOLD_1_236,1.5204
2016-06-19,HOUSEHOLD_1_236,1.3184
2016-06-20,HOUSEHOLD_1_236,2.1295
2016-06-21,HOUSEHOLD_1_236,1.6364
2016-05-23,HOUSEHOLD_1_243,3.6184
2016-05-24,HOUSEHOLD_1_243,2.5507
2016-05-25,HOUSEHOLD_1_243,2.176
2016-05-26,HOUSEHOLD_1_243,2.1459
2016-05-27,HOUSEHOLD_1_243,2.2618
2016-05-28,HOUSEHOLD_1_243,2.5204
2016-05-29,HOUSEHOLD_1_243,2.454
2016-05-30,HOUSEHOLD_1_243,3.446
2016-05-31,HOUSEHOLD_1_243,2.516
2016-06-01,HOUSEHOLD_1_243,2.1784
2016-06-02,HOUSEHOLD_1_243,2.0398
2016-06-03,HOUSEHOLD_1_243,2.1431
2016-06-04,HOUSEHOLD_1_243,2.2674
2016-06-05,HOUSEHOLD_1_243,2.1166
2016-06-06,HOUSEHOLD_1_243,3.2894
2016-06-07,HOUSEHOLD_1_243,2.2245
2016-06-08,HOUSEHOLD_1_243,1.8927
2016-06-09,HOUSEHOLD_1_243,1.8801
2016-06-10,HOUSEHOLD_1_243,1.9921
2016-06-11,HOUSEHOLD_1_243,2.2895
2016-06-12,HOUSEHOLD_1_243,2.2344
2016-06-13,HOUSEHOLD_1_243,2.7836
2016-06-14,HOUSEHOLD_1_243,2.0663
2016-06-15,HOUSEHOLD_1_243,1.4731
2016-06-16,HOUSEHOLD_1_243,1.4683
2016-06-17,HOUSEHOLD_1_243,1.6967
2016-06-18,HOUSEHOLD_1_243,1.9862
2016-06-19,HOUSEHOLD_1_243,2.1825
2016-06-20,HOUSEHOLD_1_243,3.2652
2016-06-21,HOUSEHOLD_1_243,2.1075
2016-05-23,HOUSEHOLD_1_246,3.1837
2016-05-24,HOUSEHOLD_1_246,2.3278
2016-05-25,HOUSEHOLD_1_246,1.911
2016-05-26,HOUSEHOLD_1_246,1.7998
2016-05-27,HOUSEHOLD_1_246,1.9016
2016-05-28,HOUSEHOLD_1_246,2.2047
2016-05-29,HOUSEHOLD_1_246,2.2362
2016-05-30,HOUSEHOLD_1_246,3.0453
2016-05-31,HOUSEHOLD_1_246,2.2107
2016-06-01,HOUSEHOLD_1_246,1.8376
2016-06-02,HOUSEHOLD_1_246,1.7867
2016-06-03,HOUSEHOLD_1_246,1.869
2016-06-04,HOUSEHOLD_1_246,2.0919
2016-06-05,HOUSEHOLD_1_246,1.7861
2016-06-06,HOUSEHOLD_1_246,2.8711
2016-06-07,HOUSEHOLD_1_246,2.0114
2016-06-08,HOUSEHOLD_1_246,1.2076
2016-06-09,HOUSEHOLD_1_246,1.5285
2016-06-10,HOUSEHOLD_1_246,1.5372
2016-06-11,HOUSEHOLD_1_246,2.0689
2016-06-12,HOUSEHOLD_1_246,2.0604
2016-06-13,HOUSEHOLD_1_246,2.5808
2016-06-14,HOUSEHOLD_1_246,1.6917
2016-06-15,HOUSEHOLD_1_246,1.5533
2016-06-16,HOUSEHOLD_1_246,1.108
2016-06-17,HOUSEHOLD_1_246,1.7216
2016-06-18,HOUSEHOLD_1_246,1.8251
2016-06-19,HOUSEHOLD_1_246,1.8062
2016-06-20,HOUSEHOLD_1_246,2.8625
2016-06-21,HOUSEHOLD_1_246,1.9686
2016-05-23,HOUSEHOLD_1_247,2.7482
2016-05-24,HOUSEHOLD_1_247,2.0759
2016-05-25,HOUSEHOLD_1_247,1.8242
2016-05-26,HOUSEHOLD_1_247,1.8451
2016-05-27,HOUSEHOLD_1_247,1.8952
2016-05-28,HOUSEHOLD_1_247,1.9167
2016-05-29,HOUSEHOLD_1_247,2.1445
2016-05-30,HOUSEHOLD_1_247,2.624
2016-05-31,HOUSEHOLD_1_247,2.2363
2016-06-01,HOUSEHOLD_1_247,1.7244
2016-06-02,HOUSEHOLD_1_247,1.8626
2016-06-03,HOUSEHOLD_1_247,1.8493
2016-06-04,HOUSEHOLD_1_247,1.8334
2016-06-05,HOUSEHOLD_1_247,1.8715
2016-06-06,HOUSEHOLD_1_247,2.4351
2016-06-07,HOUSEHOLD_1_247,1.739
2016-06-08,HOUSEHOLD_1_247,1.3258
2016-06-09,HOUSEHOLD_1_247,1.5201
2016-06-10,HOUSEHOLD_1_247,1.4839
2016-06-11,HOUSEHOLD_1_247,1.5724
2016-06-12,HOUSEHOLD_1_247,1.7252
2016-06-13,HOUSEHOLD_1_247,2.5373
2016-06-14,HOUSEHOLD_1_247,1.9751
2016-06-15,HOUSEHOLD_1_247,1.6392
2016-06-16,HOUSEHOLD_1_247,1.5268
2016-06-17,HOUSEHOLD_1_247,1.5713
2016-06-18,HOUSEHOLD_1_247,1.648
2016-06-19,HOUSEHOLD_1_247,1.6614
2016-06-20,HOUSEHOLD_1_247,2.5593
2016-06-21,HOUSEHOLD_1_247,1.8728
2016-05-23,HOUSEHOLD_1_249,1.0655
2016-05-24,HOUSEHOLD_1_249,0.8719
2016-05-25,HOUSEHOLD_1_249,0.8065
2016-05-26,HOUSEHOLD_1_249,0.768
2016-05-27,HOUSEHOLD_1_249,0.788
2016-05-28,HOUSEHOLD_1_249,0.9211
2016-05-29,HOUSEHOLD_1_249,0.7991
2016-05-30,HOUSEHOLD_1_249,1.0909
2016-05-31,HOUSEHOLD_1_249,0.7523
2016-06-01,HOUSEHOLD_1_249,0.6529
2016-06-02,HOUSEHOLD_1_249,0.6603
2016-06-03,HOUSEHOLD_1_249,0.6615
2016-06-04,HOUSEHOLD_1_249,0.7779
2016-06-05,HOUSEHOLD_1_249,0.775
2016-06-06,HOUSEHOLD_1_249,1.0422
2016-06-07,HOUSEHOLD_1_249,0.7478
2016-06-08,HOUSEHOLD_1_249,0.6794
2016-06-09,HOUSEHOLD_1_249,0.6679
2016-06-10,HOUSEHOLD_1_249,0.698
2016-06-11,HOUSEHOLD_1_249,0.82
2016-06-12,HOUSEHOLD_1_249,0.6621
2016-06-13,HOUSEHOLD_1_249,0.879
2016-06-14,HOUSEHOLD_1_249,0.6153
2016-06-15,HOUSEHOLD_1_249,0.5197
2016-06-16,HOUSEHOLD_1_249,0.5051
2016-06-17,HOUSEHOLD_1_249,0.4663
2016-06-18,HOUSEHOLD_1_249,0.6016
2016-06-19,HOUSEHOLD_1_249,0.6016
2016-06-20,HOUSEHOLD_1_249,0.8952
2016-06-21,HOUSEHOLD_1_249,0.5764
2016-05-23,HOUSEHOLD_1_251,1.485
2016-05-24,HOUSEHOLD_1_251,1.0197
2016-05-25,HOUSEHOLD_1_251,0.9633
2016-05-26,HOUSEHOLD_1_251,0.9484
2016-05-27,HOUSEHOLD_1_251,0.8807
2016-05-28,HOUSEHOLD_1_251,1.1057
2016-05-29,HOUSEHOLD_1_251,1.1098
2016-05-30,HOUSEHOLD_1_251,1.4828
2016-05-31,HOUSEHOLD_1_251,0.9892
2016-06-01,HOUSEHOLD_1_251,0.8986
2016-06-02,HOUSEHOLD_1_251,0.8748
2016-06-03,HOUSEHOLD_1_251,0.8091
2016-06-04,HOUSEHOLD_1_251,0.8806
2016-06-05,HOUSEHOLD_1_251,0.8133
2016-06-06,HOUSEHOLD_1_251,1.157
2016-06-07,HOUSEHOLD_1_251,0.8522
2016-06-08,HOUSEHOLD_1_251,0.6628
2016-06-09,HOUSEHOLD_1_251,0.74
2016-06-10,HOUSEHOLD_1_251,0.7517
2016-06-11,HOUSEHOLD_1_251,0.931
2016-06-12,HOUSEHOLD_1_251,0.8587
2016-06-13,HOUSEHOLD_1_251,1.1349
2016-06-14,HOUSEHOLD_1_251,0.834
2016-06-15,HOUSEHOLD_1_251,0.7532
2016-06-16,HOUSEHOLD_1_251,0.8026
2016-06-17,HOUSEHOLD_1_251,0.6646
2016-06-18,HOUSEHOLD_1_251,0.7722
2016-06-19,HOUSEHOLD_1_251,0.766
2016-06-20,HOUSEHOLD_1_251,1.1074
2016-06-21,HOUSEHOLD_1_251,0.7669
2016-05-23,HOUSEHOLD_1_254,9.2917
2016-05-24,HOUSEHOLD_1_254,7.0885
2016-05-25,HOUSEHOLD_1_254,6.6802
2016-05-26,HOUSEHOLD_1_254,6.6082
2016-05-27,HOUSEHOLD_1_254,7.2353
2016-05-28,HOUSEHOLD_1_254,8.4888
2016-05-29,HOUSEHOLD_1_254,8.0517
2016-05-30,HOUSEHOLD_1_254,9.8125
2016-05-31,HOUSEHOLD_1_254,7.8786
2016-06-01,HOUSEHOLD_1_254,6.8721
2016-06-02,HOUSEHOLD_1_254,6.4693
2016-06-03,HOUSEHOLD_1_254,6.8533
2016-06-04,HOUSEHOLD_1_254,7.6186
2016-06-05,HOUSEHOLD_1_254,7.2944
2016-06-06,HOUSEHOLD_1_254,9.3788
2016-06-07,HOUSEHOLD_1_254,7.0613
2016-06-08,HOUSEHOLD_1_254,6.3646
2016-06-09,HOUSEHOLD_1_254,6.47
2016-06-10,HOUSEHOLD_1_254,6.9199
2016-06-11,HOUSEHOLD_1_254,7.3918
2016-06-12,HOUSEHOLD_1_254,7.64
2016-06-13,HOUSEHOLD_1_254,9.7069
2016-06-14,HOUSEHOLD_1_254,7.4133
2016-06-15,HOUSEHOLD_1_254,6.4103
2016-06-16,HOUSEHOLD_1_254,6.1537
2016-06-17,HOUSEHOLD_1_254,6.6252
2016-06-18,HOUSEHOLD_1_254,8.0208
2016-06-19,HOUSEHOLD_1_254,7.0487
2016-06-20,HOUSEHOLD_1_254,9.3676
2016-06-21,HOUSEHOLD_1_254,6.8337
2016-05-23,HOUSEHOLD_1_261,0.8902
2016-05-24,HOUSEHOLD_1_261,0.7248
2016-05-25,HOUSEHOLD_1_261,0.6358
2016-05-26,HOUSEHOLD_1_261,0.6236
2016-05-27,HOUSEHOLD_1_261,0.6269
2016-05-28,HOUSEHOLD_1_261,0.7182
2016-05-29,HOUSEHOLD_1_261,0.7025
2016-05-30,HOUSEHOLD_1_261,0.8033
2016-05-31,HOUSEHOLD_1_261,0.6807
2016-06-01,HOUSEHOLD_1_261,0.5919
2016-06-02,HOUSEHOLD_1_261,0.5641
2016-06-03,HOUSEHOLD_1_261,0.6321
2016-06-04,HOUSEHOLD_1_261,0.5911
2016-06-05,HOUSEHOLD_1_261,0.5854
2016-06-06,HOUSEHOLD_1_261,0.689
2016-06-07,HOUSEHOLD_1_261,0.552
2016-06-08,HOUSEHOLD_1_261,0.4898
2016-06-09,HOUSEHOLD_1_261,0.4754
2016-06-10,HOUSEHOLD_1_261,0.4844
2016-06-11,HOUSEHOLD_1_261,0.495
2016-06-12,HOUSEHOLD_1_261,0.4946
2016-06-13,HOUSEHOLD_1_261,0.7035
2016-06-14,HOUSEHOLD_1_261,0.5717
2016-06-15,HOUSEHOLD_1_261,0.4963
2016-06-16,HOUSEHOLD_1_261,0.4705
2016-06-17,HOUSEHOLD_1_261,0.4456
2016-06-18,HOUSEHOLD_1_261,0.5102
2016-06-19,HOUSEHOLD_1_261,0.4921
2016-06-20,HOUSEHOLD_1_261,0.6827
2016-06-21,HOUSEHOLD_1_261,0.5161
2016-05-23,HOUSEHOLD_1_262,8.0308
2016-05-24,HOUSEHOLD_1_262,5.7688
2016-05-25,HOUSEHOLD_1_262,4.8909
2016-05-26,HOUSEHOLD_1_262,4.82
2016-05-27,HOUSEHOLD_1_262,5.1632
2016-05-28,HOUSEHOLD_1_262,5.7645
2016-05-29,HOUSEHOLD_1_262,6.4827
2016-05-30,HOUSEHOLD_1_262,7.3336
2016-05-31,HOUSEHOLD_1_262,5.3709
2016-06-01,HOUSEHOLD_1_262,4.6167
2016-06-02,HOUSEHOLD_1_262,4.7229
2016-06-03,HOUSEHOLD_1_262,5.0645
2016-06-04,HOUSEHOLD_1_262,5.4831
2016-06-05,HOUSEHOLD_1_262,5.6321
2016-06-06,HOUSEHOLD_1_262,7.2703
2016-06-07,HOUSEHOLD_1_262,5.0681
2016-06-08,HOUSEHOLD_1_262,4.3125
2016-06-09,HOUSEHOLD_1_262,4.2762
2016-06-10,HOUSEHOLD_1_262,4.3298
2016-06-11,HOUSEHOLD_1_262,5.2053
2016-06-12,HOUSEHOLD_1_262,5.3364
2016-06-13,HOUSEHOLD_1_262,6.9356
2016-06-14,HOUSEHOLD_1_262,5.2117
2016-06-15,HOUSEHOLD_1_262,4.2422
2016-06-16,HOUSEHOLD_1_262,4.1906
2016-06-17,HOUSEHOLD_1_262,4.19
2016-06-18,HOUSEHOLD_1_262,5.1048
2016-06-19,HOUSEHOLD_1_262,5.2833
2016-06-20,HOUSEHOLD_1_262,6.9356
2016-06-21,HOUSEHOLD_1_262,4.9268
2016-05-23,HOUSEHOLD_1_272,9.6001
2016-05-24,HOUSEHOLD_1_272,7.8281
2016-05-25,HOUSEHOLD_1_272,6.6776
2016-05-26,HOUSEHOLD_1_272,6.5249
2016-05-27,HOUSEHOLD_1_272,6.5352
2016-05-28,HOUSEHOLD_1_272,8.3568
2016-05-29,HOUSEHOLD_1_272,8.6007
2016-05-30,HOUSEHOLD_1_272,8.7636
2016-05-31,HOUSEHOLD_1_272,6.9347
2016-06-01,HOUSEHOLD_1_272,5.9098
2016-06-02,HOUSEHOLD_1_272,6.1018
2016-06-03,HOUSEHOLD_1_272,6.0175
2016-06-04,HOUSEHOLD_1_272,7.3695
2016-06-05,HOUSEHOLD_1_272,7.2872
2016-06-06,HOUSEHOLD_1_272,8.5545
2016-06-07,HOUSEHOLD_1_272,7.2209
2016-06-08,HOUSEHOLD_1_272,5.9266
2016-06-09,HOUSEHOLD_1_272,5.8622
2016-06-10,HOUSEHOLD_1_272,5.819
2016-06-11,HOUSEHOLD_1_272,7.6319
2016-06-12,HOUSEHOLD_1_272,7.4802
2016-06-13,HOUSEHOLD_1_272,8.5223
2016-06-14,HOUSEHOLD_1_272,6.8526
2016-06-15,HOUSEHOLD_1_272,5.8413
2016-06-16,HOUSEHOLD_1_272,5.9567
2016-06-17,HOUSEHOLD_1_272,5.9458
2016-06-18,HOUSEHOLD_1_272,7.2834
2016-06-19,HOUSEHOLD_1_272,7.296
2016-06-20,HOUSEHOLD_1_272,8.6682
2016-06-21,HOUSEHOLD_1_272,6.78
2016-05-23,HOUSEHOLD_1_275,2.8632
2016-05-24,HOUSEHOLD_1_275,2.0409
2016-05-25,HOUSEHOLD_1_275,1.895
2016-05-26,HOUSEHOLD_1_275,1.7839
2016-05-27,HOUSEHOLD_1_275,1.7726
2016-05-28,HOUSEHOLD_1_275,2.0453
2016-05-29,HOUSEHOLD_1_275,2.1063
2016-05-30,HOUSEHOLD_1_275,2.7162
2016-05-31,HOUSEHOLD_1_275,2.0738
2016-06-01,HOUSEHOLD_1_275,1.4389
2016-06-02,HOUSEHOLD_1_275,1.5742
2016-06-03,HOUSEHOLD_1_275,1.7177
2016-06-04,HOUSEHOLD_1_275,1.811
2016-06-05,HOUSEHOLD_1_275,1.9313
2016-06-06,HOUSEHOLD_1_275,2.3645
2016-06-07,HOUSEHOLD_1_275,1.5618
2016-06-08,HOUSEHOLD_1_275,1.2829
2016-06-09,HOUSEHOLD_1_275,1.2374
2016-06-10,HOUSEHOLD_1_275,1.2491
2016-06-11,HOUSEHOLD_1_275,1.6426
2016-06-12,HOUSEHOLD_1_275,1.8209
2016-06-13,HOUSEHOLD_1_275,2.1099
2016-06-14,HOUSEHOLD_1_275,1.7172
2016-06-15,HOUSEHOLD_1_275,1.209
2016-06-16,HOUSEHOLD_1_275,1.2197
2016-06-17,HOUSEHOLD_1_275,1.1716
2016-06-18,HOUSEHOLD_1_275,1.4334
2016-06-19,HOUSEHOLD_1_275,1.498
2016-06-20,HOUSEHOLD_1_275,1.9028
2016-06-21,HOUSEHOLD_1_275,1.2685
2016-05-23,HOUSEHOLD_1_277,0.2673
2016-05-24,HOUSEHOLD_1_277,0.8193
2016-05-25,HOUSEHOLD_1_277,0.8489
2016-05-26,HOUSEHOLD_1_277,0.8547
2016-05-27,HOUSEHOLD_1_277,0.8786
2016-05-28,HOUSEHOLD_1_277,0.9083
2016-05-29,HOUSEHOLD_1_277,0.8653
2016-05-30,HOUSEHOLD_1_277,0.9272
2016-05-31,HOUSEHOLD_1_277,0.7576
2016-06-01,HOUSEHOLD_1_277,0.8103
2016-06-02,HOUSEHOLD_1_277,0.831
2016-06-03,HOUSEHOLD_1_277,0.7802
2016-06-04,HOUSEHOLD_1_277,0.8315
2016-06-05,HOUSEHOLD_1_277,0.7911
2016-06-06,HOUSEHOLD_1_277,0.8983
2016-06-07,HOUSEHOLD_1_277,0.6432
2016-06-08,HOUSEHOLD_1_277,0.6777
2016-06-09,HOUSEHOLD_1_277,0.6903
2016-06-10,HOUSEHOLD_1_277,0.6653
2016-06-11,HOUSEHOLD_1_277,0.7507
2016-06-12,HOUSEHOLD_1_277,0.7567
2016-06-13,HOUSEHOLD_1_277,0.8366
2016-06-14,HOUSEHOLD_1_277,0.6492
2016-06-15,HOUSEHOLD_1_277,0.6443
2016-06-16,HOUSEHOLD_1_277,0.6494
2016-06-17,HOUSEHOLD_1_277,0.6248
2016-06-18,HOUSEHOLD_1_277,0.7465
2016-06-19,HOUSEHOLD_1_277,0.7465
2016-06-20,HOUSEHOLD_1_277,0.8616
2016-06-21,HOUSEHOLD_1_277,0.5461
2016-05-23,HOUSEHOLD_1_278,0.5637
2016-05-24,HOUSEHOLD_1_278,0.499
2016-05-25,HOUSEHOLD_1_278,0.4299
2016-05-26,HOUSEHOLD_1_278,0.3899
2016-05-27,HOUSEHOLD_1_278,0.3871
2016-05-28,HOUSEHOLD_1_278,0.4214
2016-05-29,HOUSEHOLD_1_278,0.4173
2016-05-30,HOUSEHOLD_1_278,0.5233
2016-05-31,HOUSEHOLD_1_278,0.4673
2016-06-01,HOUSEHOLD_1_278,0.413
2016-06-02,HOUSEHOLD_1_278,0.3885
2016-06-03,HOUSEHOLD_1_278,0.3693
2016-06-04,HOUSEHOLD_1_278,0.3685
2016-06-05,HOUSEHOLD_1_278,0.3685
2016-06-06,HOUSEHOLD_1_278,0.5316
2016-06-07,HOUSEHOLD_1_278,0.4391
2016-06-08,HOUSEHOLD_1_278,0.393
2016-06-09,HOUSEHOLD_1_278,0.3791
2016-06-10,HOUSEHOLD_1_278,0.3747
2016-06-11,HOUSEHOLD_1_278,0.3703
2016-06-12,HOUSEHOLD_1_278,0.3664
2016-06-13,HOUSEHOLD_1_278,0.5258
2016-06-14,HOUSEHOLD_1_278,0.4221
2016-06-15,HOUSEHOLD_1_278,0.3848
2016-06-16,HOUSEHOLD_1_278,0.3576
2016-06-17,HOUSEHOLD_1_278,0.3824
2016-06-18,HOUSEHOLD_1_278,0.4024
2016-06-19,HOUSEHOLD_1_278,0.4051
2016-06-20,HOUSEHOLD_1_278,0.5263
2016-06-21,HOUSEHOLD_1_278,0.4128
2016-05-23,HOUSEHOLD_1_279,1.7025
2016-05-24,HOUSEHOLD_1_279,1.5296
2016-05-25,HOUSEHOLD_1_279,1.3256
2016-05-26,HOUSEHOLD_1_279,1.3376
2016-05-27,HOUSEHOLD_1_279,1.5177
2016-05-28,HOUSEHOLD_1_279,1.5107
2016-05-29,HOUSEHOLD_1_279,1.3144
2016-05-30,HOUSEHOLD_1_279,1.7102
2016-05-31,HOUSEHOLD_1_279,1.5261
2016-06-01,HOUSEHOLD_1_279,1.3487
2016-06-02,HOUSEHOLD_1_279,1.226
2016-06-03,HOUSEHOLD_1_279,1.205
2016-06-04,HOUSEHOLD_1_279,1.4119
2016-06-05,HOUSEHOLD_1_279,1.2696
2016-06-06,HOUSEHOLD_1_279,1.8789
2016-06-07,HOUSEHOLD_1_279,1.4886
2016-06-08,HOUSEHOLD_1_279,1.2795
2016-06-09,HOUSEHOLD_1_279,1.2086
2016-06-10,HOUSEHOLD_1_279,1.3857
2016-06-11,HOUSEHOLD_1_279,1.114
2016-06-12,HOUSEHOLD_1_279,1.0957
2016-06-13,HOUSEHOLD_1_279,1.3822
2016-06-14,HOUSEHOLD_1_279,1.3728
2016-06-15,HOUSEHOLD_1_279,1.2469
2016-06-16,HOUSEHOLD_1_279,1.0227
2016-06-17,HOUSEHOLD_1_279,0.9671
2016-06-18,HOUSEHOLD_1_279,1.0979
2016-06-19,HOUSEHOLD_1_279,1.2679
2016-06-20,HOUSEHOLD_1_279,1.5134
2016-06-21,HOUSEHOLD_1_279,1.3489
2016-05-23,HOUSEHOLD_1_282,2.6044
2016-05-24,HOUSEHOLD_1_282,2.0652
2016-05-25,HOUSEHOLD_1_282,1.63
2016-05-26,HOUSEHOLD_1_282,1.6862
2016-05-27,HOUSEHOLD_1_282,1.6785
2016-05-28,HOUSEHOLD_1_282,1.9536
2016-05-29,HOUSEHOLD_1_282,1.9041
2016-05-30,HOUSEHOLD_1_282,2.6783
2016-05-31,HOUSEHOLD_1_282,2.1549
2016-06-01,HOUSEHOLD_1_282,1.6506
2016-06-02,HOUSEHOLD_1_282,1.626
2016-06-03,HOUSEHOLD_1_282,1.7372
2016-06-04,HOUSEHOLD_1_282,1.8917
2016-06-05,HOUSEHOLD_1_282,1.6984
2016-06-06,HOUSEHOLD_1_282,2.5508
2016-06-07,HOUSEHOLD_1_282,1.9092
2016-06-08,HOUSEHOLD_1_282,1.672
2016-06-09,HOUSEHOLD_1_282,1.5634
2016-06-10,HOUSEHOLD_1_282,1.6345
2016-06-11,HOUSEHOLD_1_282,1.6082
2016-06-12,HOUSEHOLD_1_282,1.5625
2016-06-13,HOUSEHOLD_1_282,2.4435
2016-06-14,HOUSEHOLD_1_282,1.8683
2016-06-15,HOUSEHOLD_1_282,1.4141
2016-06-16,HOUSEHOLD_1_282,1.4243
2016-06-17,HOUSEHOLD_1_282,1.4661
2016-06-18,HOUSEHOLD_1_282,1.5755
2016-06-19,HOUSEHOLD_1_282,1.4195
2016-06-20,HOUSEHOLD_1_282,2.5158
2016-06-21,HOUSEHOLD_1_282,1.6435
2016-05-23,HOUSEHOLD_1_283,3.4307
2016-05-24,HOUSEHOLD_1_283,2.62
2016-05-25,HOUSEHOLD_1_283,2.3253
2016-05-26,HOUSEHOLD_1_283,2.2398
2016-05-27,HOUSEHOLD_1_283,2.3132
2016-05-28,HOUSEHOLD_1_283,2.4546
2016-05-29,HOUSEHOLD_1_283,2.3908
2016-05-30,HOUSEHOLD_1_283,3.231
2016-05-31,HOUSEHOLD_1_283,2.6938
2016-06-01,HOUSEHOLD_1_283,1.9538
2016-06-02,HOUSEHOLD_1_283,2.0471
2016-06-03,HOUSEHOLD_1_283,2.1619
2016-06-04,HOUSEHOLD_1_283,2.3468
2016-06-05,HOUSEHOLD_1_283,2.2992
2016-06-06,HOUSEHOLD_1_283,2.5195
2016-06-07,HOUSEHOLD_1_283,1.9972
2016-06-08,HOUSEHOLD_1_283,1.5589
2016-06-09,HOUSEHOLD_1_283,1.46
2016-06-10,HOUSEHOLD_1_283,1.6001
2016-06-11,HOUSEHOLD_1_283,2.2206
2016-06-12,HOUSEHOLD_1_283,1.9682
2016-06-13,HOUSEHOLD_1_283,2.8928
2016-06-14,HOUSEHOLD_1_283,2.0399
2016-06-15,HOUSEHOLD_1_283,1.6884
2016-06-16,HOUSEHOLD_1_283,1.6122
2016-06-17,HOUSEHOLD_1_283,1.6678
2016-06-18,HOUSEHOLD_1_283,1.7778
2016-06-19,HOUSEHOLD_1_283,2.009
2016-06-20,HOUSEHOLD_1_283,2.6414
2016-06-21,HOUSEHOLD_1_283,1.7904
2016-05-23,HOUSEHOLD_1_285,2.2287
2016-05-24,HOUSEHOLD_1_285,1.8196
2016-05-25,HOUSEHOLD_1_285,1.5993
2016-05-26,HOUSEHOLD_1_285,1.5921
2016-05-27,HOUSEHOLD_1_285,1.4842
2016-05-28,HOUSEHOLD_1_285,1.5988
2016-05-29,HOUSEHOLD_1_285,1.5535
2016-05-30,HOUSEHOLD_1_285,2.3268
2016-05-31,HOUSEHOLD_1_285,1.786
2016-06-01,HOUSEHOLD_1_285,1.4804
2016-06-02,HOUSEHOLD_1_285,1.4984
2016-06-03,HOUSEHOLD_1_285,1.3667
2016-06-04,HOUSEHOLD_1_285,1.6013
2016-06-05,HOUSEHOLD_1_285,1.5399
2016-06-06,HOUSEHOLD_1_285,2.1107
2016-06-07,HOUSEHOLD_1_285,1.6734
2016-06-08,HOUSEHOLD_1_285,1.3699
2016-06-09,HOUSEHOLD_1_285,1.2578
2016-06-10,HOUSEHOLD_1_285,1.3764
2016-06-11,HOUSEHOLD_1_285,1.5268
2016-06-12,HOUSEHOLD_1_285,1.4695
2016-06-13,HOUSEHOLD_1_285,1.949
2016-06-14,HOUSEHOLD_1_285,1.5298
2016-06-15,HOUSEHOLD_1_285,1.4812
2016-06-16,HOUSEHOLD_1_285,1.4007
2016-06-17,HOUSEHOLD_1_285,1.1822
2016-06-18,HOUSEHOLD_1_285,1.4264
2016-06-19,HOUSEHOLD_1_285,1.4085
2016-06-20,HOUSEHOLD_1_285,1.9612
2016-06-21,HOUSEHOLD_1_285,1.3886
2016-05-23,HOUSEHOLD_1_291,2.4571
2016-05-24,HOUSEHOLD_1_291,1.9892
2016-05-25,HOUSEHOLD_1_291,1.682
2016-05-26,HOUSEHOLD_1_291,1.6173
2016-05-27,HOUSEHOLD_1_291,1.7132
2016-05-28,HOUSEHOLD_1_291,1.9288
2016-05-29,HOUSEHOLD_1_291,1.8801
2016-05-30,HOUSEHOLD_1_291,2.4821
2016-05-31,HOUSEHOLD_1_291,1.9718
2016-06-01,HOUSEHOLD_1_291,1.3998
2016-06-02,HOUSEHOLD_1_291,1.3948
2016-06-03,HOUSEHOLD_1_291,1.5202
2016-06-04,HOUSEHOLD_1_291,1.7341
2016-06-05,HOUSEHOLD_1_291,1.6629
2016-06-06,HOUSEHOLD_1_291,2.127
2016-06-07,HOUSEHOLD_1_291,1.5902
2016-06-08,HOUSEHOLD_1_291,1.3692
2016-06-09,HOUSEHOLD_1_291,1.3278
2016-06-10,HOUSEHOLD_1_291,1.4774
2016-06-11,HOUSEHOLD_1_291,1.6675
2016-06-12,HOUSEHOLD_1_291,1.668
2016-06-13,HOUSEHOLD_1_291,2.1212
2016-06-14,HOUSEHOLD_1_291,1.7427
2016-06-15,HOUSEHOLD_1_291,1.3126
2016-06-16,HOUSEHOLD_1_291,1.0927
2016-06-17,HOUSEHOLD_1_291,1.323
2016-06-18,HOUSEHOLD_1_291,1.7003
2016-06-19,HOUSEHOLD_1_291,1.6394
2016-06-20,HOUSEHOLD_1_291,2.0261
2016-06-21,HOUSEHOLD_1_291,1.5228
2016-05-23,HOUSEHOLD_1_292,2.1491
2016-05-24,HOUSEHOLD_1_292,1.8891
2016-05-25,HOUSEHOLD_1_292,1.447
2016-05-26,HOUSEHOLD_1_292,1.5256
2016-05-27,HOUSEHOLD_1_292,1.454
2016-05-28,HOUSEHOLD_1_292,1.7306
2016-05-29,HOUSEHOLD_1_292,1.6957
2016-05-30,HOUSEHOLD_1_292,2.1143
2016-05-31,HOUSEHOLD_1_292,1.9039
2016-06-01,HOUSEHOLD_1_292,1.4735
2016-06-02,HOUSEHOLD_1_292,1.4555
2016-06-03,HOUSEHOLD_1_292,1.332
2016-06-04,HOUSEHOLD_1_292,1.6394
2016-06-05,HOUSEHOLD_1_292,1.4045
2016-06-06,HOUSEHOLD_1_292,1.7165
2016-06-07,HOUSEHOLD_1_292,1.5045
2016-06-08,HOUSEHOLD_1_292,1.1808
2016-06-09,HOUSEHOLD_1_292,1.1893
2016-06-10,HOUSEHOLD_1_292,1.149
2016-06-11,HOUSEHOLD_1_292,1.5153
2016-06-12,HOUSEHOLD_1_292,1.4881
2016-06-13,HOUSEHOLD_1_292,1.6977
2016-06-14,HOUSEHOLD_1_292,1.5189
2016-06-15,HOUSEHOLD_1_292,1.0904
2016-06-16,HOUSEHOLD_1_292,1.1242
2016-06-17,HOUSEHOLD_1_292,0.9896
2016-06-18,HOUSEHOLD_1_292,1.2372
2016-06-19,HOUSEHOLD_1_292,1.3512
2016-06-20,HOUSEHOLD_1_292,1.7607
2016-06-21,HOUSEHOLD_1_292,1.448
2016-05-23,HOUSEHOLD_1_294,8.7164
2016-05-24,HOUSEHOLD_1_294,6.5624
2016-05-25,HOUSEHOLD_1_294,5.377
2016-05-26,HOUSEHOLD_1_294,5.5412
2016-05-27,HOUSEHOLD_1_294,6.0394
2016-05-28,HOUSEHOLD_1_294,7.014
2016-05-29,HOUSEHOLD_1_294,6.5738
2016-05-30,HOUSEHOLD_1_294,8.4708
2016-05-31,HOUSEHOLD_1_294,6.3175
2016-06-01,HOUSEHOLD_1_294,5.5585
2016-06-02,HOUSEHOLD_1_294,5.394
2016-06-03,HOUSEHOLD_1_294,5.5203
2016-06-04,HOUSEHOLD_1_294,6.901
2016-06-05,HOUSEHOLD_1_294,6.4338
2016-06-06,HOUSEHOLD_1_294,7.8793
2016-06-07,HOUSEHOLD_1_294,5.6085
2016-06-08,HOUSEHOLD_1_294,5.2222
2016-06-09,HOUSEHOLD_1_294,5.3416
2016-06-10,HOUSEHOLD_1_294,5.2086
2016-06-11,HOUSEHOLD_1_294,6.3807
2016-06-12,HOUSEHOLD_1_294,6.1784
2016-06-13,HOUSEHOLD_1_294,7.207
2016-06-14,HOUSEHOLD_1_294,5.3267
2016-06-15,HOUSEHOLD_1_294,5.0594
2016-06-16,HOUSEHOLD_1_294,4.9415
2016-06-17,HOUSEHOLD_1_294,4.9414
2016-06-18,HOUSEHOLD_1_294,6.1967
2016-06-19,HOUSEHOLD_1_294,5.5767
2016-06-20,HOUSEHOLD_1_294,7.239
2016-06-21,HOUSEHOLD_1_294,5.0692
2016-05-23,HOUSEHOLD_1_295,0.8377
2016-05-24,HOUSEHOLD_1_295,0.7137
2016-05-25,HOUSEHOLD_1_295,0.6244
2016-05-26,HOUSEHOLD_1_295,0.6123
2016-05-27,HOUSEHOLD_1_295,0.619
2016-05-28,HOUSEHOLD_1_295,0.7226
2016-05-29,HOUSEHOLD_1_295,0.6464
2016-05-30,HOUSEHOLD_1_295,0.7885
2016-05-31,HOUSEHOLD_1_295,0.6451
2016-06-01,HOUSEHOLD_1_295,0.5001
2016-06-02,HOUSEHOLD_1_295,0.4835
2016-06-03,HOUSEHOLD_1_295,0.4832
2016-06-04,HOUSEHOLD_1_295,0.5578
2016-06-05,HOUSEHOLD_1_295,0.5205
2016-06-06,HOUSEHOLD_1_295,0.6798
2016-06-07,HOUSEHOLD_1_295,0.5613
2016-06-08,HOUSEHOLD_1_295,0.485
2016-06-09,HOUSEHOLD_1_295,0.4528
2016-06-10,HOUSEHOLD_1_295,0.4543
2016-06-11,HOUSEHOLD_1_295,0.4826
2016-06-12,HOUSEHOLD_1_295,0.4826
2016-06-13,HOUSEHOLD_1_295,0.6868
2016-06-14,HOUSEHOLD_1_295,0.4844
2016-06-15,HOUSEHOLD_1_295,0.4187
2016-06-16,HOUSEHOLD_1_295,0.3879
2016-06-17,HOUSEHOLD_1_295,0.3801
2016-06-18,HOUSEHOLD_1_295,0.4768
2016-06-19,HOUSEHOLD_1_295,0.4768
2016-06-20,HOUSEHOLD_1_295,0.6386
2016-06-21,HOUSEHOLD_1_295,0.4851
2016-05-23,HOUSEHOLD_1_303,5.0681
2016-05-24,HOUSEHOLD_1_303,4.2074
2016-05-25,HOUSEHOLD_1_303,3.4524
2016-05-26,HOUSEHOLD_1_303,3.228
2016-05-27,HOUSEHOLD_1_303,3.0188
2016-05-28,HOUSEHOLD_1_303,3.7227
2016-05-29,HOUSEHOLD_1_303,4.0815
2016-05-30,HOUSEHOLD_1_303,5.6015
2016-05-31,HOUSEHOLD_1_303,4.4328
2016-06-01,HOUSEHOLD_1_303,3.5327
2016-06-02,HOUSEHOLD_1_303,3.5475
2016-06-03,HOUSEHOLD_1_303,3.4804
2016-06-04,HOUSEHOLD_1_303,4.2431
2016-06-05,HOUSEHOLD_1_303,4.5014
2016-06-06,HOUSEHOLD_1_303,6.0839
2016-06-07,HOUSEHOLD_1_303,4.6089
2016-06-08,HOUSEHOLD_1_303,3.7638
2016-06-09,HOUSEHOLD_1_303,3.6277
2016-06-10,HOUSEHOLD_1_303,3.6541
2016-06-11,HOUSEHOLD_1_303,4.4552
2016-06-12,HOUSEHOLD_1_303,4.5867
2016-06-13,HOUSEHOLD_1_303,6.1299
2016-06-14,HOUSEHOLD_1_303,4.6946
2016-06-15,HOUSEHOLD_1_303,3.8745
2016-06-16,HOUSEHOLD_1_303,3.7743
2016-06-17,HOUSEHOLD_1_303,3.7607
2016-06-18,HOUSEHOLD_1_303,4.3185
2016-06-19,HOUSEHOLD_1_303,4.4263
2016-06-20,HOUSEHOLD_1_303,6.149
2016-06-21,HOUSEHOLD_1_303,4.5595
2016-05-23,HOUSEHOLD_1_304,6.0383
2016-05-24,HOUSEHOLD_1_304,4.658
2016-05-25,HOUSEHOLD_1_304,3.8632
2016-05-26,HOUSEHOLD_1_304,3.849
2016-05-27,HOUSEHOLD_1_304,3.747
2016-05-28,HOUSEHOLD_1_304,4.5086
2016-05-29,HOUSEHOLD_1_304,5.0856
2016-05-30,HOUSEHOLD_1_304,6.2616
2016-05-31,HOUSEHOLD_1_304,4.7849
2016-06-01,HOUSEHOLD_1_304,3.8653
2016-06-02,HOUSEHOLD_1_304,3.7843
2016-06-03,HOUSEHOLD_1_304,3.6562
2016-06-04,HOUSEHOLD_1_304,4.6438
2016-06-05,HOUSEHOLD_1_304,4.7591
2016-06-06,HOUSEHOLD_1_304,6.2078
2016-06-07,HOUSEHOLD_1_304,4.6568
2016-06-08,HOUSEHOLD_1_304,3.7201
2016-06-09,HOUSEHOLD_1_304,3.6477
2016-06-10,HOUSEHOLD_1_304,3.6166
2016-06-11,HOUSEHOLD_1_304,4.5078
2016-06-12,HOUSEHOLD_1_304,4.5076
2016-06-13,HOUSEHOLD_1_304,6.2408
2016-06-14,HOUSEHOLD_1_304,4.6457
2016-06-15,HOUSEHOLD_1_304,3.7683
2016-06-16,HOUSEHOLD_1_304,3.6901
2016-06-17,HOUSEHOLD_1_304,3.6587
2016-06-18,HOUSEHOLD_1_304,4.551
2016-06-19,HOUSEHOLD_1_304,4.6051
2016-06-20,HOUSEHOLD_1_304,6.1447
2016-06-21,HOUSEHOLD_1_304,4.603
2016-05-23,HOUSEHOLD_1_305,0.7984
2016-05-24,HOUSEHOLD_1_305,0.6818
2016-05-25,HOUSEHOLD_1_305,0.5696
2016-05-26,HOUSEHOLD_1_305,0.5451
2016-05-27,HOUSEHOLD_1_305,0.5078
2016-05-28,HOUSEHOLD_1_305,0.5795
2016-05-29,HOUSEHOLD_1_305,0.5497
2016-05-30,HOUSEHOLD_1_305,0.7088
2016-05-31,HOUSEHOLD_1_305,0.4998
2016-06-01,HOUSEHOLD_1_305,0.4411
2016-06-02,HOUSEHOLD_1_305,0.4177
2016-06-03,HOUSEHOLD_1_305,0.4496
2016-06-04,HOUSEHOLD_1_305,0.5591
2016-06-05,HOUSEHOLD_1_305,0.5904
2016-06-06,HOUSEHOLD_1_305,0.5418
2016-06-07,HOUSEHOLD_1_305,0.4864
2016-06-08,HOUSEHOLD_1_305,0.5028
2016-06-09,HOUSEHOLD_1_305,0.5413
2016-06-10,HOUSEHOLD_1_305,0.45
2016-06-11,HOUSEHOLD_1_305,0.5018
2016-06-12,HOUSEHOLD_1_305,0.4905
2016-06-13,HOUSEHOLD_1_305,0.5358
2016-06-14,HOUSEHOLD_1_305,0.4784
2016-06-15,HOUSEHOLD_1_305,0.4525
2016-06-16,HOUSEHOLD_1_305,0.4351
2016-06-17,HOUSEHOLD_1_305,0.4445
2016-06-18,HOUSEHOLD_1_305,0.4871
2016-06-19,HOUSEHOLD_1_305,0.4878
2016-06-20,HOUSEHOLD_1_305,0.4514
2016-06-21,HOUSEHOLD_1_305,0.386
2016-05-23,HOUSEHOLD_1_310,0.0114
2016-05-24,HOUSEHOLD_1_310,0.5416
2016-05-25,HOUSEHOLD_1_310,0.6029
2016-05-26,HOUSEHOLD_1_310,0.5127
2016-05-27,HOUSEHOLD_1_310,0.6029
2016-05-28,HOUSEHOLD_1_310,0.7736
2016-05-29,HOUSEHOLD_1_310,0.8123
2016-05-30,HOUSEHOLD_1_310,1.1516
2016-05-31,HOUSEHOLD_1_310,0.7423
2016-06-01,HOUSEHOLD_1_310,0.7475
2016-06-02,HOUSEHOLD_1_310,0.6881
2016-06-03,HOUSEHOLD_1_310,0.7261
2016-06-04,HOUSEHOLD_1_310,0.838
2016-06-05,HOUSEHOLD_1_310,0.8687
2016-06-06,HOUSEHOLD_1_310,1.1129
2016-06-07,HOUSEHOLD_1_310,0.9481
2016-06-08,HOUSEHOLD_1_310,0.8934
2016-06-09,HOUSEHOLD_1_310,0.8468
2016-06-10,HOUSEHOLD_1_310,0.7896
2016-06-11,HOUSEHOLD_1_310,0.9383
2016-06-12,HOUSEHOLD_1_310,0.9061
2016-06-13,HOUSEHOLD_1_310,1.1123
2016-06-14,HOUSEHOLD_1_310,0.8091
2016-06-15,HOUSEHOLD_1_310,0.7744
2016-06-16,HOUSEHOLD_1_310,0.7463
2016-06-17,HOUSEHOLD_1_310,0.7689
2016-06-18,HOUSEHOLD_1_310,0.8553
2016-06-19,HOUSEHOLD_1_310,0.8208
2016-06-20,HOUSEHOLD_1_310,1.1963
2016-06-21,HOUSEHOLD_1_310,0.7005
2016-05-23,HOUSEHOLD_1_318,4.2321
2016-05-24,HOUSEHOLD_1_318,3.312
2016-05-25,HOUSEHOLD_1_318,2.8686
2016-05-26,HOUSEHOLD_1_318,2.7926
2016-05-27,HOUSEHOLD_1_318,2.8897
2016-05-28,HOUSEHOLD_1_318,3.3831
2016-05-29,HOUSEHOLD_1_318,3.5681
2016-05-30,HOUSEHOLD_1_318,4.0234
2016-05-31,HOUSEHOLD_1_318,3.2365
2016-06-01,HOUSEHOLD_1_318,2.6773
2016-06-02,HOUSEHOLD_1_318,2.7429
2016-06-03,HOUSEHOLD_1_318,2.5677
2016-06-04,HOUSEHOLD_1_318,3.1015
2016-06-05,HOUSEHOLD_1_318,3.1822
2016-06-06,HOUSEHOLD_1_318,3.4874
2016-06-07,HOUSEHOLD_1_318,2.7289
2016-06-08,HOUSEHOLD_1_318,2.4379
2016-06-09,HOUSEHOLD_1_318,2.3635
2016-06-10,HOUSEHOLD_1_318,2.6271
2016-06-11,HOUSEHOLD_1_318,3.209
2016-06-12,HOUSEHOLD_1_318,3.0382
2016-06-13,HOUSEHOLD_1_318,3.4869
2016-06-14,HOUSEHOLD_1_318,2.6962
2016-06-15,HOUSEHOLD_1_318,2.2041
2016-06-16,HOUSEHOLD_1_318,2.4063
2016-06-17,HOUSEHOLD_1_318,2.2842
2016-06-18,HOUSEHOLD_1_318,2.7052
2016-06-19,HOUSEHOLD_1_318,2.6772
2016-06-20,HOUSEHOLD_1_318,2.7521
2016-06-21,HOUSEHOLD_1_318,1.9602
2016-05-23,HOUSEHOLD_1_319,2.395
2016-05-24,HOUSEHOLD_1_319,1.9488
2016-05-25,HOUSEHOLD_1_319,1.813
2016-05-26,HOUSEHOLD_1_319,1.6602
2016-05-27,HOUSEHOLD_1_319,1.5789
2016-05-28,HOUSEHOLD_1_319,1.925
2016-05-29,HOUSEHOLD_1_319,1.6407
2016-05-30,HOUSEHOLD_1_319,2.3135
2016-05-31,HOUSEHOLD_1_319,1.8988
2016-06-01,HOUSEHOLD_1_319,1.6331
2016-06-02,HOUSEHOLD_1_319,1.5214
2016-06-03,HOUSEHOLD_1_319,1.4978
2016-06-04,HOUSEHOLD_1_319,1.5797
2016-06-05,HOUSEHOLD_1_319,1.4551
2016-06-06,HOUSEHOLD_1_319,2.1739
2016-06-07,HOUSEHOLD_1_319,1.6374
2016-06-08,HOUSEHOLD_1_319,1.3939
2016-06-09,HOUSEHOLD_1_319,1.2376
2016-06-10,HOUSEHOLD_1_319,1.3123
2016-06-11,HOUSEHOLD_1_319,1.6187
2016-06-12,HOUSEHOLD_1_319,1.564
2016-06-13,HOUSEHOLD_1_319,2.0806
2016-06-14,HOUSEHOLD_1_319,1.6956
2016-06-15,HOUSEHOLD_1_319,1.3201
2016-06-16,HOUSEHOLD_1_319,1.3227
2016-06-17,HOUSEHOLD_1_319,1.2952
2016-06-18,HOUSEHOLD_1_319,1.2944
2016-06-19,HOUSEHOLD_1_319,1.3031
2016-06-20,HOUSEHOLD_1_319,1.9652
2016-06-21,HOUSEHOLD_1_319,1.5293
2016-05-23,HOUSEHOLD_1_321,2.1341
2016-05-24,HOUSEHOLD_1_321,1.5959
2016-05-25,HOUSEHOLD_1_321,1.4302
2016-05-26,HOUSEHOLD_1_321,1.4012
2016-05-27,HOUSEHOLD_1_321,1.4488
2016-05-28,HOUSEHOLD_1_321,1.5446
2016-05-29,HOUSEHOLD_1_321,1.5804
2016-05-30,HOUSEHOLD_1_321,1.7701
2016-05-31,HOUSEHOLD_1_321,1.4212
2016-06-01,HOUSEHOLD_1_321,1.4192
2016-06-02,HOUSEHOLD_1_321,1.4285
2016-06-03,HOUSEHOLD_1_321,1.3958
2016-06-04,HOUSEHOLD_1_321,1.6442
2016-06-05,HOUSEHOLD_1_321,1.5617
2016-06-06,HOUSEHOLD_1_321,1.8983
2016-06-07,HOUSEHOLD_1_321,1.2801
2016-06-08,HOUSEHOLD_1_321,1.2564
2016-06-09,HOUSEHOLD_1_321,1.2656
2016-06-10,HOUSEHOLD_1_321,1.4543
2016-06-11,HOUSEHOLD_1_321,1.4412
2016-06-12,HOUSEHOLD_1_321,1.3532
2016-06-13,HOUSEHOLD_1_321,1.7782
2016-06-14,HOUSEHOLD_1_321,1.3413
2016-06-15,HOUSEHOLD_1_321,1.2461
2016-06-16,HOUSEHOLD_1_321,1.2328
2016-06-17,HOUSEHOLD_1_321,1.2321
2016-06-18,HOUSEHOLD_1_321,1.4127
2016-06-19,HOUSEHOLD_1_321,1.5689
2016-06-20,HOUSEHOLD_1_321,1.7815
2016-06-21,HOUSEHOLD_1_321,1.36
2016-05-23,HOUSEHOLD_1_327,5.75
2016-05-24,HOUSEHOLD_1_327,4.9316
2016-05-25,HOUSEHOLD_1_327,4.3562
2016-05-26,HOUSEHOLD_1_327,4.2772
2016-05-27,HOUSEHOLD_1_327,4.4477
2016-05-28,HOUSEHOLD_1_327,5.1456
2016-05-29,HOUSEHOLD_1_327,4.7871
2016-05-30,HOUSEHOLD_1_327,6.3729
2016-05-31,HOUSEHOLD_1_327,5.0116
2016-06-01,HOUSEHOLD_1_327,4.1104
2016-06-02,HOUSEHOLD_1_327,4.1063
2016-06-03,HOUSEHOLD_1_327,4.2674
2016-06-04,HOUSEHOLD_1_327,5.4049
2016-06-05,HOUSEHOLD_1_327,4.999
2016-06-06,HOUSEHOLD_1_327,6.6813
2016-06-07,HOUSEHOLD_1_327,5.2868
2016-06-08,HOUSEHOLD_1_327,4.2167
2016-06-09,HOUSEHOLD_1_327,4.1648
2016-06-10,HOUSEHOLD_1_327,4.2808
2016-06-11,HOUSEHOLD_1_327,4.9842
2016-06-12,HOUSEHOLD_1_327,5.0716
2016-06-13,HOUSEHOLD_1_327,6.6813
2016-06-14,HOUSEHOLD_1_327,5.2082
2016-06-15,HOUSEHOLD_1_327,4.1987
2016-06-16,HOUSEHOLD_1_327,4.0628
2016-06-17,HOUSEHOLD_1_327,3.9363
2016-06-18,HOUSEHOLD_1_327,4.9199
2016-06-19,HOUSEHOLD_1_327,4.9775
2016-06-20,HOUSEHOLD_1_327,6.9958
2016-06-21,HOUSEHOLD_1_327,5.1322
2016-05-23,HOUSEHOLD_1_328,2.0314
2016-05-24,HOUSEHOLD_1_328,1.651
2016-05-25,HOUSEHOLD_1_328,1.5063
2016-05-26,HOUSEHOLD_1_328,1.3626
2016-05-27,HOUSEHOLD_1_328,1.3335
2016-05-28,HOUSEHOLD_1_328,1.5744
2016-05-29,HOUSEHOLD_1_328,1.546
2016-05-30,HOUSEHOLD_1_328,2.0315
2016-05-31,HOUSEHOLD_1_328,1.5851
2016-06-01,HOUSEHOLD_1_328,1.3216
2016-06-02,HOUSEHOLD_1_328,1.2789
2016-06-03,HOUSEHOLD_1_328,1.2689
2016-06-04,HOUSEHOLD_1_328,1.4617
2016-06-05,HOUSEHOLD_1_328,1.4502
2016-06-06,HOUSEHOLD_1_328,2.104
2016-06-07,HOUSEHOLD_1_328,1.4604
2016-06-08,HOUSEHOLD_1_328,1.3147
2016-06-09,HOUSEHOLD_1_328,1.1295
2016-06-10,HOUSEHOLD_1_328,1.2047
2016-06-11,HOUSEHOLD_1_328,1.3631
2016-06-12,HOUSEHOLD_1_328,1.3458
2016-06-13,HOUSEHOLD_1_328,1.8649
2016-06-14,HOUSEHOLD_1_328,1.4698
2016-06-15,HOUSEHOLD_1_328,1.193
2016-06-16,HOUSEHOLD_1_328,1.1207
2016-06-17,HOUSEHOLD_1_328,1.12
2016-06-18,HOUSEHOLD_1_328,1.3163
2016-06-19,HOUSEHOLD_1_328,1.238
2016-06-20,HOUSEHOLD_1_328,1.9353
2016-06-21,HOUSEHOLD_1_328,1.3778
2016-05-23,HOUSEHOLD_1_334,8.1092
2016-05-24,HOUSEHOLD_1_334,6.4084
2016-05-25,HOUSEHOLD_1_334,5.5345
2016-05-26,HOUSEHOLD_1_334,5.5106
2016-05-27,HOUSEHOLD_1_334,5.8971
2016-05-28,HOUSEHOLD_1_334,6.6382
2016-05-29,HOUSEHOLD_1_334,6.4409
2016-05-30,HOUSEHOLD_1_334,8.8297
2016-05-31,HOUSEHOLD_1_334,6.8305
2016-06-01,HOUSEHOLD_1_334,5.6669
2016-06-02,HOUSEHOLD_1_334,5.5678
2016-06-03,HOUSEHOLD_1_334,5.372
2016-06-04,HOUSEHOLD_1_334,6.4067
2016-06-05,HOUSEHOLD_1_334,6.2889
2016-06-06,HOUSEHOLD_1_334,8.4179
2016-06-07,HOUSEHOLD_1_334,6.4538
2016-06-08,HOUSEHOLD_1_334,5.9235
2016-06-09,HOUSEHOLD_1_334,5.88
2016-06-10,HOUSEHOLD_1_334,5.9577
2016-06-11,HOUSEHOLD_1_334,6.7646
2016-06-12,HOUSEHOLD_1_334,6.5787
2016-06-13,HOUSEHOLD_1_334,9.2772
2016-06-14,HOUSEHOLD_1_334,7.3277
2016-06-15,HOUSEHOLD_1_334,5.9319
2016-06-16,HOUSEHOLD_1_334,5.9514
2016-06-17,HOUSEHOLD_1_334,6.0393
2016-06-18,HOUSEHOLD_1_334,7.2044
2016-06-19,HOUSEHOLD_1_334,6.8762
2016-06-20,HOUSEHOLD_1_334,9.1332
2016-06-21,HOUSEHOLD_1_334,7.3024
2016-05-23,HOUSEHOLD_1_337,0.5482
2016-05-24,HOUSEHOLD_1_337,0.5111
2016-05-25,HOUSEHOLD_1_337,0.4485
2016-05-26,HOUSEHOLD_1_337,0.4402
2016-05-27,HOUSEHOLD_1_337,0.4299
2016-05-28,HOUSEHOLD_1_337,0.455
2016-05-29,HOUSEHOLD_1_337,0.4002
2016-05-30,HOUSEHOLD_1_337,0.463
2016-05-31,HOUSEHOLD_1_337,0.4362
2016-06-01,HOUSEHOLD_1_337,0.3887
2016-06-02,HOUSEHOLD_1_337,0.3979
2016-06-03,HOUSEHOLD_1_337,0.3953
2016-06-04,HOUSEHOLD_1_337,0.4536
2016-06-05,HOUSEHOLD_1_337,0.4457
2016-06-06,HOUSEHOLD_1_337,0.5376
2016-06-07,HOUSEHOLD_1_337,0.4778
2016-06-08,HOUSEHOLD_1_337,0.4314
2016-06-09,HOUSEHOLD_1_337,0.3928
2016-06-10,HOUSEHOLD_1_337,0.3869
2016-06-11,HOUSEHOLD_1_337,0.4046
2016-06-12,HOUSEHOLD_1_337,0.4046
2016-06-13,HOUSEHOLD_1_337,0.5226
2016-06-14,HOUSEHOLD_1_337,0.4429
2016-06-15,HOUSEHOLD_1_337,0.4076
2016-06-16,HOUSEHOLD_1_337,0.3777
2016-06-17,HOUSEHOLD_1_337,0.3642
2016-06-18,HOUSEHOLD_1_337,0.4062
2016-06-19,HOUSEHOLD_1_337,0.3301
2016-06-20,HOUSEHOLD_1_337,0.516
2016-06-21,HOUSEHOLD_1_337,0.4047
2016-05-23,HOUSEHOLD_1_338,6.1018
2016-05-24,HOUSEHOLD_1_338,4.9908
2016-05-25,HOUSEHOLD_1_338,4.5692
2016-05-26,HOUSEHOLD_1_338,4.3021
2016-05-27,HOUSEHOLD_1_338,4.1587
2016-05-28,HOUSEHOLD_1_338,5.0735
2016-05-29,HOUSEHOLD_1_338,4.8034
2016-05-30,HOUSEHOLD_1_338,6.8294
2016-05-31,HOUSEHOLD_1_338,5.0982
2016-06-01,HOUSEHOLD_1_338,4.3286
2016-06-02,HOUSEHOLD_1_338,4.7054
2016-06-03,HOUSEHOLD_1_338,4.1135
2016-06-04,HOUSEHOLD_1_338,5.1194
2016-06-05,HOUSEHOLD_1_338,4.8173
2016-06-06,HOUSEHOLD_1_338,6.1298
2016-06-07,HOUSEHOLD_1_338,4.6491
2016-06-08,HOUSEHOLD_1_338,4.1322
2016-06-09,HOUSEHOLD_1_338,3.9945
2016-06-10,HOUSEHOLD_1_338,4.0235
2016-06-11,HOUSEHOLD_1_338,4.6359
2016-06-12,HOUSEHOLD_1_338,4.5506
2016-06-13,HOUSEHOLD_1_338,6.5057
2016-06-14,HOUSEHOLD_1_338,4.8694
2016-06-15,HOUSEHOLD_1_338,3.898
2016-06-16,HOUSEHOLD_1_338,3.8524
2016-06-17,HOUSEHOLD_1_338,3.752
2016-06-18,HOUSEHOLD_1_338,4.6548
2016-06-19,HOUSEHOLD_1_338,4.4215
2016-06-20,HOUSEHOLD_1_338,6.2019
2016-06-21,HOUSEHOLD_1_338,4.7199
2016-05-23,HOUSEHOLD_1_339,8.1039
2016-05-24,HOUSEHOLD_1_339,5.6662
2016-05-25,HOUSEHOLD_1_339,4.5614
2016-05-26,HOUSEHOLD_1_339,4.495
2016-05-27,HOUSEHOLD_1_339,4.6943
2016-05-28,HOUSEHOLD_1_339,5.8363
2016-05-29,HOUSEHOLD_1_339,5.9213
2016-05-30,HOUSEHOLD_1_339,6.9985
2016-05-31,HOUSEHOLD_1_339,5.577
2016-06-01,HOUSEHOLD_1_339,4.4685
2016-06-02,HOUSEHOLD_1_339,4.4782
2016-06-03,HOUSEHOLD_1_339,4.8862
2016-06-04,HOUSEHOLD_1_339,5.6096
2016-06-05,HOUSEHOLD_1_339,5.5521
2016-06-06,HOUSEHOLD_1_339,7.0617
2016-06-07,HOUSEHOLD_1_339,5.3228
2016-06-08,HOUSEHOLD_1_339,4.4837
2016-06-09,HOUSEHOLD_1_339,4.3007
2016-06-10,HOUSEHOLD_1_339,4.4678
2016-06-11,HOUSEHOLD_1_339,5.5302
2016-06-12,HOUSEHOLD_1_339,5.3958
2016-06-13,HOUSEHOLD_1_339,7.0703
2016-06-14,HOUSEHOLD_1_339,5.3197
2016-06-15,HOUSEHOLD_1_339,4.3092
2016-06-16,HOUSEHOLD_1_339,4.2757
2016-06-17,HOUSEHOLD_1_339,4.3589
2016-06-18,HOUSEHOLD_1_339,5.4004
2016-06-19,HOUSEHOLD_1_339,5.5293
2016-06-20,HOUSEHOLD_1_339,7.1578
2016-06-21,HOUSEHOLD_1_339,5.2105
2016-05-23,HOUSEHOLD_1_345,0.2182
2016-05-24,HOUSEHOLD_1_345,0.8936
2016-05-25,HOUSEHOLD_1_345,1.0541
2016-05-26,HOUSEHOLD_1_345,1.0098
2016-05-27,HOUSEHOLD_1_345,0.9569
2016-05-28,HOUSEHOLD_1_345,1.2403
2016-05-29,HOUSEHOLD_1_345,1.0951
2016-05-30,HOUSEHOLD_1_345,1.2263
2016-05-31,HOUSEHOLD_1_345,0.9635
2016-06-01,HOUSEHOLD_1_345,0.8169
2016-06-02,HOUSEHOLD_1_345,0.8611
2016-06-03,HOUSEHOLD_1_345,0.8714
2016-06-04,HOUSEHOLD_1_345,1.0946
2016-06-05,HOUSEHOLD_1_345,1.0752
2016-06-06,HOUSEHOLD_1_345,1.0807
2016-06-07,HOUSEHOLD_1_345,0.9738
2016-06-08,HOUSEHOLD_1_345,0.7989
2016-06-09,HOUSEHOLD_1_345,0.7884
2016-06-10,HOUSEHOLD_1_345,0.788
2016-06-11,HOUSEHOLD_1_345,0.8859
2016-06-12,HOUSEHOLD_1_345,0.8578
2016-06-13,HOUSEHOLD_1_345,0.9707
2016-06-14,HOUSEHOLD_1_345,0.8404
2016-06-15,HOUSEHOLD_1_345,0.7745
2016-06-16,HOUSEHOLD_1_345,0.7065
2016-06-17,HOUSEHOLD_1_345,0.7104
2016-06-18,HOUSEHOLD_1_345,0.7638
2016-06-19,HOUSEHOLD_1_345,0.7876
2016-06-20,HOUSEHOLD_1_345,1.0521
2016-06-21,HOUSEHOLD_1_345,0.8835
2016-05-23,HOUSEHOLD_1_346,1.2931
2016-05-24,HOUSEHOLD_1_346,0.8695
2016-05-25,HOUSEHOLD_1_346,0.9077
2016-05-26,HOUSEHOLD_1_346,0.8883
2016-05-27,HOUSEHOLD_1_346,0.8927
2016-05-28,HOUSEHOLD_1_346,1.0318
2016-05-29,HOUSEHOLD_1_346,0.9466
2016-05-30,HOUSEHOLD_1_346,1.2696
2016-05-31,HOUSEHOLD_1_346,0.9065
2016-06-01,HOUSEHOLD_1_346,0.8536
2016-06-02,HOUSEHOLD_1_346,0.8105
2016-06-03,HOUSEHOLD_1_346,0.7922
2016-06-04,HOUSEHOLD_1_346,0.8922
2016-06-05,HOUSEHOLD_1_346,0.7977
2016-06-06,HOUSEHOLD_1_346,1.0898
2016-06-07,HOUSEHOLD_1_346,0.7627
2016-06-08,HOUSEHOLD_1_346,0.7239
2016-06-09,HOUSEHOLD_1_346,0.71
2016-06-10,HOUSEHOLD_1_346,0.7155
2016-06-11,HOUSEHOLD_1_346,0.821
2016-06-12,HOUSEHOLD_1_346,0.7974
2016-06-13,HOUSEHOLD_1_346,1.0144
2016-06-14,HOUSEHOLD_1_346,0.7308
2016-06-15,HOUSEHOLD_1_346,0.6776
2016-06-16,HOUSEHOLD_1_346,0.6701
2016-06-17,HOUSEHOLD_1_346,0.6895
2016-06-18,HOUSEHOLD_1_346,0.785
2016-06-19,HOUSEHOLD_1_346,0.7402
2016-06-20,HOUSEHOLD_1_346,0.9568
2016-06-21,HOUSEHOLD_1_346,0.7016
2016-05-23,HOUSEHOLD_1_347,1.7865
2016-05-24,HOUSEHOLD_1_347,1.4764
2016-05-25,HOUSEHOLD_1_347,1.2844
2016-05-26,HOUSEHOLD_1_347,1.2436
2016-05-27,HOUSEHOLD_1_347,1.2396
2016-05-28,HOUSEHOLD_1_347,1.4526
2016-05-29,HOUSEHOLD_1_347,1.3055
2016-05-30,HOUSEHOLD_1_347,1.6665
2016-05-31,HOUSEHOLD_1_347,1.315
2016-06-01,HOUSEHOLD_1_347,1.1517
2016-06-02,HOUSEHOLD_1_347,1.132
2016-06-03,HOUSEHOLD_1_347,1.2099
2016-06-04,HOUSEHOLD_1_347,1.3557
2016-06-05,HOUSEHOLD_1_347,1.1866
2016-06-06,HOUSEHOLD_1_347,1.7682
2016-06-07,HOUSEHOLD_1_347,1.3919
2016-06-08,HOUSEHOLD_1_347,1.0758
2016-06-09,HOUSEHOLD_1_347,1.076
2016-06-10,HOUSEHOLD_1_347,1.0687
2016-06-11,HOUSEHOLD_1_347,1.17
2016-06-12,HOUSEHOLD_1_347,1.1774
2016-06-13,HOUSEHOLD_1_347,1.6321
2016-06-14,HOUSEHOLD_1_347,1.2203
2016-06-15,HOUSEHOLD_1_347,1.0586
2016-06-16,HOUSEHOLD_1_347,1.0688
2016-06-17,HOUSEHOLD_1_347,1.0604
2016-06-18,HOUSEHOLD_1_347,1.1842
2016-06-19,HOUSEHOLD_1_347,1.2794
2016-06-20,HOUSEHOLD_1_347,1.8643
2016-06-21,HOUSEHOLD_1_347,1.2045
2016-05-23,HOUSEHOLD_1_348,3.0344
2016-05-24,HOUSEHOLD_1_348,2.0912
2016-05-25,HOUSEHOLD_1_348,1.9519
2016-05-26,HOUSEHOLD_1_348,1.7378
2016-05-27,HOUSEHOLD_1_348,1.788
2016-05-28,HOUSEHOLD_1_348,1.9653
2016-05-29,HOUSEHOLD_1_348,2.155
2016-05-30,HOUSEHOLD_1_348,2.8124
2016-05-31,HOUSEHOLD_1_348,2.1067
2016-06-01,HOUSEHOLD_1_348,1.7805
2016-06-02,HOUSEHOLD_1_348,1.4924
2016-06-03,HOUSEHOLD_1_348,1.5928
2016-06-04,HOUSEHOLD_1_348,1.9142
2016-06-05,HOUSEHOLD_1_348,1.7532
2016-06-06,HOUSEHOLD_1_348,2.4693
2016-06-07,HOUSEHOLD_1_348,1.4666
2016-06-08,HOUSEHOLD_1_348,1.3735
2016-06-09,HOUSEHOLD_1_348,1.1346
2016-06-10,HOUSEHOLD_1_348,1.4643
2016-06-11,HOUSEHOLD_1_348,1.7264
2016-06-12,HOUSEHOLD_1_348,1.6974
2016-06-13,HOUSEHOLD_1_348,2.3611
2016-06-14,HOUSEHOLD_1_348,1.4292
2016-06-15,HOUSEHOLD_1_348,1.1556
2016-06-16,HOUSEHOLD_1_348,1.3405
2016-06-17,HOUSEHOLD_1_348,1.1477
2016-06-18,HOUSEHOLD_1_348,1.5136
2016-06-19,HOUSEHOLD_1_348,1.4635
2016-06-20,HOUSEHOLD_1_348,2.1131
2016-06-21,HOUSEHOLD_1_348,1.3792
2016-05-23,HOUSEHOLD_1_350,1.7969
2016-05-24,HOUSEHOLD_1_350,1.5657
2016-05-25,HOUSEHOLD_1_350,1.2245
2016-05-26,HOUSEHOLD_1_350,1.1961
2016-05-27,HOUSEHOLD_1_350,1.2287
2016-05-28,HOUSEHOLD_1_350,1.4172
2016-05-29,HOUSEHOLD_1_350,1.4684
2016-05-30,HOUSEHOLD_1_350,1.9856
2016-05-31,HOUSEHOLD_1_350,1.4262
2016-06-01,HOUSEHOLD_1_350,1.223
2016-06-02,HOUSEHOLD_1_350,1.1739
2016-06-03,HOUSEHOLD_1_350,1.2098
2016-06-04,HOUSEHOLD_1_350,1.3912
2016-06-05,HOUSEHOLD_1_350,1.3976
2016-06-06,HOUSEHOLD_1_350,1.6467
2016-06-07,HOUSEHOLD_1_350,1.2215
2016-06-08,HOUSEHOLD_1_350,0.9361
2016-06-09,HOUSEHOLD_1_350,0.9195
2016-06-10,HOUSEHOLD_1_350,0.9672
2016-06-11,HOUSEHOLD_1_350,1.1712
2016-06-12,HOUSEHOLD_1_350,1.1772
2016-06-13,HOUSEHOLD_1_350,1.5629
2016-06-14,HOUSEHOLD_1_350,1.1494
2016-06-15,HOUSEHOLD_1_350,0.9307
2016-06-16,HOUSEHOLD_1_350,0.8443
2016-06-17,HOUSEHOLD_1_350,0.8584
2016-06-18,HOUSEHOLD_1_350,1.0046
2016-06-19,HOUSEHOLD_1_350,1.0485
2016-06-20,HOUSEHOLD_1_350,1.4338
2016-06-21,HOUSEHOLD_1_350,0.9043
2016-05-23,HOUSEHOLD_1_351,6.3388
2016-05-24,HOUSEHOLD_1_351,4.7169
2016-05-25,HOUSEHOLD_1_351,3.9569
2016-05-26,HOUSEHOLD_1_351,4.0322
2016-05-27,HOUSEHOLD_1_351,4.284
2016-05-28,HOUSEHOLD_1_351,5.3979
2016-05-29,HOUSEHOLD_1_351,5.1606
2016-05-30,HOUSEHOLD_1_351,6.5111
2016-05-31,HOUSEHOLD_1_351,5.0431
2016-06-01,HOUSEHOLD_1_351,4.0917
2016-06-02,HOUSEHOLD_1_351,3.9647
2016-06-03,HOUSEHOLD_1_351,4.099
2016-06-04,HOUSEHOLD_1_351,4.9798
2016-06-05,HOUSEHOLD_1_351,5.0786
2016-06-06,HOUSEHOLD_1_351,6.4986
2016-06-07,HOUSEHOLD_1_351,5.1799
2016-06-08,HOUSEHOLD_1_351,4.1609
2016-06-09,HOUSEHOLD_1_351,4.0851
2016-06-10,HOUSEHOLD_1_351,4.1451
2016-06-11,HOUSEHOLD_1_351,5.1348
2016-06-12,HOUSEHOLD_1_351,5.0708
2016-06-13,HOUSEHOLD_1_351,6.9274
2016-06-14,HOUSEHOLD_1_351,5.2767
2016-06-15,HOUSEHOLD_1_351,4.1665
2016-06-16,HOUSEHOLD_1_351,4.1153
2016-06-17,HOUSEHOLD_1_351,3.9781
2016-06-18,HOUSEHOLD_1_351,4.6925
2016-06-19,HOUSEHOLD_1_351,4.8201
2016-06-20,HOUSEHOLD_1_351,6.256
2016-06-21,HOUSEHOLD_1_351,4.8147
2016-05-23,HOUSEHOLD_1_353,1.0129
2016-05-24,HOUSEHOLD_1_353,0.7918
2016-05-25,HOUSEHOLD_1_353,0.7006
2016-05-26,HOUSEHOLD_1_353,0.6895
2016-05-27,HOUSEHOLD_1_353,0.6577
2016-05-28,HOUSEHOLD_1_353,0.7242
2016-05-29,HOUSEHOLD_1_353,0.6808
2016-05-30,HOUSEHOLD_1_353,0.8405
2016-05-31,HOUSEHOLD_1_353,0.7078
2016-06-01,HOUSEHOLD_1_353,0.622
2016-06-02,HOUSEHOLD_1_353,0.6019
2016-06-03,HOUSEHOLD_1_353,0.5918
2016-06-04,HOUSEHOLD_1_353,0.6987
2016-06-05,HOUSEHOLD_1_353,0.5955
2016-06-06,HOUSEHOLD_1_353,0.7817
2016-06-07,HOUSEHOLD_1_353,0.6383
2016-06-08,HOUSEHOLD_1_353,0.5538
2016-06-09,HOUSEHOLD_1_353,0.528
2016-06-10,HOUSEHOLD_1_353,0.517
2016-06-11,HOUSEHOLD_1_353,0.5993
2016-06-12,HOUSEHOLD_1_353,0.57
2016-06-13,HOUSEHOLD_1_353,0.7593
2016-06-14,HOUSEHOLD_1_353,0.5989
2016-06-15,HOUSEHOLD_1_353,0.5227
2016-06-16,HOUSEHOLD_1_353,0.4868
2016-06-17,HOUSEHOLD_1_353,0.4613
2016-06-18,HOUSEHOLD_1_353,0.5344
2016-06-19,HOUSEHOLD_1_353,0.5291
2016-06-20,HOUSEHOLD_1_353,0.6969
2016-06-21,HOUSEHOLD_1_353,0.5203
2016-05-23,HOUSEHOLD_1_359,1.5303
2016-05-24,HOUSEHOLD_1_359,1.04
2016-05-25,HOUSEHOLD_1_359,0.9361
2016-05-26,HOUSEHOLD_1_359,0.817
2016-05-27,HOUSEHOLD_1_359,0.8929
2016-05-28,HOUSEHOLD_1_359,1.0696
2016-05-29,HOUSEHOLD_1_359,1.086
2016-05-30,HOUSEHOLD_1_359,1.4615
2016-05-31,HOUSEHOLD_1_359,1.0174
2016-06-01,HOUSEHOLD_1_359,0.7414
2016-06-02,HOUSEHOLD_1_359,0.7209
2016-06-03,HOUSEHOLD_1_359,0.7543
2016-06-04,HOUSEHOLD_1_359,0.9023
2016-06-05,HOUSEHOLD_1_359,0.9029
2016-06-06,HOUSEHOLD_1_359,1.2831
2016-06-07,HOUSEHOLD_1_359,0.8452
2016-06-08,HOUSEHOLD_1_359,0.6549
2016-06-09,HOUSEHOLD_1_359,0.6232
2016-06-10,HOUSEHOLD_1_359,0.6298
2016-06-11,HOUSEHOLD_1_359,0.7066
2016-06-12,HOUSEHOLD_1_359,0.7688
2016-06-13,HOUSEHOLD_1_359,1.1047
2016-06-14,HOUSEHOLD_1_359,0.7727
2016-06-15,HOUSEHOLD_1_359,0.6333
2016-06-16,HOUSEHOLD_1_359,0.5662
2016-06-17,HOUSEHOLD_1_359,0.5658
2016-06-18,HOUSEHOLD_1_359,0.7067
2016-06-19,HOUSEHOLD_1_359,0.6896
2016-06-20,HOUSEHOLD_1_359,1.056
2016-06-21,HOUSEHOLD_1_359,0.7322
2016-05-23,HOUSEHOLD_1_360,0.4675
2016-05-24,HOUSEHOLD_1_360,0.3905
2016-05-25,HOUSEHOLD_1_360,0.3393
2016-05-26,HOUSEHOLD_1_360,0.3297
2016-05-27,HOUSEHOLD_1_360,0.3163
2016-05-28,HOUSEHOLD_1_360,0.355
2016-05-29,HOUSEHOLD_1_360,0.3342
2016-05-30,HOUSEHOLD_1_360,0.4238
2016-05-31,HOUSEHOLD_1_360,0.3404
2016-06-01,HOUSEHOLD_1_360,0.3326
2016-06-02,HOUSEHOLD_1_360,0.3076
2016-06-03,HOUSEHOLD_1_360,0.3073
2016-06-04,HOUSEHOLD_1_360,0.2982
2016-06-05,HOUSEHOLD_1_360,0.3176
2016-06-06,HOUSEHOLD_1_360,0.4239
2016-06-07,HOUSEHOLD_1_360,0.3553
2016-06-08,HOUSEHOLD_1_360,0.3411
2016-06-09,HOUSEHOLD_1_360,0.3318
2016-06-10,HOUSEHOLD_1_360,0.3109
2016-06-11,HOUSEHOLD_1_360,0.3203
2016-06-12,HOUSEHOLD_1_360,0.3203
2016-06-13,HOUSEHOLD_1_360,0.4263
2016-06-14,HOUSEHOLD_1_360,0.3408
2016-06-15,HOUSEHOLD_1_360,0.321
2016-06-16,HOUSEHOLD_1_360,0.3137
2016-06-17,HOUSEHOLD_1_360,0.3081
2016-06-18,HOUSEHOLD_1_360,0.3203
2016-06-19,HOUSEHOLD_1_360,0.2688
2016-06-20,HOUSEHOLD_1_360,0.432
2016-06-21,HOUSEHOLD_1_360,0.3194
2016-05-23,HOUSEHOLD_1_361,6.3336
2016-05-24,HOUSEHOLD_1_361,5.2866
2016-05-25,HOUSEHOLD_1_361,4.2534
2016-05-26,HOUSEHOLD_1_361,4.2481
2016-05-27,HOUSEHOLD_1_361,4.1693
2016-05-28,HOUSEHOLD_1_361,5.4753
2016-05-29,HOUSEHOLD_1_361,4.9302
2016-05-30,HOUSEHOLD_1_361,6.2688
2016-05-31,HOUSEHOLD_1_361,5.0088
2016-06-01,HOUSEHOLD_1_361,4.4634
2016-06-02,HOUSEHOLD_1_361,4.1873
2016-06-03,HOUSEHOLD_1_361,4.3709
2016-06-04,HOUSEHOLD_1_361,5.5406
2016-06-05,HOUSEHOLD_1_361,5.0166
2016-06-06,HOUSEHOLD_1_361,6.5019
2016-06-07,HOUSEHOLD_1_361,5.1739
2016-06-08,HOUSEHOLD_1_361,4.1786
2016-06-09,HOUSEHOLD_1_361,4.1473
2016-06-10,HOUSEHOLD_1_361,4.1076
2016-06-11,HOUSEHOLD_1_361,5.3539
2016-06-12,HOUSEHOLD_1_361,5.0475
2016-06-13,HOUSEHOLD_1_361,6.4907
2016-06-14,HOUSEHOLD_1_361,5.0981
2016-06-15,HOUSEHOLD_1_361,4.017
2016-06-16,HOUSEHOLD_1_361,4.1581
2016-06-17,HOUSEHOLD_1_361,3.9791
2016-06-18,HOUSEHOLD_1_361,5.4062
2016-06-19,HOUSEHOLD_1_361,4.9997
2016-06-20,HOUSEHOLD_1_361,6.7677
2016-06-21,HOUSEHOLD_1_361,5.0967
2016-05-23,HOUSEHOLD_1_369,1.916
2016-05-24,HOUSEHOLD_1_369,1.5222
2016-05-25,HOUSEHOLD_1_369,1.466
2016-05-26,HOUSEHOLD_1_369,1.4061
2016-05-27,HOUSEHOLD_1_369,1.4335
2016-05-28,HOUSEHOLD_1_369,1.6537
2016-05-29,HOUSEHOLD_1_369,1.3211
2016-05-30,HOUSEHOLD_1_369,2.0351
2016-05-31,HOUSEHOLD_1_369,1.5607
2016-06-01,HOUSEHOLD_1_369,1.2682
2016-06-02,HOUSEHOLD_1_369,1.2176
2016-06-03,HOUSEHOLD_1_369,1.3959
2016-06-04,HOUSEHOLD_1_369,1.3968
2016-06-05,HOUSEHOLD_1_369,1.2377
2016-06-06,HOUSEHOLD_1_369,1.8906
2016-06-07,HOUSEHOLD_1_369,1.2957
2016-06-08,HOUSEHOLD_1_369,1.0035
2016-06-09,HOUSEHOLD_1_369,0.9652
2016-06-10,HOUSEHOLD_1_369,1.0482
2016-06-11,HOUSEHOLD_1_369,1.2244
2016-06-12,HOUSEHOLD_1_369,1.2004
2016-06-13,HOUSEHOLD_1_369,1.755
2016-06-14,HOUSEHOLD_1_369,1.2135
2016-06-15,HOUSEHOLD_1_369,1.0434
2016-06-16,HOUSEHOLD_1_369,0.9791
2016-06-17,HOUSEHOLD_1_369,1.176
2016-06-18,HOUSEHOLD_1_369,1.4567
2016-06-19,HOUSEHOLD_1_369,1.3091
2016-06-20,HOUSEHOLD_1_369,1.8255
2016-06-21,HOUSEHOLD_1_369,1.4054
2016-05-23,HOUSEHOLD_1_370,1.5559
2016-05-24,HOUSEHOLD_1_370,1.1545
2016-05-25,HOUSEHOLD_1_370,0.9688
2016-05-26,HOUSEHOLD_1_370,0.9727
2016-05-27,HOUSEHOLD_1_370,0.9449
2016-05-28,HOUSEHOLD_1_370,1.0672
2016-05-29,HOUSEHOLD_1_370,1.0574
2016-05-30,HOUSEHOLD_1_370,1.5633
2016-05-31,HOUSEHOLD_1_370,1.0262
2016-06-01,HOUSEHOLD_1_370,0.9317
2016-06-02,HOUSEHOLD_1_370,0.9127
2016-06-03,HOUSEHOLD_1_370,0.905
2016-06-04,HOUSEHOLD_1_370,0.9696
2016-06-05,HOUSEHOLD_1_370,1.0299
2016-06-06,HOUSEHOLD_1_370,1.3993
2016-06-07,HOUSEHOLD_1_370,0.9686
2016-06-08,HOUSEHOLD_1_370,0.8107
2016-06-09,HOUSEHOLD_1_370,0.7642
2016-06-10,HOUSEHOLD_1_370,0.7584
2016-06-11,HOUSEHOLD_1_370,0.9564
2016-06-12,HOUSEHOLD_1_370,0.9028
2016-06-13,HOUSEHOLD_1_370,1.1982
2016-06-14,HOUSEHOLD_1_370,0.846
2016-06-15,HOUSEHOLD_1_370,0.7303
2016-06-16,HOUSEHOLD_1_370,0.6289
2016-06-17,HOUSEHOLD_1_370,0.6739
2016-06-18,HOUSEHOLD_1_370,0.7986
2016-06-19,HOUSEHOLD_1_370,0.8018
2016-06-20,HOUSEHOLD_1_370,1.1774
2016-06-21,HOUSEHOLD_1_370,0.7625
2016-05-23,HOUSEHOLD_1_372,0.8941
2016-05-24,HOUSEHOLD_1_372,1.172
2016-05-25,HOUSEHOLD_1_372,1.0085
2016-05-26,HOUSEHOLD_1_372,1.0864
2016-05-27,HOUSEHOLD_1_372,1.1443
2016-05-28,HOUSEHOLD_1_372,1.1636
2016-05-29,HOUSEHOLD_1_372,1.2102
2016-05-30,HOUSEHOLD_1_372,1.3805
2016-05-31,HOUSEHOLD_1_372,1.0123
2016-06-01,HOUSEHOLD_1_372,0.8344
2016-06-02,HOUSEHOLD_1_372,0.8812
2016-06-03,HOUSEHOLD_1_372,0.9012
2016-06-04,HOUSEHOLD_1_372,1.0417
2016-06-05,HOUSEHOLD_1_372,1.0725
2016-06-06,HOUSEHOLD_1_372,1.414
2016-06-07,HOUSEHOLD_1_372,1.0181
2016-06-08,HOUSEHOLD_1_372,0.7408
2016-06-09,HOUSEHOLD_1_372,0.7013
2016-06-10,HOUSEHOLD_1_372,0.7009
2016-06-11,HOUSEHOLD_1_372,0.9364
2016-06-12,HOUSEHOLD_1_372,0.9423
2016-06-13,HOUSEHOLD_1_372,1.2388
2016-06-14,HOUSEHOLD_1_372,0.8002
2016-06-15,HOUSEHOLD_1_372,0.6729
2016-06-16,HOUSEHOLD_1_372,0.6333
2016-06-17,HOUSEHOLD_1_372,0.6329
2016-06-18,HOUSEHOLD_1_372,0.8652
2016-06-19,HOUSEHOLD_1_372,0.8475
2016-06-20,HOUSEHOLD_1_372,1.2543
2016-06-21,HOUSEHOLD_1_372,0.7722
2016-05-23,HOUSEHOLD_1_373,3.4335
2016-05-24,HOUSEHOLD_1_373,2.7556
2016-05-25,HOUSEHOLD_1_373,2.4161
2016-05-26,HOUSEHOLD_1_373,2.3481
2016-05-27,HOUSEHOLD_1_373,2.4167
2016-05-28,HOUSEHOLD_1_373,2.4809
2016-05-29,HOUSEHOLD_1_373,2.7777
2016-05-30,HOUSEHOLD_1_373,3.5801
2016-05-31,HOUSEHOLD_1_373,2.7807
2016-06-01,HOUSEHOLD_1_373,2.4747
2016-06-02,HOUSEHOLD_1_373,2.3441
2016-06-03,HOUSEHOLD_1_373,2.3605
2016-06-04,HOUSEHOLD_1_373,2.1216
2016-06-05,HOUSEHOLD_1_373,2.3332
2016-06-06,HOUSEHOLD_1_373,2.6877
2016-06-07,HOUSEHOLD_1_373,1.9852
2016-06-08,HOUSEHOLD_1_373,1.6287
2016-06-09,HOUSEHOLD_1_373,1.7777
2016-06-10,HOUSEHOLD_1_373,1.6923
2016-06-11,HOUSEHOLD_1_373,1.8055
2016-06-12,HOUSEHOLD_1_373,1.8143
2016-06-13,HOUSEHOLD_1_373,3.2068
2016-06-14,HOUSEHOLD_1_373,2.3936
2016-06-15,HOUSEHOLD_1_373,1.9574
2016-06-16,HOUSEHOLD_1_373,1.6651
2016-06-17,HOUSEHOLD_1_373,1.6865
2016-06-18,HOUSEHOLD_1_373,2.0267
2016-06-19,HOUSEHOLD_1_373,1.8444
2016-06-20,HOUSEHOLD_1_373,3.0174
2016-06-21,HOUSEHOLD_1_373,2.1955
2016-05-23,HOUSEHOLD_1_376,2.3462
2016-05-24,HOUSEHOLD_1_376,1.8048
2016-05-25,HOUSEHOLD_1_376,1.4871
2016-05-26,HOUSEHOLD_1_376,1.59
2016-05-27,HOUSEHOLD_1_376,1.4758
2016-05-28,HOUSEHOLD_1_376,1.8386
2016-05-29,HOUSEHOLD_1_376,1.8778
2016-05-30,HOUSEHOLD_1_376,2.2981
2016-05-31,HOUSEHOLD_1_376,1.7216
2016-06-01,HOUSEHOLD_1_376,1.2558
2016-06-02,HOUSEHOLD_1_376,1.2618
2016-06-03,HOUSEHOLD_1_376,1.1887
2016-06-04,HOUSEHOLD_1_376,1.7082
2016-06-05,HOUSEHOLD_1_376,1.5571
2016-06-06,HOUSEHOLD_1_376,1.7493
2016-06-07,HOUSEHOLD_1_376,1.4878
2016-06-08,HOUSEHOLD_1_376,1.1112
2016-06-09,HOUSEHOLD_1_376,0.9602
2016-06-10,HOUSEHOLD_1_376,0.9809
2016-06-11,HOUSEHOLD_1_376,1.2699
2016-06-12,HOUSEHOLD_1_376,1.193
2016-06-13,HOUSEHOLD_1_376,1.6977
2016-06-14,HOUSEHOLD_1_376,1.3592
2016-06-15,HOUSEHOLD_1_376,0.9408
2016-06-16,HOUSEHOLD_1_376,0.8838
2016-06-17,HOUSEHOLD_1_376,1.0338
2016-06-18,HOUSEHOLD_1_376,1.2705
2016-06-19,HOUSEHOLD_1_376,1.2808
2016-06-20,HOUSEHOLD_1_376,1.6806
2016-06-21,HOUSEHOLD_1_376,1.3523
2016-05-23,HOUSEHOLD_1_379,1.2472
2016-05-24,HOUSEHOLD_1_379,1.0196
2016-05-25,HOUSEHOLD_1_379,0.9428
2016-05-26,HOUSEHOLD_1_379,0.8822
2016-05-27,HOUSEHOLD_1_379,0.9635
2016-05-28,HOUSEHOLD_1_379,1.1338
2016-05-29,HOUSEHOLD_1_379,1.1031
2016-05-30,HOUSEHOLD_1_379,1.2861
2016-05-31,HOUSEHOLD_1_379,1.039
2016-06-01,HOUSEHOLD_1_379,0.9021
2016-06-02,HOUSEHOLD_1_379,0.8072
2016-06-03,HOUSEHOLD_1_379,0.8785
2016-06-04,HOUSEHOLD_1_379,0.9933
2016-06-05,HOUSEHOLD_1_379,1.0441
2016-06-06,HOUSEHOLD_1_379,1.1839
2016-06-07,HOUSEHOLD_1_379,0.9463
2016-06-08,HOUSEHOLD_1_379,0.8218
2016-06-09,HOUSEHOLD_1_379,0.8324
2016-06-10,HOUSEHOLD_1_379,0.9867
2016-06-11,HOUSEHOLD_1_379,0.9978
2016-06-12,HOUSEHOLD_1_379,0.9978
2016-06-13,HOUSEHOLD_1_379,1.227
2016-06-14,HOUSEHOLD_1_379,0.8976
2016-06-15,HOUSEHOLD_1_379,0.8172
2016-06-16,HOUSEHOLD_1_379,0.831
2016-06-17,HOUSEHOLD_1_379,0.8572
2016-06-18,HOUSEHOLD_1_379,0.9785
2016-06-19,HOUSEHOLD_1_379,0.938
2016-06-20,HOUSEHOLD_1_379,1.1556
2016-06-21,HOUSEHOLD_1_379,0.8234
2016-05-23,HOUSEHOLD_1_380,0.936
2016-05-24,HOUSEHOLD_1_380,0.6794
2016-05-25,HOUSEHOLD_1_380,0.6184
2016-05-26,HOUSEHOLD_1_380,0.6108
2016-05-27,HOUSEHOLD_1_380,0.604
2016-05-28,HOUSEHOLD_1_380,0.6709
2016-05-29,HOUSEHOLD_1_380,0.6543
2016-05-30,HOUSEHOLD_1_380,0.7668
2016-05-31,HOUSEHOLD_1_380,0.6086
2016-06-01,HOUSEHOLD_1_380,0.5375
2016-06-02,HOUSEHOLD_1_380,0.5513
2016-06-03,HOUSEHOLD_1_380,0.5343
2016-06-04,HOUSEHOLD_1_380,0.6485
2016-06-05,HOUSEHOLD_1_380,0.6049
2016-06-06,HOUSEHOLD_1_380,0.7697
2016-06-07,HOUSEHOLD_1_380,0.5769
2016-06-08,HOUSEHOLD_1_380,0.5123
2016-06-09,HOUSEHOLD_1_380,0.4936
2016-06-10,HOUSEHOLD_1_380,0.4886
2016-06-11,HOUSEHOLD_1_380,0.5606
2016-06-12,HOUSEHOLD_1_380,0.5606
2016-06-13,HOUSEHOLD_1_380,0.7942
2016-06-14,HOUSEHOLD_1_380,0.579
2016-06-15,HOUSEHOLD_1_380,0.5141
2016-06-16,HOUSEHOLD_1_380,0.4761
2016-06-17,HOUSEHOLD_1_380,0.4658
2016-06-18,HOUSEHOLD_1_380,0.5606
2016-06-19,HOUSEHOLD_1_380,0.582
2016-06-20,HOUSEHOLD_1_380,0.7947
2016-06-21,HOUSEHOLD_1_380,0.3554
2016-05-23,HOUSEHOLD_1_383,2.1467
2016-05-24,HOUSEHOLD_1_383,1.754
2016-05-25,HOUSEHOLD_1_383,1.4428
2016-05-26,HOUSEHOLD_1_383,1.3772
2016-05-27,HOUSEHOLD_1_383,1.4697
2016-05-28,HOUSEHOLD_1_383,1.6214
2016-05-29,HOUSEHOLD_1_383,1.5909
2016-05-30,HOUSEHOLD_1_383,2.507
2016-05-31,HOUSEHOLD_1_383,1.808
2016-06-01,HOUSEHOLD_1_383,1.3188
2016-06-02,HOUSEHOLD_1_383,1.207
2016-06-03,HOUSEHOLD_1_383,1.3018
2016-06-04,HOUSEHOLD_1_383,1.5254
2016-06-05,HOUSEHOLD_1_383,1.6223
2016-06-06,HOUSEHOLD_1_383,2.0328
2016-06-07,HOUSEHOLD_1_383,1.5287
2016-06-08,HOUSEHOLD_1_383,1.2489
2016-06-09,HOUSEHOLD_1_383,1.2562
2016-06-10,HOUSEHOLD_1_383,1.2329
2016-06-11,HOUSEHOLD_1_383,1.5615
2016-06-12,HOUSEHOLD_1_383,1.5112
2016-06-13,HOUSEHOLD_1_383,2.1468
2016-06-14,HOUSEHOLD_1_383,1.5938
2016-06-15,HOUSEHOLD_1_383,1.1887
2016-06-16,HOUSEHOLD_1_383,1.0965
2016-06-17,HOUSEHOLD_1_383,1.0949
2016-06-18,HOUSEHOLD_1_383,1.3817
2016-06-19,HOUSEHOLD_1_383,1.3211
2016-06-20,HOUSEHOLD_1_383,1.8682
2016-06-21,HOUSEHOLD_1_383,1.3813
2016-05-23,HOUSEHOLD_1_385,2.5311
2016-05-24,HOUSEHOLD_1_385,2.0324
2016-05-25,HOUSEHOLD_1_385,1.621
2016-05-26,HOUSEHOLD_1_385,1.626
2016-05-27,HOUSEHOLD_1_385,1.6278
2016-05-28,HOUSEHOLD_1_385,1.9243
2016-05-29,HOUSEHOLD_1_385,1.7369
2016-05-30,HOUSEHOLD_1_385,2.5453
2016-05-31,HOUSEHOLD_1_385,1.9973
2016-06-01,HOUSEHOLD_1_385,1.5143
2016-06-02,HOUSEHOLD_1_385,1.5382
2016-06-03,HOUSEHOLD_1_385,1.4778
2016-06-04,HOUSEHOLD_1_385,1.7127
2016-06-05,HOUSEHOLD_1_385,1.5427
2016-06-06,HOUSEHOLD_1_385,2.15
2016-06-07,HOUSEHOLD_1_385,1.7173
2016-06-08,HOUSEHOLD_1_385,1.3473
2016-06-09,HOUSEHOLD_1_385,1.2866
2016-06-10,HOUSEHOLD_1_385,1.2631
2016-06-11,HOUSEHOLD_1_385,1.5312
2016-06-12,HOUSEHOLD_1_385,1.5146
2016-06-13,HOUSEHOLD_1_385,1.9748
2016-06-14,HOUSEHOLD_1_385,1.4676
2016-06-15,HOUSEHOLD_1_385,1.1785
2016-06-16,HOUSEHOLD_1_385,1.1642
2016-06-17,HOUSEHOLD_1_385,1.1257
2016-06-18,HOUSEHOLD_1_385,1.2707
2016-06-19,HOUSEHOLD_1_385,1.3444
2016-06-20,HOUSEHOLD_1_385,2.1371
2016-06-21,HOUSEHOLD_1_385,1.4025
2016-05-23,HOUSEHOLD_1_386,2.159
2016-05-24,HOUSEHOLD_1_386,1.807
2016-05-25,HOUSEHOLD_1_386,1.4782
2016-05-26,HOUSEHOLD_1_386,1.4267
2016-05-27,HOUSEHOLD_1_386,1.4594
2016-05-28,HOUSEHOLD_1_386,1.6901
2016-05-29,HOUSEHOLD_1_386,1.6856
2016-05-30,HOUSEHOLD_1_386,2.2166
2016-05-31,HOUSEHOLD_1_386,1.7334
2016-06-01,HOUSEHOLD_1_386,1.4159
2016-06-02,HOUSEHOLD_1_386,1.3431
2016-06-03,HOUSEHOLD_1_386,1.3363
2016-06-04,HOUSEHOLD_1_386,1.5948
2016-06-05,HOUSEHOLD_1_386,1.5864
2016-06-06,HOUSEHOLD_1_386,1.8464
2016-06-07,HOUSEHOLD_1_386,1.5084
2016-06-08,HOUSEHOLD_1_386,1.1536
2016-06-09,HOUSEHOLD_1_386,1.1303
2016-06-10,HOUSEHOLD_1_386,1.1999
2016-06-11,HOUSEHOLD_1_386,1.4644
2016-06-12,HOUSEHOLD_1_386,1.3166
2016-06-13,HOUSEHOLD_1_386,1.7545
2016-06-14,HOUSEHOLD_1_386,1.3241
2016-06-15,HOUSEHOLD_1_386,1.2053
2016-06-16,HOUSEHOLD_1_386,1.0239
2016-06-17,HOUSEHOLD_1_386,1.0268
2016-06-18,HOUSEHOLD_1_386,1.2628
2016-06-19,HOUSEHOLD_1_386,1.3896
2016-06-20,HOUSEHOLD_1_386,1.8293
2016-06-21,HOUSEHOLD_1_386,1.3359
2016-05-23,HOUSEHOLD_1_387,3.5452
2016-05-24,HOUSEHOLD_1_387,2.6903
2016-05-25,HOUSEHOLD_1_387,2.1882
2016-05-26,HOUSEHOLD_1_387,2.0811
2016-05-27,HOUSEHOLD_1_387,2.1317
2016-05-28,HOUSEHOLD_1_387,2.4316
2016-05-29,HOUSEHOLD_1_387,2.4285
2016-05-30,HOUSEHOLD_1_387,3.3513
2016-05-31,HOUSEHOLD_1_387,2.6199
2016-06-01,HOUSEHOLD_1_387,2.1984
2016-06-02,HOUSEHOLD_1_387,2.0621
2016-06-03,HOUSEHOLD_1_387,2.0616
2016-06-04,HOUSEHOLD_1_387,2.3523
2016-06-05,HOUSEHOLD_1_387,2.2971
2016-06-06,HOUSEHOLD_1_387,3.2686
2016-06-07,HOUSEHOLD_1_387,2.2338
2016-06-08,HOUSEHOLD_1_387,1.7547
2016-06-09,HOUSEHOLD_1_387,1.9645
2016-06-10,HOUSEHOLD_1_387,2.0338
2016-06-11,HOUSEHOLD_1_387,2.1452
2016-06-12,HOUSEHOLD_1_387,2.274
2016-06-13,HOUSEHOLD_1_387,3.0403
2016-06-14,HOUSEHOLD_1_387,2.0006
2016-06-15,HOUSEHOLD_1_387,1.6057
2016-06-16,HOUSEHOLD_1_387,1.8318
2016-06-17,HOUSEHOLD_1_387,1.7634
2016-06-18,HOUSEHOLD_1_387,1.845
2016-06-19,HOUSEHOLD_1_387,2.0924
2016-06-20,HOUSEHOLD_1_387,3.2604
2016-06-21,HOUSEHOLD_1_387,2.1149
2016-05-23,HOUSEHOLD_1_389,5.1425
2016-05-24,HOUSEHOLD_1_389,3.4204
2016-05-25,HOUSEHOLD_1_389,2.8885
2016-05-26,HOUSEHOLD_1_389,3.1107
2016-05-27,HOUSEHOLD_1_389,3.2702
2016-05-28,HOUSEHOLD_1_389,3.8553
2016-05-29,HOUSEHOLD_1_389,3.982
2016-05-30,HOUSEHOLD_1_389,4.8588
2016-05-31,HOUSEHOLD_1_389,3.4171
2016-06-01,HOUSEHOLD_1_389,2.8879
2016-06-02,HOUSEHOLD_1_389,2.961
2016-06-03,HOUSEHOLD_1_389,3.1371
2016-06-04,HOUSEHOLD_1_389,3.7617
2016-06-05,HOUSEHOLD_1_389,3.7712
2016-06-06,HOUSEHOLD_1_389,4.7173
2016-06-07,HOUSEHOLD_1_389,3.4599
2016-06-08,HOUSEHOLD_1_389,2.8604
2016-06-09,HOUSEHOLD_1_389,2.9334
2016-06-10,HOUSEHOLD_1_389,3.3149
2016-06-11,HOUSEHOLD_1_389,3.8978
2016-06-12,HOUSEHOLD_1_389,4.0343
2016-06-13,HOUSEHOLD_1_389,4.9426
2016-06-14,HOUSEHOLD_1_389,3.5
2016-06-15,HOUSEHOLD_1_389,2.8773
2016-06-16,HOUSEHOLD_1_389,3.0342
2016-06-17,HOUSEHOLD_1_389,3.2084
2016-06-18,HOUSEHOLD_1_389,3.642
2016-06-19,HOUSEHOLD_1_389,3.9195
2016-06-20,HOUSEHOLD_1_389,4.5852
2016-06-21,HOUSEHOLD_1_389,3.3006
2016-05-23,HOUSEHOLD_1_393,1.2599
2016-05-24,HOUSEHOLD_1_393,0.9701
2016-05-25,HOUSEHOLD_1_393,0.9051
2016-05-26,HOUSEHOLD_1_393,0.8697
2016-05-27,HOUSEHOLD_1_393,0.8803
2016-05-28,HOUSEHOLD_1_393,0.979
2016-05-29,HOUSEHOLD_1_393,0.9291
2016-05-30,HOUSEHOLD_1_393,1.2821
2016-05-31,HOUSEHOLD_1_393,0.9071
2016-06-01,HOUSEHOLD_1_393,0.8577
2016-06-02,HOUSEHOLD_1_393,0.7946
2016-06-03,HOUSEHOLD_1_393,0.839
2016-06-04,HOUSEHOLD_1_393,1.0119
2016-06-05,HOUSEHOLD_1_393,0.9065
2016-06-06,HOUSEHOLD_1_393,1.0732
2016-06-07,HOUSEHOLD_1_393,0.9252
2016-06-08,HOUSEHOLD_1_393,0.8218
2016-06-09,HOUSEHOLD_1_393,0.6309
2016-06-10,HOUSEHOLD_1_393,0.7295
2016-06-11,HOUSEHOLD_1_393,0.7798
2016-06-12,HOUSEHOLD_1_393,0.8233
2016-06-13,HOUSEHOLD_1_393,1.0063
2016-06-14,HOUSEHOLD_1_393,0.7859
2016-06-15,HOUSEHOLD_1_393,0.6464
2016-06-16,HOUSEHOLD_1_393,0.6241
2016-06-17,HOUSEHOLD_1_393,0.6783
2016-06-18,HOUSEHOLD_1_393,0.7058
2016-06-19,HOUSEHOLD_1_393,0.7559
2016-06-20,HOUSEHOLD_1_393,0.9239
2016-06-21,HOUSEHOLD_1_393,0.6851
2016-05-23,HOUSEHOLD_1_397,1.7204
2016-05-24,HOUSEHOLD_1_397,1.3713
2016-05-25,HOUSEHOLD_1_397,1.2297
2016-05-26,HOUSEHOLD_1_397,1.2919
2016-05-27,HOUSEHOLD_1_397,1.3258
2016-05-28,HOUSEHOLD_1_397,1.5796
2016-05-29,HOUSEHOLD_1_397,1.6355
2016-05-30,HOUSEHOLD_1_397,2.0015
2016-05-31,HOUSEHOLD_1_397,1.5446
2016-06-01,HOUSEHOLD_1_397,1.4555
2016-06-02,HOUSEHOLD_1_397,1.3348
2016-06-03,HOUSEHOLD_1_397,1.4782
2016-06-04,HOUSEHOLD_1_397,1.6177
2016-06-05,HOUSEHOLD_1_397,1.5708
2016-06-06,HOUSEHOLD_1_397,1.7974
2016-06-07,HOUSEHOLD_1_397,1.2326
2016-06-08,HOUSEHOLD_1_397,1.14
2016-06-09,HOUSEHOLD_1_397,1.135
2016-06-10,HOUSEHOLD_1_397,1.1517
2016-06-11,HOUSEHOLD_1_397,1.5368
2016-06-12,HOUSEHOLD_1_397,1.2668
2016-06-13,HOUSEHOLD_1_397,1.5213
2016-06-14,HOUSEHOLD_1_397,1.1794
2016-06-15,HOUSEHOLD_1_397,1.1123
2016-06-16,HOUSEHOLD_1_397,1.0677
2016-06-17,HOUSEHOLD_1_397,1.0442
2016-06-18,HOUSEHOLD_1_397,1.206
2016-06-19,HOUSEHOLD_1_397,1.348
2016-06-20,HOUSEHOLD_1_397,1.2819
2016-06-21,HOUSEHOLD_1_397,0.9813
2016-05-23,HOUSEHOLD_1_399,12.0579
2016-05-24,HOUSEHOLD_1_399,8.2087
2016-05-25,HOUSEHOLD_1_399,7.0183
2016-05-26,HOUSEHOLD_1_399,7.3492
2016-05-27,HOUSEHOLD_1_399,7.4996
2016-05-28,HOUSEHOLD_1_399,8.7395
2016-05-29,HOUSEHOLD_1_399,9.3723
2016-05-30,HOUSEHOLD_1_399,11.0989
2016-05-31,HOUSEHOLD_1_399,7.6508
2016-06-01,HOUSEHOLD_1_399,6.9936
2016-06-02,HOUSEHOLD_1_399,6.5564
2016-06-03,HOUSEHOLD_1_399,7.2737
2016-06-04,HOUSEHOLD_1_399,8.419
2016-06-05,HOUSEHOLD_1_399,8.4913
2016-06-06,HOUSEHOLD_1_399,10.0127
2016-06-07,HOUSEHOLD_1_399,7.5983
2016-06-08,HOUSEHOLD_1_399,6.5632
2016-06-09,HOUSEHOLD_1_399,6.5187
2016-06-10,HOUSEHOLD_1_399,6.6281
2016-06-11,HOUSEHOLD_1_399,7.7361
2016-06-12,HOUSEHOLD_1_399,7.804
2016-06-13,HOUSEHOLD_1_399,10.6614
2016-06-14,HOUSEHOLD_1_399,7.4898
2016-06-15,HOUSEHOLD_1_399,6.5365
2016-06-16,HOUSEHOLD_1_399,6.3933
2016-06-17,HOUSEHOLD_1_399,6.5338
2016-06-18,HOUSEHOLD_1_399,7.7975
2016-06-19,HOUSEHOLD_1_399,7.9601
2016-06-20,HOUSEHOLD_1_399,10.4495
2016-06-21,HOUSEHOLD_1_399,7.5781
2016-05-23,HOUSEHOLD_1_403,0.7425
2016-05-24,HOUSEHOLD_1_403,0.5721
2016-05-25,HOUSEHOLD_1_403,0.4791
2016-05-26,HOUSEHOLD_1_403,0.4846
2016-05-27,HOUSEHOLD_1_403,0.4898
2016-05-28,HOUSEHOLD_1_403,0.4929
2016-05-29,HOUSEHOLD_1_403,0.4947
2016-05-30,HOUSEHOLD_1_403,0.6033
2016-05-31,HOUSEHOLD_1_403,0.5343
2016-06-01,HOUSEHOLD_1_403,0.4129
2016-06-02,HOUSEHOLD_1_403,0.4223
2016-06-03,HOUSEHOLD_1_403,0.4329
2016-06-04,HOUSEHOLD_1_403,0.4692
2016-06-05,HOUSEHOLD_1_403,0.4648
2016-06-06,HOUSEHOLD_1_403,0.5501
2016-06-07,HOUSEHOLD_1_403,0.4483
2016-06-08,HOUSEHOLD_1_403,0.4075
2016-06-09,HOUSEHOLD_1_403,0.3978
2016-06-10,HOUSEHOLD_1_403,0.3895
2016-06-11,HOUSEHOLD_1_403,0.378
2016-06-12,HOUSEHOLD_1_403,0.3825
2016-06-13,HOUSEHOLD_1_403,0.4714
2016-06-14,HOUSEHOLD_1_403,0.439
2016-06-15,HOUSEHOLD_1_403,0.4049
2016-06-16,HOUSEHOLD_1_403,0.4031
2016-06-17,HOUSEHOLD_1_403,0.3867
2016-06-18,HOUSEHOLD_1_403,0.3819
2016-06-19,HOUSEHOLD_1_403,0.4209
2016-06-20,HOUSEHOLD_1_403,0.5069
2016-06-21,HOUSEHOLD_1_403,0.4072
2016-05-23,HOUSEHOLD_1_404,1.4735
2016-05-24,HOUSEHOLD_1_404,1.0417
2016-05-25,HOUSEHOLD_1_404,1.0578
2016-05-26,HOUSEHOLD_1_404,0.9871
2016-05-27,HOUSEHOLD_1_404,0.9587
2016-05-28,HOUSEHOLD_1_404,1.1298
2016-05-29,HOUSEHOLD_1_404,1.0628
2016-05-30,HOUSEHOLD_1_404,1.3636
2016-05-31,HOUSEHOLD_1_404,0.9515
2016-06-01,HOUSEHOLD_1_404,0.8988
2016-06-02,HOUSEHOLD_1_404,0.8722
2016-06-03,HOUSEHOLD_1_404,0.8843
2016-06-04,HOUSEHOLD_1_404,1.023
2016-06-05,HOUSEHOLD_1_404,0.9289
2016-06-06,HOUSEHOLD_1_404,1.3036
2016-06-07,HOUSEHOLD_1_404,0.8796
2016-06-08,HOUSEHOLD_1_404,0.7559
2016-06-09,HOUSEHOLD_1_404,0.7342
2016-06-10,HOUSEHOLD_1_404,0.7939
2016-06-11,HOUSEHOLD_1_404,0.7708
2016-06-12,HOUSEHOLD_1_404,0.7009
2016-06-13,HOUSEHOLD_1_404,1.0089
2016-06-14,HOUSEHOLD_1_404,0.6942
2016-06-15,HOUSEHOLD_1_404,0.6277
2016-06-16,HOUSEHOLD_1_404,0.6216
2016-06-17,HOUSEHOLD_1_404,0.613
2016-06-18,HOUSEHOLD_1_404,0.7881
2016-06-19,HOUSEHOLD_1_404,0.6718
2016-06-20,HOUSEHOLD_1_404,1.0374
2016-06-21,HOUSEHOLD_1_404,0.6869
2016-05-23,HOUSEHOLD_1_408,2.3032
2016-05-24,HOUSEHOLD_1_408,1.7335
2016-05-25,HOUSEHOLD_1_408,1.5141
2016-05-26,HOUSEHOLD_1_408,1.5222
2016-05-27,HOUSEHOLD_1_408,1.5311
2016-05-28,HOUSEHOLD_1_408,1.8203
2016-05-29,HOUSEHOLD_1_408,1.8255
2016-05-30,HOUSEHOLD_1_408,2.2857
2016-05-31,HOUSEHOLD_1_408,1.6499
2016-06-01,HOUSEHOLD_1_408,1.385
2016-06-02,HOUSEHOLD_1_408,1.39
2016-06-03,HOUSEHOLD_1_408,1.3222
2016-06-04,HOUSEHOLD_1_408,1.5835
2016-06-05,HOUSEHOLD_1_408,1.5838
2016-06-06,HOUSEHOLD_1_408,1.9217
2016-06-07,HOUSEHOLD_1_408,1.3838
2016-06-08,HOUSEHOLD_1_408,1.1249
2016-06-09,HOUSEHOLD_1_408,1.2429
2016-06-10,HOUSEHOLD_1_408,1.2726
2016-06-11,HOUSEHOLD_1_408,1.5102
2016-06-12,HOUSEHOLD_1_408,1.4805
2016-06-13,HOUSEHOLD_1_408,1.8298
2016-06-14,HOUSEHOLD_1_408,1.3016
2016-06-15,HOUSEHOLD_1_408,1.019
2016-06-16,HOUSEHOLD_1_408,1.0096
2016-06-17,HOUSEHOLD_1_408,0.9044
2016-06-18,HOUSEHOLD_1_408,1.2799
2016-06-19,HOUSEHOLD_1_408,1.313
2016-06-20,HOUSEHOLD_1_408,1.6234
2016-06-21,HOUSEHOLD_1_408,1.1024
2016-05-23,HOUSEHOLD_1_409,9.2661
2016-05-24,HOUSEHOLD_1_409,6.3124
2016-05-25,HOUSEHOLD_1_409,5.2601
2016-05-26,HOUSEHOLD_1_409,5.0539
2016-05-27,HOUSEHOLD_1_409,5.1408
2016-05-28,HOUSEHOLD_1_409,6.4257
2016-05-29,HOUSEHOLD_1_409,6.3791
2016-05-30,HOUSEHOLD_1_409,8.0694
2016-05-31,HOUSEHOLD_1_409,6.0174
2016-06-01,HOUSEHOLD_1_409,4.9318
2016-06-02,HOUSEHOLD_1_409,5.3601
2016-06-03,HOUSEHOLD_1_409,5.1143
2016-06-04,HOUSEHOLD_1_409,5.8084
2016-06-05,HOUSEHOLD_1_409,5.8231
2016-06-06,HOUSEHOLD_1_409,7.6184
2016-06-07,HOUSEHOLD_1_409,5.7292
2016-06-08,HOUSEHOLD_1_409,4.7447
2016-06-09,HOUSEHOLD_1_409,4.6883
2016-06-10,HOUSEHOLD_1_409,4.6944
2016-06-11,HOUSEHOLD_1_409,5.667
2016-06-12,HOUSEHOLD_1_409,5.662
2016-06-13,HOUSEHOLD_1_409,7.7613
2016-06-14,HOUSEHOLD_1_409,5.8522
2016-06-15,HOUSEHOLD_1_409,4.7843
2016-06-16,HOUSEHOLD_1_409,4.8478
2016-06-17,HOUSEHOLD_1_409,4.6564
2016-06-18,HOUSEHOLD_1_409,5.8188
2016-06-19,HOUSEHOLD_1_409,5.7635
2016-06-20,HOUSEHOLD_1_409,7.6682
2016-06-21,HOUSEHOLD_1_409,5.7149
2016-05-23,HOUSEHOLD_1_410,12.0402
2016-05-24,HOUSEHOLD_1_410,8.0259
2016-05-25,HOUSEHOLD_1_410,6.6522
2016-05-26,HOUSEHOLD_1_410,6.6334
2016-05-27,HOUSEHOLD_1_410,6.5169
2016-05-28,HOUSEHOLD_1_410,8.081
2016-05-29,HOUSEHOLD_1_410,8.3388
2016-05-30,HOUSEHOLD_1_410,10.3779
2016-05-31,HOUSEHOLD_1_410,7.7309
2016-06-01,HOUSEHOLD_1_410,6.7018
2016-06-02,HOUSEHOLD_1_410,6.46
2016-06-03,HOUSEHOLD_1_410,6.5447
2016-06-04,HOUSEHOLD_1_410,8.0406
2016-06-05,HOUSEHOLD_1_410,8.1639
2016-06-06,HOUSEHOLD_1_410,10.617
2016-06-07,HOUSEHOLD_1_410,7.7367
2016-06-08,HOUSEHOLD_1_410,6.4106
2016-06-09,HOUSEHOLD_1_410,6.2529
2016-06-10,HOUSEHOLD_1_410,6.2612
2016-06-11,HOUSEHOLD_1_410,7.9831
2016-06-12,HOUSEHOLD_1_410,7.7449
2016-06-13,HOUSEHOLD_1_410,10.1103
2016-06-14,HOUSEHOLD_1_410,7.4469
2016-06-15,HOUSEHOLD_1_410,6.3835
2016-06-16,HOUSEHOLD_1_410,6.1485
2016-06-17,HOUSEHOLD_1_410,6.1556
2016-06-18,HOUSEHOLD_1_410,7.3773
2016-06-19,HOUSEHOLD_1_410,7.5778
2016-06-20,HOUSEHOLD_1_410,10.4392
2016-06-21,HOUSEHOLD_1_410,7.5278
2016-05-23,HOUSEHOLD_1_411,2.5278
2016-05-24,HOUSEHOLD_1_411,2.0111
2016-05-25,HOUSEHOLD_1_411,1.5831
2016-05-26,HOUSEHOLD_1_411,1.527
2016-05-27,HOUSEHOLD_1_411,1.5937
2016-05-28,HOUSEHOLD_1_411,1.8439
2016-05-29,HOUSEHOLD_1_411,1.8988
2016-05-30,HOUSEHOLD_1_411,2.6881
2016-05-31,HOUSEHOLD_1_411,2.0074
2016-06-01,HOUSEHOLD_1_411,1.3729
2016-06-02,HOUSEHOLD_1_411,1.4849
2016-06-03,HOUSEHOLD_1_411,1.4926
2016-06-04,HOUSEHOLD_1_411,1.7785
2016-06-05,HOUSEHOLD_1_411,1.8217
2016-06-06,HOUSEHOLD_1_411,2.354
2016-06-07,HOUSEHOLD_1_411,1.8401
2016-06-08,HOUSEHOLD_1_411,1.4045
2016-06-09,HOUSEHOLD_1_411,1.1654
2016-06-10,HOUSEHOLD_1_411,1.2479
2016-06-11,HOUSEHOLD_1_411,1.5011
2016-06-12,HOUSEHOLD_1_411,1.4879
2016-06-13,HOUSEHOLD_1_411,2.091
2016-06-14,HOUSEHOLD_1_411,1.6298
2016-06-15,HOUSEHOLD_1_411,1.3924
2016-06-16,HOUSEHOLD_1_411,1.167
2016-06-17,HOUSEHOLD_1_411,1.2439
2016-06-18,HOUSEHOLD_1_411,1.4443
2016-06-19,HOUSEHOLD_1_411,1.4836
2016-06-20,HOUSEHOLD_1_411,2.3674
2016-06-21,HOUSEHOLD_1_411,1.5835
2016-05-23,HOUSEHOLD_1_414,6.3637
2016-05-24,HOUSEHOLD_1_414,5.5377
2016-05-25,HOUSEHOLD_1_414,5.1827
2016-05-26,HOUSEHOLD_1_414,5.0091
2016-05-27,HOUSEHOLD_1_414,5.4008
2016-05-28,HOUSEHOLD_1_414,5.7069
2016-05-29,HOUSEHOLD_1_414,5.814
2016-05-30,HOUSEHOLD_1_414,6.8694
2016-05-31,HOUSEHOLD_1_414,5.5238
2016-06-01,HOUSEHOLD_1_414,5.1768
2016-06-02,HOUSEHOLD_1_414,4.8917
2016-06-03,HOUSEHOLD_1_414,5.3356
2016-06-04,HOUSEHOLD_1_414,5.8806
2016-06-05,HOUSEHOLD_1_414,5.3805
2016-06-06,HOUSEHOLD_1_414,6.3995
2016-06-07,HOUSEHOLD_1_414,5.1308
2016-06-08,HOUSEHOLD_1_414,4.6675
2016-06-09,HOUSEHOLD_1_414,4.54
2016-06-10,HOUSEHOLD_1_414,4.9355
2016-06-11,HOUSEHOLD_1_414,5.8209
2016-06-12,HOUSEHOLD_1_414,5.6889
2016-06-13,HOUSEHOLD_1_414,6.8646
2016-06-14,HOUSEHOLD_1_414,5.5655
2016-06-15,HOUSEHOLD_1_414,4.9234
2016-06-16,HOUSEHOLD_1_414,4.843
2016-06-17,HOUSEHOLD_1_414,4.7159
2016-06-18,HOUSEHOLD_1_414,5.7373
2016-06-19,HOUSEHOLD_1_414,5.4848
2016-06-20,HOUSEHOLD_1_414,6.7646
2016-06-21,HOUSEHOLD_1_414,5.149
2016-05-23,HOUSEHOLD_1_416,1.8126
2016-05-24,HOUSEHOLD_1_416,1.4392
2016-05-25,HOUSEHOLD_1_416,1.2524
2016-05-26,HOUSEHOLD_1_416,1.2622
2016-05-27,HOUSEHOLD_1_416,1.2724
2016-05-28,HOUSEHOLD_1_416,1.5048
2016-05-29,HOUSEHOLD_1_416,1.6829
2016-05-30,HOUSEHOLD_1_416,1.816
2016-05-31,HOUSEHOLD_1_416,1.4738
2016-06-01,HOUSEHOLD_1_416,1.2964
2016-06-02,HOUSEHOLD_1_416,1.2175
2016-06-03,HOUSEHOLD_1_416,1.1796
2016-06-04,HOUSEHOLD_1_416,1.3446
2016-06-05,HOUSEHOLD_1_416,1.4024
2016-06-06,HOUSEHOLD_1_416,1.6421
2016-06-07,HOUSEHOLD_1_416,1.213
2016-06-08,HOUSEHOLD_1_416,1.0159
2016-06-09,HOUSEHOLD_1_416,1.0166
2016-06-10,HOUSEHOLD_1_416,0.9795
2016-06-11,HOUSEHOLD_1_416,1.1156
2016-06-12,HOUSEHOLD_1_416,1.2989
2016-06-13,HOUSEHOLD_1_416,1.4154
2016-06-14,HOUSEHOLD_1_416,1.1687
2016-06-15,HOUSEHOLD_1_416,1.0611
2016-06-16,HOUSEHOLD_1_416,1.0563
2016-06-17,HOUSEHOLD_1_416,1.026
2016-06-18,HOUSEHOLD_1_416,1.1126
2016-06-19,HOUSEHOLD_1_416,1.3377
2016-06-20,HOUSEHOLD_1_416,1.3823
2016-06-21,HOUSEHOLD_1_416,1.0863
2016-05-23,HOUSEHOLD_1_418,14.9257
2016-05-24,HOUSEHOLD_1_418,11.969
2016-05-25,HOUSEHOLD_1_418,11.4412
2016-05-26,HOUSEHOLD_1_418,10.4621
2016-05-27,HOUSEHOLD_1_418,10.4275
2016-05-28,HOUSEHOLD_1_418,11.5853
2016-05-29,HOUSEHOLD_1_418,13.1129
2016-05-30,HOUSEHOLD_1_418,15.7766
2016-05-31,HOUSEHOLD_1_418,12.9239
2016-06-01,HOUSEHOLD_1_418,11.9251
2016-06-02,HOUSEHOLD_1_418,10.0946
2016-06-03,HOUSEHOLD_1_418,10.6694
2016-06-04,HOUSEHOLD_1_418,12.8191
2016-06-05,HOUSEHOLD_1_418,13.1303
2016-06-06,HOUSEHOLD_1_418,15.3946
2016-06-07,HOUSEHOLD_1_418,12.5267
2016-06-08,HOUSEHOLD_1_418,11.5861
2016-06-09,HOUSEHOLD_1_418,10.3465
2016-06-10,HOUSEHOLD_1_418,9.9232
2016-06-11,HOUSEHOLD_1_418,11.6315
2016-06-12,HOUSEHOLD_1_418,12.1715
2016-06-13,HOUSEHOLD_1_418,14.5809
2016-06-14,HOUSEHOLD_1_418,11.4832
2016-06-15,HOUSEHOLD_1_418,10.1966
2016-06-16,HOUSEHOLD_1_418,9.7063
2016-06-17,HOUSEHOLD_1_418,9.848
2016-06-18,HOUSEHOLD_1_418,11.5626
2016-06-19,HOUSEHOLD_1_418,12.0425
2016-06-20,HOUSEHOLD_1_418,14.7529
2016-06-21,HOUSEHOLD_1_418,11.7394
2016-05-23,HOUSEHOLD_1_424,0.4255
2016-05-24,HOUSEHOLD_1_424,0.3558
2016-05-25,HOUSEHOLD_1_424,0.3033
2016-05-26,HOUSEHOLD_1_424,0.3028
2016-05-27,HOUSEHOLD_1_424,0.2787
2016-05-28,HOUSEHOLD_1_424,0.2682
2016-05-29,HOUSEHOLD_1_424,0.2651
2016-05-30,HOUSEHOLD_1_424,0.3653
2016-05-31,HOUSEHOLD_1_424,0.3013
2016-06-01,HOUSEHOLD_1_424,0.2832
2016-06-02,HOUSEHOLD_1_424,0.2905
2016-06-03,HOUSEHOLD_1_424,0.2741
2016-06-04,HOUSEHOLD_1_424,0.2685
2016-06-05,HOUSEHOLD_1_424,0.2794
2016-06-06,HOUSEHOLD_1_424,0.3842
2016-06-07,HOUSEHOLD_1_424,0.3193
2016-06-08,HOUSEHOLD_1_424,0.3066
2016-06-09,HOUSEHOLD_1_424,0.2939
2016-06-10,HOUSEHOLD_1_424,0.2887
2016-06-11,HOUSEHOLD_1_424,0.2813
2016-06-12,HOUSEHOLD_1_424,0.2681
2016-06-13,HOUSEHOLD_1_424,0.3865
2016-06-14,HOUSEHOLD_1_424,0.2984
2016-06-15,HOUSEHOLD_1_424,0.2816
2016-06-16,HOUSEHOLD_1_424,0.2703
2016-06-17,HOUSEHOLD_1_424,0.2655
2016-06-18,HOUSEHOLD_1_424,0.2695
2016-06-19,HOUSEHOLD_1_424,0.2697
2016-06-20,HOUSEHOLD_1_424,0.4014
2016-06-21,HOUSEHOLD_1_424,0.2866
2016-05-23,HOUSEHOLD_1_425,2.8855
2016-05-24,HOUSEHOLD_1_425,2.187
2016-05-25,HOUSEHOLD_1_425,1.8482
2016-05-26,HOUSEHOLD_1_425,1.7703
2016-05-27,HOUSEHOLD_1_425,1.7913
2016-05-28,HOUSEHOLD_1_425,2.2059
2016-05-29,HOUSEHOLD_1_425,2.1259
2016-05-30,HOUSEHOLD_1_425,2.8102
2016-05-31,HOUSEHOLD_1_425,2.1198
2016-06-01,HOUSEHOLD_1_425,1.4544
2016-06-02,HOUSEHOLD_1_425,1.5344
2016-06-03,HOUSEHOLD_1_425,1.8089
2016-06-04,HOUSEHOLD_1_425,2.044
2016-06-05,HOUSEHOLD_1_425,2.0789
2016-06-06,HOUSEHOLD_1_425,2.275
2016-06-07,HOUSEHOLD_1_425,1.5219
2016-06-08,HOUSEHOLD_1_425,1.2197
2016-06-09,HOUSEHOLD_1_425,1.2677
2016-06-10,HOUSEHOLD_1_425,1.3398
2016-06-11,HOUSEHOLD_1_425,1.9293
2016-06-12,HOUSEHOLD_1_425,1.9107
2016-06-13,HOUSEHOLD_1_425,2.4745
2016-06-14,HOUSEHOLD_1_425,1.832
2016-06-15,HOUSEHOLD_1_425,1.6044
2016-06-16,HOUSEHOLD_1_425,1.4605
2016-06-17,HOUSEHOLD_1_425,1.4065
2016-06-18,HOUSEHOLD_1_425,1.4332
2016-06-19,HOUSEHOLD_1_425,1.5264
2016-06-20,HOUSEHOLD_1_425,2.1173
2016-06-21,HOUSEHOLD_1_425,1.4306
2016-05-23,HOUSEHOLD_1_426,1.2725
2016-05-24,HOUSEHOLD_1_426,0.9956
2016-05-25,HOUSEHOLD_1_426,0.957
2016-05-26,HOUSEHOLD_1_426,0.8939
2016-05-27,HOUSEHOLD_1_426,0.8854
2016-05-28,HOUSEHOLD_1_426,1.0159
2016-05-29,HOUSEHOLD_1_426,0.9928
2016-05-30,HOUSEHOLD_1_426,1.3043
2016-05-31,HOUSEHOLD_1_426,0.9144
2016-06-01,HOUSEHOLD_1_426,0.8584
2016-06-02,HOUSEHOLD_1_426,0.8189
2016-06-03,HOUSEHOLD_1_426,0.8152
2016-06-04,HOUSEHOLD_1_426,0.9988
2016-06-05,HOUSEHOLD_1_426,0.9988
2016-06-06,HOUSEHOLD_1_426,1.2481
2016-06-07,HOUSEHOLD_1_426,1.0261
2016-06-08,HOUSEHOLD_1_426,0.8392
2016-06-09,HOUSEHOLD_1_426,0.8197
2016-06-10,HOUSEHOLD_1_426,0.8264
2016-06-11,HOUSEHOLD_1_426,0.8849
2016-06-12,HOUSEHOLD_1_426,0.8913
2016-06-13,HOUSEHOLD_1_426,1.0265
2016-06-14,HOUSEHOLD_1_426,0.847
2016-06-15,HOUSEHOLD_1_426,0.7938
2016-06-16,HOUSEHOLD_1_426,0.7814
2016-06-17,HOUSEHOLD_1_426,0.7758
2016-06-18,HOUSEHOLD_1_426,0.9072
2016-06-19,HOUSEHOLD_1_426,0.9034
2016-06-20,HOUSEHOLD_1_426,1.0249
2016-06-21,HOUSEHOLD_1_426,0.8755
2016-05-23,HOUSEHOLD_1_427,0.0003
2016-05-24,HOUSEHOLD_1_427,0.2887
2016-05-25,HOUSEHOLD_1_427,0.3043
2016-05-26,HOUSEHOLD_1_427,0.2564
2016-05-27,HOUSEHOLD_1_427,0.2776
2016-05-28,HOUSEHOLD_1_427,0.5278
2016-05-29,HOUSEHOLD_1_427,0.5741
2016-05-30,HOUSEHOLD_1_427,0.6511
2016-05-31,HOUSEHOLD_1_427,0.4881
2016-06-01,HOUSEHOLD_1_427,0.3974
2016-06-02,HOUSEHOLD_1_427,0.3622
2016-06-03,HOUSEHOLD_1_427,0.3688
2016-06-04,HOUSEHOLD_1_427,0.536
2016-06-05,HOUSEHOLD_1_427,0.5504
2016-06-06,HOUSEHOLD_1_427,0.6552
2016-06-07,HOUSEHOLD_1_427,0.4747
2016-06-08,HOUSEHOLD_1_427,0.4379
2016-06-09,HOUSEHOLD_1_427,0.4389
2016-06-10,HOUSEHOLD_1_427,0.4556
2016-06-11,HOUSEHOLD_1_427,0.6422
2016-06-12,HOUSEHOLD_1_427,0.6422
2016-06-13,HOUSEHOLD_1_427,0.7
2016-06-14,HOUSEHOLD_1_427,0.5525
2016-06-15,HOUSEHOLD_1_427,0.5211
2016-06-16,HOUSEHOLD_1_427,0.4722
2016-06-17,HOUSEHOLD_1_427,0.4706
2016-06-18,HOUSEHOLD_1_427,0.5825
2016-06-19,HOUSEHOLD_1_427,0.5787
2016-06-20,HOUSEHOLD_1_427,0.7121
2016-06-21,HOUSEHOLD_1_427,0.5161
2016-05-23,HOUSEHOLD_1_429,7.4106
2016-05-24,HOUSEHOLD_1_429,5.4007
2016-05-25,HOUSEHOLD_1_429,4.4946
2016-05-26,HOUSEHOLD_1_429,4.4582
2016-05-27,HOUSEHOLD_1_429,4.4808
2016-05-28,HOUSEHOLD_1_429,4.8504
2016-05-29,HOUSEHOLD_1_429,5.5638
2016-05-30,HOUSEHOLD_1_429,7.2483
2016-05-31,HOUSEHOLD_1_429,5.3766
2016-06-01,HOUSEHOLD_1_429,4.5266
2016-06-02,HOUSEHOLD_1_429,4.2896
2016-06-03,HOUSEHOLD_1_429,4.1771
2016-06-04,HOUSEHOLD_1_429,5.4495
2016-06-05,HOUSEHOLD_1_429,5.3305
2016-06-06,HOUSEHOLD_1_429,7.0318
2016-06-07,HOUSEHOLD_1_429,5.259
2016-06-08,HOUSEHOLD_1_429,4.2729
2016-06-09,HOUSEHOLD_1_429,4.1435
2016-06-10,HOUSEHOLD_1_429,4.3256
2016-06-11,HOUSEHOLD_1_429,5.115
2016-06-12,HOUSEHOLD_1_429,5.204
2016-06-13,HOUSEHOLD_1_429,7.2496
2016-06-14,HOUSEHOLD_1_429,5.2993
2016-06-15,HOUSEHOLD_1_429,4.5004
2016-06-16,HOUSEHOLD_1_429,4.1653
2016-06-17,HOUSEHOLD_1_429,4.1021
2016-06-18,HOUSEHOLD_1_429,5.1011
2016-06-19,HOUSEHOLD_1_429,5.3564
2016-06-20,HOUSEHOLD_1_429,7.1074
2016-06-21,HOUSEHOLD_1_429,5.256
2016-05-23,HOUSEHOLD_1_430,3.6639
2016-05-24,HOUSEHOLD_1_430,3.666
2016-05-25,HOUSEHOLD_1_430,3.0768
2016-05-26,HOUSEHOLD_1_430,2.9979
2016-05-27,HOUSEHOLD_1_430,3.0106
2016-05-28,HOUSEHOLD_1_430,3.9326
2016-05-29,HOUSEHOLD_1_430,4.0082
2016-05-30,HOUSEHOLD_1_430,4.3288
2016-05-31,HOUSEHOLD_1_430,3.5944
2016-06-01,HOUSEHOLD_1_430,3.1113
2016-06-02,HOUSEHOLD_1_430,3.0685
2016-06-03,HOUSEHOLD_1_430,3.1265
2016-06-04,HOUSEHOLD_1_430,3.9322
2016-06-05,HOUSEHOLD_1_430,3.823
2016-06-06,HOUSEHOLD_1_430,3.8886
2016-06-07,HOUSEHOLD_1_430,3.3203
2016-06-08,HOUSEHOLD_1_430,2.8104
2016-06-09,HOUSEHOLD_1_430,2.825
2016-06-10,HOUSEHOLD_1_430,3.0822
2016-06-11,HOUSEHOLD_1_430,3.9867
2016-06-12,HOUSEHOLD_1_430,3.8206
2016-06-13,HOUSEHOLD_1_430,3.5611
2016-06-14,HOUSEHOLD_1_430,2.7864
2016-06-15,HOUSEHOLD_1_430,2.7582
2016-06-16,HOUSEHOLD_1_430,2.8154
2016-06-17,HOUSEHOLD_1_430,3.078
2016-06-18,HOUSEHOLD_1_430,4.0235
2016-06-19,HOUSEHOLD_1_430,3.6016
2016-06-20,HOUSEHOLD_1_430,4.1384
2016-06-21,HOUSEHOLD_1_430,3.1982
2016-05-23,HOUSEHOLD_1_434,3.5841
2016-05-24,HOUSEHOLD_1_434,2.4863
2016-05-25,HOUSEHOLD_1_434,2.2637
2016-05-26,HOUSEHOLD_1_434,2.0663
2016-05-27,HOUSEHOLD_1_434,2.1066
2016-05-28,HOUSEHOLD_1_434,2.5878
2016-05-29,HOUSEHOLD_1_434,2.5359
2016-05-30,HOUSEHOLD_1_434,3.4645
2016-05-31,HOUSEHOLD_1_434,2.4855
2016-06-01,HOUSEHOLD_1_434,2.2026
2016-06-02,HOUSEHOLD_1_434,2.0159
2016-06-03,HOUSEHOLD_1_434,2.0497
2016-06-04,HOUSEHOLD_1_434,2.5281
2016-06-05,HOUSEHOLD_1_434,2.4571
2016-06-06,HOUSEHOLD_1_434,3.2921
2016-06-07,HOUSEHOLD_1_434,1.9685
2016-06-08,HOUSEHOLD_1_434,1.9282
2016-06-09,HOUSEHOLD_1_434,1.7342
2016-06-10,HOUSEHOLD_1_434,1.8434
2016-06-11,HOUSEHOLD_1_434,2.3057
2016-06-12,HOUSEHOLD_1_434,2.0867
2016-06-13,HOUSEHOLD_1_434,3.2205
2016-06-14,HOUSEHOLD_1_434,1.9253
2016-06-15,HOUSEHOLD_1_434,1.8738
2016-06-16,HOUSEHOLD_1_434,1.6295
2016-06-17,HOUSEHOLD_1_434,1.7153
2016-06-18,HOUSEHOLD_1_434,2.1566
2016-06-19,HOUSEHOLD_1_434,2.171
2016-06-20,HOUSEHOLD_1_434,3.16
2016-06-21,HOUSEHOLD_1_434,2.0119
2016-05-23,HOUSEHOLD_1_437,5.1441
2016-05-24,HOUSEHOLD_1_437,3.6569
2016-05-25,HOUSEHOLD_1_437,3.2697
2016-05-26,HOUSEHOLD_1_437,3.2659
2016-05-27,HOUSEHOLD_1_437,3.1586
2016-05-28,HOUSEHOLD_1_437,4.1104
2016-05-29,HOUSEHOLD_1_437,3.9477
2016-05-30,HOUSEHOLD_1_437,4.7906
2016-05-31,HOUSEHOLD_1_437,3.3306
2016-06-01,HOUSEHOLD_1_437,2.835
2016-06-02,HOUSEHOLD_1_437,2.9185
2016-06-03,HOUSEHOLD_1_437,3.0449
2016-06-04,HOUSEHOLD_1_437,3.3945
2016-06-05,HOUSEHOLD_1_437,3.2428
2016-06-06,HOUSEHOLD_1_437,4.5089
2016-06-07,HOUSEHOLD_1_437,3.029
2016-06-08,HOUSEHOLD_1_437,2.7945
2016-06-09,HOUSEHOLD_1_437,2.6962
2016-06-10,HOUSEHOLD_1_437,2.5557
2016-06-11,HOUSEHOLD_1_437,3.236
2016-06-12,HOUSEHOLD_1_437,3.2743
2016-06-13,HOUSEHOLD_1_437,4.4449
2016-06-14,HOUSEHOLD_1_437,2.7705
2016-06-15,HOUSEHOLD_1_437,2.5279
2016-06-16,HOUSEHOLD_1_437,2.6843
2016-06-17,HOUSEHOLD_1_437,2.6709
2016-06-18,HOUSEHOLD_1_437,3.1393
2016-06-19,HOUSEHOLD_1_437,3.0567
2016-06-20,HOUSEHOLD_1_437,4.2364
2016-06-21,HOUSEHOLD_1_437,2.6779
2016-05-23,HOUSEHOLD_1_438,0.4659
2016-05-24,HOUSEHOLD_1_438,0.5182
2016-05-25,HOUSEHOLD_1_438,0.4677
2016-05-26,HOUSEHOLD_1_438,0.4516
2016-05-27,HOUSEHOLD_1_438,0.4584
2016-05-28,HOUSEHOLD_1_438,0.4493
2016-05-29,HOUSEHOLD_1_438,0.468
2016-05-30,HOUSEHOLD_1_438,0.6623
2016-05-31,HOUSEHOLD_1_438,0.564
2016-06-01,HOUSEHOLD_1_438,0.5227
2016-06-02,HOUSEHOLD_1_438,0.4889
2016-06-03,HOUSEHOLD_1_438,0.4917
2016-06-04,HOUSEHOLD_1_438,0.494
2016-06-05,HOUSEHOLD_1_438,0.4873
2016-06-06,HOUSEHOLD_1_438,0.6581
2016-06-07,HOUSEHOLD_1_438,0.5921
2016-06-08,HOUSEHOLD_1_438,0.5435
2016-06-09,HOUSEHOLD_1_438,0.5202
2016-06-10,HOUSEHOLD_1_438,0.4801
2016-06-11,HOUSEHOLD_1_438,0.4552
2016-06-12,HOUSEHOLD_1_438,0.4548
2016-06-13,HOUSEHOLD_1_438,0.5034
2016-06-14,HOUSEHOLD_1_438,0.4934
2016-06-15,HOUSEHOLD_1_438,0.4967
2016-06-16,HOUSEHOLD_1_438,0.4643
2016-06-17,HOUSEHOLD_1_438,0.4765
2016-06-18,HOUSEHOLD_1_438,0.4455
2016-06-19,HOUSEHOLD_1_438,0.4405
2016-06-20,HOUSEHOLD_1_438,0.5684
2016-06-21,HOUSEHOLD_1_438,0.4896
2016-05-23,HOUSEHOLD_1_439,2.632
2016-05-24,HOUSEHOLD_1_439,2.721
2016-05-25,HOUSEHOLD_1_439,2.4982
2016-05-26,HOUSEHOLD_1_439,2.6105
2016-05-27,HOUSEHOLD_1_439,2.4189
2016-05-28,HOUSEHOLD_1_439,2.7852
2016-05-29,HOUSEHOLD_1_439,2.755
2016-05-30,HOUSEHOLD_1_439,3.1578
2016-05-31,HOUSEHOLD_1_439,2.6932
2016-06-01,HOUSEHOLD_1_439,2.2169
2016-06-02,HOUSEHOLD_1_439,2.1669
2016-06-03,HOUSEHOLD_1_439,2.1456
2016-06-04,HOUSEHOLD_1_439,2.6446
2016-06-05,HOUSEHOLD_1_439,2.4282
2016-06-06,HOUSEHOLD_1_439,2.3303
2016-06-07,HOUSEHOLD_1_439,2.0536
2016-06-08,HOUSEHOLD_1_439,1.6382
2016-06-09,HOUSEHOLD_1_439,1.8624
2016-06-10,HOUSEHOLD_1_439,1.8249
2016-06-11,HOUSEHOLD_1_439,1.9626
2016-06-12,HOUSEHOLD_1_439,2.2465
2016-06-13,HOUSEHOLD_1_439,2.4465
2016-06-14,HOUSEHOLD_1_439,2.1555
2016-06-15,HOUSEHOLD_1_439,1.3992
2016-06-16,HOUSEHOLD_1_439,1.5492
2016-06-17,HOUSEHOLD_1_439,1.4773
2016-06-18,HOUSEHOLD_1_439,2.0444
2016-06-19,HOUSEHOLD_1_439,1.6306
2016-06-20,HOUSEHOLD_1_439,2.3528
2016-06-21,HOUSEHOLD_1_439,2.1902
2016-05-23,HOUSEHOLD_1_440,2.4231
2016-05-24,HOUSEHOLD_1_440,1.7621
2016-05-25,HOUSEHOLD_1_440,1.5315
2016-05-26,HOUSEHOLD_1_440,1.4641
2016-05-27,HOUSEHOLD_1_440,1.4658
2016-05-28,HOUSEHOLD_1_440,1.8123
2016-05-29,HOUSEHOLD_1_440,1.8041
2016-05-30,HOUSEHOLD_1_440,2.1862
2016-05-31,HOUSEHOLD_1_440,1.7311
2016-06-01,HOUSEHOLD_1_440,1.4342
2016-06-02,HOUSEHOLD_1_440,1.3525
2016-06-03,HOUSEHOLD_1_440,1.3561
2016-06-04,HOUSEHOLD_1_440,1.7055
2016-06-05,HOUSEHOLD_1_440,1.5564
2016-06-06,HOUSEHOLD_1_440,1.8963
2016-06-07,HOUSEHOLD_1_440,1.4775
2016-06-08,HOUSEHOLD_1_440,0.9574
2016-06-09,HOUSEHOLD_1_440,1.0206
2016-06-10,HOUSEHOLD_1_440,1.0983
2016-06-11,HOUSEHOLD_1_440,1.4542
2016-06-12,HOUSEHOLD_1_440,1.4178
2016-06-13,HOUSEHOLD_1_440,1.8202
2016-06-14,HOUSEHOLD_1_440,1.2111
2016-06-15,HOUSEHOLD_1_440,0.9552
2016-06-16,HOUSEHOLD_1_440,0.9515
2016-06-17,HOUSEHOLD_1_440,0.9361
2016-06-18,HOUSEHOLD_1_440,1.2778
2016-06-19,HOUSEHOLD_1_440,1.2826
2016-06-20,HOUSEHOLD_1_440,1.5507
2016-06-21,HOUSEHOLD_1_440,1.0355
2016-05-23,HOUSEHOLD_1_443,2.43
2016-05-24,HOUSEHOLD_1_443,1.9119
2016-05-25,HOUSEHOLD_1_443,1.5885
2016-05-26,HOUSEHOLD_1_443,1.4672
2016-05-27,HOUSEHOLD_1_443,1.4366
2016-05-28,HOUSEHOLD_1_443,1.6817
2016-05-29,HOUSEHOLD_1_443,1.6692
2016-05-30,HOUSEHOLD_1_443,2.2591
2016-05-31,HOUSEHOLD_1_443,1.714
2016-06-01,HOUSEHOLD_1_443,1.5044
2016-06-02,HOUSEHOLD_1_443,1.3419
2016-06-03,HOUSEHOLD_1_443,1.3226
2016-06-04,HOUSEHOLD_1_443,1.6949
2016-06-05,HOUSEHOLD_1_443,1.686
2016-06-06,HOUSEHOLD_1_443,2.2904
2016-06-07,HOUSEHOLD_1_443,1.8326
2016-06-08,HOUSEHOLD_1_443,1.3038
2016-06-09,HOUSEHOLD_1_443,1.1413
2016-06-10,HOUSEHOLD_1_443,1.262
2016-06-11,HOUSEHOLD_1_443,1.4656
2016-06-12,HOUSEHOLD_1_443,1.439
2016-06-13,HOUSEHOLD_1_443,1.8727
2016-06-14,HOUSEHOLD_1_443,1.408
2016-06-15,HOUSEHOLD_1_443,1.1964
2016-06-16,HOUSEHOLD_1_443,1.1808
2016-06-17,HOUSEHOLD_1_443,0.9957
2016-06-18,HOUSEHOLD_1_443,1.3382
2016-06-19,HOUSEHOLD_1_443,1.2987
2016-06-20,HOUSEHOLD_1_443,1.7458
2016-06-21,HOUSEHOLD_1_443,1.2982
2016-05-23,HOUSEHOLD_1_445,3.4108
2016-05-24,HOUSEHOLD_1_445,2.1797
2016-05-25,HOUSEHOLD_1_445,2.0274
2016-05-26,HOUSEHOLD_1_445,1.9077
2016-05-27,HOUSEHOLD_1_445,1.9478
2016-05-28,HOUSEHOLD_1_445,2.3148
2016-05-29,HOUSEHOLD_1_445,2.2631
2016-05-30,HOUSEHOLD_1_445,2.952
2016-05-31,HOUSEHOLD_1_445,2.2548
2016-06-01,HOUSEHOLD_1_445,1.8837
2016-06-02,HOUSEHOLD_1_445,1.8428
2016-06-03,HOUSEHOLD_1_445,1.6765
2016-06-04,HOUSEHOLD_1_445,2.2621
2016-06-05,HOUSEHOLD_1_445,2.2287
2016-06-06,HOUSEHOLD_1_445,3.2371
2016-06-07,HOUSEHOLD_1_445,2.0293
2016-06-08,HOUSEHOLD_1_445,1.7888
2016-06-09,HOUSEHOLD_1_445,1.7522
2016-06-10,HOUSEHOLD_1_445,1.9341
2016-06-11,HOUSEHOLD_1_445,2.2493
2016-06-12,HOUSEHOLD_1_445,2.2356
2016-06-13,HOUSEHOLD_1_445,3.0925
2016-06-14,HOUSEHOLD_1_445,2.0799
2016-06-15,HOUSEHOLD_1_445,1.9712
2016-06-16,HOUSEHOLD_1_445,1.8907
2016-06-17,HOUSEHOLD_1_445,1.6271
2016-06-18,HOUSEHOLD_1_445,2.1389
2016-06-19,HOUSEHOLD_1_445,2.2246
2016-06-20,HOUSEHOLD_1_445,3.1163
2016-06-21,HOUSEHOLD_1_445,2.0508
2016-05-23,HOUSEHOLD_1_447,6.9941
2016-05-24,HOUSEHOLD_1_447,5.6757
2016-05-25,HOUSEHOLD_1_447,4.9567
2016-05-26,HOUSEHOLD_1_447,5.1827
2016-05-27,HOUSEHOLD_1_447,5.2664
2016-05-28,HOUSEHOLD_1_447,5.7457
2016-05-29,HOUSEHOLD_1_447,6.1261
2016-05-30,HOUSEHOLD_1_447,7.5994
2016-05-31,HOUSEHOLD_1_447,6.0248
2016-06-01,HOUSEHOLD_1_447,5.0281
2016-06-02,HOUSEHOLD_1_447,5.0981
2016-06-03,HOUSEHOLD_1_447,5.2018
2016-06-04,HOUSEHOLD_1_447,5.778
2016-06-05,HOUSEHOLD_1_447,5.497
2016-06-06,HOUSEHOLD_1_447,7.571
2016-06-07,HOUSEHOLD_1_447,5.7977
2016-06-08,HOUSEHOLD_1_447,5.102
2016-06-09,HOUSEHOLD_1_447,4.9398
2016-06-10,HOUSEHOLD_1_447,4.948
2016-06-11,HOUSEHOLD_1_447,5.6975
2016-06-12,HOUSEHOLD_1_447,5.6679
2016-06-13,HOUSEHOLD_1_447,7.693
2016-06-14,HOUSEHOLD_1_447,5.7855
2016-06-15,HOUSEHOLD_1_447,5.024
2016-06-16,HOUSEHOLD_1_447,4.7698
2016-06-17,HOUSEHOLD_1_447,4.8595
2016-06-18,HOUSEHOLD_1_447,5.4177
2016-06-19,HOUSEHOLD_1_447,5.279
2016-06-20,HOUSEHOLD_1_447,7.5063
2016-06-21,HOUSEHOLD_1_447,5.4325
2016-05-23,HOUSEHOLD_1_448,4.0396
2016-05-24,HOUSEHOLD_1_448,4.2712
2016-05-25,HOUSEHOLD_1_448,4.0935
2016-05-26,HOUSEHOLD_1_448,4.0788
2016-05-27,HOUSEHOLD_1_448,3.9401
2016-05-28,HOUSEHOLD_1_448,5.3979
2016-05-29,HOUSEHOLD_1_448,4.4969
2016-05-30,HOUSEHOLD_1_448,5.6972
2016-05-31,HOUSEHOLD_1_448,4.9716
2016-06-01,HOUSEHOLD_1_448,4.2813
2016-06-02,HOUSEHOLD_1_448,4.1214
2016-06-03,HOUSEHOLD_1_448,4.2635
2016-06-04,HOUSEHOLD_1_448,5.6206
2016-06-05,HOUSEHOLD_1_448,5.1903
2016-06-06,HOUSEHOLD_1_448,6.0637
2016-06-07,HOUSEHOLD_1_448,5.0403
2016-06-08,HOUSEHOLD_1_448,4.1145
2016-06-09,HOUSEHOLD_1_448,4.058
2016-06-10,HOUSEHOLD_1_448,4.0691
2016-06-11,HOUSEHOLD_1_448,5.2308
2016-06-12,HOUSEHOLD_1_448,4.9132
2016-06-13,HOUSEHOLD_1_448,6.4509
2016-06-14,HOUSEHOLD_1_448,5.0709
2016-06-15,HOUSEHOLD_1_448,4.1838
2016-06-16,HOUSEHOLD_1_448,4.2105
2016-06-17,HOUSEHOLD_1_448,4.1574
2016-06-18,HOUSEHOLD_1_448,5.4851
2016-06-19,HOUSEHOLD_1_448,5.0773
2016-06-20,HOUSEHOLD_1_448,6.6625
2016-06-21,HOUSEHOLD_1_448,5.2806
2016-05-23,HOUSEHOLD_1_453,3.1746
2016-05-24,HOUSEHOLD_1_453,2.4773
2016-05-25,HOUSEHOLD_1_453,1.9491
2016-05-26,HOUSEHOLD_1_453,2.0124
2016-05-27,HOUSEHOLD_1_453,1.9859
2016-05-28,HOUSEHOLD_1_453,2.2179
2016-05-29,HOUSEHOLD_1_453,2.2913
2016-05-30,HOUSEHOLD_1_453,3.0678
2016-05-31,HOUSEHOLD_1_453,2.4709
2016-06-01,HOUSEHOLD_1_453,1.9853
2016-06-02,HOUSEHOLD_1_453,1.8801
2016-06-03,HOUSEHOLD_1_453,1.7929
2016-06-04,HOUSEHOLD_1_453,2.1187
2016-06-05,HOUSEHOLD_1_453,2.1753
2016-06-06,HOUSEHOLD_1_453,2.7579
2016-06-07,HOUSEHOLD_1_453,2.1724
2016-06-08,HOUSEHOLD_1_453,1.811
2016-06-09,HOUSEHOLD_1_453,1.6431
2016-06-10,HOUSEHOLD_1_453,1.5685
2016-06-11,HOUSEHOLD_1_453,1.7323
2016-06-12,HOUSEHOLD_1_453,2.1045
2016-06-13,HOUSEHOLD_1_453,2.5862
2016-06-14,HOUSEHOLD_1_453,2.042
2016-06-15,HOUSEHOLD_1_453,1.6081
2016-06-16,HOUSEHOLD_1_453,1.5626
2016-06-17,HOUSEHOLD_1_453,1.6779
2016-06-18,HOUSEHOLD_1_453,1.4997
2016-06-19,HOUSEHOLD_1_453,1.8209
2016-06-20,HOUSEHOLD_1_453,2.7499
2016-06-21,HOUSEHOLD_1_453,2.061
2016-05-23,HOUSEHOLD_1_457,2.3729
2016-05-24,HOUSEHOLD_1_457,1.6197
2016-05-25,HOUSEHOLD_1_457,1.4775
2016-05-26,HOUSEHOLD_1_457,1.4308
2016-05-27,HOUSEHOLD_1_457,1.3852
2016-05-28,HOUSEHOLD_1_457,1.6779
2016-05-29,HOUSEHOLD_1_457,1.678
2016-05-30,HOUSEHOLD_1_457,2.2084
2016-05-31,HOUSEHOLD_1_457,1.7476
2016-06-01,HOUSEHOLD_1_457,1.3396
2016-06-02,HOUSEHOLD_1_457,1.2471
2016-06-03,HOUSEHOLD_1_457,1.3068
2016-06-04,HOUSEHOLD_1_457,1.5106
2016-06-05,HOUSEHOLD_1_457,1.5042
2016-06-06,HOUSEHOLD_1_457,1.8601
2016-06-07,HOUSEHOLD_1_457,1.4295
2016-06-08,HOUSEHOLD_1_457,1.092
2016-06-09,HOUSEHOLD_1_457,1.0561
2016-06-10,HOUSEHOLD_1_457,1.0983
2016-06-11,HOUSEHOLD_1_457,1.2808
2016-06-12,HOUSEHOLD_1_457,1.2241
2016-06-13,HOUSEHOLD_1_457,1.9105
2016-06-14,HOUSEHOLD_1_457,1.3227
2016-06-15,HOUSEHOLD_1_457,0.9841
2016-06-16,HOUSEHOLD_1_457,0.9593
2016-06-17,HOUSEHOLD_1_457,0.9594
2016-06-18,HOUSEHOLD_1_457,1.1679
2016-06-19,HOUSEHOLD_1_457,1.1494
2016-06-20,HOUSEHOLD_1_457,1.5911
2016-06-21,HOUSEHOLD_1_457,1.1383
2016-05-23,HOUSEHOLD_1_458,5.2171
2016-05-24,HOUSEHOLD_1_458,3.9298
2016-05-25,HOUSEHOLD_1_458,3.9246
2016-05-26,HOUSEHOLD_1_458,3.3624
2016-05-27,HOUSEHOLD_1_458,3.2932
2016-05-28,HOUSEHOLD_1_458,3.4946
2016-05-29,HOUSEHOLD_1_458,3.4457
2016-05-30,HOUSEHOLD_1_458,4.6939
2016-05-31,HOUSEHOLD_1_458,3.0974
2016-06-01,HOUSEHOLD_1_458,2.8939
2016-06-02,HOUSEHOLD_1_458,2.9077
2016-06-03,HOUSEHOLD_1_458,2.7872
2016-06-04,HOUSEHOLD_1_458,3.0246
2016-06-05,HOUSEHOLD_1_458,2.8521
2016-06-06,HOUSEHOLD_1_458,4.0245
2016-06-07,HOUSEHOLD_1_458,2.7284
2016-06-08,HOUSEHOLD_1_458,2.4281
2016-06-09,HOUSEHOLD_1_458,2.2955
2016-06-10,HOUSEHOLD_1_458,2.356
2016-06-11,HOUSEHOLD_1_458,2.683
2016-06-12,HOUSEHOLD_1_458,2.6476
2016-06-13,HOUSEHOLD_1_458,3.557
2016-06-14,HOUSEHOLD_1_458,2.4111
2016-06-15,HOUSEHOLD_1_458,2.0944
2016-06-16,HOUSEHOLD_1_458,2.071
2016-06-17,HOUSEHOLD_1_458,2.0605
2016-06-18,HOUSEHOLD_1_458,2.3785
2016-06-19,HOUSEHOLD_1_458,2.3652
2016-06-20,HOUSEHOLD_1_458,3.0917
2016-06-21,HOUSEHOLD_1_458,1.9796
2016-05-23,HOUSEHOLD_1_459,6.6944
2016-05-24,HOUSEHOLD_1_459,4.7331
2016-05-25,HOUSEHOLD_1_459,4.3495
2016-05-26,HOUSEHOLD_1_459,4.2226
2016-05-27,HOUSEHOLD_1_459,3.9933
2016-05-28,HOUSEHOLD_1_459,4.9096
2016-05-29,HOUSEHOLD_1_459,4.5912
2016-05-30,HOUSEHOLD_1_459,6.0918
2016-05-31,HOUSEHOLD_1_459,4.6412
2016-06-01,HOUSEHOLD_1_459,3.8593
2016-06-02,HOUSEHOLD_1_459,3.7606
2016-06-03,HOUSEHOLD_1_459,3.6877
2016-06-04,HOUSEHOLD_1_459,4.4588
2016-06-05,HOUSEHOLD_1_459,4.174
2016-06-06,HOUSEHOLD_1_459,5.4554
2016-06-07,HOUSEHOLD_1_459,4.1432
2016-06-08,HOUSEHOLD_1_459,3.6051
2016-06-09,HOUSEHOLD_1_459,3.5435
2016-06-10,HOUSEHOLD_1_459,3.5689
2016-06-11,HOUSEHOLD_1_459,4.1777
2016-06-12,HOUSEHOLD_1_459,4.0248
2016-06-13,HOUSEHOLD_1_459,5.5205
2016-06-14,HOUSEHOLD_1_459,4.1454
2016-06-15,HOUSEHOLD_1_459,3.3644
2016-06-16,HOUSEHOLD_1_459,3.358
2016-06-17,HOUSEHOLD_1_459,3.3176
2016-06-18,HOUSEHOLD_1_459,3.7841
2016-06-19,HOUSEHOLD_1_459,3.9763
2016-06-20,HOUSEHOLD_1_459,5.3253
2016-06-21,HOUSEHOLD_1_459,4.1916
2016-05-23,HOUSEHOLD_1_461,1.4197
2016-05-24,HOUSEHOLD_1_461,1.1523
2016-05-25,HOUSEHOLD_1_461,1.13
2016-05-26,HOUSEHOLD_1_461,1.1461
2016-05-27,HOUSEHOLD_1_461,1.1463
2016-05-28,HOUSEHOLD_1_461,1.3038
2016-05-29,HOUSEHOLD_1_461,1.3781
2016-05-30,HOUSEHOLD_1_461,1.6628
2016-05-31,HOUSEHOLD_1_461,1.1696
2016-06-01,HOUSEHOLD_1_461,1.1051
2016-06-02,HOUSEHOLD_1_461,1.088
2016-06-03,HOUSEHOLD_1_461,0.978
2016-06-04,HOUSEHOLD_1_461,1.1499
2016-06-05,HOUSEHOLD_1_461,1.1791
2016-06-06,HOUSEHOLD_1_461,1.4816
2016-06-07,HOUSEHOLD_1_461,1.1713
2016-06-08,HOUSEHOLD_1_461,1.0075
2016-06-09,HOUSEHOLD_1_461,0.9896
2016-06-10,HOUSEHOLD_1_461,1.0577
2016-06-11,HOUSEHOLD_1_461,1.1688
2016-06-12,HOUSEHOLD_1_461,1.2968
2016-06-13,HOUSEHOLD_1_461,1.5027
2016-06-14,HOUSEHOLD_1_461,1.1033
2016-06-15,HOUSEHOLD_1_461,1.0052
2016-06-16,HOUSEHOLD_1_461,0.952
2016-06-17,HOUSEHOLD_1_461,0.9407
2016-06-18,HOUSEHOLD_1_461,1.0991
2016-06-19,HOUSEHOLD_1_461,1.0422
2016-06-20,HOUSEHOLD_1_461,1.4308
2016-06-21,HOUSEHOLD_1_461,1.0837
2016-05-23,HOUSEHOLD_1_465,15.0268
2016-05-24,HOUSEHOLD_1_465,11.1592
2016-05-25,HOUSEHOLD_1_465,9.8628
2016-05-26,HOUSEHOLD_1_465,9.6197
2016-05-27,HOUSEHOLD_1_465,9.7976
2016-05-28,HOUSEHOLD_1_465,12.0406
2016-05-29,HOUSEHOLD_1_465,12.7169
2016-05-30,HOUSEHOLD_1_465,14.5143
2016-05-31,HOUSEHOLD_1_465,11.0872
2016-06-01,HOUSEHOLD_1_465,9.8696
2016-06-02,HOUSEHOLD_1_465,10.9214
2016-06-03,HOUSEHOLD_1_465,11.1696
2016-06-04,HOUSEHOLD_1_465,12.7491
2016-06-05,HOUSEHOLD_1_465,12.6725
2016-06-06,HOUSEHOLD_1_465,15.2516
2016-06-07,HOUSEHOLD_1_465,11.1084
2016-06-08,HOUSEHOLD_1_465,10.0999
2016-06-09,HOUSEHOLD_1_465,9.7135
2016-06-10,HOUSEHOLD_1_465,9.8994
2016-06-11,HOUSEHOLD_1_465,11.9395
2016-06-12,HOUSEHOLD_1_465,12.0559
2016-06-13,HOUSEHOLD_1_465,13.8073
2016-06-14,HOUSEHOLD_1_465,10.9951
2016-06-15,HOUSEHOLD_1_465,10.1672
2016-06-16,HOUSEHOLD_1_465,10.0487
2016-06-17,HOUSEHOLD_1_465,10.0128
2016-06-18,HOUSEHOLD_1_465,12.0255
2016-06-19,HOUSEHOLD_1_465,12.1074
2016-06-20,HOUSEHOLD_1_465,14.6092
2016-06-21,HOUSEHOLD_1_465,11.14
2016-05-23,HOUSEHOLD_1_469,1.8549
2016-05-24,HOUSEHOLD_1_469,1.4977
2016-05-25,HOUSEHOLD_1_469,1.3497
2016-05-26,HOUSEHOLD_1_469,1.341
2016-05-27,HOUSEHOLD_1_469,1.341
2016-05-28,HOUSEHOLD_1_469,1.5954
2016-05-29,HOUSEHOLD_1_469,1.6043
2016-05-30,HOUSEHOLD_1_469,1.8432
2016-05-31,HOUSEHOLD_1_469,1.3606
2016-06-01,HOUSEHOLD_1_469,1.2522
2016-06-02,HOUSEHOLD_1_469,1.2827
2016-06-03,HOUSEHOLD_1_469,1.1608
2016-06-04,HOUSEHOLD_1_469,1.2102
2016-06-05,HOUSEHOLD_1_469,1.1338
2016-06-06,HOUSEHOLD_1_469,1.5677
2016-06-07,HOUSEHOLD_1_469,1.2439
2016-06-08,HOUSEHOLD_1_469,0.9897
2016-06-09,HOUSEHOLD_1_469,1.004
2016-06-10,HOUSEHOLD_1_469,0.9423
2016-06-11,HOUSEHOLD_1_469,1.1226
2016-06-12,HOUSEHOLD_1_469,1.0888
2016-06-13,HOUSEHOLD_1_469,1.2876
2016-06-14,HOUSEHOLD_1_469,1.1229
2016-06-15,HOUSEHOLD_1_469,0.8125
2016-06-16,HOUSEHOLD_1_469,0.7832
2016-06-17,HOUSEHOLD_1_469,0.9781
2016-06-18,HOUSEHOLD_1_469,0.8689
2016-06-19,HOUSEHOLD_1_469,0.8981
2016-06-20,HOUSEHOLD_1_469,1.2648
2016-06-21,HOUSEHOLD_1_469,0.8267
2016-05-23,HOUSEHOLD_1_473,6.3934
2016-05-24,HOUSEHOLD_1_473,4.7691
2016-05-25,HOUSEHOLD_1_473,4.0085
2016-05-26,HOUSEHOLD_1_473,4.0599
2016-05-27,HOUSEHOLD_1_473,3.8025
2016-05-28,HOUSEHOLD_1_473,4.6874
2016-05-29,HOUSEHOLD_1_473,4.8175
2016-05-30,HOUSEHOLD_1_473,6.507
2016-05-31,HOUSEHOLD_1_473,4.9013
2016-06-01,HOUSEHOLD_1_473,3.9873
2016-06-02,HOUSEHOLD_1_473,3.8232
2016-06-03,HOUSEHOLD_1_473,3.7406
2016-06-04,HOUSEHOLD_1_473,4.4935
2016-06-05,HOUSEHOLD_1_473,4.4729
2016-06-06,HOUSEHOLD_1_473,6.4996
2016-06-07,HOUSEHOLD_1_473,4.7097
2016-06-08,HOUSEHOLD_1_473,3.7878
2016-06-09,HOUSEHOLD_1_473,3.6584
2016-06-10,HOUSEHOLD_1_473,3.6531
2016-06-11,HOUSEHOLD_1_473,4.277
2016-06-12,HOUSEHOLD_1_473,4.3696
2016-06-13,HOUSEHOLD_1_473,6.4869
2016-06-14,HOUSEHOLD_1_473,4.6692
2016-06-15,HOUSEHOLD_1_473,3.7625
2016-06-16,HOUSEHOLD_1_473,3.5287
2016-06-17,HOUSEHOLD_1_473,3.593
2016-06-18,HOUSEHOLD_1_473,4.3107
2016-06-19,HOUSEHOLD_1_473,4.2128
2016-06-20,HOUSEHOLD_1_473,6.1417
2016-06-21,HOUSEHOLD_1_473,4.5992
2016-05-23,HOUSEHOLD_1_474,2.0256
2016-05-24,HOUSEHOLD_1_474,1.6744
2016-05-25,HOUSEHOLD_1_474,1.4518
2016-05-26,HOUSEHOLD_1_474,1.4528
2016-05-27,HOUSEHOLD_1_474,1.5157
2016-05-28,HOUSEHOLD_1_474,1.713
2016-05-29,HOUSEHOLD_1_474,1.6989
2016-05-30,HOUSEHOLD_1_474,2.1939
2016-05-31,HOUSEHOLD_1_474,1.8829
2016-06-01,HOUSEHOLD_1_474,1.457
2016-06-02,HOUSEHOLD_1_474,1.4773
2016-06-03,HOUSEHOLD_1_474,1.4426
2016-06-04,HOUSEHOLD_1_474,1.7258
2016-06-05,HOUSEHOLD_1_474,1.705
2016-06-06,HOUSEHOLD_1_474,1.5905
2016-06-07,HOUSEHOLD_1_474,1.3961
2016-06-08,HOUSEHOLD_1_474,1.1015
2016-06-09,HOUSEHOLD_1_474,1.1294
2016-06-10,HOUSEHOLD_1_474,1.1952
2016-06-11,HOUSEHOLD_1_474,1.3684
2016-06-12,HOUSEHOLD_1_474,1.382
2016-06-13,HOUSEHOLD_1_474,1.7621
2016-06-14,HOUSEHOLD_1_474,1.3592
2016-06-15,HOUSEHOLD_1_474,1.0608
2016-06-16,HOUSEHOLD_1_474,1.1122
2016-06-17,HOUSEHOLD_1_474,1.1137
2016-06-18,HOUSEHOLD_1_474,1.2816
2016-06-19,HOUSEHOLD_1_474,1.4361
2016-06-20,HOUSEHOLD_1_474,1.5007
2016-06-21,HOUSEHOLD_1_474,1.2611
2016-05-23,HOUSEHOLD_1_475,0.6478
2016-05-24,HOUSEHOLD_1_475,0.5055
2016-05-25,HOUSEHOLD_1_475,0.441
2016-05-26,HOUSEHOLD_1_475,0.439
2016-05-27,HOUSEHOLD_1_475,0.3776
2016-05-28,HOUSEHOLD_1_475,0.4158
2016-05-29,HOUSEHOLD_1_475,0.409
2016-05-30,HOUSEHOLD_1_475,0.5318
2016-05-31,HOUSEHOLD_1_475,0.4333
2016-06-01,HOUSEHOLD_1_475,0.4052
2016-06-02,HOUSEHOLD_1_475,0.3904
2016-06-03,HOUSEHOLD_1_475,0.3933
2016-06-04,HOUSEHOLD_1_475,0.3742
2016-06-05,HOUSEHOLD_1_475,0.3738
2016-06-06,HOUSEHOLD_1_475,0.5201
2016-06-07,HOUSEHOLD_1_475,0.4468
2016-06-08,HOUSEHOLD_1_475,0.4142
2016-06-09,HOUSEHOLD_1_475,0.4313
2016-06-10,HOUSEHOLD_1_475,0.3799
2016-06-11,HOUSEHOLD_1_475,0.3601
2016-06-12,HOUSEHOLD_1_475,0.375
2016-06-13,HOUSEHOLD_1_475,0.4964
2016-06-14,HOUSEHOLD_1_475,0.4182
2016-06-15,HOUSEHOLD_1_475,0.4114
2016-06-16,HOUSEHOLD_1_475,0.3814
2016-06-17,HOUSEHOLD_1_475,0.394
2016-06-18,HOUSEHOLD_1_475,0.3279
2016-06-19,HOUSEHOLD_1_475,0.3062
2016-06-20,HOUSEHOLD_1_475,0.4449
2016-06-21,HOUSEHOLD_1_475,0.3321
2016-05-23,HOUSEHOLD_1_477,0.4791
2016-05-24,HOUSEHOLD_1_477,0.3992
2016-05-25,HOUSEHOLD_1_477,0.3511
2016-05-26,HOUSEHOLD_1_477,0.2869
2016-05-27,HOUSEHOLD_1_477,0.2862
2016-05-28,HOUSEHOLD_1_477,0.335
2016-05-29,HOUSEHOLD_1_477,0.36
2016-05-30,HOUSEHOLD_1_477,0.4196
2016-05-31,HOUSEHOLD_1_477,0.3336
2016-06-01,HOUSEHOLD_1_477,0.315
2016-06-02,HOUSEHOLD_1_477,0.278
2016-06-03,HOUSEHOLD_1_477,0.2921
2016-06-04,HOUSEHOLD_1_477,0.3233
2016-06-05,HOUSEHOLD_1_477,0.3368
2016-06-06,HOUSEHOLD_1_477,0.4519
2016-06-07,HOUSEHOLD_1_477,0.3713
2016-06-08,HOUSEHOLD_1_477,0.3423
2016-06-09,HOUSEHOLD_1_477,0.3247
2016-06-10,HOUSEHOLD_1_477,0.3227
2016-06-11,HOUSEHOLD_1_477,0.3371
2016-06-12,HOUSEHOLD_1_477,0.3236
2016-06-13,HOUSEHOLD_1_477,0.4747
2016-06-14,HOUSEHOLD_1_477,0.3688
2016-06-15,HOUSEHOLD_1_477,0.3166
2016-06-16,HOUSEHOLD_1_477,0.2986
2016-06-17,HOUSEHOLD_1_477,0.289
2016-06-18,HOUSEHOLD_1_477,0.3168
2016-06-19,HOUSEHOLD_1_477,0.2051
2016-06-20,HOUSEHOLD_1_477,0.3477
2016-06-21,HOUSEHOLD_1_477,0.2405
2016-05-23,HOUSEHOLD_1_478,1.609
2016-05-24,HOUSEHOLD_1_478,1.4734
2016-05-25,HOUSEHOLD_1_478,1.2967
2016-05-26,HOUSEHOLD_1_478,1.292
2016-05-27,HOUSEHOLD_1_478,1.3166
2016-05-28,HOUSEHOLD_1_478,1.437
2016-05-29,HOUSEHOLD_1_478,1.4395
2016-05-30,HOUSEHOLD_1_478,1.9346
2016-05-31,HOUSEHOLD_1_478,1.595
2016-06-01,HOUSEHOLD_1_478,1.218
2016-06-02,HOUSEHOLD_1_478,1.1886
2016-06-03,HOUSEHOLD_1_478,1.2522
2016-06-04,HOUSEHOLD_1_478,1.4172
2016-06-05,HOUSEHOLD_1_478,1.2625
2016-06-06,HOUSEHOLD_1_478,1.5525
2016-06-07,HOUSEHOLD_1_478,1.1946
2016-06-08,HOUSEHOLD_1_478,1.0095
2016-06-09,HOUSEHOLD_1_478,1.0082
2016-06-10,HOUSEHOLD_1_478,1.0417
2016-06-11,HOUSEHOLD_1_478,1.1673
2016-06-12,HOUSEHOLD_1_478,1.2209
2016-06-13,HOUSEHOLD_1_478,1.719
2016-06-14,HOUSEHOLD_1_478,1.484
2016-06-15,HOUSEHOLD_1_478,1.1037
2016-06-16,HOUSEHOLD_1_478,1.0461
2016-06-17,HOUSEHOLD_1_478,1.2345
2016-06-18,HOUSEHOLD_1_478,1.1492
2016-06-19,HOUSEHOLD_1_478,1.1492
2016-06-20,HOUSEHOLD_1_478,1.6349
2016-06-21,HOUSEHOLD_1_478,1.2964
2016-05-23,HOUSEHOLD_1_479,0.5442
2016-05-24,HOUSEHOLD_1_479,0.4348
2016-05-25,HOUSEHOLD_1_479,0.4018
2016-05-26,HOUSEHOLD_1_479,0.3624
2016-05-27,HOUSEHOLD_1_479,0.3731
2016-05-28,HOUSEHOLD_1_479,0.3777
2016-05-29,HOUSEHOLD_1_479,0.3777
2016-05-30,HOUSEHOLD_1_479,0.4799
2016-05-31,HOUSEHOLD_1_479,0.4212
2016-06-01,HOUSEHOLD_1_479,0.4072
2016-06-02,HOUSEHOLD_1_479,0.3931
2016-06-03,HOUSEHOLD_1_479,0.3968
2016-06-04,HOUSEHOLD_1_479,0.3947
2016-06-05,HOUSEHOLD_1_479,0.3759
2016-06-06,HOUSEHOLD_1_479,0.5334
2016-06-07,HOUSEHOLD_1_479,0.4411
2016-06-08,HOUSEHOLD_1_479,0.4319
2016-06-09,HOUSEHOLD_1_479,0.4206
2016-06-10,HOUSEHOLD_1_479,0.3763
2016-06-11,HOUSEHOLD_1_479,0.3762
2016-06-12,HOUSEHOLD_1_479,0.3762
2016-06-13,HOUSEHOLD_1_479,0.4684
2016-06-14,HOUSEHOLD_1_479,0.4236
2016-06-15,HOUSEHOLD_1_479,0.393
2016-06-16,HOUSEHOLD_1_479,0.3523
2016-06-17,HOUSEHOLD_1_479,0.3604
2016-06-18,HOUSEHOLD_1_479,0.3347
2016-06-19,HOUSEHOLD_1_479,0.2752
2016-06-20,HOUSEHOLD_1_479,0.4971
2016-06-21,HOUSEHOLD_1_479,0.3775
2016-05-23,HOUSEHOLD_1_482,2.5967
2016-05-24,HOUSEHOLD_1_482,1.8244
2016-05-25,HOUSEHOLD_1_482,1.5804
2016-05-26,HOUSEHOLD_1_482,1.4665
2016-05-27,HOUSEHOLD_1_482,1.5304
2016-05-28,HOUSEHOLD_1_482,1.7915
2016-05-29,HOUSEHOLD_1_482,1.8256
2016-05-30,HOUSEHOLD_1_482,2.4458
2016-05-31,HOUSEHOLD_1_482,1.7235
2016-06-01,HOUSEHOLD_1_482,1.2347
2016-06-02,HOUSEHOLD_1_482,1.1455
2016-06-03,HOUSEHOLD_1_482,1.3979
2016-06-04,HOUSEHOLD_1_482,1.7589
2016-06-05,HOUSEHOLD_1_482,1.7458
2016-06-06,HOUSEHOLD_1_482,2.0826
2016-06-07,HOUSEHOLD_1_482,1.506
2016-06-08,HOUSEHOLD_1_482,1.1913
2016-06-09,HOUSEHOLD_1_482,1.1017
2016-06-10,HOUSEHOLD_1_482,1.0204
2016-06-11,HOUSEHOLD_1_482,1.3385
2016-06-12,HOUSEHOLD_1_482,1.2382
2016-06-13,HOUSEHOLD_1_482,1.9343
2016-06-14,HOUSEHOLD_1_482,1.2573
2016-06-15,HOUSEHOLD_1_482,0.89
2016-06-16,HOUSEHOLD_1_482,0.901
2016-06-17,HOUSEHOLD_1_482,0.946
2016-06-18,HOUSEHOLD_1_482,1.1257
2016-06-19,HOUSEHOLD_1_482,1.1107
2016-06-20,HOUSEHOLD_1_482,1.6861
2016-06-21,HOUSEHOLD_1_482,1.0249
2016-05-23,HOUSEHOLD_1_494,4.7051
2016-05-24,HOUSEHOLD_1_494,3.4808
2016-05-25,HOUSEHOLD_1_494,2.8024
2016-05-26,HOUSEHOLD_1_494,2.7834
2016-05-27,HOUSEHOLD_1_494,2.7851
2016-05-28,HOUSEHOLD_1_494,3.4553
2016-05-29,HOUSEHOLD_1_494,3.5117
2016-05-30,HOUSEHOLD_1_494,4.547
2016-05-31,HOUSEHOLD_1_494,3.4101
2016-06-01,HOUSEHOLD_1_494,2.7688
2016-06-02,HOUSEHOLD_1_494,2.7999
2016-06-03,HOUSEHOLD_1_494,2.7869
2016-06-04,HOUSEHOLD_1_494,3.1799
2016-06-05,HOUSEHOLD_1_494,3.1334
2016-06-06,HOUSEHOLD_1_494,4.5267
2016-06-07,HOUSEHOLD_1_494,3.2524
2016-06-08,HOUSEHOLD_1_494,2.7655
2016-06-09,HOUSEHOLD_1_494,2.6678
2016-06-10,HOUSEHOLD_1_494,2.7574
2016-06-11,HOUSEHOLD_1_494,3.106
2016-06-12,HOUSEHOLD_1_494,3.0124
2016-06-13,HOUSEHOLD_1_494,4.2477
2016-06-14,HOUSEHOLD_1_494,2.9883
2016-06-15,HOUSEHOLD_1_494,2.4499
2016-06-16,HOUSEHOLD_1_494,2.5042
2016-06-17,HOUSEHOLD_1_494,2.7213
2016-06-18,HOUSEHOLD_1_494,3.0891
2016-06-19,HOUSEHOLD_1_494,2.9787
2016-06-20,HOUSEHOLD_1_494,4.2058
2016-06-21,HOUSEHOLD_1_494,2.9526
2016-05-23,HOUSEHOLD_1_497,1.9442
2016-05-24,HOUSEHOLD_1_497,1.4938
2016-05-25,HOUSEHOLD_1_497,1.3149
2016-05-26,HOUSEHOLD_1_497,1.3135
2016-05-27,HOUSEHOLD_1_497,1.2828
2016-05-28,HOUSEHOLD_1_497,1.6068
2016-05-29,HOUSEHOLD_1_497,1.62
2016-05-30,HOUSEHOLD_1_497,1.9827
2016-05-31,HOUSEHOLD_1_497,1.5031
2016-06-01,HOUSEHOLD_1_497,1.2398
2016-06-02,HOUSEHOLD_1_497,1.1085
2016-06-03,HOUSEHOLD_1_497,1.0824
2016-06-04,HOUSEHOLD_1_497,1.6064
2016-06-05,HOUSEHOLD_1_497,1.5258
2016-06-06,HOUSEHOLD_1_497,1.7118
2016-06-07,HOUSEHOLD_1_497,1.0821
2016-06-08,HOUSEHOLD_1_497,0.8791
2016-06-09,HOUSEHOLD_1_497,0.8712
2016-06-10,HOUSEHOLD_1_497,0.8243
2016-06-11,HOUSEHOLD_1_497,1.2033
2016-06-12,HOUSEHOLD_1_497,1.1852
2016-06-13,HOUSEHOLD_1_497,1.5438
2016-06-14,HOUSEHOLD_1_497,1.1685
2016-06-15,HOUSEHOLD_1_497,0.8694
2016-06-16,HOUSEHOLD_1_497,0.8914
2016-06-17,HOUSEHOLD_1_497,0.8068
2016-06-18,HOUSEHOLD_1_497,1.2581
2016-06-19,HOUSEHOLD_1_497,1.2581
2016-06-20,HOUSEHOLD_1_497,1.4837
2016-06-21,HOUSEHOLD_1_497,1.0339
2016-05-23,HOUSEHOLD_1_498,2.8555
2016-05-24,HOUSEHOLD_1_498,2.2486
2016-05-25,HOUSEHOLD_1_498,1.7608
2016-05-26,HOUSEHOLD_1_498,1.7423
2016-05-27,HOUSEHOLD_1_498,1.7369
2016-05-28,HOUSEHOLD_1_498,1.8362
2016-05-29,HOUSEHOLD_1_498,1.956
2016-05-30,HOUSEHOLD_1_498,2.9365
2016-05-31,HOUSEHOLD_1_498,2.2635
2016-06-01,HOUSEHOLD_1_498,1.668
2016-06-02,HOUSEHOLD_1_498,1.6413
2016-06-03,HOUSEHOLD_1_498,1.5632
2016-06-04,HOUSEHOLD_1_498,1.7945
2016-06-05,HOUSEHOLD_1_498,1.6629
2016-06-06,HOUSEHOLD_1_498,2.722
2016-06-07,HOUSEHOLD_1_498,2.04
2016-06-08,HOUSEHOLD_1_498,1.3996
2016-06-09,HOUSEHOLD_1_498,1.4605
2016-06-10,HOUSEHOLD_1_498,1.4713
2016-06-11,HOUSEHOLD_1_498,1.9228
2016-06-12,HOUSEHOLD_1_498,1.817
2016-06-13,HOUSEHOLD_1_498,2.7722
2016-06-14,HOUSEHOLD_1_498,1.8118
2016-06-15,HOUSEHOLD_1_498,1.3286
2016-06-16,HOUSEHOLD_1_498,1.4794
2016-06-17,HOUSEHOLD_1_498,1.3436
2016-06-18,HOUSEHOLD_1_498,1.6035
2016-06-19,HOUSEHOLD_1_498,1.5899
2016-06-20,HOUSEHOLD_1_498,2.6885
2016-06-21,HOUSEHOLD_1_498,1.8909
2016-05-23,HOUSEHOLD_1_503,1.4479
2016-05-24,HOUSEHOLD_1_503,1.2038
2016-05-25,HOUSEHOLD_1_503,1.1119
2016-05-26,HOUSEHOLD_1_503,1.1167
2016-05-27,HOUSEHOLD_1_503,1.0043
2016-05-28,HOUSEHOLD_1_503,1.1658
2016-05-29,HOUSEHOLD_1_503,1.1218
2016-05-30,HOUSEHOLD_1_503,1.6434
2016-05-31,HOUSEHOLD_1_503,0.9415
2016-06-01,HOUSEHOLD_1_503,0.9569
2016-06-02,HOUSEHOLD_1_503,0.8156
2016-06-03,HOUSEHOLD_1_503,0.937
2016-06-04,HOUSEHOLD_1_503,1.0549
2016-06-05,HOUSEHOLD_1_503,0.9712
2016-06-06,HOUSEHOLD_1_503,1.1817
2016-06-07,HOUSEHOLD_1_503,0.9568
2016-06-08,HOUSEHOLD_1_503,0.9432
2016-06-09,HOUSEHOLD_1_503,0.7783
2016-06-10,HOUSEHOLD_1_503,0.9935
2016-06-11,HOUSEHOLD_1_503,0.8988
2016-06-12,HOUSEHOLD_1_503,0.8274
2016-06-13,HOUSEHOLD_1_503,1.1574
2016-06-14,HOUSEHOLD_1_503,0.7851
2016-06-15,HOUSEHOLD_1_503,0.7127
2016-06-16,HOUSEHOLD_1_503,0.7477
2016-06-17,HOUSEHOLD_1_503,0.7328
2016-06-18,HOUSEHOLD_1_503,0.8357
2016-06-19,HOUSEHOLD_1_503,0.7668
2016-06-20,HOUSEHOLD_1_503,1.0731
2016-06-21,HOUSEHOLD_1_503,0.8262
2016-05-23,HOUSEHOLD_1_505,2.6007
2016-05-24,HOUSEHOLD_1_505,2.1411
2016-05-25,HOUSEHOLD_1_505,1.744
2016-05-26,HOUSEHOLD_1_505,1.7792
2016-05-27,HOUSEHOLD_1_505,1.4737
2016-05-28,HOUSEHOLD_1_505,1.7622
2016-05-29,HOUSEHOLD_1_505,1.853
2016-05-30,HOUSEHOLD_1_505,2.7544
2016-05-31,HOUSEHOLD_1_505,2.1648
2016-06-01,HOUSEHOLD_1_505,1.6732
2016-06-02,HOUSEHOLD_1_505,1.6314
2016-06-03,HOUSEHOLD_1_505,1.2948
2016-06-04,HOUSEHOLD_1_505,1.5922
2016-06-05,HOUSEHOLD_1_505,1.5932
2016-06-06,HOUSEHOLD_1_505,2.4489
2016-06-07,HOUSEHOLD_1_505,1.8007
2016-06-08,HOUSEHOLD_1_505,1.155
2016-06-09,HOUSEHOLD_1_505,1.2733
2016-06-10,HOUSEHOLD_1_505,1.3377
2016-06-11,HOUSEHOLD_1_505,1.8155
2016-06-12,HOUSEHOLD_1_505,1.6003
2016-06-13,HOUSEHOLD_1_505,2.3054
2016-06-14,HOUSEHOLD_1_505,1.7739
2016-06-15,HOUSEHOLD_1_505,1.175
2016-06-16,HOUSEHOLD_1_505,1.1908
2016-06-17,HOUSEHOLD_1_505,0.9979
2016-06-18,HOUSEHOLD_1_505,1.5103
2016-06-19,HOUSEHOLD_1_505,1.5205
2016-06-20,HOUSEHOLD_1_505,2.3192
2016-06-21,HOUSEHOLD_1_505,1.706
2016-05-23,HOUSEHOLD_1_506,1.4021
2016-05-24,HOUSEHOLD_1_506,1.0525
2016-05-25,HOUSEHOLD_1_506,0.9826
2016-05-26,HOUSEHOLD_1_506,0.9216
2016-05-27,HOUSEHOLD_1_506,0.9512
2016-05-28,HOUSEHOLD_1_506,1.1243
2016-05-29,HOUSEHOLD_1_506,1.048
2016-05-30,HOUSEHOLD_1_506,1.4736
2016-05-31,HOUSEHOLD_1_506,1.0372
2016-06-01,HOUSEHOLD_1_506,0.9395
2016-06-02,HOUSEHOLD_1_506,0.9358
2016-06-03,HOUSEHOLD_1_506,0.8747
2016-06-04,HOUSEHOLD_1_506,1.0315
2016-06-05,HOUSEHOLD_1_506,1.0288
2016-06-06,HOUSEHOLD_1_506,1.335
2016-06-07,HOUSEHOLD_1_506,0.9757
2016-06-08,HOUSEHOLD_1_506,0.7404
2016-06-09,HOUSEHOLD_1_506,0.7267
2016-06-10,HOUSEHOLD_1_506,0.7556
2016-06-11,HOUSEHOLD_1_506,0.896
2016-06-12,HOUSEHOLD_1_506,0.8737
2016-06-13,HOUSEHOLD_1_506,1.2161
2016-06-14,HOUSEHOLD_1_506,0.8108
2016-06-15,HOUSEHOLD_1_506,0.7693
2016-06-16,HOUSEHOLD_1_506,0.8149
2016-06-17,HOUSEHOLD_1_506,0.6699
2016-06-18,HOUSEHOLD_1_506,0.8124
2016-06-19,HOUSEHOLD_1_506,0.8072
2016-06-20,HOUSEHOLD_1_506,1.0958
2016-06-21,HOUSEHOLD_1_506,0.7146
2016-05-23,HOUSEHOLD_1_508,0.7752
2016-05-24,HOUSEHOLD_1_508,0.6282
2016-05-25,HOUSEHOLD_1_508,0.5046
2016-05-26,HOUSEHOLD_1_508,0.4969
2016-05-27,HOUSEHOLD_1_508,0.4294
2016-05-28,HOUSEHOLD_1_508,0.4682
2016-05-29,HOUSEHOLD_1_508,0.4382
2016-05-30,HOUSEHOLD_1_508,0.5344
2016-05-31,HOUSEHOLD_1_508,0.4585
2016-06-01,HOUSEHOLD_1_508,0.3979
2016-06-02,HOUSEHOLD_1_508,0.3867
2016-06-03,HOUSEHOLD_1_508,0.3697
2016-06-04,HOUSEHOLD_1_508,0.4159
2016-06-05,HOUSEHOLD_1_508,0.4159
2016-06-06,HOUSEHOLD_1_508,0.5109
2016-06-07,HOUSEHOLD_1_508,0.4335
2016-06-08,HOUSEHOLD_1_508,0.391
2016-06-09,HOUSEHOLD_1_508,0.3745
2016-06-10,HOUSEHOLD_1_508,0.3496
2016-06-11,HOUSEHOLD_1_508,0.4302
2016-06-12,HOUSEHOLD_1_508,0.4125
2016-06-13,HOUSEHOLD_1_508,0.5196
2016-06-14,HOUSEHOLD_1_508,0.4074
2016-06-15,HOUSEHOLD_1_508,0.3758
2016-06-16,HOUSEHOLD_1_508,0.3299
2016-06-17,HOUSEHOLD_1_508,0.323
2016-06-18,HOUSEHOLD_1_508,0.3631
2016-06-19,HOUSEHOLD_1_508,0.3632
2016-06-20,HOUSEHOLD_1_508,0.4028
2016-06-21,HOUSEHOLD_1_508,0.2901
2016-05-23,HOUSEHOLD_1_510,1.8255
2016-05-24,HOUSEHOLD_1_510,1.3139
2016-05-25,HOUSEHOLD_1_510,1.1784
2016-05-26,HOUSEHOLD_1_510,1.1393
2016-05-27,HOUSEHOLD_1_510,1.1523
2016-05-28,HOUSEHOLD_1_510,1.3061
2016-05-29,HOUSEHOLD_1_510,1.3095
2016-05-30,HOUSEHOLD_1_510,1.6751
2016-05-31,HOUSEHOLD_1_510,1.3008
2016-06-01,HOUSEHOLD_1_510,1.0636
2016-06-02,HOUSEHOLD_1_510,1.0204
2016-06-03,HOUSEHOLD_1_510,0.9644
2016-06-04,HOUSEHOLD_1_510,1.1919
2016-06-05,HOUSEHOLD_1_510,1.2767
2016-06-06,HOUSEHOLD_1_510,1.5042
2016-06-07,HOUSEHOLD_1_510,1.1179
2016-06-08,HOUSEHOLD_1_510,0.9031
2016-06-09,HOUSEHOLD_1_510,0.8617
2016-06-10,HOUSEHOLD_1_510,0.9312
2016-06-11,HOUSEHOLD_1_510,1.0753
2016-06-12,HOUSEHOLD_1_510,1.0429
2016-06-13,HOUSEHOLD_1_510,1.3462
2016-06-14,HOUSEHOLD_1_510,1.0778
2016-06-15,HOUSEHOLD_1_510,0.8927
2016-06-16,HOUSEHOLD_1_510,0.9962
2016-06-17,HOUSEHOLD_1_510,0.8402
2016-06-18,HOUSEHOLD_1_510,1.0098
2016-06-19,HOUSEHOLD_1_510,1.2154
2016-06-20,HOUSEHOLD_1_510,1.4184
2016-06-21,HOUSEHOLD_1_510,1.0118
2016-05-23,HOUSEHOLD_1_514,10.7856
2016-05-24,HOUSEHOLD_1_514,7.5217
2016-05-25,HOUSEHOLD_1_514,6.3915
2016-05-26,HOUSEHOLD_1_514,6.2584
2016-05-27,HOUSEHOLD_1_514,6.463
2016-05-28,HOUSEHOLD_1_514,7.465
2016-05-29,HOUSEHOLD_1_514,7.9314
2016-05-30,HOUSEHOLD_1_514,10.0152
2016-05-31,HOUSEHOLD_1_514,7.6306
2016-06-01,HOUSEHOLD_1_514,6.3118
2016-06-02,HOUSEHOLD_1_514,6.2337
2016-06-03,HOUSEHOLD_1_514,6.2256
2016-06-04,HOUSEHOLD_1_514,7.1006
2016-06-05,HOUSEHOLD_1_514,7.4209
2016-06-06,HOUSEHOLD_1_514,10.0301
2016-06-07,HOUSEHOLD_1_514,7.4265
2016-06-08,HOUSEHOLD_1_514,6.2739
2016-06-09,HOUSEHOLD_1_514,6.2601
2016-06-10,HOUSEHOLD_1_514,6.4708
2016-06-11,HOUSEHOLD_1_514,7.1646
2016-06-12,HOUSEHOLD_1_514,7.5198
2016-06-13,HOUSEHOLD_1_514,10.0107
2016-06-14,HOUSEHOLD_1_514,7.5863
2016-06-15,HOUSEHOLD_1_514,6.3191
2016-06-16,HOUSEHOLD_1_514,6.1837
2016-06-17,HOUSEHOLD_1_514,6.1613
2016-06-18,HOUSEHOLD_1_514,7.0379
2016-06-19,HOUSEHOLD_1_514,7.4962
2016-06-20,HOUSEHOLD_1_514,10.2712
2016-06-21,HOUSEHOLD_1_514,7.4849
2016-05-23,HOUSEHOLD_1_516,2.0045
2016-05-24,HOUSEHOLD_1_516,1.6982
2016-05-25,HOUSEHOLD_1_516,1.5418
2016-05-26,HOUSEHOLD_1_516,1.4556
2016-05-27,HOUSEHOLD_1_516,1.4995
2016-05-28,HOUSEHOLD_1_516,1.7312
2016-05-29,HOUSEHOLD_1_516,1.7592
2016-05-30,HOUSEHOLD_1_516,2.2133
2016-05-31,HOUSEHOLD_1_516,1.7294
2016-06-01,HOUSEHOLD_1_516,1.4789
2016-06-02,HOUSEHOLD_1_516,1.3736
2016-06-03,HOUSEHOLD_1_516,1.3716
2016-06-04,HOUSEHOLD_1_516,1.6647
2016-06-05,HOUSEHOLD_1_516,1.6496
2016-06-06,HOUSEHOLD_1_516,2.0392
2016-06-07,HOUSEHOLD_1_516,1.6829
2016-06-08,HOUSEHOLD_1_516,1.3424
2016-06-09,HOUSEHOLD_1_516,1.2794
2016-06-10,HOUSEHOLD_1_516,1.2959
2016-06-11,HOUSEHOLD_1_516,1.549
2016-06-12,HOUSEHOLD_1_516,1.5657
2016-06-13,HOUSEHOLD_1_516,2.0494
2016-06-14,HOUSEHOLD_1_516,1.5953
2016-06-15,HOUSEHOLD_1_516,1.325
2016-06-16,HOUSEHOLD_1_516,1.2096
2016-06-17,HOUSEHOLD_1_516,1.2413
2016-06-18,HOUSEHOLD_1_516,1.3557
2016-06-19,HOUSEHOLD_1_516,1.3872
2016-06-20,HOUSEHOLD_1_516,1.938
2016-06-21,HOUSEHOLD_1_516,1.385
2016-05-23,HOUSEHOLD_1_517,10.9195
2016-05-24,HOUSEHOLD_1_517,8.4998
2016-05-25,HOUSEHOLD_1_517,7.1561
2016-05-26,HOUSEHOLD_1_517,6.6876
2016-05-27,HOUSEHOLD_1_517,7.2712
2016-05-28,HOUSEHOLD_1_517,7.5642
2016-05-29,HOUSEHOLD_1_517,7.9302
2016-05-30,HOUSEHOLD_1_517,11.2478
2016-05-31,HOUSEHOLD_1_517,8.7851
2016-06-01,HOUSEHOLD_1_517,7.0038
2016-06-02,HOUSEHOLD_1_517,6.6353
2016-06-03,HOUSEHOLD_1_517,6.9122
2016-06-04,HOUSEHOLD_1_517,8.2229
2016-06-05,HOUSEHOLD_1_517,7.8128
2016-06-06,HOUSEHOLD_1_517,10.4017
2016-06-07,HOUSEHOLD_1_517,7.8752
2016-06-08,HOUSEHOLD_1_517,7.083
2016-06-09,HOUSEHOLD_1_517,6.4956
2016-06-10,HOUSEHOLD_1_517,6.9326
2016-06-11,HOUSEHOLD_1_517,7.4836
2016-06-12,HOUSEHOLD_1_517,7.5308
2016-06-13,HOUSEHOLD_1_517,10.6355
2016-06-14,HOUSEHOLD_1_517,7.6913
2016-06-15,HOUSEHOLD_1_517,6.62
2016-06-16,HOUSEHOLD_1_517,6.3896
2016-06-17,HOUSEHOLD_1_517,6.7682
2016-06-18,HOUSEHOLD_1_517,7.6104
2016-06-19,HOUSEHOLD_1_517,8.1402
2016-06-20,HOUSEHOLD_1_517,10.6597
2016-06-21,HOUSEHOLD_1_517,7.7826
2016-05-23,HOUSEHOLD_1_518,1.2101
2016-05-24,HOUSEHOLD_1_518,1.0528
2016-05-25,HOUSEHOLD_1_518,0.9529
2016-05-26,HOUSEHOLD_1_518,0.9305
2016-05-27,HOUSEHOLD_1_518,0.9264
2016-05-28,HOUSEHOLD_1_518,1.0957
2016-05-29,HOUSEHOLD_1_518,1.0084
2016-05-30,HOUSEHOLD_1_518,1.3285
2016-05-31,HOUSEHOLD_1_518,0.911
2016-06-01,HOUSEHOLD_1_518,0.8162
2016-06-02,HOUSEHOLD_1_518,0.806
2016-06-03,HOUSEHOLD_1_518,0.8056
2016-06-04,HOUSEHOLD_1_518,0.9518
2016-06-05,HOUSEHOLD_1_518,0.9284
2016-06-06,HOUSEHOLD_1_518,1.3356
2016-06-07,HOUSEHOLD_1_518,0.8872
2016-06-08,HOUSEHOLD_1_518,0.7157
2016-06-09,HOUSEHOLD_1_518,0.6906
2016-06-10,HOUSEHOLD_1_518,0.7003
2016-06-11,HOUSEHOLD_1_518,0.864
2016-06-12,HOUSEHOLD_1_518,0.9511
2016-06-13,HOUSEHOLD_1_518,1.1129
2016-06-14,HOUSEHOLD_1_518,0.7642
2016-06-15,HOUSEHOLD_1_518,0.6666
2016-06-16,HOUSEHOLD_1_518,0.627
2016-06-17,HOUSEHOLD_1_518,0.6094
2016-06-18,HOUSEHOLD_1_518,0.751
2016-06-19,HOUSEHOLD_1_518,0.7744
2016-06-20,HOUSEHOLD_1_518,1.0263
2016-06-21,HOUSEHOLD_1_518,0.6838
2016-05-23,HOUSEHOLD_1_521,5.9838
2016-05-24,HOUSEHOLD_1_521,5.131
2016-05-25,HOUSEHOLD_1_521,4.3319
2016-05-26,HOUSEHOLD_1_521,4.3323
2016-05-27,HOUSEHOLD_1_521,4.5228
2016-05-28,HOUSEHOLD_1_521,5.5683
2016-05-29,HOUSEHOLD_1_521,5.6706
2016-05-30,HOUSEHOLD_1_521,6.2091
2016-05-31,HOUSEHOLD_1_521,4.9071
2016-06-01,HOUSEHOLD_1_521,4.3578
2016-06-02,HOUSEHOLD_1_521,4.0245
2016-06-03,HOUSEHOLD_1_521,4.1357
2016-06-04,HOUSEHOLD_1_521,5.0249
2016-06-05,HOUSEHOLD_1_521,5.0661
2016-06-06,HOUSEHOLD_1_521,6.7521
2016-06-07,HOUSEHOLD_1_521,5.4126
2016-06-08,HOUSEHOLD_1_521,4.273
2016-06-09,HOUSEHOLD_1_521,4.2692
2016-06-10,HOUSEHOLD_1_521,4.2869
2016-06-11,HOUSEHOLD_1_521,5.3118
2016-06-12,HOUSEHOLD_1_521,5.5208
2016-06-13,HOUSEHOLD_1_521,6.7808
2016-06-14,HOUSEHOLD_1_521,5.381
2016-06-15,HOUSEHOLD_1_521,4.1671
2016-06-16,HOUSEHOLD_1_521,4.1874
2016-06-17,HOUSEHOLD_1_521,4.2242
2016-06-18,HOUSEHOLD_1_521,5.1167
2016-06-19,HOUSEHOLD_1_521,5.0932
2016-06-20,HOUSEHOLD_1_521,6.9958
2016-06-21,HOUSEHOLD_1_521,5.1529
2016-05-23,HOUSEHOLD_1_522,1.3641
2016-05-24,HOUSEHOLD_1_522,1.1159
2016-05-25,HOUSEHOLD_1_522,1.0151
2016-05-26,HOUSEHOLD_1_522,1.0127
2016-05-27,HOUSEHOLD_1_522,1.0113
2016-05-28,HOUSEHOLD_1_522,1.1422
2016-05-29,HOUSEHOLD_1_522,1.165
2016-05-30,HOUSEHOLD_1_522,1.2971
2016-05-31,HOUSEHOLD_1_522,0.9843
2016-06-01,HOUSEHOLD_1_522,1.0346
2016-06-02,HOUSEHOLD_1_522,0.9839
2016-06-03,HOUSEHOLD_1_522,0.953
2016-06-04,HOUSEHOLD_1_522,1.1378
2016-06-05,HOUSEHOLD_1_522,1.154
2016-06-06,HOUSEHOLD_1_522,1.1942
2016-06-07,HOUSEHOLD_1_522,0.9466
2016-06-08,HOUSEHOLD_1_522,0.7859
2016-06-09,HOUSEHOLD_1_522,0.7752
2016-06-10,HOUSEHOLD_1_522,0.939
2016-06-11,HOUSEHOLD_1_522,0.8773
2016-06-12,HOUSEHOLD_1_522,0.8544
2016-06-13,HOUSEHOLD_1_522,1.0498
2016-06-14,HOUSEHOLD_1_522,0.8344
2016-06-15,HOUSEHOLD_1_522,0.7525
2016-06-16,HOUSEHOLD_1_522,0.6946
2016-06-17,HOUSEHOLD_1_522,0.7179
2016-06-18,HOUSEHOLD_1_522,0.8225
2016-06-19,HOUSEHOLD_1_522,0.9442
2016-06-20,HOUSEHOLD_1_522,1.151
2016-06-21,HOUSEHOLD_1_522,0.8379
2016-05-23,HOUSEHOLD_1_528,0.9863
2016-05-24,HOUSEHOLD_1_528,0.7789
2016-05-25,HOUSEHOLD_1_528,0.689
2016-05-26,HOUSEHOLD_1_528,0.6879
2016-05-27,HOUSEHOLD_1_528,0.6858
2016-05-28,HOUSEHOLD_1_528,0.7893
2016-05-29,HOUSEHOLD_1_528,0.8274
2016-05-30,HOUSEHOLD_1_528,0.869
2016-05-31,HOUSEHOLD_1_528,0.6993
2016-06-01,HOUSEHOLD_1_528,0.6571
2016-06-02,HOUSEHOLD_1_528,0.6536
2016-06-03,HOUSEHOLD_1_528,0.6251
2016-06-04,HOUSEHOLD_1_528,0.6899
2016-06-05,HOUSEHOLD_1_528,0.6573
2016-06-06,HOUSEHOLD_1_528,0.847
2016-06-07,HOUSEHOLD_1_528,0.6392
2016-06-08,HOUSEHOLD_1_528,0.5758
2016-06-09,HOUSEHOLD_1_528,0.5603
2016-06-10,HOUSEHOLD_1_528,0.5604
2016-06-11,HOUSEHOLD_1_528,0.6639
2016-06-12,HOUSEHOLD_1_528,0.6402
2016-06-13,HOUSEHOLD_1_528,0.8081
2016-06-14,HOUSEHOLD_1_528,0.6096
2016-06-15,HOUSEHOLD_1_528,0.5411
2016-06-16,HOUSEHOLD_1_528,0.5177
2016-06-17,HOUSEHOLD_1_528,0.5115
2016-06-18,HOUSEHOLD_1_528,0.6138
2016-06-19,HOUSEHOLD_1_528,0.6138
2016-06-20,HOUSEHOLD_1_528,0.8021
2016-06-21,HOUSEHOLD_1_528,0.5502
2016-05-23,HOUSEHOLD_1_535,9.0155
2016-05-24,HOUSEHOLD_1_535,6.5082
2016-05-25,HOUSEHOLD_1_535,6.023
2016-05-26,HOUSEHOLD_1_535,5.9816
2016-05-27,HOUSEHOLD_1_535,5.9498
2016-05-28,HOUSEHOLD_1_535,6.9384
2016-05-29,HOUSEHOLD_1_535,6.9372
2016-05-30,HOUSEHOLD_1_535,9.4961
2016-05-31,HOUSEHOLD_1_535,6.5943
2016-06-01,HOUSEHOLD_1_535,6.07
2016-06-02,HOUSEHOLD_1_535,5.9884
2016-06-03,HOUSEHOLD_1_535,5.946
2016-06-04,HOUSEHOLD_1_535,7.3261
2016-06-05,HOUSEHOLD_1_535,7.3797
2016-06-06,HOUSEHOLD_1_535,8.7791
2016-06-07,HOUSEHOLD_1_535,6.5712
2016-06-08,HOUSEHOLD_1_535,6.0309
2016-06-09,HOUSEHOLD_1_535,5.6931
2016-06-10,HOUSEHOLD_1_535,5.6629
2016-06-11,HOUSEHOLD_1_535,6.7048
2016-06-12,HOUSEHOLD_1_535,6.7553
2016-06-13,HOUSEHOLD_1_535,9.0948
2016-06-14,HOUSEHOLD_1_535,6.7991
2016-06-15,HOUSEHOLD_1_535,5.9122
2016-06-16,HOUSEHOLD_1_535,5.8576
2016-06-17,HOUSEHOLD_1_535,5.8161
2016-06-18,HOUSEHOLD_1_535,6.9244
2016-06-19,HOUSEHOLD_1_535,6.9254
2016-06-20,HOUSEHOLD_1_535,9.0861
2016-06-21,HOUSEHOLD_1_535,6.9459
2016-05-23,HOUSEHOLD_1_538,1.9046
2016-05-24,HOUSEHOLD_1_538,1.6102
2016-05-25,HOUSEHOLD_1_538,1.3679
2016-05-26,HOUSEHOLD_1_538,1.3443
2016-05-27,HOUSEHOLD_1_538,1.3432
2016-05-28,HOUSEHOLD_1_538,1.5675
2016-05-29,HOUSEHOLD_1_538,1.4415
2016-05-30,HOUSEHOLD_1_538,1.965
2016-05-31,HOUSEHOLD_1_538,1.582
2016-06-01,HOUSEHOLD_1_538,1.3342
2016-06-02,HOUSEHOLD_1_538,1.288
2016-06-03,HOUSEHOLD_1_538,1.3046
2016-06-04,HOUSEHOLD_1_538,1.5482
2016-06-05,HOUSEHOLD_1_538,1.3947
2016-06-06,HOUSEHOLD_1_538,1.9395
2016-06-07,HOUSEHOLD_1_538,1.5399
2016-06-08,HOUSEHOLD_1_538,1.1816
2016-06-09,HOUSEHOLD_1_538,1.1618
2016-06-10,HOUSEHOLD_1_538,1.1966
2016-06-11,HOUSEHOLD_1_538,1.2477
2016-06-12,HOUSEHOLD_1_538,1.2136
2016-06-13,HOUSEHOLD_1_538,1.834
2016-06-14,HOUSEHOLD_1_538,1.3245
2016-06-15,HOUSEHOLD_1_538,1.0709
2016-06-16,HOUSEHOLD_1_538,1.0751
2016-06-17,HOUSEHOLD_1_538,1.1014
2016-06-18,HOUSEHOLD_1_538,1.2442
2016-06-19,HOUSEHOLD_1_538,1.2187
2016-06-20,HOUSEHOLD_1_538,1.8761
2016-06-21,HOUSEHOLD_1_538,1.2534
2016-05-23,HOUSEHOLD_1_539,3.8716
2016-05-24,HOUSEHOLD_1_539,2.7668
2016-05-25,HOUSEHOLD_1_539,2.4073
2016-05-26,HOUSEHOLD_1_539,2.3838
2016-05-27,HOUSEHOLD_1_539,2.3771
2016-05-28,HOUSEHOLD_1_539,2.5407
2016-05-29,HOUSEHOLD_1_539,2.4737
2016-05-30,HOUSEHOLD_1_539,3.5661
2016-05-31,HOUSEHOLD_1_539,2.7316
2016-06-01,HOUSEHOLD_1_539,2.3055
2016-06-02,HOUSEHOLD_1_539,2.1433
2016-06-03,HOUSEHOLD_1_539,2.2036
2016-06-04,HOUSEHOLD_1_539,2.5394
2016-06-05,HOUSEHOLD_1_539,2.3483
2016-06-06,HOUSEHOLD_1_539,3.3845
2016-06-07,HOUSEHOLD_1_539,2.1375
2016-06-08,HOUSEHOLD_1_539,1.7424
2016-06-09,HOUSEHOLD_1_539,2.0099
2016-06-10,HOUSEHOLD_1_539,2.1286
2016-06-11,HOUSEHOLD_1_539,2.3697
2016-06-12,HOUSEHOLD_1_539,2.2021
2016-06-13,HOUSEHOLD_1_539,3.7211
2016-06-14,HOUSEHOLD_1_539,2.3805
2016-06-15,HOUSEHOLD_1_539,2.0743
2016-06-16,HOUSEHOLD_1_539,1.8293
2016-06-17,HOUSEHOLD_1_539,1.794
2016-06-18,HOUSEHOLD_1_539,2.022
2016-06-19,HOUSEHOLD_1_539,1.9778
2016-06-20,HOUSEHOLD_1_539,3.3188
2016-06-21,HOUSEHOLD_1_539,2.217
2016-05-23,HOUSEHOLD_1_540,3.4611
2016-05-24,HOUSEHOLD_1_540,2.5383
2016-05-25,HOUSEHOLD_1_540,2.2953
2016-05-26,HOUSEHOLD_1_540,2.1475
2016-05-27,HOUSEHOLD_1_540,2.1901
2016-05-28,HOUSEHOLD_1_540,2.6452
2016-05-29,HOUSEHOLD_1_540,2.5499
2016-05-30,HOUSEHOLD_1_540,3.2767
2016-05-31,HOUSEHOLD_1_540,2.747
2016-06-01,HOUSEHOLD_1_540,2.3421
2016-06-02,HOUSEHOLD_1_540,2.226
2016-06-03,HOUSEHOLD_1_540,2.1047
2016-06-04,HOUSEHOLD_1_540,2.476
2016-06-05,HOUSEHOLD_1_540,2.5646
2016-06-06,HOUSEHOLD_1_540,2.8601
2016-06-07,HOUSEHOLD_1_540,2.2355
2016-06-08,HOUSEHOLD_1_540,1.9864
2016-06-09,HOUSEHOLD_1_540,1.7616
2016-06-10,HOUSEHOLD_1_540,1.6608
2016-06-11,HOUSEHOLD_1_540,2.2511
2016-06-12,HOUSEHOLD_1_540,2.1704
2016-06-13,HOUSEHOLD_1_540,2.6937
2016-06-14,HOUSEHOLD_1_540,2.1798
2016-06-15,HOUSEHOLD_1_540,1.7629
2016-06-16,HOUSEHOLD_1_540,1.7021
2016-06-17,HOUSEHOLD_1_540,1.6632
2016-06-18,HOUSEHOLD_1_540,1.8097
2016-06-19,HOUSEHOLD_1_540,1.9354
2016-06-20,HOUSEHOLD_1_540,2.7695
2016-06-21,HOUSEHOLD_1_540,1.9758
2016-05-23,HOUSEHOLD_1_541,0.0064
2016-05-24,HOUSEHOLD_1_541,0.4239
2016-05-25,HOUSEHOLD_1_541,0.414
2016-05-26,HOUSEHOLD_1_541,0.4549
2016-05-27,HOUSEHOLD_1_541,0.4808
2016-05-28,HOUSEHOLD_1_541,0.6
2016-05-29,HOUSEHOLD_1_541,0.6295
2016-05-30,HOUSEHOLD_1_541,0.8771
2016-05-31,HOUSEHOLD_1_541,0.7324
2016-06-01,HOUSEHOLD_1_541,0.6449
2016-06-02,HOUSEHOLD_1_541,0.7055
2016-06-03,HOUSEHOLD_1_541,0.7355
2016-06-04,HOUSEHOLD_1_541,0.8465
2016-06-05,HOUSEHOLD_1_541,0.7314
2016-06-06,HOUSEHOLD_1_541,0.9273
2016-06-07,HOUSEHOLD_1_541,0.6813
2016-06-08,HOUSEHOLD_1_541,0.5867
2016-06-09,HOUSEHOLD_1_541,0.6067
2016-06-10,HOUSEHOLD_1_541,0.5989
2016-06-11,HOUSEHOLD_1_541,0.7169
2016-06-12,HOUSEHOLD_1_541,0.614
2016-06-13,HOUSEHOLD_1_541,0.8289
2016-06-14,HOUSEHOLD_1_541,0.5849
2016-06-15,HOUSEHOLD_1_541,0.5205
2016-06-16,HOUSEHOLD_1_541,0.5033
2016-06-17,HOUSEHOLD_1_541,0.491
2016-06-18,HOUSEHOLD_1_541,0.5881
2016-06-19,HOUSEHOLD_1_541,0.5765
2016-06-20,HOUSEHOLD_1_541,0.9826
2016-06-21,HOUSEHOLD_1_541,0.6683
